"DATA_OSS";"ENTE_SEGN";"FENEC";"LOC_CTP";"SET_CTP";"VALORE";"STATUS"
"2026-06-30";"1070001";"1077778";"IT";"S12BI66";"99319283";""
"2026-06-30";"1070001";"1077778";"IT";"S128";"6576483";""
"2026-06-30";"1070001";"1077778";"IT";"SBI59";"1693877769";""
"2026-06-30";"1070001";"1077778";"ITC41";"S1314";"6";""
"2026-06-30";"1070001";"1077778";"ITC4";"S14";"153009929";""
"2026-06-30";"1070001";"1077778";"IT";"S13";"231634668";""
"2026-06-30";"1070001";"1077778";"ITC41";"S13";"354017";""
"2026-06-30";"1070001";"1077778";"IT";"S124";"18522855";""
"2026-06-30";"1070001";"1077778";"ITC4";"S12BI7";"87216260";""
"2026-06-30";"1070001";"1077778";"IT";"S1313";"55784647";""
"2026-06-30";"1070001";"1077778";"ITC4";"S124";"13752301";""
"2026-06-30";"1070001";"1077778";"ITC4";"S129";"2597";""
"2026-06-30";"1070001";"1077778";"ITC41";"S124";"0";""
"2026-06-30";"1070001";"1077778";"IT";"450";"248433";""
"2026-06-30";"1070001";"1077778";"IT";"S15";"6641235";""
"2026-06-30";"1070001";"1077778";"ITC41";"S15";"69197";""
"2026-06-30";"1070001";"1077778";"ITC4";"S11";"188989707";""
"2026-06-30";"1070001";"1077778";"IT";"S12BI7";"154058071";""
"2026-06-30";"1070001";"1077778";"ITC41";"S11";"5945002";""
"2026-06-30";"1070001";"1077778";"IT";"SBI9";"92652";""
"2026-06-30";"1070001";"1077778";"ITC4";"S12BI66";"54048342";""
"2026-06-30";"1070001";"1077778";"IT";"S14";"686634017";""
"2026-06-30";"1070001";"1077778";"IT";"S11BI8";"28870493";""
"2026-06-30";"1070001";"1077778";"ITC4";"600";"140672334";""
"2026-06-30";"1070001";"1077778";"ITC41";"S12BI66";"857";""
"2026-06-30";"1070001";"1077778";"ITC41";"S128";"13";""
"2026-06-30";"1070001";"1077778";"ITC4";"S15";"2104762";""
"2026-06-30";"1070001";"1077778";"ITC41";"600";"11584967";""
"2026-06-30";"1070001";"1077778";"IT";"S126";"7398180";""
"2026-06-30";"1070001";"1077778";"IT";"S11BI32";"540097504";""
"2026-06-30";"1070001";"1077778";"ITC41";"S1313";"353763";""
"2026-06-30";"1070001";"1077778";"ITC4";"450";"49963";""
"2026-06-30";"1070001";"1077778";"ITC41";"S126";"15858";""
"2026-06-30";"1070001";"1077778";"ITC41";"S14";"12278312";""
"2026-06-30";"1070001";"1077778";"ITC4";"S13";"7634906";""
"2026-06-30";"1070001";"1077778";"IT";"S11001";"35503810";""
"2026-06-30";"1070001";"1077778";"ITC41";"S1311";"247";""
"2026-06-30";"1070001";"1077778";"ITC4";"S11001";"9224346";""
"2026-06-30";"1070001";"1077778";"ITC4";"S127";"12312254";""
"2026-06-30";"1070001";"1077778";"ITC41";"S12BI7";"56523";""
"2026-06-30";"1070001";"1077778";"ITC41";"SBI25";"6638347";""
"2026-06-30";"1070001";"1077778";"IT";"S11BI7";"10096886";""
"2026-06-30";"1070001";"1077778";"ITC4";"SBI25";"201327302";""
"2026-06-30";"1070001";"1077778";"ITC41";"SBI9";"232";""
"2026-06-30";"1070001";"1077778";"ITC41";"S14BI2";"693345";""
"2026-06-30";"1070001";"1077778";"ITC4";"S1314";"2387";""
"2026-06-30";"1070001";"1077778";"IT";"SBI25";"678369645";""
"2026-06-30";"1070001";"1077778";"IT";"S127";"22181209";""
"2026-06-30";"1070001";"1077778";"ITC41";"S127";"39795";""
"2026-06-30";"1070001";"1077778";"IT";"S1314";"79781";""
"2026-06-30";"1070001";"1077778";"ITC4";"S14BI2";"12337595";""
"2026-06-30";"1070001";"1077778";"IT";"S14BI2";"63552519";""
"2026-06-30";"1070001";"1077778";"IT";"600";"623081499";""
"2026-06-30";"1070001";"1077778";"ITC4";"S11BI8";"5210389";""
"2026-06-30";"1070001";"1077778";"ITC4";"S1311";"45319";""
"2026-06-30";"1070001";"1077778";"ITC4";"S128";"1671497";""
"2026-06-30";"1070001";"1077778";"ITC4";"S11BI7";"2145935";""
"2026-06-30";"1070001";"1077778";"IT";"S11";"614817127";""
"2026-06-30";"1070001";"1077778";"ITC41";"S11001";"87217";""
"2026-06-30";"1070001";"1077778";"ITC4";"S126";"5429269";""
"2026-06-30";"1070001";"1077778";"ITC4";"S11BI32";"172359073";""
"2026-06-30";"1070001";"1077778";"IT";"S1311";"175770240";""
"2026-06-30";"1070001";"1077778";"ITC4";"S1313";"7587200";""
"2026-06-30";"1070001";"1077778";"ITC4";"SBI9";"16249";""
"2026-06-30";"1070001";"1077778";"ITC4";"SBI59";"438971813";""
"2026-06-30";"1070001";"1077778";"ITC41";"S11BI32";"5458746";""
"2026-06-30";"1070001";"1077778";"ITC41";"S11BI8";"245019";""
"2026-06-30";"1070001";"1077778";"ITC41";"450";"640";""
"2026-06-30";"1070001";"1077778";"ITC41";"S11BI7";"153378";""
"2026-06-30";"1070001";"1077778";"IT";"S129";"60061";""
"2026-06-30";"1070001";"1077778";"ITC41";"SBI59";"18703282";""
"2026-05-31";"1070001";"1077778";"ITC41";"SBI59";"18634222";""
"2026-05-31";"1070001";"1077778";"ITC4";"S1313";"7547198";""
"2026-05-31";"1070001";"1077778";"ITC4";"SBI25";"201148640";""
"2026-05-31";"1070001";"1077778";"ITC4";"S11BI32";"172533784";""
"2026-05-31";"1070001";"1077778";"ITC4";"600";"139942818";""
"2026-05-31";"1070001";"1077778";"ITC4";"S12BI7";"82047092";""
"2026-05-31";"1070001";"1077778";"IT";"S11";"609343807";""
"2026-05-31";"1070001";"1077778";"IT";"S1314";"82951";""
"2026-05-31";"1070001";"1077778";"IT";"S12BI7";"145482203";""
"2026-05-31";"1070001";"1077778";"ITC41";"S11BI7";"152740";""
"2026-05-31";"1070001";"1077778";"ITC41";"600";"11542184";""
"2026-05-31";"1070001";"1077778";"ITC4";"S128";"1662178";""
"2026-05-31";"1070001";"1077778";"ITC4";"450";"53577";""
"2026-05-31";"1070001";"1077778";"ITC4";"S1314";"2385";""
"2026-05-31";"1070001";"1077778";"ITC4";"S13";"7589545";""
"2026-05-31";"1070001";"1077778";"IT";"S15";"6868734";""
"2026-05-31";"1070001";"1077778";"ITC41";"S1313";"357381";""
"2026-05-31";"1070001";"1077778";"ITC41";"S128";"13";""
"2026-05-31";"1070001";"1077778";"ITC4";"SBI9";"78319";""
"2026-05-31";"1070001";"1077778";"ITC4";"S14BI2";"12258257";""
"2026-05-31";"1070001";"1077778";"ITC4";"S11001";"9014773";""
"2026-05-31";"1070001";"1077778";"IT";"SBI59";"1675757010";""
"2026-05-31";"1070001";"1077778";"ITC41";"SBI25";"6606619";""
"2026-05-31";"1070001";"1077778";"IT";"S126";"7469783";""
"2026-05-31";"1070001";"1077778";"ITC41";"S14BI2";"689396";""
"2026-05-31";"1070001";"1077778";"ITC41";"S11BI32";"5437353";""
"2026-05-31";"1070001";"1077778";"ITC41";"SBI9";"235";""
"2026-05-31";"1070001";"1077778";"IT";"S14BI2";"63376290";""
"2026-05-31";"1070001";"1077778";"IT";"S11001";"34470183";""
"2026-05-31";"1070001";"1077778";"ITC41";"S1314";"7";""
"2026-05-31";"1070001";"1077778";"IT";"S127";"21702263";""
"2026-05-31";"1070001";"1077778";"ITC4";"SBI59";"432913549";""
"2026-05-31";"1070001";"1077778";"IT";"450";"248988";""
"2026-05-31";"1070001";"1077778";"IT";"S13";"230140373";""
"2026-05-31";"1070001";"1077778";"ITC41";"450";"648";""
"2026-05-31";"1070001";"1077778";"ITC4";"S126";"5503037";""
"2026-05-31";"1070001";"1077778";"ITC41";"S11BI8";"243026";""
"2026-05-31";"1070001";"1077778";"ITC4";"S11";"188890383";""
"2026-05-31";"1070001";"1077778";"ITC4";"S127";"11975240";""
"2026-05-31";"1070001";"1077778";"ITC4";"S15";"2107135";""
"2026-05-31";"1070001";"1077778";"ITC41";"S127";"40857";""
"2026-05-31";"1070001";"1077778";"IT";"SBI25";"672720097";""
"2026-05-31";"1070001";"1077778";"ITC41";"S12BI66";"858";""
"2026-05-31";"1070001";"1077778";"ITC4";"S14";"152201074";""
"2026-05-31";"1070001";"1077778";"ITC41";"S11001";"83456";""
"2026-05-31";"1070001";"1077778";"ITC4";"S1311";"39962";""
"2026-05-31";"1070001";"1077778";"IT";"S11BI8";"28594425";""
"2026-05-31";"1070001";"1077778";"ITC4";"S129";"32381";""
"2026-05-31";"1070001";"1077778";"ITC41";"S13";"357629";""
"2026-05-31";"1070001";"1077778";"IT";"S14";"683719128";""
"2026-05-31";"1070001";"1077778";"ITC41";"S15";"70005";""
"2026-05-31";"1070001";"1077778";"IT";"S12BI66";"91297929";""
"2026-05-31";"1070001";"1077778";"IT";"SBI9";"202765";""
"2026-05-31";"1070001";"1077778";"ITC4";"S11BI8";"5166751";""
"2026-05-31";"1070001";"1077778";"IT";"S124";"18417878";""
"2026-05-31";"1070001";"1077778";"ITC41";"S124";"0";""
"2026-05-31";"1070001";"1077778";"IT";"S11BI32";"536023955";""
"2026-05-31";"1070001";"1077778";"ITC41";"S126";"15821";""
"2026-05-31";"1070001";"1077778";"IT";"S128";"6498624";""
"2026-05-31";"1070001";"1077778";"IT";"S129";"95725";""
"2026-05-31";"1070001";"1077778";"IT";"S1313";"61732492";""
"2026-05-31";"1070001";"1077778";"IT";"S11BI7";"10006255";""
"2026-05-31";"1070001";"1077778";"ITC4";"S124";"13598282";""
"2026-05-31";"1070001";"1077778";"ITC4";"S12BI66";"49275975";""
"2026-05-31";"1070001";"1077778";"IT";"S1311";"168324930";""
"2026-05-31";"1070001";"1077778";"ITC41";"S12BI7";"57550";""
"2026-05-31";"1070001";"1077778";"ITC41";"S11";"5917223";""
"2026-05-31";"1070001";"1077778";"ITC41";"S1311";"241";""
"2026-05-31";"1070001";"1077778";"IT";"600";"620342838";""
"2026-05-31";"1070001";"1077778";"ITC41";"S14";"12231581";""
"2026-05-31";"1070001";"1077778";"ITC4";"S11BI7";"2121499";""
"2026-04-30";"1070001";"1077778";"ITC4";"S12BI7";"82009125";""
"2026-04-30";"1070001";"1077778";"IT";"S11BI8";"28751557";""
"2026-04-30";"1070001";"1077778";"IT";"S11BI32";"534750568";""
"2026-04-30";"1070001";"1077778";"ITC41";"S128";"13";""
"2026-04-30";"1070001";"1077778";"ITC4";"S1314";"2348";""
"2026-04-30";"1070001";"1077778";"ITC4";"S128";"1655378";""
"2026-04-30";"1070001";"1077778";"IT";"S1313";"61735450";""
"2026-04-30";"1070001";"1077778";"ITC41";"S14BI2";"695093";""
"2026-04-30";"1070001";"1077778";"IT";"S11";"609352865";""
"2026-04-30";"1070001";"1077778";"ITC41";"600";"11491266";""
"2026-04-30";"1070001";"1077778";"ITC4";"450";"50956";""
"2026-04-30";"1070001";"1077778";"ITC4";"S11001";"8337706";""
"2026-04-30";"1070001";"1077778";"ITC4";"SBI59";"430525869";""
"2026-04-30";"1070001";"1077778";"IT";"S1311";"168955338";""
"2026-04-30";"1070001";"1077778";"ITC41";"SBI59";"18546427";""
"2026-04-30";"1070001";"1077778";"ITC41";"S11BI7";"166736";""
"2026-04-30";"1070001";"1077778";"IT";"S15";"6738572";""
"2026-04-30";"1070001";"1077778";"IT";"S126";"7428114";""
"2026-04-30";"1070001";"1077778";"ITC4";"600";"139360506";""
"2026-04-30";"1070001";"1077778";"ITC41";"S126";"15919";""
"2026-04-30";"1070001";"1077778";"ITC41";"SBI9";"248";""
"2026-04-30";"1070001";"1077778";"ITC41";"S127";"38619";""
"2026-04-30";"1070001";"1077778";"IT";"S13";"230774978";""
"2026-04-30";"1070001";"1077778";"IT";"S124";"17769170";""
"2026-04-30";"1070001";"1077778";"IT";"SBI25";"673020079";""
"2026-04-30";"1070001";"1077778";"ITC4";"S12BI66";"50513154";""
"2026-04-30";"1070001";"1077778";"ITC4";"S129";"4200";""
"2026-04-30";"1070001";"1077778";"IT";"S127";"20799410";""
"2026-04-30";"1070001";"1077778";"ITC41";"S15";"68507";""
"2026-04-30";"1070001";"1077778";"ITC41";"S124";"0";""
"2026-04-30";"1070001";"1077778";"IT";"S129";"10826";""
"2026-04-30";"1070001";"1077778";"ITC4";"S11BI7";"2315810";""
"2026-04-30";"1070001";"1077778";"ITC41";"S11";"5875839";""
"2026-04-30";"1070001";"1077778";"ITC41";"450";"556";""
"2026-04-30";"1070001";"1077778";"ITC4";"S13";"7486264";""
"2026-04-30";"1070001";"1077778";"ITC4";"S1311";"54473";""
"2026-04-30";"1070001";"1077778";"ITC4";"S11BI32";"171444264";""
"2026-04-30";"1070001";"1077778";"IT";"SBI9";"197659";""
"2026-04-30";"1070001";"1077778";"ITC41";"S11BI32";"5388786";""
"2026-04-30";"1070001";"1077778";"IT";"S14";"681795246";""
"2026-04-30";"1070001";"1077778";"IT";"600";"618128033";""
"2026-04-30";"1070001";"1077778";"ITC4";"S11BI8";"5063332";""
"2026-04-30";"1070001";"1077778";"ITC4";"S1313";"7429443";""
"2026-04-30";"1070001";"1077778";"ITC41";"S13";"360210";""
"2026-04-30";"1070001";"1077778";"ITC41";"S1314";"8";""
"2026-04-30";"1070001";"1077778";"ITC4";"S14BI2";"12318284";""
"2026-04-30";"1070001";"1077778";"IT";"S11001";"35097494";""
"2026-04-30";"1070001";"1077778";"ITC41";"S1311";"215";""
"2026-04-30";"1070001";"1077778";"ITC41";"S12BI66";"712";""
"2026-04-30";"1070001";"1077778";"ITC41";"S1313";"359986";""
"2026-04-30";"1070001";"1077778";"ITC4";"S124";"12992735";""
"2026-04-30";"1070001";"1077778";"ITC4";"SBI9";"76117";""
"2026-04-30";"1070001";"1077778";"IT";"S128";"7069520";""
"2026-04-30";"1070001";"1077778";"ITC41";"SBI25";"6570933";""
"2026-04-30";"1070001";"1077778";"ITC4";"SBI25";"199530351";""
"2026-04-30";"1070001";"1077778";"ITC4";"S15";"2063505";""
"2026-04-30";"1070001";"1077778";"ITC41";"S14";"12186359";""
"2026-04-30";"1070001";"1077778";"IT";"S11BI7";"10499651";""
"2026-04-30";"1070001";"1077778";"ITC4";"S126";"5465013";""
"2026-04-30";"1070001";"1077778";"IT";"450";"253595";""
"2026-04-30";"1070001";"1077778";"IT";"S12BI66";"92318731";""
"2026-04-30";"1070001";"1077778";"IT";"S1314";"84191";""
"2026-04-30";"1070001";"1077778";"ITC4";"S127";"11378645";""
"2026-04-30";"1070001";"1077778";"ITC4";"S14";"151678790";""
"2026-04-30";"1070001";"1077778";"ITC41";"S12BI7";"55263";""
"2026-04-30";"1070001";"1077778";"ITC4";"S11";"187212068";""
"2026-04-30";"1070001";"1077778";"IT";"SBI59";"1674255093";""
"2026-04-30";"1070001";"1077778";"ITC41";"S11BI8";"239317";""
"2026-04-30";"1070001";"1077778";"ITC41";"S11001";"80444";""
"2026-04-30";"1070001";"1077778";"IT";"S12BI7";"145395772";""
"2026-04-30";"1070001";"1077778";"IT";"S14BI2";"63667214";""
"2026-03-31";"1070001";"1077778";"IT";"450";"259696";""
"2026-03-31";"1070001";"1077778";"ITC41";"S11";"5845148";""
"2026-03-31";"1070001";"1077778";"ITC4";"S15";"2095331";""
"2026-03-31";"1070001";"1077778";"ITC4";"S126";"5481999";""
"2026-03-31";"1070001";"1077778";"ITC4";"S124";"12668824";""
"2026-03-31";"1070001";"1077778";"IT";"S13";"231325574";""
"2026-03-31";"1070001";"1077778";"IT";"S1311";"169767736";""
"2026-03-31";"1070001";"1077778";"IT";"S11BI7";"10763287";""
"2026-03-31";"1070001";"1077778";"IT";"S11BI8";"28666899";""
"2026-03-31";"1070001";"1077778";"ITC4";"S129";"1073";""
"2026-03-31";"1070001";"1077778";"IT";"S1314";"104677";""
"2026-03-31";"1070001";"1077778";"IT";"S11BI32";"534073813";""
"2026-03-31";"1070001";"1077778";"ITC41";"S11BI7";"177323";""
"2026-03-31";"1070001";"1077778";"ITC4";"S11BI7";"2424343";""
"2026-03-31";"1070001";"1077778";"ITC41";"SBI9";"268";""
"2026-03-31";"1070001";"1077778";"IT";"S11";"608172931";""
"2026-03-31";"1070001";"1077778";"ITC41";"S126";"16365";""
"2026-03-31";"1070001";"1077778";"ITC4";"S13";"7454455";""
"2026-03-31";"1070001";"1077778";"ITC4";"S1311";"54713";""
"2026-03-31";"1070001";"1077778";"ITC4";"S11";"186486328";""
"2026-03-31";"1070001";"1077778";"ITC41";"450";"243";""
"2026-03-31";"1070001";"1077778";"ITC41";"600";"11487194";""
"2026-03-31";"1070001";"1077778";"ITC4";"S127";"11109311";""
"2026-03-31";"1070001";"1077778";"ITC4";"S1314";"2313";""
"2026-03-31";"1070001";"1077778";"ITC41";"S12BI66";"461";""
"2026-03-31";"1070001";"1077778";"IT";"S12BI7";"148314736";""
"2026-03-31";"1070001";"1077778";"ITC4";"SBI59";"431543693";""
"2026-03-31";"1070001";"1077778";"ITC41";"S12BI7";"55936";""
"2026-03-31";"1070001";"1077778";"ITC41";"S13";"359592";""
"2026-03-31";"1070001";"1077778";"ITC41";"S1311";"199";""
"2026-03-31";"1070001";"1077778";"ITC41";"S124";"0";""
"2026-03-31";"1070001";"1077778";"ITC41";"S14";"12171061";""
"2026-03-31";"1070001";"1077778";"ITC41";"S15";"67716";""
"2026-03-31";"1070001";"1077778";"ITC41";"SBI59";"18499722";""
"2026-03-31";"1070001";"1077778";"IT";"S126";"7522911";""
"2026-03-31";"1070001";"1077778";"IT";"S14BI2";"63854217";""
"2026-03-31";"1070001";"1077778";"ITC41";"SBI25";"6529015";""
"2026-03-31";"1070001";"1077778";"ITC41";"S11001";"92044";""
"2026-03-31";"1070001";"1077778";"ITC4";"S14BI2";"12266499";""
"2026-03-31";"1070001";"1077778";"IT";"S12BI66";"96178950";""
"2026-03-31";"1070001";"1077778";"IT";"SBI59";"1675498827";""
"2026-03-31";"1070001";"1077778";"ITC4";"S14";"151487743";""
"2026-03-31";"1070001";"1077778";"ITC4";"S128";"1658450";""
"2026-03-31";"1070001";"1077778";"IT";"SBI25";"672027148";""
"2026-03-31";"1070001";"1077778";"IT";"S11001";"34409236";""
"2026-03-31";"1070001";"1077778";"IT";"SBI9";"197357";""
"2026-03-31";"1070001";"1077778";"ITC4";"SBI9";"80553";""
"2026-03-31";"1070001";"1077778";"ITC4";"S11BI32";"170699149";""
"2026-03-31";"1070001";"1077778";"ITC4";"600";"139221244";""
"2026-03-31";"1070001";"1077778";"ITC41";"S14BI2";"683867";""
"2026-03-31";"1070001";"1077778";"ITC4";"S11001";"8385248";""
"2026-03-31";"1070001";"1077778";"IT";"600";"616850008";""
"2026-03-31";"1070001";"1077778";"ITC4";"S12BI66";"53019626";""
"2026-03-31";"1070001";"1077778";"ITC4";"450";"49483";""
"2026-03-31";"1070001";"1077778";"ITC41";"S1313";"359385";""
"2026-03-31";"1070001";"1077778";"ITC41";"S1314";"8";""
"2026-03-31";"1070001";"1077778";"ITC4";"S12BI7";"83939283";""
"2026-03-31";"1070001";"1077778";"ITC4";"S11BI8";"4928106";""
"2026-03-31";"1070001";"1077778";"IT";"S124";"17472041";""
"2026-03-31";"1070001";"1077778";"IT";"S127";"20133939";""
"2026-03-31";"1070001";"1077778";"ITC4";"S1313";"7397429";""
"2026-03-31";"1070001";"1077778";"ITC4";"SBI25";"198752827";""
"2026-03-31";"1070001";"1077778";"IT";"S129";"68142";""
"2026-03-31";"1070001";"1077778";"IT";"S14";"680704226";""
"2026-03-31";"1070001";"1077778";"ITC41";"S11BI32";"5336382";""
"2026-03-31";"1070001";"1077778";"ITC41";"S127";"39097";""
"2026-03-31";"1070001";"1077778";"ITC41";"S128";"14";""
"2026-03-31";"1070001";"1077778";"IT";"S15";"6784004";""
"2026-03-31";"1070001";"1077778";"IT";"S128";"6938753";""
"2026-03-31";"1070001";"1077778";"IT";"S1313";"61453161";""
"2026-03-31";"1070001";"1077778";"ITC41";"S11BI8";"239158";""
"2026-02-28";"1070001";"1077778";"IT";"600";"613618480";""
"2026-02-28";"1070001";"1077778";"IT";"S12BI7";"142960326";""
"2026-02-28";"1070001";"1077778";"ITC41";"S127";"37936";""
"2026-02-28";"1070001";"1077778";"ITC41";"SBI59";"18443047";""
"2026-02-28";"1070001";"1077778";"ITC4";"S1311";"191560";""
"2026-02-28";"1070001";"1077778";"IT";"S11BI7";"10625426";""
"2026-02-28";"1070001";"1077778";"ITC41";"S12BI66";"1013";""
"2026-02-28";"1070001";"1077778";"IT";"S14";"677149949";""
"2026-02-28";"1070001";"1077778";"ITC41";"S126";"16647";""
"2026-02-28";"1070001";"1077778";"IT";"S11BI8";"28430268";""
"2026-02-28";"1070001";"1077778";"IT";"S15";"6839164";""
"2026-02-28";"1070001";"1077778";"ITC4";"S11001";"8291934";""
"2026-02-28";"1070001";"1077778";"ITC41";"S1313";"371802";""
"2026-02-28";"1070001";"1077778";"IT";"S124";"17526036";""
"2026-02-28";"1070001";"1077778";"IT";"S14BI2";"63531468";""
"2026-02-28";"1070001";"1077778";"ITC41";"S11BI7";"171679";""
"2026-02-28";"1070001";"1077778";"ITC41";"S1314";"9";""
"2026-02-28";"1070001";"1077778";"ITC41";"S11";"5833587";""
"2026-02-28";"1070001";"1077778";"ITC4";"S15";"2137220";""
"2026-02-28";"1070001";"1077778";"ITC4";"S12BI66";"50212192";""
"2026-02-28";"1070001";"1077778";"ITC4";"S126";"5493129";""
"2026-02-28";"1070001";"1077778";"ITC4";"SBI9";"79387";""
"2026-02-28";"1070001";"1077778";"ITC4";"S129";"5005";""
"2026-02-28";"1070001";"1077778";"ITC4";"450";"49962";""
"2026-02-28";"1070001";"1077778";"ITC4";"S14BI2";"12168178";""
"2026-02-28";"1070001";"1077778";"ITC41";"S13";"372020";""
"2026-02-28";"1070001";"1077778";"ITC4";"S124";"12698779";""
"2026-02-28";"1070001";"1077778";"IT";"S1313";"61768470";""
"2026-02-28";"1070001";"1077778";"ITC4";"600";"138444487";""
"2026-02-28";"1070001";"1077778";"ITC41";"600";"11442792";""
"2026-02-28";"1070001";"1077778";"ITC41";"S14";"12115483";""
"2026-02-28";"1070001";"1077778";"ITC41";"SBI9";"200";""
"2026-02-28";"1070001";"1077778";"ITC4";"S12BI7";"80845736";""
"2026-02-28";"1070001";"1077778";"ITC41";"450";"233";""
"2026-02-28";"1070001";"1077778";"ITC41";"S1311";"209";""
"2026-02-28";"1070001";"1077778";"IT";"S11001";"32099497";""
"2026-02-28";"1070001";"1077778";"IT";"SBI25";"663068698";""
"2026-02-28";"1070001";"1077778";"IT";"S1311";"171907287";""
"2026-02-28";"1070001";"1077778";"IT";"S126";"7226083";""
"2026-02-28";"1070001";"1077778";"ITC4";"S11BI7";"2370047";""
"2026-02-28";"1070001";"1077778";"ITC4";"S11BI8";"4857126";""
"2026-02-28";"1070001";"1077778";"ITC4";"SBI25";"197327976";""
"2026-02-28";"1070001";"1077778";"IT";"450";"268948";""
"2026-02-28";"1070001";"1077778";"ITC4";"S11";"185159798";""
"2026-02-28";"1070001";"1077778";"ITC41";"SBI25";"6506279";""
"2026-02-28";"1070001";"1077778";"ITC4";"S1314";"2385";""
"2026-02-28";"1070001";"1077778";"ITC4";"S128";"1636418";""
"2026-02-28";"1070001";"1077778";"IT";"S11";"599537230";""
"2026-02-28";"1070001";"1077778";"ITC41";"S11BI32";"5331505";""
"2026-02-28";"1070001";"1077778";"ITC4";"S14";"150612665";""
"2026-02-28";"1070001";"1077778";"ITC4";"S13";"7717036";""
"2026-02-28";"1070001";"1077778";"ITC41";"S15";"66148";""
"2026-02-28";"1070001";"1077778";"IT";"S127";"19284594";""
"2026-02-28";"1070001";"1077778";"ITC41";"S11001";"92310";""
"2026-02-28";"1070001";"1077778";"ITC4";"SBI59";"426551843";""
"2026-02-28";"1070001";"1077778";"ITC41";"S128";"14";""
"2026-02-28";"1070001";"1077778";"IT";"S12BI66";"92571064";""
"2026-02-28";"1070001";"1077778";"ITC4";"S11BI32";"169590729";""
"2026-02-28";"1070001";"1077778";"ITC41";"S12BI7";"55609";""
"2026-02-28";"1070001";"1077778";"ITC41";"S124";"0";""
"2026-02-28";"1070001";"1077778";"IT";"S1314";"75279";""
"2026-02-28";"1070001";"1077778";"ITC41";"S14BI2";"672691";""
"2026-02-28";"1070001";"1077778";"ITC4";"S1313";"7523092";""
"2026-02-28";"1070001";"1077778";"ITC41";"S11BI8";"237860";""
"2026-02-28";"1070001";"1077778";"IT";"S11BI32";"528113091";""
"2026-02-28";"1070001";"1077778";"IT";"S13";"233751037";""
"2026-02-28";"1070001";"1077778";"IT";"S128";"6289511";""
"2026-02-28";"1070001";"1077778";"IT";"SBI9";"213033";""
"2026-02-28";"1070001";"1077778";"IT";"S129";"63038";""
"2026-02-28";"1070001";"1077778";"ITC4";"S127";"10800213";""
"2026-02-28";"1070001";"1077778";"IT";"SBI59";"1660450739";""
"2026-01-31";"1070001";"1077778";"IT";"S11001";"31594004";""
"2026-01-31";"1070001";"1077778";"ITC41";"S124";"0";""
"2026-01-31";"1070001";"1077778";"ITC41";"S14";"12095871";""
"2026-01-31";"1070001";"1077778";"ITC41";"S11001";"83588";""
"2026-01-31";"1070001";"1077778";"ITC4";"600";"138156884";""
"2026-01-31";"1070001";"1077778";"ITC41";"S126";"15909";""
"2026-01-31";"1070001";"1077778";"ITC41";"S11";"5891455";""
"2026-01-31";"1070001";"1077778";"ITC41";"S1314";"8";""
"2026-01-31";"1070001";"1077778";"ITC4";"450";"42131";""
"2026-01-31";"1070001";"1077778";"ITC41";"S15";"67173";""
"2026-01-31";"1070001";"1077778";"IT";"S15";"6856364";""
"2026-01-31";"1070001";"1077778";"ITC41";"S13";"364387";""
"2026-01-31";"1070001";"1077778";"ITC4";"S11BI7";"2411871";""
"2026-01-31";"1070001";"1077778";"ITC41";"600";"11421434";""
"2026-01-31";"1070001";"1077778";"IT";"S11BI32";"527670608";""
"2026-01-31";"1070001";"1077778";"IT";"SBI59";"1660345490";""
"2026-01-31";"1070001";"1077778";"IT";"S1314";"77107";""
"2026-01-31";"1070001";"1077778";"ITC4";"S15";"2099802";""
"2026-01-31";"1070001";"1077778";"IT";"S12BI66";"95689933";""
"2026-01-31";"1070001";"1077778";"ITC4";"S14BI2";"12187885";""
"2026-01-31";"1070001";"1077778";"IT";"S124";"17540528";""
"2026-01-31";"1070001";"1077778";"ITC4";"S126";"5628342";""
"2026-01-31";"1070001";"1077778";"ITC4";"SBI25";"197402628";""
"2026-01-31";"1070001";"1077778";"IT";"S14";"676371950";""
"2026-01-31";"1070001";"1077778";"ITC41";"SBI59";"18465799";""
"2026-01-31";"1070001";"1077778";"IT";"450";"281136";""
"2026-01-31";"1070001";"1077778";"ITC4";"S1314";"2317";""
"2026-01-31";"1070001";"1077778";"ITC41";"S128";"14";""
"2026-01-31";"1070001";"1077778";"ITC4";"S11";"185214742";""
"2026-01-31";"1070001";"1077778";"ITC4";"S14";"150344770";""
"2026-01-31";"1070001";"1077778";"IT";"S129";"31866";""
"2026-01-31";"1070001";"1077778";"ITC41";"S1313";"364186";""
"2026-01-31";"1070001";"1077778";"ITC4";"S124";"12759630";""
"2026-01-31";"1070001";"1077778";"IT";"S1313";"61539817";""
"2026-01-31";"1070001";"1077778";"ITC41";"S12BI7";"46699";""
"2026-01-31";"1070001";"1077778";"ITC4";"S11BI8";"4876180";""
"2026-01-31";"1070001";"1077778";"ITC4";"S1313";"7398201";""
"2026-01-31";"1070001";"1077778";"IT";"S128";"6630940";""
"2026-01-31";"1070001";"1077778";"IT";"S1311";"171694706";""
"2026-01-31";"1070001";"1077778";"ITC4";"S11BI32";"169484257";""
"2026-01-31";"1070001";"1077778";"IT";"S14BI2";"63719648";""
"2026-01-31";"1070001";"1077778";"ITC4";"S12BI66";"52698639";""
"2026-01-31";"1070001";"1077778";"ITC4";"S1311";"58963";""
"2026-01-31";"1070001";"1077778";"ITC41";"S11BI8";"240531";""
"2026-01-31";"1070001";"1077778";"IT";"SBI9";"69093";""
"2026-01-31";"1070001";"1077778";"IT";"S12BI7";"144920688";""
"2026-01-31";"1070001";"1077778";"IT";"SBI25";"662535402";""
"2026-01-31";"1070001";"1077778";"ITC41";"S127";"29808";""
"2026-01-31";"1070001";"1077778";"ITC41";"S12BI66";"968";""
"2026-01-31";"1070001";"1077778";"ITC4";"S128";"1600646";""
"2026-01-31";"1070001";"1077778";"ITC41";"SBI25";"6565893";""
"2026-01-31";"1070001";"1077778";"ITC41";"S11BI7";"173159";""
"2026-01-31";"1070001";"1077778";"ITC4";"SBI59";"428295864";""
"2026-01-31";"1070001";"1077778";"ITC41";"SBI9";"213";""
"2026-01-31";"1070001";"1077778";"ITC41";"S1311";"193";""
"2026-01-31";"1070001";"1077778";"IT";"S13";"233311630";""
"2026-01-31";"1070001";"1077778";"IT";"S126";"7337177";""
"2026-01-31";"1070001";"1077778";"IT";"S11BI8";"28517529";""
"2026-01-31";"1070001";"1077778";"IT";"600";"612652302";""
"2026-01-31";"1070001";"1077778";"ITC4";"S12BI7";"83149731";""
"2026-01-31";"1070001";"1077778";"IT";"S11BI7";"10752477";""
"2026-01-31";"1070001";"1077778";"ITC4";"S13";"7459481";""
"2026-01-31";"1070001";"1077778";"ITC4";"SBI9";"27328";""
"2026-01-31";"1070001";"1077778";"ITC4";"S129";"25243";""
"2026-01-31";"1070001";"1077778";"IT";"S127";"17690244";""
"2026-01-31";"1070001";"1077778";"ITC4";"S11001";"8400303";""
"2026-01-31";"1070001";"1077778";"ITC41";"S14BI2";"674438";""
"2026-01-31";"1070001";"1077778";"ITC41";"450";"232";""
"2026-01-31";"1070001";"1077778";"ITC4";"S127";"10437232";""
"2026-01-31";"1070001";"1077778";"IT";"S11";"598815755";""
"2026-01-31";"1070001";"1077778";"ITC41";"S11BI32";"5393946";""
"2025-12-31";"1070001";"1077778";"IT";"SBI9";"85770";""
"2025-12-31";"1070001";"1077778";"ITC41";"S15";"65482";""
"2025-12-31";"1070001";"1077778";"ITC41";"S11";"5870119";""
"2025-12-31";"1070001";"1077778";"ITC4";"S11BI32";"169068178";""
"2025-12-31";"1070001";"1077778";"ITC4";"S1313";"7242639";""
"2025-12-31";"1070001";"1077778";"ITC41";"S11BI8";"246381";""
"2025-12-31";"1070001";"1077778";"ITC4";"600";"138058751";""
"2025-12-31";"1070001";"1077778";"IT";"S128";"6519769";""
"2025-12-31";"1070001";"1077778";"ITC4";"S1314";"2274";""
"2025-12-31";"1070001";"1077778";"IT";"S1314";"72699";""
"2025-12-31";"1070001";"1077778";"ITC4";"S12BI7";"86957832";""
"2025-12-31";"1070001";"1077778";"ITC4";"S127";"10765943";""
"2025-12-31";"1070001";"1077778";"IT";"S15";"6709455";""
"2025-12-31";"1070001";"1077778";"IT";"SBI25";"666665690";""
"2025-12-31";"1070001";"1077778";"IT";"S124";"17210018";""
"2025-12-31";"1070001";"1077778";"ITC4";"S12BI66";"56645130";""
"2025-12-31";"1070001";"1077778";"ITC4";"S11BI7";"2484281";""
"2025-12-31";"1070001";"1077778";"IT";"S11BI32";"529188336";""
"2025-12-31";"1070001";"1077778";"IT";"SBI59";"1652145235";""
"2025-12-31";"1070001";"1077778";"IT";"S11BI8";"28888390";""
"2025-12-31";"1070001";"1077778";"ITC41";"S128";"14";""
"2025-12-31";"1070001";"1077778";"IT";"600";"612501182";""
"2025-12-31";"1070001";"1077778";"ITC41";"S14BI2";"684221";""
"2025-12-31";"1070001";"1077778";"IT";"S11";"602268816";""
"2025-12-31";"1070001";"1077778";"ITC41";"S11BI32";"5359242";""
"2025-12-31";"1070001";"1077778";"ITC41";"S13";"343651";""
"2025-12-31";"1070001";"1077778";"ITC41";"SBI9";"192";""
"2025-12-31";"1070001";"1077778";"IT";"S12BI7";"149859468";""
"2025-12-31";"1070001";"1077778";"ITC41";"S1313";"343448";""
"2025-12-31";"1070001";"1077778";"ITC41";"S11BI7";"175712";""
"2025-12-31";"1070001";"1077778";"ITC4";"S11BI8";"4971231";""
"2025-12-31";"1070001";"1077778";"IT";"S14BI2";"64396875";""
"2025-12-31";"1070001";"1077778";"ITC41";"S124";"0";""
"2025-12-31";"1070001";"1077778";"ITC4";"SBI9";"45369";""
"2025-12-31";"1070001";"1077778";"ITC41";"S11001";"88538";""
"2025-12-31";"1070001";"1077778";"ITC4";"SBI59";"431998547";""
"2025-12-31";"1070001";"1077778";"IT";"S126";"7342989";""
"2025-12-31";"1070001";"1077778";"ITC41";"SBI59";"18419136";""
"2025-12-31";"1070001";"1077778";"ITC41";"S12BI66";"971";""
"2025-12-31";"1070001";"1077778";"IT";"S1313";"60437460";""
"2025-12-31";"1070001";"1077778";"ITC4";"S128";"1556670";""
"2025-12-31";"1070001";"1077778";"ITC4";"S14BI2";"12356094";""
"2025-12-31";"1070001";"1077778";"ITC41";"S12BI7";"46422";""
"2025-12-31";"1070001";"1077778";"IT";"S11BI7";"11031750";""
"2025-12-31";"1070001";"1077778";"IT";"450";"310966";""
"2025-12-31";"1070001";"1077778";"IT";"S12BI66";"101030547";""
"2025-12-31";"1070001";"1077778";"ITC4";"S129";"2068";""
"2025-12-31";"1070001";"1077778";"ITC4";"S13";"7304347";""
"2025-12-31";"1070001";"1077778";"IT";"S127";"17697196";""
"2025-12-31";"1070001";"1077778";"ITC41";"S127";"29101";""
"2025-12-31";"1070001";"1077778";"ITC41";"S14";"12093271";""
"2025-12-31";"1070001";"1077778";"ITC4";"450";"48941";""
"2025-12-31";"1070001";"1077778";"ITC4";"S15";"2096070";""
"2025-12-31";"1070001";"1077778";"IT";"S1311";"155813511";""
"2025-12-31";"1070001";"1077778";"ITC41";"S1314";"8";""
"2025-12-31";"1070001";"1077778";"ITC41";"450";"245";""
"2025-12-31";"1070001";"1077778";"ITC4";"S14";"150414845";""
"2025-12-31";"1070001";"1077778";"ITC4";"S126";"5611254";""
"2025-12-31";"1070001";"1077778";"ITC41";"S1311";"196";""
"2025-12-31";"1070001";"1077778";"IT";"S11001";"32849374";""
"2025-12-31";"1070001";"1077778";"ITC4";"S11001";"8607453";""
"2025-12-31";"1070001";"1077778";"IT";"S14";"676898057";""
"2025-12-31";"1070001";"1077778";"ITC4";"S124";"12376768";""
"2025-12-31";"1070001";"1077778";"IT";"S129";"58949";""
"2025-12-31";"1070001";"1077778";"ITC4";"S11";"185180084";""
"2025-12-31";"1070001";"1077778";"IT";"S13";"216323670";""
"2025-12-31";"1070001";"1077778";"ITC41";"S126";"16336";""
"2025-12-31";"1070001";"1077778";"ITC4";"SBI25";"197536178";""
"2025-12-31";"1070001";"1077778";"ITC41";"SBI25";"6554340";""
"2025-12-31";"1070001";"1077778";"ITC41";"600";"11409050";""
"2025-12-31";"1070001";"1077778";"ITC4";"S1311";"59434";""
"2025-11-30";"1070001";"1077778";"ITC4";"S15";"2072540";""
"2025-11-30";"1070001";"1077778";"ITC41";"SBI9";"58";""
"2025-11-30";"1070001";"1077778";"IT";"S1313";"62056467";""
"2025-11-30";"1070001";"1077778";"IT";"S15";"6733742";""
"2025-11-30";"1070001";"1077778";"ITC41";"S13";"352332";""
"2025-11-30";"1070001";"1077778";"ITC41";"450";"253";""
"2025-11-30";"1070001";"1077778";"ITC4";"S11BI8";"4939992";""
"2025-11-30";"1070001";"1077778";"ITC4";"S126";"5524007";""
"2025-11-30";"1070001";"1077778";"ITC4";"S11BI32";"169168594";""
"2025-11-30";"1070001";"1077778";"ITC41";"S14";"12081939";""
"2025-11-30";"1070001";"1077778";"ITC41";"S127";"29441";""
"2025-11-30";"1070001";"1077778";"ITC4";"S11BI7";"2442944";""
"2025-11-30";"1070001";"1077778";"ITC41";"S12BI66";"910";""
"2025-11-30";"1070001";"1077778";"ITC4";"S128";"1590901";""
"2025-11-30";"1070001";"1077778";"IT";"S124";"17006500";""
"2025-11-30";"1070001";"1077778";"IT";"S126";"7293849";""
"2025-11-30";"1070001";"1077778";"ITC4";"S127";"11111893";""
"2025-11-30";"1070001";"1077778";"ITC41";"S1313";"352101";""
"2025-11-30";"1070001";"1077778";"ITC4";"SBI25";"197607055";""
"2025-11-30";"1070001";"1077778";"ITC41";"S11";"5954067";""
"2025-11-30";"1070001";"1077778";"ITC41";"S15";"68058";""
"2025-11-30";"1070001";"1077778";"ITC4";"S1313";"7524737";""
"2025-11-30";"1070001";"1077778";"IT";"S11BI7";"10918238";""
"2025-11-30";"1070001";"1077778";"IT";"S14";"675837284";""
"2025-11-30";"1070001";"1077778";"IT";"S12BI7";"141970998";""
"2025-11-30";"1070001";"1077778";"ITC4";"S1314";"2284";""
"2025-11-30";"1070001";"1077778";"ITC41";"S11BI32";"5446255";""
"2025-11-30";"1070001";"1077778";"ITC41";"S11001";"90568";""
"2025-11-30";"1070001";"1077778";"ITC41";"S14BI2";"679455";""
"2025-11-30";"1070001";"1077778";"IT";"S11BI32";"527608337";""
"2025-11-30";"1070001";"1077778";"IT";"S13";"225461023";""
"2025-11-30";"1070001";"1077778";"ITC41";"S11BI7";"171903";""
"2025-11-30";"1070001";"1077778";"ITC4";"S12BI66";"50455825";""
"2025-11-30";"1070001";"1077778";"IT";"S12BI66";"92953556";""
"2025-11-30";"1070001";"1077778";"IT";"600";"611388002";""
"2025-11-30";"1070001";"1077778";"ITC41";"SBI25";"6633523";""
"2025-11-30";"1070001";"1077778";"ITC4";"S13";"7622023";""
"2025-11-30";"1070001";"1077778";"ITC4";"S11";"185323086";""
"2025-11-30";"1070001";"1077778";"ITC41";"S1311";"222";""
"2025-11-30";"1070001";"1077778";"ITC4";"S124";"12029704";""
"2025-11-30";"1070001";"1077778";"ITC4";"S14";"149882481";""
"2025-11-30";"1070001";"1077778";"ITC41";"S126";"16098";""
"2025-11-30";"1070001";"1077778";"IT";"S129";"39759";""
"2025-11-30";"1070001";"1077778";"IT";"S14BI2";"64449282";""
"2025-11-30";"1070001";"1077778";"IT";"SBI9";"81060";""
"2025-11-30";"1070001";"1077778";"ITC4";"S12BI7";"80730632";""
"2025-11-30";"1070001";"1077778";"IT";"SBI59";"1650124185";""
"2025-11-30";"1070001";"1077778";"IT";"S1311";"163291013";""
"2025-11-30";"1070001";"1077778";"ITC41";"S12BI7";"46449";""
"2025-11-30";"1070001";"1077778";"ITC41";"600";"11402484";""
"2025-11-30";"1070001";"1077778";"ITC4";"SBI9";"40890";""
"2025-11-30";"1070001";"1077778";"ITC4";"S11001";"8718830";""
"2025-11-30";"1070001";"1077778";"IT";"S11BI8";"28846275";""
"2025-11-30";"1070001";"1077778";"IT";"S11";"600040078";""
"2025-11-30";"1070001";"1077778";"IT";"S11001";"32351365";""
"2025-11-30";"1070001";"1077778";"ITC4";"450";"52725";""
"2025-11-30";"1070001";"1077778";"ITC41";"S124";"0";""
"2025-11-30";"1070001";"1077778";"ITC41";"S1314";"9";""
"2025-11-30";"1070001";"1077778";"ITC4";"SBI59";"425671653";""
"2025-11-30";"1070001";"1077778";"IT";"450";"315863";""
"2025-11-30";"1070001";"1077778";"IT";"SBI25";"664489360";""
"2025-11-30";"1070001";"1077778";"ITC4";"600";"137598512";""
"2025-11-30";"1070001";"1077778";"ITC41";"S11BI8";"245088";""
"2025-11-30";"1070001";"1077778";"ITC4";"S129";"18302";""
"2025-11-30";"1070001";"1077778";"IT";"S1314";"113543";""
"2025-11-30";"1070001";"1077778";"IT";"S128";"6711524";""
"2025-11-30";"1070001";"1077778";"ITC41";"SBI59";"18502904";""
"2025-11-30";"1070001";"1077778";"ITC4";"S1311";"95002";""
"2025-11-30";"1070001";"1077778";"IT";"S127";"17965810";""
"2025-11-30";"1070001";"1077778";"ITC4";"S14BI2";"12283970";""
"2025-10-31";"1070001";"1077778";"ITC41";"S12BI66";"866";""
"2025-10-31";"1070001";"1077778";"ITC4";"S11BI32";"167190911";""
"2025-10-31";"1070001";"1077778";"IT";"SBI25";"658696352";""
"2025-10-31";"1070001";"1077778";"ITC4";"SBI59";"421943286";""
"2025-10-31";"1070001";"1077778";"ITC4";"S14";"149231720";""
"2025-10-31";"1070001";"1077778";"ITC4";"S13";"7553782";""
"2025-10-31";"1070001";"1077778";"IT";"S13";"225611838";""
"2025-10-31";"1070001";"1077778";"ITC4";"S11BI7";"2481400";""
"2025-10-31";"1070001";"1077778";"ITC4";"S126";"5383894";""
"2025-10-31";"1070001";"1077778";"IT";"S129";"154869";""
"2025-10-31";"1070001";"1077778";"ITC41";"450";"251";""
"2025-10-31";"1070001";"1077778";"ITC41";"600";"11346132";""
"2025-10-31";"1070001";"1077778";"IT";"S11";"594104118";""
"2025-10-31";"1070001";"1077778";"IT";"S14BI2";"64592234";""
"2025-10-31";"1070001";"1077778";"ITC4";"S128";"1969590";""
"2025-10-31";"1070001";"1077778";"ITC4";"S1313";"7465340";""
"2025-10-31";"1070001";"1077778";"ITC4";"S11";"183304730";""
"2025-10-31";"1070001";"1077778";"IT";"S127";"16604452";""
"2025-10-31";"1070001";"1077778";"IT";"S128";"6639925";""
"2025-10-31";"1070001";"1077778";"ITC41";"SBI59";"18455412";""
"2025-10-31";"1070001";"1077778";"ITC41";"S14BI2";"680760";""
"2025-10-31";"1070001";"1077778";"ITC4";"S11BI8";"4952944";""
"2025-10-31";"1070001";"1077778";"ITC41";"SBI25";"6643375";""
"2025-10-31";"1070001";"1077778";"ITC41";"S124";"0";""
"2025-10-31";"1070001";"1077778";"ITC4";"S1311";"86213";""
"2025-10-31";"1070001";"1077778";"ITC4";"S124";"11946297";""
"2025-10-31";"1070001";"1077778";"ITC41";"S1313";"356919";""
"2025-10-31";"1070001";"1077778";"ITC4";"600";"136927362";""
"2025-10-31";"1070001";"1077778";"ITC41";"S15";"62836";""
"2025-10-31";"1070001";"1077778";"IT";"S11BI32";"523011948";""
"2025-10-31";"1070001";"1077778";"IT";"S12BI66";"92715702";""
"2025-10-31";"1070001";"1077778";"IT";"S12BI7";"140289175";""
"2025-10-31";"1070001";"1077778";"ITC41";"S1311";"193";""
"2025-10-31";"1070001";"1077778";"ITC4";"S12BI66";"50332328";""
"2025-10-31";"1070001";"1077778";"ITC4";"S127";"9993569";""
"2025-10-31";"1070001";"1077778";"IT";"S11001";"30925435";""
"2025-10-31";"1070001";"1077778";"ITC4";"S14BI2";"12304359";""
"2025-10-31";"1070001";"1077778";"IT";"S126";"7228655";""
"2025-10-31";"1070001";"1077778";"ITC41";"S1314";"8";""
"2025-10-31";"1070001";"1077778";"ITC41";"S11";"5962615";""
"2025-10-31";"1070001";"1077778";"ITC41";"S12BI7";"45881";""
"2025-10-31";"1070001";"1077778";"ITC4";"SBI9";"29611";""
"2025-10-31";"1070001";"1077778";"ITC4";"S12BI7";"79725578";""
"2025-10-31";"1070001";"1077778";"ITC4";"450";"30994";""
"2025-10-31";"1070001";"1077778";"ITC41";"SBI9";"68";""
"2025-10-31";"1070001";"1077778";"ITC41";"S11BI32";"5453448";""
"2025-10-31";"1070001";"1077778";"IT";"S11BI7";"11033298";""
"2025-10-31";"1070001";"1077778";"IT";"S11BI8";"28911186";""
"2025-10-31";"1070001";"1077778";"ITC41";"S127";"29225";""
"2025-10-31";"1070001";"1077778";"ITC41";"S11BI7";"173569";""
"2025-10-31";"1070001";"1077778";"IT";"S1314";"70137";""
"2025-10-31";"1070001";"1077778";"ITC41";"S13";"357120";""
"2025-10-31";"1070001";"1077778";"ITC4";"S11001";"8648481";""
"2025-10-31";"1070001";"1077778";"IT";"S124";"16945572";""
"2025-10-31";"1070001";"1077778";"IT";"S14";"673386043";""
"2025-10-31";"1070001";"1077778";"IT";"SBI59";"1640103051";""
"2025-10-31";"1070001";"1077778";"IT";"600";"608793809";""
"2025-10-31";"1070001";"1077778";"IT";"S1311";"163558414";""
"2025-10-31";"1070001";"1077778";"ITC41";"S11BI8";"249548";""
"2025-10-31";"1070001";"1077778";"IT";"450";"222252";""
"2025-10-31";"1070001";"1077778";"IT";"SBI9";"95668";""
"2025-10-31";"1070001";"1077778";"IT";"S1313";"61983288";""
"2025-10-31";"1070001";"1077778";"ITC41";"S14";"12026892";""
"2025-10-31";"1070001";"1077778";"ITC4";"S1314";"2229";""
"2025-10-31";"1070001";"1077778";"ITC41";"S11001";"85798";""
"2025-10-31";"1070001";"1077778";"ITC4";"S129";"99900";""
"2025-10-31";"1070001";"1077778";"IT";"S15";"6616209";""
"2025-10-31";"1070001";"1077778";"ITC4";"SBI25";"195609088";""
"2025-10-31";"1070001";"1077778";"ITC41";"S126";"15790";""
"2025-10-31";"1070001";"1077778";"ITC4";"S15";"2097865";""
"2025-09-30";"1070001";"1077778";"ITC4";"S11BI7";"2532813";""
"2025-09-30";"1070001";"1077778";"ITC4";"S12BI66";"52502640";""
"2025-09-30";"1070001";"1077778";"ITC4";"S13";"7516325";""
"2025-09-30";"1070001";"1077778";"IT";"S13";"225146178";""
"2025-09-30";"1070001";"1077778";"ITC4";"SBI9";"28501";""
"2025-09-30";"1070001";"1077778";"ITC4";"S14";"148607495";""
"2025-09-30";"1070001";"1077778";"IT";"S15";"6407432";""
"2025-09-30";"1070001";"1077778";"ITC41";"S14BI2";"683895";""
"2025-09-30";"1070001";"1077778";"ITC4";"S14BI2";"12361217";""
"2025-09-30";"1070001";"1077778";"ITC41";"S11BI32";"5486609";""
"2025-09-30";"1070001";"1077778";"ITC4";"S12BI7";"83077367";""
"2025-09-30";"1070001";"1077778";"IT";"S128";"7045979";""
"2025-09-30";"1070001";"1077778";"ITC41";"600";"11308624";""
"2025-09-30";"1070001";"1077778";"ITC4";"S11BI8";"5017168";""
"2025-09-30";"1070001";"1077778";"IT";"S129";"33356";""
"2025-09-30";"1070001";"1077778";"ITC41";"SBI59";"18450123";""
"2025-09-30";"1070001";"1077778";"IT";"SBI25";"662949377";""
"2025-09-30";"1070001";"1077778";"IT";"SBI59";"1642345125";""
"2025-09-30";"1070001";"1077778";"ITC4";"SBI59";"425140780";""
"2025-09-30";"1070001";"1077778";"ITC41";"S14";"11992518";""
"2025-09-30";"1070001";"1077778";"IT";"S14BI2";"64958131";""
"2025-09-30";"1070001";"1077778";"ITC41";"S1313";"350894";""
"2025-09-30";"1070001";"1077778";"ITC4";"600";"136246278";""
"2025-09-30";"1070001";"1077778";"ITC4";"S126";"5361436";""
"2025-09-30";"1070001";"1077778";"IT";"S126";"6849900";""
"2025-09-30";"1070001";"1077778";"ITC4";"S1311";"90264";""
"2025-09-30";"1070001";"1077778";"IT";"S11";"597991246";""
"2025-09-30";"1070001";"1077778";"ITC41";"S127";"26043";""
"2025-09-30";"1070001";"1077778";"IT";"SBI9";"90356";""
"2025-09-30";"1070001";"1077778";"IT";"S11001";"32068539";""
"2025-09-30";"1070001";"1077778";"IT";"S11BI8";"29112990";""
"2025-09-30";"1070001";"1077778";"IT";"S11BI32";"525390817";""
"2025-09-30";"1070001";"1077778";"ITC41";"S124";"0";""
"2025-09-30";"1070001";"1077778";"IT";"S1314";"71778";""
"2025-09-30";"1070001";"1077778";"ITC4";"450";"34721";""
"2025-09-30";"1070001";"1077778";"ITC4";"S15";"1941276";""
"2025-09-30";"1070001";"1077778";"ITC41";"450";"252";""
"2025-09-30";"1070001";"1077778";"ITC4";"SBI25";"196331033";""
"2025-09-30";"1070001";"1077778";"ITC4";"S127";"9627076";""
"2025-09-30";"1070001";"1077778";"IT";"S124";"16551025";""
"2025-09-30";"1070001";"1077778";"ITC41";"S11";"6001989";""
"2025-09-30";"1070001";"1077778";"ITC4";"S128";"3867284";""
"2025-09-30";"1070001";"1077778";"ITC41";"S11001";"85383";""
"2025-09-30";"1070001";"1077778";"ITC41";"SBI25";"6685884";""
"2025-09-30";"1070001";"1077778";"ITC4";"S129";"571";""
"2025-09-30";"1070001";"1077778";"ITC41";"SBI9";"69";""
"2025-09-30";"1070001";"1077778";"ITC4";"S1314";"2161";""
"2025-09-30";"1070001";"1077778";"IT";"S127";"16317956";""
"2025-09-30";"1070001";"1077778";"ITC4";"S11BI32";"167682673";""
"2025-09-30";"1070001";"1077778";"ITC41";"S126";"16123";""
"2025-09-30";"1070001";"1077778";"ITC4";"S124";"11718360";""
"2025-09-30";"1070001";"1077778";"ITC41";"S13";"351107";""
"2025-09-30";"1070001";"1077778";"ITC41";"S11BI7";"176184";""
"2025-09-30";"1070001";"1077778";"IT";"S1311";"163268822";""
"2025-09-30";"1070001";"1077778";"IT";"S12BI66";"94695257";""
"2025-09-30";"1070001";"1077778";"IT";"S11BI7";"11222842";""
"2025-09-30";"1070001";"1077778";"IT";"S1313";"61805578";""
"2025-09-30";"1070001";"1077778";"IT";"S14";"671216440";""
"2025-09-30";"1070001";"1077778";"IT";"450";"196058";""
"2025-09-30";"1070001";"1077778";"ITC41";"S12BI7";"42882";""
"2025-09-30";"1070001";"1077778";"ITC41";"S15";"61558";""
"2025-09-30";"1070001";"1077778";"IT";"S12BI7";"141493474";""
"2025-09-30";"1070001";"1077778";"ITC41";"S11BI8";"253561";""
"2025-09-30";"1070001";"1077778";"ITC41";"S1311";"204";""
"2025-09-30";"1070001";"1077778";"IT";"600";"606258309";""
"2025-09-30";"1070001";"1077778";"ITC4";"S11";"183969816";""
"2025-09-30";"1070001";"1077778";"ITC41";"S12BI66";"715";""
"2025-09-30";"1070001";"1077778";"ITC41";"S1314";"9";""
"2025-09-30";"1070001";"1077778";"ITC4";"S1313";"7423900";""
"2025-09-30";"1070001";"1077778";"ITC4";"S11001";"8702441";""
"2025-08-31";"1070001";"1077778";"ITC4";"S15";"1941738";""
"2025-08-31";"1070001";"1077778";"ITC4";"S12BI7";"80302199";""
"2025-08-31";"1070001";"1077778";"IT";"S1313";"61705761";""
"2025-08-31";"1070001";"1077778";"ITC4";"S129";"353";""
"2025-08-31";"1070001";"1077778";"IT";"S1314";"74131";""
"2025-08-31";"1070001";"1077778";"ITC4";"S1314";"2082";""
"2025-08-31";"1070001";"1077778";"ITC41";"SBI59";"18387092";""
"2025-08-31";"1070001";"1077778";"ITC41";"S11001";"89852";""
"2025-08-31";"1070001";"1077778";"ITC4";"S124";"11849438";""
"2025-08-31";"1070001";"1077778";"ITC4";"S11BI7";"2524258";""
"2025-08-31";"1070001";"1077778";"IT";"S13";"226291710";""
"2025-08-31";"1070001";"1077778";"ITC41";"S127";"25877";""
"2025-08-31";"1070001";"1077778";"ITC4";"SBI59";"420421431";""
"2025-08-31";"1070001";"1077778";"IT";"S11BI7";"11160314";""
"2025-08-31";"1070001";"1077778";"IT";"S15";"6352852";""
"2025-08-31";"1070001";"1077778";"ITC4";"S11BI32";"166727899";""
"2025-08-31";"1070001";"1077778";"ITC41";"S14";"11955480";""
"2025-08-31";"1070001";"1077778";"ITC4";"S14BI2";"12306101";""
"2025-08-31";"1070001";"1077778";"ITC41";"S14BI2";"682079";""
"2025-08-31";"1070001";"1077778";"ITC4";"450";"33777";""
"2025-08-31";"1070001";"1077778";"ITC4";"S127";"9478838";""
"2025-08-31";"1070001";"1077778";"ITC4";"S13";"7491158";""
"2025-08-31";"1070001";"1077778";"IT";"SBI59";"1635642573";""
"2025-08-31";"1070001";"1077778";"ITC41";"S12BI7";"42573";""
"2025-08-31";"1070001";"1077778";"IT";"S11BI8";"29056272";""
"2025-08-31";"1070001";"1077778";"ITC41";"S15";"61846";""
"2025-08-31";"1070001";"1077778";"IT";"S11BI32";"522546809";""
"2025-08-31";"1070001";"1077778";"IT";"S1311";"164511819";""
"2025-08-31";"1070001";"1077778";"ITC4";"S128";"3796472";""
"2025-08-31";"1070001";"1077778";"IT";"S11001";"33441248";""
"2025-08-31";"1070001";"1077778";"ITC4";"S11001";"8361616";""
"2025-08-31";"1070001";"1077778";"ITC41";"S11BI7";"174790";""
"2025-08-31";"1070001";"1077778";"ITC4";"S1313";"7404601";""
"2025-08-31";"1070001";"1077778";"ITC41";"S124";"0";""
"2025-08-31";"1070001";"1077778";"IT";"SBI9";"84076";""
"2025-08-31";"1070001";"1077778";"IT";"S12BI7";"137862612";""
"2025-08-31";"1070001";"1077778";"ITC41";"S1314";"10";""
"2025-08-31";"1070001";"1077778";"ITC41";"S11";"5971773";""
"2025-08-31";"1070001";"1077778";"IT";"S12BI66";"91345463";""
"2025-08-31";"1070001";"1077778";"ITC41";"S1311";"198";""
"2025-08-31";"1070001";"1077778";"IT";"S14";"668670540";""
"2025-08-31";"1070001";"1077778";"IT";"600";"603821681";""
"2025-08-31";"1070001";"1077778";"ITC4";"S11";"182663521";""
"2025-08-31";"1070001";"1077778";"IT";"S11";"596380783";""
"2025-08-31";"1070001";"1077778";"IT";"S14BI2";"64848859";""
"2025-08-31";"1070001";"1077778";"IT";"S128";"6953689";""
"2025-08-31";"1070001";"1077778";"ITC41";"S13";"355315";""
"2025-08-31";"1070001";"1077778";"ITC41";"SBI9";"104";""
"2025-08-31";"1070001";"1077778";"IT";"S129";"5946";""
"2025-08-31";"1070001";"1077778";"ITC4";"SBI9";"32398";""
"2025-08-31";"1070001";"1077778";"ITC4";"S12BI66";"49860520";""
"2025-08-31";"1070001";"1077778";"ITC4";"S126";"5316578";""
"2025-08-31";"1070001";"1077778";"ITC41";"S11BI32";"5452449";""
"2025-08-31";"1070001";"1077778";"ITC41";"S126";"15979";""
"2025-08-31";"1070001";"1077778";"ITC4";"S1311";"84475";""
"2025-08-31";"1070001";"1077778";"ITC4";"600";"135684316";""
"2025-08-31";"1070001";"1077778";"IT";"S126";"6814851";""
"2025-08-31";"1070001";"1077778";"IT";"SBI25";"661229642";""
"2025-08-31";"1070001";"1077778";"ITC4";"S11BI8";"5015971";""
"2025-08-31";"1070001";"1077778";"ITC4";"SBI25";"194969622";""
"2025-08-31";"1070001";"1077778";"ITC41";"S1313";"355107";""
"2025-08-31";"1070001";"1077778";"ITC41";"S12BI66";"718";""
"2025-08-31";"1070001";"1077778";"ITC41";"S11BI8";"254412";""
"2025-08-31";"1070001";"1077778";"ITC4";"S14";"147990417";""
"2025-08-31";"1070001";"1077778";"IT";"S124";"16483500";""
"2025-08-31";"1070001";"1077778";"ITC41";"600";"11273401";""
"2025-08-31";"1070001";"1077778";"IT";"450";"176140";""
"2025-08-31";"1070001";"1077778";"ITC41";"SBI25";"6653853";""
"2025-08-31";"1070001";"1077778";"ITC41";"450";"270";""
"2025-08-31";"1070001";"1077778";"IT";"S127";"16259163";""
"2025-07-31";"1070001";"1077778";"IT";"S13";"226228048";""
"2025-07-31";"1070001";"1077778";"ITC41";"SBI9";"100";""
"2025-07-31";"1070001";"1077778";"IT";"S11";"601307908";""
"2025-07-31";"1070001";"1077778";"ITC41";"S15";"58687";""
"2025-07-31";"1070001";"1077778";"ITC4";"S11BI32";"168067185";""
"2025-07-31";"1070001";"1077778";"ITC41";"S14";"12010472";""
"2025-07-31";"1070001";"1077778";"ITC4";"S14BI2";"12403377";""
"2025-07-31";"1070001";"1077778";"ITC4";"S15";"1887585";""
"2025-07-31";"1070001";"1077778";"IT";"S14BI2";"65432140";""
"2025-07-31";"1070001";"1077778";"IT";"SBI59";"1647214544";""
"2025-07-31";"1070001";"1077778";"ITC41";"S124";"0";""
"2025-07-31";"1070001";"1077778";"IT";"S126";"6918747";""
"2025-07-31";"1070001";"1077778";"ITC41";"450";"281";""
"2025-07-31";"1070001";"1077778";"IT";"S124";"16459083";""
"2025-07-31";"1070001";"1077778";"IT";"S129";"48468";""
"2025-07-31";"1070001";"1077778";"ITC4";"S12BI66";"52416095";""
"2025-07-31";"1070001";"1077778";"ITC4";"S1313";"7378269";""
"2025-07-31";"1070001";"1077778";"ITC4";"S11BI8";"5061794";""
"2025-07-31";"1070001";"1077778";"IT";"S12BI66";"95139229";""
"2025-07-31";"1070001";"1077778";"IT";"S11BI32";"529131298";""
"2025-07-31";"1070001";"1077778";"ITC4";"450";"36111";""
"2025-07-31";"1070001";"1077778";"ITC41";"S12BI7";"42515";""
"2025-07-31";"1070001";"1077778";"ITC4";"S126";"5408010";""
"2025-07-31";"1070001";"1077778";"IT";"S11BI7";"11430561";""
"2025-07-31";"1070001";"1077778";"ITC41";"S1311";"201";""
"2025-07-31";"1070001";"1077778";"ITC4";"SBI59";"425267431";""
"2025-07-31";"1070001";"1077778";"ITC4";"S128";"3784253";""
"2025-07-31";"1070001";"1077778";"ITC41";"S14BI2";"688995";""
"2025-07-31";"1070001";"1077778";"ITC4";"S1311";"89952";""
"2025-07-31";"1070001";"1077778";"IT";"S12BI7";"141951038";""
"2025-07-31";"1070001";"1077778";"ITC4";"SBI25";"196597208";""
"2025-07-31";"1070001";"1077778";"ITC4";"S127";"9685252";""
"2025-07-31";"1070001";"1077778";"IT";"S11001";"30993118";""
"2025-07-31";"1070001";"1077778";"ITC41";"S1314";"9";""
"2025-07-31";"1070001";"1077778";"IT";"S1311";"164252882";""
"2025-07-31";"1070001";"1077778";"ITC41";"S11";"6090485";""
"2025-07-31";"1070001";"1077778";"IT";"S15";"6252977";""
"2025-07-31";"1070001";"1077778";"ITC41";"S12BI66";"717";""
"2025-07-31";"1070001";"1077778";"IT";"S128";"6947960";""
"2025-07-31";"1070001";"1077778";"ITC4";"SBI9";"28737";""
"2025-07-31";"1070001";"1077778";"IT";"600";"605941192";""
"2025-07-31";"1070001";"1077778";"ITC41";"S1313";"374341";""
"2025-07-31";"1070001";"1077778";"IT";"S11BI8";"29548447";""
"2025-07-31";"1070001";"1077778";"ITC41";"SBI59";"18576811";""
"2025-07-31";"1070001";"1077778";"ITC41";"S11BI8";"259017";""
"2025-07-31";"1070001";"1077778";"IT";"S14";"671373332";""
"2025-07-31";"1070001";"1077778";"ITC4";"S11";"184193831";""
"2025-07-31";"1070001";"1077778";"IT";"450";"204485";""
"2025-07-31";"1070001";"1077778";"IT";"S1313";"61903267";""
"2025-07-31";"1070001";"1077778";"ITC41";"S11001";"91349";""
"2025-07-31";"1070001";"1077778";"ITC41";"S127";"26074";""
"2025-07-31";"1070001";"1077778";"ITC41";"S126";"15724";""
"2025-07-31";"1070001";"1077778";"ITC41";"SBI25";"6779480";""
"2025-07-31";"1070001";"1077778";"ITC4";"S11001";"8429826";""
"2025-07-31";"1070001";"1077778";"IT";"SBI9";"101241";""
"2025-07-31";"1070001";"1077778";"ITC4";"600";"136191036";""
"2025-07-31";"1070001";"1077778";"ITC41";"600";"11321478";""
"2025-07-31";"1070001";"1077778";"ITC41";"S13";"374551";""
"2025-07-31";"1070001";"1077778";"ITC4";"S13";"7470185";""
"2025-07-31";"1070001";"1077778";"ITC4";"S124";"11794124";""
"2025-07-31";"1070001";"1077778";"ITC4";"S1314";"1964";""
"2025-07-31";"1070001";"1077778";"ITC4";"S11BI7";"2598915";""
"2025-07-31";"1070001";"1077778";"IT";"SBI25";"666740048";""
"2025-07-31";"1070001";"1077778";"ITC4";"S14";"148594412";""
"2025-07-31";"1070001";"1077778";"IT";"S1314";"71898";""
"2025-07-31";"1070001";"1077778";"ITC4";"S129";"4947";""
"2025-07-31";"1070001";"1077778";"ITC4";"S12BI7";"83092681";""
"2025-07-31";"1070001";"1077778";"ITC41";"S11BI7";"178971";""
"2025-07-31";"1070001";"1077778";"ITC41";"S11BI32";"5560867";""
"2025-07-31";"1070001";"1077778";"IT";"S127";"16437549";""
"2025-06-30";"1070001";"1077778";"ITC4";"S11BI8";"5071396";""
"2025-06-30";"1070001";"1077778";"IT";"S127";"17258224";""
"2025-06-30";"1070001";"1077778";"ITC4";"450";"36309";""
"2025-06-30";"1070001";"1077778";"ITC41";"S127";"26126";""
"2025-06-30";"1070001";"1077778";"IT";"S129";"48504";""
"2025-06-30";"1070001";"1077778";"ITC41";"S1313";"349866";""
"2025-06-30";"1070001";"1077778";"ITC4";"S129";"2691";""
"2025-06-30";"1070001";"1077778";"ITC4";"S11BI32";"168371918";""
"2025-06-30";"1070001";"1077778";"ITC41";"S12BI7";"42307";""
"2025-06-30";"1070001";"1077778";"IT";"S126";"6913668";""
"2025-06-30";"1070001";"1077778";"IT";"S11001";"31175896";""
"2025-06-30";"1070001";"1077778";"IT";"S11BI32";"529838960";""
"2025-06-30";"1070001";"1077778";"ITC41";"S12BI66";"571";""
"2025-06-30";"1070001";"1077778";"ITC4";"S128";"3709606";""
"2025-06-30";"1070001";"1077778";"ITC41";"S124";"0";""
"2025-06-30";"1070001";"1077778";"ITC4";"S15";"1884739";""
"2025-06-30";"1070001";"1077778";"ITC41";"S1314";"10";""
"2025-06-30";"1070001";"1077778";"IT";"S124";"16261974";""
"2025-06-30";"1070001";"1077778";"ITC4";"S127";"10426020";""
"2025-06-30";"1070001";"1077778";"ITC4";"S13";"7511713";""
"2025-06-30";"1070001";"1077778";"ITC41";"SBI25";"6738695";""
"2025-06-30";"1070001";"1077778";"ITC4";"S12BI66";"54523074";""
"2025-06-30";"1070001";"1077778";"ITC4";"S11";"185143881";""
"2025-06-30";"1070001";"1077778";"ITC41";"SBI59";"18447225";""
"2025-06-30";"1070001";"1077778";"IT";"S12BI7";"144881930";""
"2025-06-30";"1070001";"1077778";"ITC41";"450";"283";""
"2025-06-30";"1070001";"1077778";"IT";"SBI25";"667919662";""
"2025-06-30";"1070001";"1077778";"ITC41";"S11BI7";"179593";""
"2025-06-30";"1070001";"1077778";"ITC4";"SBI25";"197521851";""
"2025-06-30";"1070001";"1077778";"IT";"S15";"6527366";""
"2025-06-30";"1070001";"1077778";"ITC4";"S126";"5396571";""
"2025-06-30";"1070001";"1077778";"ITC41";"S14";"11942171";""
"2025-06-30";"1070001";"1077778";"ITC4";"SBI9";"29213";""
"2025-06-30";"1070001";"1077778";"ITC41";"S126";"15610";""
"2025-06-30";"1070001";"1077778";"IT";"S11BI7";"11521231";""
"2025-06-30";"1070001";"1077778";"ITC41";"S11";"6053641";""
"2025-06-30";"1070001";"1077778";"ITC4";"S11BI7";"2627215";""
"2025-06-30";"1070001";"1077778";"ITC41";"S11001";"100757";""
"2025-06-30";"1070001";"1077778";"ITC41";"S1311";"205";""
"2025-06-30";"1070001";"1077778";"IT";"S1313";"61693033";""
"2025-06-30";"1070001";"1077778";"ITC4";"600";"135258117";""
"2025-06-30";"1070001";"1077778";"IT";"600";"602660929";""
"2025-06-30";"1070001";"1077778";"ITC4";"S14BI2";"12377971";""
"2025-06-30";"1070001";"1077778";"IT";"S1314";"80276";""
"2025-06-30";"1070001";"1077778";"ITC41";"S14BI2";"685054";""
"2025-06-30";"1070001";"1077778";"ITC4";"S12BI7";"85661148";""
"2025-06-30";"1070001";"1077778";"IT";"S14";"668084227";""
"2025-06-30";"1070001";"1077778";"ITC4";"S1314";"1909";""
"2025-06-30";"1070001";"1077778";"IT";"S14BI2";"65423298";""
"2025-06-30";"1070001";"1077778";"ITC41";"S11BI8";"262264";""
"2025-06-30";"1070001";"1077778";"IT";"450";"196410";""
"2025-06-30";"1070001";"1077778";"IT";"SBI59";"1648509105";""
"2025-06-30";"1070001";"1077778";"ITC4";"SBI59";"427866782";""
"2025-06-30";"1070001";"1077778";"ITC4";"S1311";"145404";""
"2025-06-30";"1070001";"1077778";"ITC4";"S124";"11603186";""
"2025-06-30";"1070001";"1077778";"IT";"S12BI66";"97534908";""
"2025-06-30";"1070001";"1077778";"IT";"S128";"6864651";""
"2025-06-30";"1070001";"1077778";"ITC41";"S15";"58841";""
"2025-06-30";"1070001";"1077778";"IT";"S11";"602496364";""
"2025-06-30";"1070001";"1077778";"IT";"SBI9";"102054";""
"2025-06-30";"1070001";"1077778";"ITC4";"S1313";"7364401";""
"2025-06-30";"1070001";"1077778";"IT";"S11BI8";"29763868";""
"2025-06-30";"1070001";"1077778";"IT";"S13";"226417163";""
"2025-06-30";"1070001";"1077778";"ITC4";"S11001";"9037042";""
"2025-06-30";"1070001";"1077778";"ITC41";"SBI9";"185";""
"2025-06-30";"1070001";"1077778";"ITC4";"S14";"147636088";""
"2025-06-30";"1070001";"1077778";"ITC41";"S11BI32";"5510745";""
"2025-06-30";"1070001";"1077778";"IT";"S1311";"164643854";""
"2025-06-30";"1070001";"1077778";"ITC41";"S13";"350081";""
"2025-06-30";"1070001";"1077778";"ITC41";"600";"11257117";""
"2025-05-31";"1070001";"1077778";"IT";"SBI9";"83073";""
"2025-05-31";"1070001";"1077778";"IT";"S11001";"29523237";""
"2025-05-31";"1070001";"1077778";"IT";"S1313";"63153313";""
"2025-05-31";"1070001";"1077778";"ITC41";"S11001";"97878";""
"2025-05-31";"1070001";"1077778";"ITC41";"SBI25";"6765815";""
"2025-05-31";"1070001";"1077778";"ITC41";"S11BI7";"178675";""
"2025-05-31";"1070001";"1077778";"ITC4";"S11BI8";"5048770";""
"2025-05-31";"1070001";"1077778";"ITC41";"SBI59";"18460113";""
"2025-05-31";"1070001";"1077778";"IT";"SBI59";"1639760163";""
"2025-05-31";"1070001";"1077778";"IT";"S127";"18420285";""
"2025-05-31";"1070001";"1077778";"IT";"SBI25";"660645621";""
"2025-05-31";"1070001";"1077778";"IT";"S11BI8";"29749400";""
"2025-05-31";"1070001";"1077778";"ITC41";"S127";"25927";""
"2025-05-31";"1070001";"1077778";"ITC41";"S124";"0";""
"2025-05-31";"1070001";"1077778";"IT";"S129";"13358";""
"2025-05-31";"1070001";"1077778";"IT";"S124";"16118662";""
"2025-05-31";"1070001";"1077778";"ITC4";"S11BI32";"167345203";""
"2025-05-31";"1070001";"1077778";"ITC4";"SBI9";"30651";""
"2025-05-31";"1070001";"1077778";"ITC4";"S124";"11700103";""
"2025-05-31";"1070001";"1077778";"IT";"S14BI2";"65366218";""
"2025-05-31";"1070001";"1077778";"ITC41";"S14";"11917143";""
"2025-05-31";"1070001";"1077778";"ITC4";"S15";"1829285";""
"2025-05-31";"1070001";"1077778";"ITC41";"450";"294";""
"2025-05-31";"1070001";"1077778";"ITC4";"600";"134801206";""
"2025-05-31";"1070001";"1077778";"IT";"S11BI32";"524387745";""
"2025-05-31";"1070001";"1077778";"ITC4";"S128";"3771396";""
"2025-05-31";"1070001";"1077778";"ITC41";"S14BI2";"683009";""
"2025-05-31";"1070001";"1077778";"IT";"S126";"7168642";""
"2025-05-31";"1070001";"1077778";"IT";"600";"601218114";""
"2025-05-31";"1070001";"1077778";"ITC41";"S13";"360030";""
"2025-05-31";"1070001";"1077778";"ITC4";"S11";"183709962";""
"2025-05-31";"1070001";"1077778";"ITC4";"S126";"5645618";""
"2025-05-31";"1070001";"1077778";"ITC4";"450";"38478";""
"2025-05-31";"1070001";"1077778";"ITC4";"S12BI7";"83438959";""
"2025-05-31";"1070001";"1077778";"ITC4";"S12BI66";"50708702";""
"2025-05-31";"1070001";"1077778";"IT";"S11";"595279403";""
"2025-05-31";"1070001";"1077778";"IT";"S12BI66";"92043120";""
"2025-05-31";"1070001";"1077778";"ITC4";"S129";"432";""
"2025-05-31";"1070001";"1077778";"ITC41";"S11BI8";"259797";""
"2025-05-31";"1070001";"1077778";"ITC4";"S1314";"1791";""
"2025-05-31";"1070001";"1077778";"ITC4";"S13";"7698695";""
"2025-05-31";"1070001";"1077778";"ITC4";"S1311";"91463";""
"2025-05-31";"1070001";"1077778";"ITC41";"600";"11234134";""
"2025-05-31";"1070001";"1077778";"IT";"S11BI7";"11411316";""
"2025-05-31";"1070001";"1077778";"ITC4";"SBI25";"196021527";""
"2025-05-31";"1070001";"1077778";"ITC41";"S1313";"359780";""
"2025-05-31";"1070001";"1077778";"IT";"450";"207705";""
"2025-05-31";"1070001";"1077778";"ITC41";"S1311";"241";""
"2025-05-31";"1070001";"1077778";"IT";"S1311";"167301419";""
"2025-05-31";"1070001";"1077778";"ITC41";"S15";"57798";""
"2025-05-31";"1070001";"1077778";"ITC41";"SBI9";"182";""
"2025-05-31";"1070001";"1077778";"ITC41";"S12BI66";"506";""
"2025-05-31";"1070001";"1077778";"IT";"S14";"666584332";""
"2025-05-31";"1070001";"1077778";"IT";"S15";"6561552";""
"2025-05-31";"1070001";"1077778";"IT";"S1314";"81232";""
"2025-05-31";"1070001";"1077778";"IT";"S128";"6951772";""
"2025-05-31";"1070001";"1077778";"ITC4";"S14BI2";"12311564";""
"2025-05-31";"1070001";"1077778";"ITC4";"SBI59";"423820322";""
"2025-05-31";"1070001";"1077778";"ITC4";"S11BI7";"2591237";""
"2025-05-31";"1070001";"1077778";"ITC41";"S126";"15721";""
"2025-05-31";"1070001";"1077778";"ITC4";"S127";"11612708";""
"2025-05-31";"1070001";"1077778";"ITC41";"S11BI32";"5546163";""
"2025-05-31";"1070001";"1077778";"IT";"S13";"230535965";""
"2025-05-31";"1070001";"1077778";"ITC41";"S11";"6082805";""
"2025-05-31";"1070001";"1077778";"ITC41";"S1314";"10";""
"2025-05-31";"1070001";"1077778";"IT";"S12BI7";"140715839";""
"2025-05-31";"1070001";"1077778";"ITC4";"S11001";"8686275";""
"2025-05-31";"1070001";"1077778";"ITC4";"S14";"147112770";""
"2025-05-31";"1070001";"1077778";"ITC4";"S1313";"7605440";""
"2025-05-31";"1070001";"1077778";"ITC41";"S12BI7";"42154";""
"2025-04-30";"1070001";"1077778";"ITC41";"S13";"353832";""
"2025-04-30";"1070001";"1077778";"IT";"S11BI8";"30095499";""
"2025-04-30";"1070001";"1077778";"ITC4";"S15";"1911545";""
"2025-04-30";"1070001";"1077778";"ITC41";"S11BI8";"264451";""
"2025-04-30";"1070001";"1077778";"ITC41";"S124";"0";""
"2025-04-30";"1070001";"1077778";"IT";"S13";"225909705";""
"2025-04-30";"1070001";"1077778";"ITC4";"S1314";"1707";""
"2025-04-30";"1070001";"1077778";"IT";"S12BI66";"94140421";""
"2025-04-30";"1070001";"1077778";"ITC4";"S12BI7";"85805042";""
"2025-04-30";"1070001";"1077778";"ITC4";"S14";"146605499";""
"2025-04-30";"1070001";"1077778";"ITC4";"S11BI7";"2667160";""
"2025-04-30";"1070001";"1077778";"ITC4";"S127";"12382015";""
"2025-04-30";"1070001";"1077778";"ITC4";"S126";"5372200";""
"2025-04-30";"1070001";"1077778";"ITC41";"S14BI2";"691505";""
"2025-04-30";"1070001";"1077778";"ITC41";"S15";"57406";""
"2025-04-30";"1070001";"1077778";"ITC41";"S11001";"60222";""
"2025-04-30";"1070001";"1077778";"IT";"S14";"664391818";""
"2025-04-30";"1070001";"1077778";"IT";"S1311";"162783973";""
"2025-04-30";"1070001";"1077778";"ITC4";"S11001";"8562925";""
"2025-04-30";"1070001";"1077778";"ITC41";"S1311";"196";""
"2025-04-30";"1070001";"1077778";"ITC41";"SBI59";"18379246";""
"2025-04-30";"1070001";"1077778";"ITC4";"S1311";"94093";""
"2025-04-30";"1070001";"1077778";"IT";"SBI9";"93746";""
"2025-04-30";"1070001";"1077778";"ITC4";"SBI9";"35291";""
"2025-04-30";"1070001";"1077778";"ITC4";"S1313";"7524790";""
"2025-04-30";"1070001";"1077778";"ITC4";"S11BI32";"166508126";""
"2025-04-30";"1070001";"1077778";"ITC4";"S14BI2";"12419888";""
"2025-04-30";"1070001";"1077778";"IT";"600";"598707204";""
"2025-04-30";"1070001";"1077778";"ITC41";"S11";"6057340";""
"2025-04-30";"1070001";"1077778";"IT";"SBI59";"1637134924";""
"2025-04-30";"1070001";"1077778";"ITC41";"S11BI7";"185099";""
"2025-04-30";"1070001";"1077778";"ITC41";"SBI25";"6748845";""
"2025-04-30";"1070001";"1077778";"IT";"S128";"6829721";""
"2025-04-30";"1070001";"1077778";"IT";"S15";"6673750";""
"2025-04-30";"1070001";"1077778";"IT";"S129";"7066";""
"2025-04-30";"1070001";"1077778";"IT";"450";"226611";""
"2025-04-30";"1070001";"1077778";"IT";"S11";"597129146";""
"2025-04-30";"1070001";"1077778";"IT";"S127";"18965934";""
"2025-04-30";"1070001";"1077778";"ITC4";"S129";"1593";""
"2025-04-30";"1070001";"1077778";"IT";"S11BI7";"11680197";""
"2025-04-30";"1070001";"1077778";"IT";"S14BI2";"65684615";""
"2025-04-30";"1070001";"1077778";"ITC4";"600";"134185610";""
"2025-04-30";"1070001";"1077778";"ITC41";"S126";"15859";""
"2025-04-30";"1070001";"1077778";"IT";"S12BI7";"142936760";""
"2025-04-30";"1070001";"1077778";"IT";"S1313";"63029483";""
"2025-04-30";"1070001";"1077778";"IT";"SBI25";"662813761";""
"2025-04-30";"1070001";"1077778";"ITC4";"S128";"3655448";""
"2025-04-30";"1070001";"1077778";"IT";"S11BI32";"526150117";""
"2025-04-30";"1070001";"1077778";"ITC4";"S12BI66";"52741275";""
"2025-04-30";"1070001";"1077778";"ITC41";"450";"306";""
"2025-04-30";"1070001";"1077778";"ITC41";"S12BI7";"42400";""
"2025-04-30";"1070001";"1077778";"ITC4";"S13";"7620590";""
"2025-04-30";"1070001";"1077778";"ITC4";"SBI59";"424865418";""
"2025-04-30";"1070001";"1077778";"IT";"S1314";"96249";""
"2025-04-30";"1070001";"1077778";"ITC41";"S12BI66";"409";""
"2025-04-30";"1070001";"1077778";"ITC41";"S1313";"353626";""
"2025-04-30";"1070001";"1077778";"IT";"S126";"6909724";""
"2025-04-30";"1070001";"1077778";"ITC4";"SBI25";"195307339";""
"2025-04-30";"1070001";"1077778";"ITC4";"450";"44080";""
"2025-04-30";"1070001";"1077778";"ITC41";"S127";"26132";""
"2025-04-30";"1070001";"1077778";"ITC41";"S1314";"10";""
"2025-04-30";"1070001";"1077778";"IT";"S124";"16083894";""
"2025-04-30";"1070001";"1077778";"ITC41";"S11BI32";"5547262";""
"2025-04-30";"1070001";"1077778";"ITC4";"S124";"11652510";""
"2025-04-30";"1070001";"1077778";"ITC4";"S11BI8";"5105160";""
"2025-04-30";"1070001";"1077778";"ITC41";"600";"11176564";""
"2025-04-30";"1070001";"1077778";"ITC41";"S14";"11868069";""
"2025-04-30";"1070001";"1077778";"ITC41";"SBI9";"199";""
"2025-04-30";"1070001";"1077778";"IT";"S11001";"28976722";""
"2025-04-30";"1070001";"1077778";"ITC4";"S11";"182887451";""
"2025-03-31";"1070001";"1077778";"ITC41";"S11001";"60396";""
"2025-03-31";"1070001";"1077778";"ITC41";"450";"310";""
"2025-03-31";"1070001";"1077778";"IT";"S12BI66";"95879689";""
"2025-03-31";"1070001";"1077778";"ITC41";"S127";"26003";""
"2025-03-31";"1070001";"1077778";"ITC4";"S12BI7";"87325606";""
"2025-03-31";"1070001";"1077778";"IT";"S128";"6662699";""
"2025-03-31";"1070001";"1077778";"ITC41";"S12BI66";"572";""
"2025-03-31";"1070001";"1077778";"IT";"S12BI7";"144101099";""
"2025-03-31";"1070001";"1077778";"ITC41";"S11BI32";"5558116";""
"2025-03-31";"1070001";"1077778";"IT";"SBI59";"1639504510";""
"2025-03-31";"1070001";"1077778";"IT";"S11BI7";"11807428";""
"2025-03-31";"1070001";"1077778";"ITC4";"S12BI66";"54375378";""
"2025-03-31";"1070001";"1077778";"IT";"S13";"228199261";""
"2025-03-31";"1070001";"1077778";"ITC41";"SBI59";"18366578";""
"2025-03-31";"1070001";"1077778";"ITC4";"S124";"11900363";""
"2025-03-31";"1070001";"1077778";"ITC4";"S11001";"8360263";""
"2025-03-31";"1070001";"1077778";"IT";"SBI25";"663162909";""
"2025-03-31";"1070001";"1077778";"IT";"S11";"597176604";""
"2025-03-31";"1070001";"1077778";"IT";"S1311";"165212231";""
"2025-03-31";"1070001";"1077778";"ITC4";"SBI9";"30657";""
"2025-03-31";"1070001";"1077778";"ITC4";"S127";"12172850";""
"2025-03-31";"1070001";"1077778";"ITC4";"S11BI7";"2705607";""
"2025-03-31";"1070001";"1077778";"ITC4";"600";"133812499";""
"2025-03-31";"1070001";"1077778";"ITC4";"S1313";"7489691";""
"2025-03-31";"1070001";"1077778";"ITC41";"S15";"56452";""
"2025-03-31";"1070001";"1077778";"ITC4";"SBI59";"426704955";""
"2025-03-31";"1070001";"1077778";"IT";"450";"239238";""
"2025-03-31";"1070001";"1077778";"ITC41";"S11";"6074873";""
"2025-03-31";"1070001";"1077778";"ITC4";"S14BI2";"12483067";""
"2025-03-31";"1070001";"1077778";"ITC4";"450";"45645";""
"2025-03-31";"1070001";"1077778";"ITC41";"S11BI8";"268583";""
"2025-03-31";"1070001";"1077778";"IT";"S126";"6862795";""
"2025-03-31";"1070001";"1077778";"ITC4";"S15";"1918778";""
"2025-03-31";"1070001";"1077778";"ITC41";"S14";"11838741";""
"2025-03-31";"1070001";"1077778";"ITC41";"S1311";"202";""
"2025-03-31";"1070001";"1077778";"ITC41";"600";"11144056";""
"2025-03-31";"1070001";"1077778";"IT";"S127";"18584540";""
"2025-03-31";"1070001";"1077778";"ITC41";"S13";"353789";""
"2025-03-31";"1070001";"1077778";"ITC4";"S11BI32";"167294322";""
"2025-03-31";"1070001";"1077778";"ITC41";"S1314";"10";""
"2025-03-31";"1070001";"1077778";"IT";"S14";"663332113";""
"2025-03-31";"1070001";"1077778";"ITC4";"S1314";"1655";""
"2025-03-31";"1070001";"1077778";"ITC4";"S14";"146295567";""
"2025-03-31";"1070001";"1077778";"ITC41";"SBI25";"6769557";""
"2025-03-31";"1070001";"1077778";"ITC4";"S128";"3581025";""
"2025-03-31";"1070001";"1077778";"IT";"S129";"18519";""
"2025-03-31";"1070001";"1077778";"ITC41";"S11BI7";"187468";""
"2025-03-31";"1070001";"1077778";"ITC4";"S129";"6573";""
"2025-03-31";"1070001";"1077778";"ITC4";"S126";"5289417";""
"2025-03-31";"1070001";"1077778";"ITC4";"S11BI8";"5167764";""
"2025-03-31";"1070001";"1077778";"IT";"S11BI8";"30315224";""
"2025-03-31";"1070001";"1077778";"IT";"S11001";"29329407";""
"2025-03-31";"1070001";"1077778";"IT";"S11BI32";"525485306";""
"2025-03-31";"1070001";"1077778";"ITC41";"SBI9";"92";""
"2025-03-31";"1070001";"1077778";"ITC4";"S11";"183573602";""
"2025-03-31";"1070001";"1077778";"ITC41";"S126";"16056";""
"2025-03-31";"1070001";"1077778";"ITC41";"S1313";"353577";""
"2025-03-31";"1070001";"1077778";"IT";"S1313";"62898333";""
"2025-03-31";"1070001";"1077778";"IT";"S15";"6610507";""
"2025-03-31";"1070001";"1077778";"ITC41";"S14BI2";"694685";""
"2025-03-31";"1070001";"1077778";"IT";"S14BI2";"65986305";""
"2025-03-31";"1070001";"1077778";"ITC4";"S1311";"69399";""
"2025-03-31";"1070001";"1077778";"IT";"SBI9";"84927";""
"2025-03-31";"1070001";"1077778";"ITC41";"S12BI7";"42631";""
"2025-03-31";"1070001";"1077778";"ITC4";"SBI25";"196056669";""
"2025-03-31";"1070001";"1077778";"IT";"600";"597345808";""
"2025-03-31";"1070001";"1077778";"IT";"S1314";"88697";""
"2025-03-31";"1070001";"1077778";"IT";"S124";"16092857";""
"2025-03-31";"1070001";"1077778";"ITC4";"S13";"7560745";""
"2025-03-31";"1070001";"1077778";"ITC41";"S124";"0";""
"2025-02-28";"1070001";"1077778";"ITC4";"S126";"5021618";""
"2025-02-28";"1070001";"1077778";"ITC41";"S1311";"217";""
"2025-02-28";"1070001";"1077778";"ITC4";"450";"49408";""
"2025-02-28";"1070001";"1077778";"IT";"S11BI7";"11796362";""
"2025-02-28";"1070001";"1077778";"ITC4";"S1313";"7481339";""
"2025-02-28";"1070001";"1077778";"IT";"S13";"231526673";""
"2025-02-28";"1070001";"1077778";"IT";"S11BI8";"30284988";""
"2025-02-28";"1070001";"1077778";"ITC41";"S13";"354239";""
"2025-02-28";"1070001";"1077778";"IT";"S12BI66";"93099955";""
"2025-02-28";"1070001";"1077778";"ITC4";"600";"133213500";""
"2025-02-28";"1070001";"1077778";"ITC4";"S11BI7";"2708907";""
"2025-02-28";"1070001";"1077778";"ITC4";"S11BI32";"165280970";""
"2025-02-28";"1070001";"1077778";"ITC41";"S11";"6074304";""
"2025-02-28";"1070001";"1077778";"ITC4";"S15";"2000701";""
"2025-02-28";"1070001";"1077778";"ITC41";"S11BI7";"186620";""
"2025-02-28";"1070001";"1077778";"ITC41";"S11001";"54970";""
"2025-02-28";"1070001";"1077778";"IT";"600";"594724714";""
"2025-02-28";"1070001";"1077778";"ITC41";"600";"11107852";""
"2025-02-28";"1070001";"1077778";"ITC41";"S14";"11803837";""
"2025-02-28";"1070001";"1077778";"IT";"S14BI2";"65960721";""
"2025-02-28";"1070001";"1077778";"ITC41";"S12BI7";"42984";""
"2025-02-28";"1070001";"1077778";"ITC4";"S11BI8";"5137774";""
"2025-02-28";"1070001";"1077778";"ITC41";"SBI9";"76";""
"2025-02-28";"1070001";"1077778";"ITC4";"S11";"181770520";""
"2025-02-28";"1070001";"1077778";"ITC41";"S14BI2";"695986";""
"2025-02-28";"1070001";"1077778";"ITC41";"S1313";"354012";""
"2025-02-28";"1070001";"1077778";"IT";"450";"260576";""
"2025-02-28";"1070001";"1077778";"ITC4";"S1314";"1621";""
"2025-02-28";"1070001";"1077778";"IT";"SBI9";"78744";""
"2025-02-28";"1070001";"1077778";"ITC41";"SBI59";"18333085";""
"2025-02-28";"1070001";"1077778";"ITC4";"S14";"145709230";""
"2025-02-28";"1070001";"1077778";"ITC41";"S124";"0";""
"2025-02-28";"1070001";"1077778";"ITC41";"S1314";"11";""
"2025-02-28";"1070001";"1077778";"IT";"S1314";"82140";""
"2025-02-28";"1070001";"1077778";"ITC4";"S128";"3544960";""
"2025-02-28";"1070001";"1077778";"IT";"SBI59";"1632035355";""
"2025-02-28";"1070001";"1077778";"IT";"S129";"26498";""
"2025-02-28";"1070001";"1077778";"ITC41";"S11BI32";"5564481";""
"2025-02-28";"1070001";"1077778";"IT";"S15";"6709066";""
"2025-02-28";"1070001";"1077778";"IT";"S126";"6603905";""
"2025-02-28";"1070001";"1077778";"ITC4";"S129";"1724";""
"2025-02-28";"1070001";"1077778";"ITC4";"S127";"11537657";""
"2025-02-28";"1070001";"1077778";"IT";"S14";"660685435";""
"2025-02-28";"1070001";"1077778";"IT";"S128";"6725923";""
"2025-02-28";"1070001";"1077778";"IT";"S11";"592840821";""
"2025-02-28";"1070001";"1077778";"ITC41";"S126";"15880";""
"2025-02-28";"1070001";"1077778";"ITC4";"S12BI7";"83137352";""
"2025-02-28";"1070001";"1077778";"IT";"S127";"17727968";""
"2025-02-28";"1070001";"1077778";"ITC41";"S15";"57645";""
"2025-02-28";"1070001";"1077778";"ITC4";"S11001";"8593461";""
"2025-02-28";"1070001";"1077778";"IT";"S1311";"168450735";""
"2025-02-28";"1070001";"1077778";"IT";"S124";"16010355";""
"2025-02-28";"1070001";"1077778";"ITC4";"SBI9";"27208";""
"2025-02-28";"1070001";"1077778";"ITC4";"S1311";"90811";""
"2025-02-28";"1070001";"1077778";"ITC4";"SBI25";"194266250";""
"2025-02-28";"1070001";"1077778";"ITC41";"450";"277";""
"2025-02-28";"1070001";"1077778";"ITC41";"S12BI66";"756";""
"2025-02-28";"1070001";"1077778";"ITC4";"S124";"11728428";""
"2025-02-28";"1070001";"1077778";"ITC4";"S14BI2";"12495730";""
"2025-02-28";"1070001";"1077778";"ITC41";"S11BI8";"267956";""
"2025-02-28";"1070001";"1077778";"ITC4";"S12BI66";"51302965";""
"2025-02-28";"1070001";"1077778";"IT";"S1313";"62993799";""
"2025-02-28";"1070001";"1077778";"ITC4";"S13";"7573771";""
"2025-02-28";"1070001";"1077778";"IT";"S12BI7";"140194605";""
"2025-02-28";"1070001";"1077778";"IT";"S11001";"30254908";""
"2025-02-28";"1070001";"1077778";"ITC41";"SBI25";"6770290";""
"2025-02-28";"1070001";"1077778";"ITC41";"S127";"26347";""
"2025-02-28";"1070001";"1077778";"IT";"SBI25";"658801542";""
"2025-02-28";"1070001";"1077778";"ITC4";"SBI59";"420218793";""
"2025-02-28";"1070001";"1077778";"IT";"S11BI32";"520243988";""
"2025-01-31";"1070001";"1077778";"IT";"SBI25";"659322735";""
"2025-01-31";"1070001";"1077778";"ITC4";"SBI25";"195226127";""
"2025-01-31";"1070001";"1077778";"ITC41";"S14";"11795059";""
"2025-01-31";"1070001";"1077778";"ITC41";"S124";"0";""
"2025-01-31";"1070001";"1077778";"ITC4";"S11BI7";"2750357";""
"2025-01-31";"1070001";"1077778";"ITC41";"S12BI66";"854";""
"2025-01-31";"1070001";"1077778";"ITC4";"S124";"11919612";""
"2025-01-31";"1070001";"1077778";"ITC41";"600";"11097558";""
"2025-01-31";"1070001";"1077778";"ITC4";"S1314";"1585";""
"2025-01-31";"1070001";"1077778";"ITC4";"SBI9";"24591";""
"2025-01-31";"1070001";"1077778";"IT";"S12BI7";"141155813";""
"2025-01-31";"1070001";"1077778";"ITC41";"S14BI2";"697502";""
"2025-01-31";"1070001";"1077778";"ITC4";"S11";"182698426";""
"2025-01-31";"1070001";"1077778";"IT";"S1314";"85121";""
"2025-01-31";"1070001";"1077778";"IT";"600";"594204296";""
"2025-01-31";"1070001";"1077778";"ITC4";"S129";"924";""
"2025-01-31";"1070001";"1077778";"IT";"S15";"6728294";""
"2025-01-31";"1070001";"1077778";"IT";"S11001";"29977753";""
"2025-01-31";"1070001";"1077778";"ITC4";"S12BI7";"84713932";""
"2025-01-31";"1070001";"1077778";"IT";"S124";"16180289";""
"2025-01-31";"1070001";"1077778";"IT";"S11BI32";"520707513";""
"2025-01-31";"1070001";"1077778";"ITC4";"SBI59";"422606526";""
"2025-01-31";"1070001";"1077778";"IT";"SBI9";"79868";""
"2025-01-31";"1070001";"1077778";"ITC41";"SBI9";"71";""
"2025-01-31";"1070001";"1077778";"ITC41";"S13";"351531";""
"2025-01-31";"1070001";"1077778";"IT";"S1313";"62862693";""
"2025-01-31";"1070001";"1077778";"ITC4";"S1313";"7456921";""
"2025-01-31";"1070001";"1077778";"ITC41";"S11";"6084887";""
"2025-01-31";"1070001";"1077778";"ITC41";"SBI59";"18332313";""
"2025-01-31";"1070001";"1077778";"IT";"S1311";"169839010";""
"2025-01-31";"1070001";"1077778";"ITC41";"S11BI32";"5574708";""
"2025-01-31";"1070001";"1077778";"ITC41";"S11001";"48308";""
"2025-01-31";"1070001";"1077778";"ITC4";"S11001";"8720736";""
"2025-01-31";"1070001";"1077778";"IT";"S11BI8";"30426896";""
"2025-01-31";"1070001";"1077778";"ITC4";"S14BI2";"12527701";""
"2025-01-31";"1070001";"1077778";"ITC4";"S127";"11959125";""
"2025-01-31";"1070001";"1077778";"ITC4";"S12BI66";"52998665";""
"2025-01-31";"1070001";"1077778";"ITC4";"450";"47458";""
"2025-01-31";"1070001";"1077778";"ITC4";"S15";"2025470";""
"2025-01-31";"1070001";"1077778";"IT";"S11BI7";"11911173";""
"2025-01-31";"1070001";"1077778";"IT";"S128";"6123463";""
"2025-01-31";"1070001";"1077778";"ITC41";"S11BI7";"190422";""
"2025-01-31";"1070001";"1077778";"ITC4";"S128";"2980452";""
"2025-01-31";"1070001";"1077778";"ITC4";"600";"133069798";""
"2025-01-31";"1070001";"1077778";"ITC41";"S1314";"10";""
"2025-01-31";"1070001";"1077778";"ITC41";"450";"284";""
"2025-01-31";"1070001";"1077778";"IT";"S127";"18149533";""
"2025-01-31";"1070001";"1077778";"ITC41";"S11BI8";"271166";""
"2025-01-31";"1070001";"1077778";"ITC4";"S11BI8";"5182958";""
"2025-01-31";"1070001";"1077778";"ITC41";"S15";"58260";""
"2025-01-31";"1070001";"1077778";"IT";"S14";"660243556";""
"2025-01-31";"1070001";"1077778";"IT";"S12BI66";"94293180";""
"2025-01-31";"1070001";"1077778";"IT";"S129";"6320";""
"2025-01-31";"1070001";"1077778";"ITC41";"S12BI7";"42504";""
"2025-01-31";"1070001";"1077778";"ITC4";"S14";"145597499";""
"2025-01-31";"1070001";"1077778";"ITC4";"S13";"7546610";""
"2025-01-31";"1070001";"1077778";"ITC41";"S127";"25349";""
"2025-01-31";"1070001";"1077778";"ITC4";"S126";"4855154";""
"2025-01-31";"1070001";"1077778";"ITC41";"S1313";"351368";""
"2025-01-31";"1070001";"1077778";"ITC4";"S1311";"88103";""
"2025-01-31";"1070001";"1077778";"IT";"SBI59";"1634277830";""
"2025-01-31";"1070001";"1077778";"IT";"S13";"232786823";""
"2025-01-31";"1070001";"1077778";"ITC4";"S11BI32";"165996918";""
"2025-01-31";"1070001";"1077778";"ITC41";"S126";"16302";""
"2025-01-31";"1070001";"1077778";"ITC41";"S1311";"152";""
"2025-01-31";"1070001";"1077778";"ITC41";"SBI25";"6782389";""
"2025-01-31";"1070001";"1077778";"IT";"450";"260142";""
"2025-01-31";"1070001";"1077778";"IT";"S14BI2";"66039260";""
"2025-01-31";"1070001";"1077778";"IT";"S11";"593283476";""
"2025-01-31";"1070001";"1077778";"IT";"S126";"6403028";""
"2024-12-31";"1070001";"1077778";"ITC41";"S15";"57509";""
"2024-12-31";"1070001";"1077778";"ITC4";"S128";"2917092";""
"2024-12-31";"1070001";"1077778";"ITC4";"S11001";"8774990";""
"2024-12-31";"1070001";"1077778";"ITC41";"S1313";"339906";""
"2024-12-31";"1070001";"1077778";"ITC41";"S11001";"47501";""
"2024-12-31";"1070001";"1077778";"IT";"S11BI32";"522118646";""
"2024-12-31";"1070001";"1077778";"ITC4";"S12BI7";"90508567";""
"2024-12-31";"1070001";"1077778";"IT";"SBI9";"76766";""
"2024-12-31";"1070001";"1077778";"IT";"450";"288360";""
"2024-12-31";"1070001";"1077778";"ITC41";"S14";"11823589";""
"2024-12-31";"1070001";"1077778";"IT";"S1314";"85778";""
"2024-12-31";"1070001";"1077778";"IT";"S127";"19638326";""
"2024-12-31";"1070001";"1077778";"IT";"600";"594481382";""
"2024-12-31";"1070001";"1077778";"ITC4";"S1313";"7342610";""
"2024-12-31";"1070001";"1077778";"ITC4";"S11BI32";"165150114";""
"2024-12-31";"1070001";"1077778";"ITC41";"S127";"24863";""
"2024-12-31";"1070001";"1077778";"ITC41";"SBI59";"18406210";""
"2024-12-31";"1070001";"1077778";"IT";"S11001";"29568625";""
"2024-12-31";"1070001";"1077778";"ITC4";"S126";"4769205";""
"2024-12-31";"1070001";"1077778";"IT";"S11";"594673759";""
"2024-12-31";"1070001";"1077778";"ITC41";"S11BI8";"278804";""
"2024-12-31";"1070001";"1077778";"ITC4";"S11";"181994842";""
"2024-12-31";"1070001";"1077778";"ITC4";"S13";"7409498";""
"2024-12-31";"1070001";"1077778";"IT";"S13";"232205453";""
"2024-12-31";"1070001";"1077778";"ITC4";"450";"46994";""
"2024-12-31";"1070001";"1077778";"ITC4";"S14";"145803804";""
"2024-12-31";"1070001";"1077778";"ITC4";"S11BI7";"2775681";""
"2024-12-31";"1070001";"1077778";"IT";"S126";"6259786";""
"2024-12-31";"1070001";"1077778";"ITC4";"S127";"13476106";""
"2024-12-31";"1070001";"1077778";"ITC41";"S11";"6142481";""
"2024-12-31";"1070001";"1077778";"ITC41";"S124";"0";""
"2024-12-31";"1070001";"1077778";"ITC4";"S12BI66";"57846381";""
"2024-12-31";"1070001";"1077778";"ITC41";"450";"281";""
"2024-12-31";"1070001";"1077778";"IT";"S1313";"62268481";""
"2024-12-31";"1070001";"1077778";"IT";"S1311";"169851194";""
"2024-12-31";"1070001";"1077778";"ITC4";"SBI25";"194634246";""
"2024-12-31";"1070001";"1077778";"IT";"S128";"6094671";""
"2024-12-31";"1070001";"1077778";"ITC4";"SBI59";"427764634";""
"2024-12-31";"1070001";"1077778";"ITC4";"SBI9";"22456";""
"2024-12-31";"1070001";"1077778";"ITC4";"S11BI8";"5247063";""
"2024-12-31";"1070001";"1077778";"ITC41";"S14BI2";"703754";""
"2024-12-31";"1070001";"1077778";"ITC41";"S12BI66";"1020";""
"2024-12-31";"1070001";"1077778";"ITC41";"SBI9";"64";""
"2024-12-31";"1070001";"1077778";"ITC41";"S12BI7";"42446";""
"2024-12-31";"1070001";"1077778";"IT";"S14BI2";"66570021";""
"2024-12-31";"1070001";"1077778";"IT";"S11BI8";"30698594";""
"2024-12-31";"1070001";"1077778";"IT";"S129";"13955";""
"2024-12-31";"1070001";"1077778";"ITC4";"600";"133164400";""
"2024-12-31";"1070001";"1077778";"IT";"S15";"6692974";""
"2024-12-31";"1070001";"1077778";"IT";"S12BI66";"101542722";""
"2024-12-31";"1070001";"1077778";"ITC4";"S1311";"65329";""
"2024-12-31";"1070001";"1077778";"ITC41";"SBI25";"6846235";""
"2024-12-31";"1070001";"1077778";"ITC41";"S1311";"205";""
"2024-12-31";"1070001";"1077778";"ITC41";"S11BI32";"5622427";""
"2024-12-31";"1070001";"1077778";"IT";"S14";"661051402";""
"2024-12-31";"1070001";"1077778";"IT";"S12BI7";"149371677";""
"2024-12-31";"1070001";"1077778";"ITC4";"S15";"2025457";""
"2024-12-31";"1070001";"1077778";"IT";"S124";"15822217";""
"2024-12-31";"1070001";"1077778";"ITC41";"600";"11119835";""
"2024-12-31";"1070001";"1077778";"ITC41";"S126";"16564";""
"2024-12-31";"1070001";"1077778";"ITC4";"S14BI2";"12639404";""
"2024-12-31";"1070001";"1077778";"ITC4";"S129";"385";""
"2024-12-31";"1070001";"1077778";"ITC41";"S13";"340121";""
"2024-12-31";"1070001";"1077778";"ITC41";"S1314";"10";""
"2024-12-31";"1070001";"1077778";"IT";"S11BI7";"11999534";""
"2024-12-31";"1070001";"1077778";"ITC4";"S1314";"1558";""
"2024-12-31";"1070001";"1077778";"ITC4";"S124";"11499398";""
"2024-12-31";"1070001";"1077778";"IT";"SBI59";"1644072042";""
"2024-12-31";"1070001";"1077778";"ITC41";"S11BI7";"193467";""
"2024-12-31";"1070001";"1077778";"IT";"SBI25";"661243780";""
"2024-11-30";"1070001";"1077778";"ITC41";"S11BI8";"278053";""
"2024-11-30";"1070001";"1077778";"IT";"S14";"660740680";""
"2024-11-30";"1070001";"1077778";"ITC4";"S12BI66";"50964357";""
"2024-11-30";"1070001";"1077778";"IT";"SBI9";"68611";""
"2024-11-30";"1070001";"1077778";"ITC4";"S1311";"87716";""
"2024-11-30";"1070001";"1077778";"ITC41";"S11001";"50961";""
"2024-11-30";"1070001";"1077778";"ITC41";"600";"11120957";""
"2024-11-30";"1070001";"1077778";"IT";"S129";"19593";""
"2024-11-30";"1070001";"1077778";"ITC4";"S11BI32";"166184836";""
"2024-11-30";"1070001";"1077778";"ITC41";"S1313";"348004";""
"2024-11-30";"1070001";"1077778";"ITC4";"S129";"5545";""
"2024-11-30";"1070001";"1077778";"ITC41";"S1314";"10";""
"2024-11-30";"1070001";"1077778";"IT";"S127";"19379211";""
"2024-11-30";"1070001";"1077778";"ITC41";"S11BI7";"191941";""
"2024-11-30";"1070001";"1077778";"IT";"450";"325378";""
"2024-11-30";"1070001";"1077778";"IT";"S1314";"77724";""
"2024-11-30";"1070001";"1077778";"IT";"600";"593940695";""
"2024-11-30";"1070001";"1077778";"ITC41";"S1311";"204";""
"2024-11-30";"1070001";"1077778";"IT";"S11BI8";"30561872";""
"2024-11-30";"1070001";"1077778";"ITC4";"S128";"2819531";""
"2024-11-30";"1070001";"1077778";"ITC41";"S11BI32";"5662708";""
"2024-11-30";"1070001";"1077778";"ITC4";"S14";"145463504";""
"2024-11-30";"1070001";"1077778";"ITC4";"S11BI8";"5205190";""
"2024-11-30";"1070001";"1077778";"ITC4";"S13";"7224061";""
"2024-11-30";"1070001";"1077778";"ITC4";"S1313";"7134940";""
"2024-11-30";"1070001";"1077778";"ITC4";"SBI25";"193933933";""
"2024-11-30";"1070001";"1077778";"IT";"S11BI7";"11975964";""
"2024-11-30";"1070001";"1077778";"ITC41";"S14BI2";"703662";""
"2024-11-30";"1070001";"1077778";"IT";"SBI59";"1632843910";""
"2024-11-30";"1070001";"1077778";"ITC4";"S11";"181326583";""
"2024-11-30";"1070001";"1077778";"IT";"S11";"593361827";""
"2024-11-30";"1070001";"1077778";"ITC41";"SBI9";"17";""
"2024-11-30";"1070001";"1077778";"ITC4";"450";"56582";""
"2024-11-30";"1070001";"1077778";"ITC41";"S12BI7";"47765";""
"2024-11-30";"1070001";"1077778";"ITC41";"S12BI66";"900";""
"2024-11-30";"1070001";"1077778";"ITC41";"S127";"30499";""
"2024-11-30";"1070001";"1077778";"ITC41";"SBI25";"6887581";""
"2024-11-30";"1070001";"1077778";"ITC4";"S14BI2";"12607350";""
"2024-11-30";"1070001";"1077778";"IT";"S15";"6626480";""
"2024-11-30";"1070001";"1077778";"ITC4";"S15";"2003673";""
"2024-11-30";"1070001";"1077778";"ITC4";"S124";"11878744";""
"2024-11-30";"1070001";"1077778";"ITC4";"S11BI7";"2742920";""
"2024-11-30";"1070001";"1077778";"ITC4";"S127";"13236088";""
"2024-11-30";"1070001";"1077778";"ITC41";"S124";"0";""
"2024-11-30";"1070001";"1077778";"ITC41";"450";"255";""
"2024-11-30";"1070001";"1077778";"ITC4";"S11001";"7137056";""
"2024-11-30";"1070001";"1077778";"IT";"S124";"16324851";""
"2024-11-30";"1070001";"1077778";"ITC41";"S13";"348218";""
"2024-11-30";"1070001";"1077778";"ITC4";"S12BI7";"83526017";""
"2024-11-30";"1070001";"1077778";"ITC4";"S126";"4621753";""
"2024-11-30";"1070001";"1077778";"ITC41";"S15";"57951";""
"2024-11-30";"1070001";"1077778";"ITC41";"SBI59";"18462488";""
"2024-11-30";"1070001";"1077778";"IT";"S128";"5367630";""
"2024-11-30";"1070001";"1077778";"IT";"S11BI32";"522967128";""
"2024-11-30";"1070001";"1077778";"IT";"S1313";"63291036";""
"2024-11-30";"1070001";"1077778";"IT";"S12BI66";"92689273";""
"2024-11-30";"1070001";"1077778";"ITC4";"S1314";"1405";""
"2024-11-30";"1070001";"1077778";"IT";"S13";"232107180";""
"2024-11-30";"1070001";"1077778";"ITC4";"SBI59";"419563416";""
"2024-11-30";"1070001";"1077778";"ITC41";"S14";"11824619";""
"2024-11-30";"1070001";"1077778";"ITC41";"S126";"16366";""
"2024-11-30";"1070001";"1077778";"IT";"S14BI2";"66799985";""
"2024-11-30";"1070001";"1077778";"ITC4";"SBI9";"19576";""
"2024-11-30";"1070001";"1077778";"ITC41";"S11";"6183918";""
"2024-11-30";"1070001";"1077778";"IT";"S12BI7";"139939132";""
"2024-11-30";"1070001";"1077778";"ITC4";"600";"132856155";""
"2024-11-30";"1070001";"1077778";"IT";"SBI25";"660161812";""
"2024-11-30";"1070001";"1077778";"IT";"S126";"6158575";""
"2024-11-30";"1070001";"1077778";"IT";"S1311";"168738421";""
"2024-11-30";"1070001";"1077778";"IT";"S11001";"27531486";""
"2024-10-31";"1070001";"1077778";"ITC41";"S1311";"187";""
"2024-10-31";"1070001";"1077778";"ITC41";"S11BI32";"5587949";""
"2024-10-31";"1070001";"1077778";"ITC41";"S127";"29712";""
"2024-10-31";"1070001";"1077778";"ITC41";"S14BI2";"708106";""
"2024-10-31";"1070001";"1077778";"ITC41";"S12BI66";"902";""
"2024-10-31";"1070001";"1077778";"ITC41";"S15";"57397";""
"2024-10-31";"1070001";"1077778";"ITC41";"S124";"0";""
"2024-10-31";"1070001";"1077778";"ITC4";"S127";"12997797";""
"2024-10-31";"1070001";"1077778";"ITC4";"S12BI7";"82092032";""
"2024-10-31";"1070001";"1077778";"ITC41";"S11BI7";"193763";""
"2024-10-31";"1070001";"1077778";"IT";"S11";"591696311";""
"2024-10-31";"1070001";"1077778";"ITC4";"S11BI7";"2789058";""
"2024-10-31";"1070001";"1077778";"ITC4";"S129";"478";""
"2024-10-31";"1070001";"1077778";"IT";"SBI9";"68323";""
"2024-10-31";"1070001";"1077778";"IT";"450";"257935";""
"2024-10-31";"1070001";"1077778";"ITC4";"SBI9";"18384";""
"2024-10-31";"1070001";"1077778";"ITC4";"S15";"2027746";""
"2024-10-31";"1070001";"1077778";"ITC41";"SBI9";"29";""
"2024-10-31";"1070001";"1077778";"IT";"S11BI7";"12137294";""
"2024-10-31";"1070001";"1077778";"ITC4";"S13";"7225710";""
"2024-10-31";"1070001";"1077778";"ITC41";"S1314";"10";""
"2024-10-31";"1070001";"1077778";"ITC41";"600";"11087239";""
"2024-10-31";"1070001";"1077778";"IT";"S127";"18820655";""
"2024-10-31";"1070001";"1077778";"IT";"SBI25";"658805367";""
"2024-10-31";"1070001";"1077778";"IT";"S15";"6475907";""
"2024-10-31";"1070001";"1077778";"IT";"S11BI8";"30773130";""
"2024-10-31";"1070001";"1077778";"ITC4";"S11BI8";"5260689";""
"2024-10-31";"1070001";"1077778";"ITC4";"S1314";"1246";""
"2024-10-31";"1070001";"1077778";"IT";"600";"592380323";""
"2024-10-31";"1070001";"1077778";"IT";"S128";"5283751";""
"2024-10-31";"1070001";"1077778";"IT";"S12BI7";"137182543";""
"2024-10-31";"1070001";"1077778";"IT";"S124";"15889682";""
"2024-10-31";"1070001";"1077778";"ITC4";"SBI25";"194542075";""
"2024-10-31";"1070001";"1077778";"ITC4";"S11BI32";"166676614";""
"2024-10-31";"1070001";"1077778";"ITC4";"450";"32439";""
"2024-10-31";"1070001";"1077778";"ITC4";"S14BI2";"12675252";""
"2024-10-31";"1070001";"1077778";"IT";"S13";"233806418";""
"2024-10-31";"1070001";"1077778";"IT";"S11001";"25963346";""
"2024-10-31";"1070001";"1077778";"ITC41";"S11BI8";"281802";""
"2024-10-31";"1070001";"1077778";"ITC41";"SBI25";"6831762";""
"2024-10-31";"1070001";"1077778";"ITC41";"S11";"6123657";""
"2024-10-31";"1070001";"1077778";"ITC4";"600";"132466270";""
"2024-10-31";"1070001";"1077778";"IT";"S14BI2";"67109056";""
"2024-10-31";"1070001";"1077778";"ITC41";"S1313";"347895";""
"2024-10-31";"1070001";"1077778";"IT";"S129";"3233";""
"2024-10-31";"1070001";"1077778";"ITC41";"450";"257";""
"2024-10-31";"1070001";"1077778";"ITC4";"S1311";"79201";""
"2024-10-31";"1070001";"1077778";"ITC4";"S11001";"7108023";""
"2024-10-31";"1070001";"1077778";"ITC41";"S126";"16387";""
"2024-10-31";"1070001";"1077778";"ITC4";"S124";"11568659";""
"2024-10-31";"1070001";"1077778";"ITC4";"S11";"181866823";""
"2024-10-31";"1070001";"1077778";"ITC41";"S11001";"59887";""
"2024-10-31";"1070001";"1077778";"ITC4";"S14";"145141522";""
"2024-10-31";"1070001";"1077778";"ITC41";"S12BI7";"47001";""
"2024-10-31";"1070001";"1077778";"IT";"S1313";"63176019";""
"2024-10-31";"1070001";"1077778";"ITC4";"SBI59";"418372217";""
"2024-10-31";"1070001";"1077778";"ITC4";"S1313";"7145263";""
"2024-10-31";"1070001";"1077778";"ITC4";"S128";"2770245";""
"2024-10-31";"1070001";"1077778";"IT";"S1311";"170552648";""
"2024-10-31";"1070001";"1077778";"IT";"SBI59";"1628718882";""
"2024-10-31";"1070001";"1077778";"ITC41";"S13";"348092";""
"2024-10-31";"1070001";"1077778";"IT";"S12BI66";"91162095";""
"2024-10-31";"1070001";"1077778";"ITC4";"S126";"4541906";""
"2024-10-31";"1070001";"1077778";"IT";"S14";"659489379";""
"2024-10-31";"1070001";"1077778";"IT";"S1314";"77751";""
"2024-10-31";"1070001";"1077778";"ITC41";"S14";"11795344";""
"2024-10-31";"1070001";"1077778";"ITC4";"S12BI66";"50212947";""
"2024-10-31";"1070001";"1077778";"ITC41";"SBI59";"18371520";""
"2024-10-31";"1070001";"1077778";"IT";"S11BI32";"522564607";""
"2024-10-31";"1070001";"1077778";"IT";"S126";"6023127";""
"2024-09-30";"1070001";"1077778";"IT";"S11";"595193888";""
"2024-09-30";"1070001";"1077778";"IT";"SBI59";"1633138396";""
"2024-09-30";"1070001";"1077778";"ITC41";"S12BI7";"44674";""
"2024-09-30";"1070001";"1077778";"ITC41";"S12BI66";"901";""
"2024-09-30";"1070001";"1077778";"ITC4";"S1313";"7170185";""
"2024-09-30";"1070001";"1077778";"ITC4";"S11BI32";"167420521";""
"2024-09-30";"1070001";"1077778";"IT";"S12BI66";"94329244";""
"2024-09-30";"1070001";"1077778";"IT";"S128";"5158521";""
"2024-09-30";"1070001";"1077778";"IT";"S11BI7";"12344417";""
"2024-09-30";"1070001";"1077778";"IT";"S11BI32";"524223367";""
"2024-09-30";"1070001";"1077778";"ITC41";"S15";"58378";""
"2024-09-30";"1070001";"1077778";"ITC41";"S124";"0";""
"2024-09-30";"1070001";"1077778";"ITC4";"S124";"11493511";""
"2024-09-30";"1070001";"1077778";"ITC41";"S14BI2";"715725";""
"2024-09-30";"1070001";"1077778";"ITC4";"450";"30420";""
"2024-09-30";"1070001";"1077778";"IT";"S13";"233021103";""
"2024-09-30";"1070001";"1077778";"IT";"S127";"18379715";""
"2024-09-30";"1070001";"1077778";"ITC41";"S11BI8";"285488";""
"2024-09-30";"1070001";"1077778";"ITC41";"S14";"11766925";""
"2024-09-30";"1070001";"1077778";"IT";"S14BI2";"67637686";""
"2024-09-30";"1070001";"1077778";"IT";"SBI9";"82389";""
"2024-09-30";"1070001";"1077778";"IT";"S1311";"169910265";""
"2024-09-30";"1070001";"1077778";"IT";"S14";"658038045";""
"2024-09-30";"1070001";"1077778";"IT";"S126";"6419830";""
"2024-09-30";"1070001";"1077778";"ITC4";"S1314";"1257";""
"2024-09-30";"1070001";"1077778";"ITC41";"S11001";"55608";""
"2024-09-30";"1070001";"1077778";"ITC4";"S11BI8";"5339917";""
"2024-09-30";"1070001";"1077778";"ITC41";"S1313";"348515";""
"2024-09-30";"1070001";"1077778";"ITC4";"S126";"4719556";""
"2024-09-30";"1070001";"1077778";"ITC41";"SBI25";"6904973";""
"2024-09-30";"1070001";"1077778";"IT";"SBI25";"662831574";""
"2024-09-30";"1070001";"1077778";"ITC41";"S1311";"199";""
"2024-09-30";"1070001";"1077778";"ITC41";"S13";"348725";""
"2024-09-30";"1070001";"1077778";"ITC41";"600";"11051200";""
"2024-09-30";"1070001";"1077778";"IT";"S1313";"63024790";""
"2024-09-30";"1070001";"1077778";"ITC41";"SBI9";"30";""
"2024-09-30";"1070001";"1077778";"ITC4";"S15";"2016113";""
"2024-09-30";"1070001";"1077778";"IT";"S12BI7";"140402653";""
"2024-09-30";"1070001";"1077778";"ITC4";"S11";"183107994";""
"2024-09-30";"1070001";"1077778";"ITC4";"S14";"144704635";""
"2024-09-30";"1070001";"1077778";"ITC4";"S14BI2";"12777472";""
"2024-09-30";"1070001";"1077778";"IT";"S15";"6400317";""
"2024-09-30";"1070001";"1077778";"IT";"S1314";"86048";""
"2024-09-30";"1070001";"1077778";"ITC4";"S11BI7";"2846395";""
"2024-09-30";"1070001";"1077778";"ITC4";"S12BI66";"51625183";""
"2024-09-30";"1070001";"1077778";"ITC41";"SBI59";"18407980";""
"2024-09-30";"1070001";"1077778";"ITC4";"600";"131927163";""
"2024-09-30";"1070001";"1077778";"IT";"S11001";"27347770";""
"2024-09-30";"1070001";"1077778";"IT";"600";"590400359";""
"2024-09-30";"1070001";"1077778";"IT";"S124";"16017866";""
"2024-09-30";"1070001";"1077778";"ITC41";"S1314";"11";""
"2024-09-30";"1070001";"1077778";"ITC41";"450";"255";""
"2024-09-30";"1070001";"1077778";"ITC41";"S126";"16278";""
"2024-09-30";"1070001";"1077778";"ITC41";"S11BI7";"199342";""
"2024-09-30";"1070001";"1077778";"ITC4";"S128";"2547746";""
"2024-09-30";"1070001";"1077778";"IT";"S129";"97478";""
"2024-09-30";"1070001";"1077778";"ITC41";"S11";"6189248";""
"2024-09-30";"1070001";"1077778";"ITC4";"S129";"5669";""
"2024-09-30";"1070001";"1077778";"ITC4";"SBI25";"195885466";""
"2024-09-30";"1070001";"1077778";"ITC4";"S13";"7231929";""
"2024-09-30";"1070001";"1077778";"IT";"450";"245164";""
"2024-09-30";"1070001";"1077778";"IT";"S11BI8";"31033171";""
"2024-09-30";"1070001";"1077778";"ITC41";"S127";"27495";""
"2024-09-30";"1070001";"1077778";"ITC4";"SBI59";"420109958";""
"2024-09-30";"1070001";"1077778";"ITC4";"S11001";"7470741";""
"2024-09-30";"1070001";"1077778";"ITC4";"S12BI7";"83010799";""
"2024-09-30";"1070001";"1077778";"ITC4";"S1311";"60487";""
"2024-09-30";"1070001";"1077778";"ITC4";"SBI9";"38488";""
"2024-09-30";"1070001";"1077778";"ITC4";"S127";"12619134";""
"2024-09-30";"1070001";"1077778";"ITC41";"S11BI32";"5648555";""
"2024-08-31";"1070001";"1077778";"ITC4";"S11BI7";"2835094";""
"2024-08-31";"1070001";"1077778";"IT";"S11BI7";"12320961";""
"2024-08-31";"1070001";"1077778";"ITC41";"S11BI8";"285659";""
"2024-08-31";"1070001";"1077778";"ITC4";"S11";"183122955";""
"2024-08-31";"1070001";"1077778";"ITC41";"S126";"16523";""
"2024-08-31";"1070001";"1077778";"ITC41";"S14";"11741814";""
"2024-08-31";"1070001";"1077778";"ITC41";"450";"277";""
"2024-08-31";"1070001";"1077778";"IT";"S1313";"62914187";""
"2024-08-31";"1070001";"1077778";"ITC4";"S1313";"7219007";""
"2024-08-31";"1070001";"1077778";"ITC41";"SBI9";"29";""
"2024-08-31";"1070001";"1077778";"ITC4";"S129";"355";""
"2024-08-31";"1070001";"1077778";"ITC41";"S14BI2";"720723";""
"2024-08-31";"1070001";"1077778";"IT";"S1311";"170909648";""
"2024-08-31";"1070001";"1077778";"ITC4";"S12BI7";"80518635";""
"2024-08-31";"1070001";"1077778";"IT";"S129";"12415";""
"2024-08-31";"1070001";"1077778";"ITC41";"S12BI66";"958";""
"2024-08-31";"1070001";"1077778";"ITC4";"S1311";"80498";""
"2024-08-31";"1070001";"1077778";"ITC4";"SBI59";"417300467";""
"2024-08-31";"1070001";"1077778";"IT";"450";"236759";""
"2024-08-31";"1070001";"1077778";"ITC41";"S1314";"10";""
"2024-08-31";"1070001";"1077778";"ITC41";"S11BI7";"199719";""
"2024-08-31";"1070001";"1077778";"IT";"S126";"6514844";""
"2024-08-31";"1070001";"1077778";"ITC4";"S124";"11401581";""
"2024-08-31";"1070001";"1077778";"IT";"S1314";"78858";""
"2024-08-31";"1070001";"1077778";"ITC41";"S127";"27215";""
"2024-08-31";"1070001";"1077778";"ITC4";"S1314";"1159";""
"2024-08-31";"1070001";"1077778";"ITC4";"S14";"144301277";""
"2024-08-31";"1070001";"1077778";"ITC4";"600";"131464983";""
"2024-08-31";"1070001";"1077778";"ITC4";"S126";"4784161";""
"2024-08-31";"1070001";"1077778";"ITC41";"S12BI7";"44696";""
"2024-08-31";"1070001";"1077778";"ITC41";"S15";"58404";""
"2024-08-31";"1070001";"1077778";"ITC41";"SBI25";"6972482";""
"2024-08-31";"1070001";"1077778";"ITC41";"S11";"6251760";""
"2024-08-31";"1070001";"1077778";"IT";"S127";"18186914";""
"2024-08-31";"1070001";"1077778";"ITC4";"S128";"2545996";""
"2024-08-31";"1070001";"1077778";"IT";"SBI25";"661489082";""
"2024-08-31";"1070001";"1077778";"ITC41";"SBI59";"18448515";""
"2024-08-31";"1070001";"1077778";"ITC4";"SBI9";"88190";""
"2024-08-31";"1070001";"1077778";"IT";"S11BI32";"523137198";""
"2024-08-31";"1070001";"1077778";"IT";"S11";"593525625";""
"2024-08-31";"1070001";"1077778";"ITC41";"S1311";"231";""
"2024-08-31";"1070001";"1077778";"IT";"S124";"15890369";""
"2024-08-31";"1070001";"1077778";"ITC41";"S11BI32";"5705852";""
"2024-08-31";"1070001";"1077778";"IT";"S14BI2";"67963458";""
"2024-08-31";"1070001";"1077778";"IT";"S13";"233902693";""
"2024-08-31";"1070001";"1077778";"ITC4";"S13";"7300663";""
"2024-08-31";"1070001";"1077778";"IT";"S15";"6292416";""
"2024-08-31";"1070001";"1077778";"ITC4";"S11001";"7198758";""
"2024-08-31";"1070001";"1077778";"ITC4";"S14BI2";"12836294";""
"2024-08-31";"1070001";"1077778";"ITC41";"S1313";"351571";""
"2024-08-31";"1070001";"1077778";"ITC4";"S15";"1968746";""
"2024-08-31";"1070001";"1077778";"IT";"SBI9";"137717";""
"2024-08-31";"1070001";"1077778";"ITC41";"S124";"0";""
"2024-08-31";"1070001";"1077778";"ITC4";"S11BI32";"167716292";""
"2024-08-31";"1070001";"1077778";"IT";"S14";"656691845";""
"2024-08-31";"1070001";"1077778";"ITC4";"450";"33439";""
"2024-08-31";"1070001";"1077778";"ITC4";"SBI25";"195959249";""
"2024-08-31";"1070001";"1077778";"IT";"SBI59";"1627419529";""
"2024-08-31";"1070001";"1077778";"ITC4";"S12BI66";"50016114";""
"2024-08-31";"1070001";"1077778";"ITC4";"S127";"11770428";""
"2024-08-31";"1070001";"1077778";"ITC41";"S13";"351813";""
"2024-08-31";"1070001";"1077778";"IT";"S12BI66";"91202916";""
"2024-08-31";"1070001";"1077778";"ITC41";"600";"11021092";""
"2024-08-31";"1070001";"1077778";"ITC41";"S11001";"60252";""
"2024-08-31";"1070001";"1077778";"IT";"S128";"5061776";""
"2024-08-31";"1070001";"1077778";"IT";"S12BI7";"136869233";""
"2024-08-31";"1070001";"1077778";"IT";"S11001";"26819261";""
"2024-08-31";"1070001";"1077778";"IT";"600";"588728387";""
"2024-08-31";"1070001";"1077778";"IT";"S11BI8";"31011445";""
"2024-08-31";"1070001";"1077778";"ITC4";"S11BI8";"5339371";""
"2024-07-31";"1070001";"1077778";"ITC41";"SBI25";"7128796";""
"2024-07-31";"1070001";"1077778";"ITC41";"S1313";"349361";""
"2024-07-31";"1070001";"1077778";"ITC4";"SBI25";"197768354";""
"2024-07-31";"1070001";"1077778";"ITC4";"600";"131975567";""
"2024-07-31";"1070001";"1077778";"IT";"S11";"601405737";""
"2024-07-31";"1070001";"1077778";"ITC41";"S1311";"189";""
"2024-07-31";"1070001";"1077778";"IT";"S14";"659381515";""
"2024-07-31";"1070001";"1077778";"ITC41";"S11BI32";"5836311";""
"2024-07-31";"1070001";"1077778";"ITC4";"S15";"1914492";""
"2024-07-31";"1070001";"1077778";"ITC4";"S1314";"1152";""
"2024-07-31";"1070001";"1077778";"ITC41";"S15";"58686";""
"2024-07-31";"1070001";"1077778";"ITC41";"450";"280";""
"2024-07-31";"1070001";"1077778";"IT";"S129";"47080";""
"2024-07-31";"1070001";"1077778";"ITC4";"S124";"11368703";""
"2024-07-31";"1070001";"1077778";"IT";"S11BI32";"530063419";""
"2024-07-31";"1070001";"1077778";"ITC41";"S126";"16161";""
"2024-07-31";"1070001";"1077778";"ITC4";"S11001";"7164219";""
"2024-07-31";"1070001";"1077778";"ITC4";"S1311";"84996";""
"2024-07-31";"1070001";"1077778";"IT";"S127";"18121887";""
"2024-07-31";"1070001";"1077778";"ITC4";"S11BI32";"169267393";""
"2024-07-31";"1070001";"1077778";"IT";"S11001";"26912887";""
"2024-07-31";"1070001";"1077778";"ITC41";"S14BI2";"726624";""
"2024-07-31";"1070001";"1077778";"ITC4";"S128";"2548754";""
"2024-07-31";"1070001";"1077778";"ITC4";"S1313";"7151994";""
"2024-07-31";"1070001";"1077778";"IT";"S12BI7";"140394858";""
"2024-07-31";"1070001";"1077778";"ITC41";"S14";"11786932";""
"2024-07-31";"1070001";"1077778";"ITC41";"S11001";"66801";""
"2024-07-31";"1070001";"1077778";"IT";"S15";"6362318";""
"2024-07-31";"1070001";"1077778";"IT";"S1313";"63010662";""
"2024-07-31";"1070001";"1077778";"IT";"600";"590842240";""
"2024-07-31";"1070001";"1077778";"ITC4";"S126";"4937833";""
"2024-07-31";"1070001";"1077778";"ITC41";"S11";"6402172";""
"2024-07-31";"1070001";"1077778";"ITC41";"SBI59";"18641702";""
"2024-07-31";"1070001";"1077778";"IT";"S126";"6468700";""
"2024-07-31";"1070001";"1077778";"ITC4";"S12BI7";"83322769";""
"2024-07-31";"1070001";"1077778";"ITC4";"S13";"7238142";""
"2024-07-31";"1070001";"1077778";"IT";"S1311";"171335702";""
"2024-07-31";"1070001";"1077778";"IT";"SBI25";"669945012";""
"2024-07-31";"1070001";"1077778";"IT";"S124";"15860862";""
"2024-07-31";"1070001";"1077778";"ITC41";"S124";"0";""
"2024-07-31";"1070001";"1077778";"ITC41";"S12BI66";"955";""
"2024-07-31";"1070001";"1077778";"IT";"S11BI8";"31558295";""
"2024-07-31";"1070001";"1077778";"ITC41";"S127";"27198";""
"2024-07-31";"1070001";"1077778";"ITC41";"600";"11060308";""
"2024-07-31";"1070001";"1077778";"ITC41";"S12BI7";"44315";""
"2024-07-31";"1070001";"1077778";"IT";"S14BI2";"68539275";""
"2024-07-31";"1070001";"1077778";"ITC4";"SBI59";"422259351";""
"2024-07-31";"1070001";"1077778";"ITC4";"S11BI7";"2921306";""
"2024-07-31";"1070001";"1077778";"IT";"SBI9";"95327";""
"2024-07-31";"1070001";"1077778";"ITC4";"S12BI66";"52669091";""
"2024-07-31";"1070001";"1077778";"ITC4";"SBI9";"40029";""
"2024-07-31";"1070001";"1077778";"IT";"S12BI66";"94866466";""
"2024-07-31";"1070001";"1077778";"ITC4";"450";"34435";""
"2024-07-31";"1070001";"1077778";"ITC4";"S14";"144922158";""
"2024-07-31";"1070001";"1077778";"ITC4";"S14BI2";"12946592";""
"2024-07-31";"1070001";"1077778";"ITC41";"S13";"349561";""
"2024-07-31";"1070001";"1077778";"IT";"SBI59";"1642067514";""
"2024-07-31";"1070001";"1077778";"ITC41";"S1314";"11";""
"2024-07-31";"1070001";"1077778";"ITC4";"S11";"184821762";""
"2024-07-31";"1070001";"1077778";"IT";"S1314";"81394";""
"2024-07-31";"1070001";"1077778";"IT";"S11BI7";"12625226";""
"2024-07-31";"1070001";"1077778";"ITC41";"S11BI8";"292024";""
"2024-07-31";"1070001";"1077778";"IT";"S13";"234427758";""
"2024-07-31";"1070001";"1077778";"ITC41";"SBI9";"36";""
"2024-07-31";"1070001";"1077778";"IT";"450";"245911";""
"2024-07-31";"1070001";"1077778";"ITC4";"S129";"8777";""
"2024-07-31";"1070001";"1077778";"IT";"S128";"5029863";""
"2024-07-31";"1070001";"1077778";"ITC41";"S11BI7";"206756";""
"2024-07-31";"1070001";"1077778";"ITC4";"S127";"11789611";""
"2024-07-31";"1070001";"1077778";"ITC4";"S11BI8";"5434409";""
"2024-06-30";"1070001";"1077778";"IT";"S14BI2";"68709944";""
"2024-06-30";"1070001";"1077778";"ITC41";"SBI9";"39";""
"2024-06-30";"1070001";"1077778";"ITC41";"S1313";"362843";""
"2024-06-30";"1070001";"1077778";"ITC4";"S11BI7";"2898834";""
"2024-06-30";"1070001";"1077778";"ITC4";"S14BI2";"12944851";""
"2024-06-30";"1070001";"1077778";"IT";"S1314";"117817";""
"2024-06-30";"1070001";"1077778";"ITC4";"S12BI66";"54537661";""
"2024-06-30";"1070001";"1077778";"IT";"SBI25";"674328569";""
"2024-06-30";"1070001";"1077778";"ITC41";"S127";"26009";""
"2024-06-30";"1070001";"1077778";"ITC4";"SBI25";"200195020";""
"2024-06-30";"1070001";"1077778";"IT";"S128";"4320226";""
"2024-06-30";"1070001";"1077778";"ITC41";"SBI59";"18548817";""
"2024-06-30";"1070001";"1077778";"IT";"S15";"6372415";""
"2024-06-30";"1070001";"1077778";"IT";"S11BI8";"31666635";""
"2024-06-30";"1070001";"1077778";"ITC4";"S126";"4340572";""
"2024-06-30";"1070001";"1077778";"ITC4";"S11001";"7122253";""
"2024-06-30";"1070001";"1077778";"IT";"S12BI7";"143108913";""
"2024-06-30";"1070001";"1077778";"ITC41";"S1314";"11";""
"2024-06-30";"1070001";"1077778";"IT";"S11001";"27561493";""
"2024-06-30";"1070001";"1077778";"IT";"S127";"19205854";""
"2024-06-30";"1070001";"1077778";"IT";"450";"261673";""
"2024-06-30";"1070001";"1077778";"ITC4";"S12BI7";"85046698";""
"2024-06-30";"1070001";"1077778";"ITC41";"S15";"59299";""
"2024-06-30";"1070001";"1077778";"ITC41";"450";"282";""
"2024-06-30";"1070001";"1077778";"ITC4";"S11BI32";"171768950";""
"2024-06-30";"1070001";"1077778";"ITC41";"600";"11015509";""
"2024-06-30";"1070001";"1077778";"ITC41";"S126";"16782";""
"2024-06-30";"1070001";"1077778";"IT";"S11BI7";"12585831";""
"2024-06-30";"1070001";"1077778";"ITC4";"S11";"187250169";""
"2024-06-30";"1070001";"1077778";"ITC41";"S124";"0";""
"2024-06-30";"1070001";"1077778";"ITC4";"S11BI8";"5428236";""
"2024-06-30";"1070001";"1077778";"ITC41";"S11BI8";"292660";""
"2024-06-30";"1070001";"1077778";"ITC4";"SBI59";"425984158";""
"2024-06-30";"1070001";"1077778";"IT";"S126";"5840016";""
"2024-06-30";"1070001";"1077778";"ITC41";"S13";"363078";""
"2024-06-30";"1070001";"1077778";"IT";"S11BI32";"533542993";""
"2024-06-30";"1070001";"1077778";"IT";"S14";"657790288";""
"2024-06-30";"1070001";"1077778";"ITC41";"S12BI66";"787";""
"2024-06-30";"1070001";"1077778";"ITC41";"S11";"6339692";""
"2024-06-30";"1070001";"1077778";"IT";"S11";"605618625";""
"2024-06-30";"1070001";"1077778";"ITC4";"S14";"144299498";""
"2024-06-30";"1070001";"1077778";"ITC41";"S12BI7";"43577";""
"2024-06-30";"1070001";"1077778";"IT";"S1313";"63432320";""
"2024-06-30";"1070001";"1077778";"ITC41";"S1311";"224";""
"2024-06-30";"1070001";"1077778";"IT";"S12BI66";"97931368";""
"2024-06-30";"1070001";"1077778";"ITC4";"S1311";"141011";""
"2024-06-30";"1070001";"1077778";"ITC41";"S14BI2";"727623";""
"2024-06-30";"1070001";"1077778";"ITC4";"S128";"1903263";""
"2024-06-30";"1070001";"1077778";"ITC41";"S11BI32";"5774263";""
"2024-06-30";"1070001";"1077778";"IT";"S129";"17490";""
"2024-06-30";"1070001";"1077778";"IT";"S1311";"170330248";""
"2024-06-30";"1070001";"1077778";"IT";"600";"589080344";""
"2024-06-30";"1070001";"1077778";"IT";"SBI59";"1646846010";""
"2024-06-30";"1070001";"1077778";"ITC41";"S11BI7";"206146";""
"2024-06-30";"1070001";"1077778";"ITC4";"600";"131354646";""
"2024-06-30";"1070001";"1077778";"IT";"S13";"233880385";""
"2024-06-30";"1070001";"1077778";"IT";"SBI9";"75383";""
"2024-06-30";"1070001";"1077778";"ITC4";"S127";"12761112";""
"2024-06-30";"1070001";"1077778";"ITC4";"S13";"7423944";""
"2024-06-30";"1070001";"1077778";"ITC4";"S1314";"1132";""
"2024-06-30";"1070001";"1077778";"ITC4";"S124";"11500587";""
"2024-06-30";"1070001";"1077778";"ITC4";"S129";"3502";""
"2024-06-30";"1070001";"1077778";"ITC41";"S14";"11743132";""
"2024-06-30";"1070001";"1077778";"ITC41";"S11001";"66341";""
"2024-06-30";"1070001";"1077778";"ITC4";"450";"31895";""
"2024-06-30";"1070001";"1077778";"ITC4";"S1313";"7281801";""
"2024-06-30";"1070001";"1077778";"ITC4";"SBI9";"19207";""
"2024-06-30";"1070001";"1077778";"ITC41";"SBI25";"7067315";""
"2024-06-30";"1070001";"1077778";"IT";"S124";"15793960";""
"2024-06-30";"1070001";"1077778";"ITC4";"S15";"1944643";""
"2024-05-31";"1070001";"1077778";"IT";"S127";"16033753";""
"2024-05-31";"1070001";"1077778";"ITC4";"S1314";"1096";""
"2024-05-31";"1070001";"1077778";"IT";"S12BI7";"132511251";""
"2024-05-31";"1070001";"1077778";"ITC4";"SBI25";"202173482";""
"2024-05-31";"1070001";"1077778";"IT";"S129";"45374";""
"2024-05-31";"1070001";"1077778";"IT";"S14BI2";"69204492";""
"2024-05-31";"1070001";"1077778";"ITC4";"S1311";"78385";""
"2024-05-31";"1070001";"1077778";"ITC41";"S127";"12791";""
"2024-05-31";"1070001";"1077778";"ITC4";"SBI59";"417837459";""
"2024-05-31";"1070001";"1077778";"IT";"450";"275478";""
"2024-05-31";"1070001";"1077778";"ITC41";"S12BI7";"29719";""
"2024-05-31";"1070001";"1077778";"ITC41";"S126";"16146";""
"2024-05-31";"1070001";"1077778";"ITC41";"S14BI2";"732853";""
"2024-05-31";"1070001";"1077778";"ITC4";"S11BI32";"173522794";""
"2024-05-31";"1070001";"1077778";"IT";"S124";"15772353";""
"2024-05-31";"1070001";"1077778";"IT";"S11";"608448547";""
"2024-05-31";"1070001";"1077778";"ITC41";"S11001";"66703";""
"2024-05-31";"1070001";"1077778";"IT";"S14";"657041651";""
"2024-05-31";"1070001";"1077778";"IT";"S11001";"25475854";""
"2024-05-31";"1070001";"1077778";"ITC4";"S128";"1847651";""
"2024-05-31";"1070001";"1077778";"ITC41";"S124";"1";""
"2024-05-31";"1070001";"1077778";"IT";"SBI59";"1639175230";""
"2024-05-31";"1070001";"1077778";"ITC41";"600";"10981309";""
"2024-05-31";"1070001";"1077778";"ITC41";"S1313";"361390";""
"2024-05-31";"1070001";"1077778";"IT";"S11BI32";"537607936";""
"2024-05-31";"1070001";"1077778";"ITC4";"S12BI66";"48255237";""
"2024-05-31";"1070001";"1077778";"ITC41";"S11BI32";"5819914";""
"2024-05-31";"1070001";"1077778";"ITC41";"SBI59";"18565492";""
"2024-05-31";"1070001";"1077778";"ITC41";"S11";"6399103";""
"2024-05-31";"1070001";"1077778";"ITC41";"S15";"60800";""
"2024-05-31";"1070001";"1077778";"ITC41";"S11BI7";"214133";""
"2024-05-31";"1070001";"1077778";"ITC41";"S12BI66";"781";""
"2024-05-31";"1070001";"1077778";"ITC4";"SBI9";"23781";""
"2024-05-31";"1070001";"1077778";"IT";"S128";"4300515";""
"2024-05-31";"1070001";"1077778";"IT";"S1311";"170362002";""
"2024-05-31";"1070001";"1077778";"ITC4";"600";"130984788";""
"2024-05-31";"1070001";"1077778";"ITC4";"S14";"144011791";""
"2024-05-31";"1070001";"1077778";"ITC4";"S1313";"7295656";""
"2024-05-31";"1070001";"1077778";"ITC41";"S14";"11714162";""
"2024-05-31";"1070001";"1077778";"ITC4";"S124";"11430347";""
"2024-05-31";"1070001";"1077778";"ITC4";"S11";"189146480";""
"2024-05-31";"1070001";"1077778";"ITC41";"SBI25";"7131956";""
"2024-05-31";"1070001";"1077778";"ITC41";"SBI9";"88";""
"2024-05-31";"1070001";"1077778";"IT";"S126";"5786592";""
"2024-05-31";"1070001";"1077778";"ITC4";"S13";"7375136";""
"2024-05-31";"1070001";"1077778";"ITC4";"S11BI7";"3002783";""
"2024-05-31";"1070001";"1077778";"IT";"S15";"7039484";""
"2024-05-31";"1070001";"1077778";"IT";"S12BI66";"90572663";""
"2024-05-31";"1070001";"1077778";"IT";"S11BI8";"32154554";""
"2024-05-31";"1070001";"1077778";"IT";"S1313";"63617977";""
"2024-05-31";"1070001";"1077778";"ITC41";"450";"512";""
"2024-05-31";"1070001";"1077778";"IT";"600";"587837159";""
"2024-05-31";"1070001";"1077778";"ITC4";"S11001";"7080569";""
"2024-05-31";"1070001";"1077778";"ITC4";"S11BI8";"5510845";""
"2024-05-31";"1070001";"1077778";"ITC4";"S14BI2";"13027003";""
"2024-05-31";"1070001";"1077778";"ITC4";"S15";"1988198";""
"2024-05-31";"1070001";"1077778";"IT";"S1314";"74159";""
"2024-05-31";"1070001";"1077778";"ITC4";"S126";"4231893";""
"2024-05-31";"1070001";"1077778";"IT";"S13";"234054139";""
"2024-05-31";"1070001";"1077778";"ITC41";"S11BI8";"297841";""
"2024-05-31";"1070001";"1077778";"ITC4";"S12BI7";"75292073";""
"2024-05-31";"1070001";"1077778";"IT";"SBI25";"677653039";""
"2024-05-31";"1070001";"1077778";"ITC41";"S1314";"11";""
"2024-05-31";"1070001";"1077778";"ITC4";"S129";"1145";""
"2024-05-31";"1070001";"1077778";"ITC4";"450";"29488";""
"2024-05-31";"1070001";"1077778";"IT";"S11BI7";"12934724";""
"2024-05-31";"1070001";"1077778";"IT";"SBI9";"80158";""
"2024-05-31";"1070001";"1077778";"ITC41";"S1311";"219";""
"2024-05-31";"1070001";"1077778";"ITC41";"S13";"361620";""
"2024-05-31";"1070001";"1077778";"ITC4";"S127";"9525801";""
"2024-04-30";"1070001";"1077778";"IT";"450";"280942";""
"2024-04-30";"1070001";"1077778";"IT";"S11";"606755034";""
"2024-04-30";"1070001";"1077778";"ITC4";"S124";"11291179";""
"2024-04-30";"1070001";"1077778";"ITC4";"S12BI66";"49903359";""
"2024-04-30";"1070001";"1077778";"ITC4";"S15";"2006880";""
"2024-04-30";"1070001";"1077778";"ITC4";"S12BI7";"76251302";""
"2024-04-30";"1070001";"1077778";"IT";"S13";"236080631";""
"2024-04-30";"1070001";"1077778";"ITC41";"SBI25";"7151941";""
"2024-04-30";"1070001";"1077778";"IT";"S11001";"24944986";""
"2024-04-30";"1070001";"1077778";"ITC41";"S126";"16221";""
"2024-04-30";"1070001";"1077778";"IT";"600";"589420703";""
"2024-04-30";"1070001";"1077778";"ITC4";"S1311";"73137";""
"2024-04-30";"1070001";"1077778";"IT";"S11BI32";"535972520";""
"2024-04-30";"1070001";"1077778";"ITC41";"S14";"11797233";""
"2024-04-30";"1070001";"1077778";"ITC41";"450";"517";""
"2024-04-30";"1070001";"1077778";"ITC41";"S13";"363855";""
"2024-04-30";"1070001";"1077778";"IT";"S14";"659023226";""
"2024-04-30";"1070001";"1077778";"ITC41";"S12BI66";"783";""
"2024-04-30";"1070001";"1077778";"ITC4";"S1314";"1052";""
"2024-04-30";"1070001";"1077778";"IT";"S124";"15637613";""
"2024-04-30";"1070001";"1077778";"ITC41";"S1314";"11";""
"2024-04-30";"1070001";"1077778";"IT";"SBI25";"676357558";""
"2024-04-30";"1070001";"1077778";"ITC41";"S11BI8";"300983";""
"2024-04-30";"1070001";"1077778";"ITC4";"S11BI32";"171406237";""
"2024-04-30";"1070001";"1077778";"IT";"S126";"5728609";""
"2024-04-30";"1070001";"1077778";"ITC4";"S126";"4126549";""
"2024-04-30";"1070001";"1077778";"ITC41";"S1313";"363602";""
"2024-04-30";"1070001";"1077778";"ITC4";"S13";"7368531";""
"2024-04-30";"1070001";"1077778";"ITC41";"600";"11057696";""
"2024-04-30";"1070001";"1077778";"ITC4";"S11BI7";"3049113";""
"2024-04-30";"1070001";"1077778";"IT";"S15";"7041475";""
"2024-04-30";"1070001";"1077778";"IT";"S127";"15537232";""
"2024-04-30";"1070001";"1077778";"ITC41";"S11BI32";"5819750";""
"2024-04-30";"1070001";"1077778";"ITC41";"S11001";"72919";""
"2024-04-30";"1070001";"1077778";"ITC4";"S1313";"7294343";""
"2024-04-30";"1070001";"1077778";"ITC4";"SBI9";"41241";""
"2024-04-30";"1070001";"1077778";"IT";"S1313";"63793419";""
"2024-04-30";"1070001";"1077778";"IT";"S11BI7";"13119262";""
"2024-04-30";"1070001";"1077778";"ITC4";"S11BI8";"5559164";""
"2024-04-30";"1070001";"1077778";"IT";"S128";"4149870";""
"2024-04-30";"1070001";"1077778";"ITC4";"600";"131378148";""
"2024-04-30";"1070001";"1077778";"ITC41";"SBI9";"582";""
"2024-04-30";"1070001";"1077778";"ITC41";"S14BI2";"739538";""
"2024-04-30";"1070001";"1077778";"ITC41";"S11";"6412403";""
"2024-04-30";"1070001";"1077778";"IT";"SBI59";"1642261965";""
"2024-04-30";"1070001";"1077778";"ITC4";"S14";"144467340";""
"2024-04-30";"1070001";"1077778";"ITC4";"SBI25";"199633668";""
"2024-04-30";"1070001";"1077778";"ITC4";"S127";"9251756";""
"2024-04-30";"1070001";"1077778";"ITC4";"SBI59";"416679770";""
"2024-04-30";"1070001";"1077778";"ITC41";"S11BI7";"218235";""
"2024-04-30";"1070001";"1077778";"ITC4";"S129";"1003";""
"2024-04-30";"1070001";"1077778";"IT";"S12BI7";"133251985";""
"2024-04-30";"1070001";"1077778";"ITC4";"S11001";"6499598";""
"2024-04-30";"1070001";"1077778";"ITC41";"S12BI7";"28935";""
"2024-04-30";"1070001";"1077778";"ITC41";"S15";"60582";""
"2024-04-30";"1070001";"1077778";"ITC41";"S1311";"242";""
"2024-04-30";"1070001";"1077778";"IT";"SBI9";"109613";""
"2024-04-30";"1070001";"1077778";"IT";"S14BI2";"69602524";""
"2024-04-30";"1070001";"1077778";"ITC41";"S124";"0";""
"2024-04-30";"1070001";"1077778";"IT";"S1314";"81165";""
"2024-04-30";"1070001";"1077778";"ITC4";"450";"30363";""
"2024-04-30";"1070001";"1077778";"IT";"S1311";"172206047";""
"2024-04-30";"1070001";"1077778";"IT";"S11BI8";"32437325";""
"2024-04-30";"1070001";"1077778";"ITC4";"S11";"186544476";""
"2024-04-30";"1070001";"1077778";"ITC41";"SBI59";"18663590";""
"2024-04-30";"1070001";"1077778";"IT";"S129";"71735";""
"2024-04-30";"1070001";"1077778";"ITC41";"S127";"11931";""
"2024-04-30";"1070001";"1077778";"IT";"S12BI66";"92126926";""
"2024-04-30";"1070001";"1077778";"ITC4";"S14BI2";"13089192";""
"2024-04-30";"1070001";"1077778";"ITC4";"S128";"1677456";""
"2024-03-31";"1070001";"1077778";"IT";"S13";"237812753";""
"2024-03-31";"1070001";"1077778";"ITC4";"S129";"7022";""
"2024-03-31";"1070001";"1077778";"ITC4";"S15";"2080349";""
"2024-03-31";"1070001";"1077778";"ITC4";"S1314";"1066";""
"2024-03-31";"1070001";"1077778";"ITC4";"S11BI32";"170107209";""
"2024-03-31";"1070001";"1077778";"ITC4";"SBI59";"417513813";""
"2024-03-31";"1070001";"1077778";"ITC4";"SBI25";"198549454";""
"2024-03-31";"1070001";"1077778";"IT";"S11BI32";"536294282";""
"2024-03-31";"1070001";"1077778";"ITC41";"S12BI66";"884";""
"2024-03-31";"1070001";"1077778";"ITC4";"S127";"9264882";""
"2024-03-31";"1070001";"1077778";"ITC4";"600";"131328901";""
"2024-03-31";"1070001";"1077778";"ITC4";"S11001";"6674653";""
"2024-03-31";"1070001";"1077778";"ITC41";"S11BI32";"5803957";""
"2024-03-31";"1070001";"1077778";"IT";"S14BI2";"69851358";""
"2024-03-31";"1070001";"1077778";"ITC4";"S1311";"92721";""
"2024-03-31";"1070001";"1077778";"IT";"S15";"7117612";""
"2024-03-31";"1070001";"1077778";"ITC4";"S11";"185417875";""
"2024-03-31";"1070001";"1077778";"IT";"S11001";"26721081";""
"2024-03-31";"1070001";"1077778";"IT";"S14";"659412225";""
"2024-03-31";"1070001";"1077778";"ITC41";"S127";"16131";""
"2024-03-31";"1070001";"1077778";"ITC41";"S1311";"236";""
"2024-03-31";"1070001";"1077778";"IT";"S126";"5636078";""
"2024-03-31";"1070001";"1077778";"ITC4";"S13";"7390092";""
"2024-03-31";"1070001";"1077778";"IT";"SBI9";"125291";""
"2024-03-31";"1070001";"1077778";"ITC4";"450";"34898";""
"2024-03-31";"1070001";"1077778";"ITC4";"S128";"1470409";""
"2024-03-31";"1070001";"1077778";"ITC41";"S1314";"11";""
"2024-03-31";"1070001";"1077778";"ITC4";"SBI9";"43651";""
"2024-03-31";"1070001";"1077778";"IT";"600";"589560866";""
"2024-03-31";"1070001";"1077778";"ITC41";"S11";"6402831";""
"2024-03-31";"1070001";"1077778";"IT";"450";"301096";""
"2024-03-31";"1070001";"1077778";"ITC4";"S14BI2";"13131579";""
"2024-03-31";"1070001";"1077778";"IT";"S1313";"63791274";""
"2024-03-31";"1070001";"1077778";"ITC41";"S13";"363691";""
"2024-03-31";"1070001";"1077778";"IT";"S11BI8";"32533841";""
"2024-03-31";"1070001";"1077778";"IT";"S127";"15392858";""
"2024-03-31";"1070001";"1077778";"ITC41";"S14";"11804077";""
"2024-03-31";"1070001";"1077778";"ITC41";"S1313";"363443";""
"2024-03-31";"1070001";"1077778";"IT";"S1311";"173919006";""
"2024-03-31";"1070001";"1077778";"ITC41";"600";"11062058";""
"2024-03-31";"1070001";"1077778";"ITC41";"SBI9";"592";""
"2024-03-31";"1070001";"1077778";"IT";"S12BI7";"137351439";""
"2024-03-31";"1070001";"1077778";"ITC41";"SBI59";"18666307";""
"2024-03-31";"1070001";"1077778";"IT";"S128";"4044968";""
"2024-03-31";"1070001";"1077778";"ITC41";"SBI25";"7144850";""
"2024-03-31";"1070001";"1077778";"ITC4";"S126";"4119952";""
"2024-03-31";"1070001";"1077778";"ITC41";"S124";"0";""
"2024-03-31";"1070001";"1077778";"ITC41";"450";"533";""
"2024-03-31";"1070001";"1077778";"ITC4";"S11BI7";"3034566";""
"2024-03-31";"1070001";"1077778";"IT";"S1314";"102473";""
"2024-03-31";"1070001";"1077778";"IT";"S124";"15816170";""
"2024-03-31";"1070001";"1077778";"IT";"S12BI66";"96447786";""
"2024-03-31";"1070001";"1077778";"ITC41";"S11BI8";"301841";""
"2024-03-31";"1070001";"1077778";"ITC41";"S15";"61177";""
"2024-03-31";"1070001";"1077778";"IT";"S129";"13580";""
"2024-03-31";"1070001";"1077778";"ITC4";"S124";"11330457";""
"2024-03-31";"1070001";"1077778";"ITC41";"S12BI7";"33939";""
"2024-03-31";"1070001";"1077778";"IT";"SBI25";"678798988";""
"2024-03-31";"1070001";"1077778";"IT";"S11BI7";"13097330";""
"2024-03-31";"1070001";"1077778";"ITC4";"S11BI8";"5566548";""
"2024-03-31";"1070001";"1077778";"ITC41";"S11BI7";"218918";""
"2024-03-31";"1070001";"1077778";"IT";"S11";"608947630";""
"2024-03-31";"1070001";"1077778";"IT";"SBI59";"1650766950";""
"2024-03-31";"1070001";"1077778";"ITC4";"S12BI66";"51928644";""
"2024-03-31";"1070001";"1077778";"ITC41";"S126";"16925";""
"2024-03-31";"1070001";"1077778";"ITC41";"S14BI2";"742018";""
"2024-03-31";"1070001";"1077778";"ITC4";"S14";"144460480";""
"2024-03-31";"1070001";"1077778";"ITC41";"S11001";"77583";""
"2024-03-31";"1070001";"1077778";"ITC4";"S1313";"7296305";""
"2024-03-31";"1070001";"1077778";"ITC4";"S12BI7";"78121366";""
"2024-02-29";"1070001";"1077778";"IT";"S1314";"81992";""
"2024-02-29";"1070001";"1077778";"ITC41";"S15";"59249";""
"2024-02-29";"1070001";"1077778";"ITC41";"S127";"17141";""
"2024-02-29";"1070001";"1077778";"ITC4";"S129";"636";""
"2024-02-29";"1070001";"1077778";"IT";"S11BI8";"32826305";""
"2024-02-29";"1070001";"1077778";"IT";"S12BI7";"132984437";""
"2024-02-29";"1070001";"1077778";"IT";"S129";"8000";""
"2024-02-29";"1070001";"1077778";"ITC4";"SBI59";"415463918";""
"2024-02-29";"1070001";"1077778";"IT";"S126";"5691217";""
"2024-02-29";"1070001";"1077778";"ITC4";"S1313";"7334404";""
"2024-02-29";"1070001";"1077778";"ITC4";"450";"34590";""
"2024-02-29";"1070001";"1077778";"ITC41";"S1314";"12";""
"2024-02-29";"1070001";"1077778";"IT";"S1311";"173939917";""
"2024-02-29";"1070001";"1077778";"IT";"S11BI7";"13337516";""
"2024-02-29";"1070001";"1077778";"ITC4";"600";"131166174";""
"2024-02-29";"1070001";"1077778";"IT";"S11";"610035912";""
"2024-02-29";"1070001";"1077778";"ITC4";"SBI9";"50716";""
"2024-02-29";"1070001";"1077778";"ITC4";"S11BI32";"170183574";""
"2024-02-29";"1070001";"1077778";"IT";"SBI59";"1647438731";""
"2024-02-29";"1070001";"1077778";"ITC41";"S14BI2";"744648";""
"2024-02-29";"1070001";"1077778";"ITC41";"S11001";"70149";""
"2024-02-29";"1070001";"1077778";"ITC4";"S124";"11321089";""
"2024-02-29";"1070001";"1077778";"ITC41";"S11";"6469575";""
"2024-02-29";"1070001";"1077778";"ITC41";"S1313";"364907";""
"2024-02-29";"1070001";"1077778";"IT";"450";"305269";""
"2024-02-29";"1070001";"1077778";"ITC41";"S124";"0";""
"2024-02-29";"1070001";"1077778";"ITC41";"S11BI32";"5870295";""
"2024-02-29";"1070001";"1077778";"ITC41";"S14";"11806090";""
"2024-02-29";"1070001";"1077778";"ITC4";"S1314";"1241";""
"2024-02-29";"1070001";"1077778";"ITC41";"S13";"365202";""
"2024-02-29";"1070001";"1077778";"ITC41";"600";"11061442";""
"2024-02-29";"1070001";"1077778";"ITC41";"450";"525";""
"2024-02-29";"1070001";"1077778";"IT";"SBI9";"138607";""
"2024-02-29";"1070001";"1077778";"ITC4";"S11BI8";"5620872";""
"2024-02-29";"1070001";"1077778";"IT";"S14BI2";"70291068";""
"2024-02-29";"1070001";"1077778";"ITC41";"S12BI7";"35016";""
"2024-02-29";"1070001";"1077778";"IT";"S128";"3965661";""
"2024-02-29";"1070001";"1077778";"ITC41";"SBI59";"18735939";""
"2024-02-29";"1070001";"1077778";"IT";"S14";"659385427";""
"2024-02-29";"1070001";"1077778";"ITC4";"S11BI7";"3092851";""
"2024-02-29";"1070001";"1077778";"IT";"S11001";"27102467";""
"2024-02-29";"1070001";"1077778";"ITC4";"S12BI66";"49554870";""
"2024-02-29";"1070001";"1077778";"IT";"SBI25";"680326980";""
"2024-02-29";"1070001";"1077778";"ITC41";"S1311";"283";""
"2024-02-29";"1070001";"1077778";"ITC4";"S13";"7431703";""
"2024-02-29";"1070001";"1077778";"ITC41";"SBI9";"806";""
"2024-02-29";"1070001";"1077778";"ITC4";"S12BI7";"75560648";""
"2024-02-29";"1070001";"1077778";"ITC4";"S1311";"96058";""
"2024-02-29";"1070001";"1077778";"ITC41";"S11BI8";"306199";""
"2024-02-29";"1070001";"1077778";"ITC41";"S126";"16869";""
"2024-02-29";"1070001";"1077778";"ITC4";"S126";"4184117";""
"2024-02-29";"1070001";"1077778";"ITC4";"S11";"185893597";""
"2024-02-29";"1070001";"1077778";"IT";"S124";"15886029";""
"2024-02-29";"1070001";"1077778";"ITC4";"S15";"2095378";""
"2024-02-29";"1070001";"1077778";"ITC41";"S12BI66";"1006";""
"2024-02-29";"1070001";"1077778";"IT";"S1313";"63744312";""
"2024-02-29";"1070001";"1077778";"ITC4";"S127";"9101998";""
"2024-02-29";"1070001";"1077778";"IT";"S15";"7128127";""
"2024-02-29";"1070001";"1077778";"IT";"S12BI66";"92124514";""
"2024-02-29";"1070001";"1077778";"ITC4";"S14";"144431876";""
"2024-02-29";"1070001";"1077778";"ITC4";"S11001";"6961711";""
"2024-02-29";"1070001";"1077778";"IT";"S11BI32";"536464354";""
"2024-02-29";"1070001";"1077778";"IT";"S127";"15309016";""
"2024-02-29";"1070001";"1077778";"IT";"600";"589094359";""
"2024-02-29";"1070001";"1077778";"ITC4";"S14BI2";"13265703";""
"2024-02-29";"1070001";"1077778";"IT";"S13";"237766221";""
"2024-02-29";"1070001";"1077778";"ITC4";"SBI25";"199159300";""
"2024-02-29";"1070001";"1077778";"ITC41";"SBI25";"7214223";""
"2024-02-29";"1070001";"1077778";"ITC4";"S128";"1397939";""
"2024-02-29";"1070001";"1077778";"ITC41";"S11BI7";"222407";""
"2024-01-31";"1070001";"1077778";"IT";"S11BI8";"33096202";""
"2024-01-31";"1070001";"1077778";"IT";"SBI9";"147622";""
"2024-01-31";"1070001";"1077778";"IT";"S126";"5636515";""
"2024-01-31";"1070001";"1077778";"ITC4";"S1311";"78457";""
"2024-01-31";"1070001";"1077778";"IT";"S12BI7";"135471602";""
"2024-01-31";"1070001";"1077778";"ITC41";"S1311";"275";""
"2024-01-31";"1070001";"1077778";"ITC4";"S14";"144777048";""
"2024-01-31";"1070001";"1077778";"ITC4";"600";"131412983";""
"2024-01-31";"1070001";"1077778";"IT";"S11";"610452594";""
"2024-01-31";"1070001";"1077778";"ITC41";"SBI59";"18836580";""
"2024-01-31";"1070001";"1077778";"ITC4";"S11BI32";"170816245";""
"2024-01-31";"1070001";"1077778";"ITC4";"SBI9";"57154";""
"2024-01-31";"1070001";"1077778";"ITC41";"450";"545";""
"2024-01-31";"1070001";"1077778";"ITC41";"SBI25";"7289478";""
"2024-01-31";"1070001";"1077778";"ITC4";"S11001";"6577458";""
"2024-01-31";"1070001";"1077778";"ITC4";"S129";"16436";""
"2024-01-31";"1070001";"1077778";"ITC41";"S11BI8";"309663";""
"2024-01-31";"1070001";"1077778";"IT";"450";"308186";""
"2024-01-31";"1070001";"1077778";"IT";"S14";"660829647";""
"2024-01-31";"1070001";"1077778";"ITC41";"S11";"6539560";""
"2024-01-31";"1070001";"1077778";"ITC41";"S14BI2";"749918";""
"2024-01-31";"1070001";"1077778";"ITC4";"S12BI66";"51697899";""
"2024-01-31";"1070001";"1077778";"ITC41";"SBI9";"797";""
"2024-01-31";"1070001";"1077778";"ITC4";"S11BI7";"3149910";""
"2024-01-31";"1070001";"1077778";"ITC4";"450";"37248";""
"2024-01-31";"1070001";"1077778";"ITC41";"S1313";"366474";""
"2024-01-31";"1070001";"1077778";"IT";"S15";"7215948";""
"2024-01-31";"1070001";"1077778";"ITC4";"S128";"1123609";""
"2024-01-31";"1070001";"1077778";"IT";"S1313";"63744954";""
"2024-01-31";"1070001";"1077778";"ITC41";"S1314";"9";""
"2024-01-31";"1070001";"1077778";"IT";"S13";"241546113";""
"2024-01-31";"1070001";"1077778";"ITC4";"SBI25";"199626865";""
"2024-01-31";"1070001";"1077778";"IT";"SBI59";"1655663526";""
"2024-01-31";"1070001";"1077778";"ITC41";"600";"11082872";""
"2024-01-31";"1070001";"1077778";"ITC4";"S13";"7405508";""
"2024-01-31";"1070001";"1077778";"ITC4";"S15";"2111291";""
"2024-01-31";"1070001";"1077778";"IT";"S128";"3702330";""
"2024-01-31";"1070001";"1077778";"ITC4";"S124";"11481363";""
"2024-01-31";"1070001";"1077778";"IT";"SBI25";"681183062";""
"2024-01-31";"1070001";"1077778";"ITC4";"S11";"186262799";""
"2024-01-31";"1070001";"1077778";"ITC41";"S12BI66";"1105";""
"2024-01-31";"1070001";"1077778";"IT";"S1314";"80624";""
"2024-01-31";"1070001";"1077778";"ITC4";"S12BI7";"77654378";""
"2024-01-31";"1070001";"1077778";"ITC41";"S13";"366759";""
"2024-01-31";"1070001";"1077778";"IT";"S11BI7";"13515756";""
"2024-01-31";"1070001";"1077778";"ITC4";"S14BI2";"13364066";""
"2024-01-31";"1070001";"1077778";"ITC4";"S127";"9207287";""
"2024-01-31";"1070001";"1077778";"ITC4";"S1314";"990";""
"2024-01-31";"1070001";"1077778";"ITC4";"S126";"4127784";""
"2024-01-31";"1070001";"1077778";"IT";"S11BI32";"537862944";""
"2024-01-31";"1070001";"1077778";"ITC41";"S124";"0";""
"2024-01-31";"1070001";"1077778";"ITC41";"S11BI7";"227069";""
"2024-01-31";"1070001";"1077778";"ITC41";"S127";"18413";""
"2024-01-31";"1070001";"1077778";"IT";"S14BI2";"70730468";""
"2024-01-31";"1070001";"1077778";"ITC4";"S1313";"7326061";""
"2024-01-31";"1070001";"1077778";"ITC41";"S12BI7";"37208";""
"2024-01-31";"1070001";"1077778";"IT";"S127";"15256703";""
"2024-01-31";"1070001";"1077778";"IT";"S1311";"177720534";""
"2024-01-31";"1070001";"1077778";"IT";"600";"590099179";""
"2024-01-31";"1070001";"1077778";"ITC41";"S11BI32";"5930192";""
"2024-01-31";"1070001";"1077778";"IT";"S129";"28364";""
"2024-01-31";"1070001";"1077778";"IT";"S11001";"25669505";""
"2024-01-31";"1070001";"1077778";"ITC4";"S11BI8";"5681938";""
"2024-01-31";"1070001";"1077778";"ITC4";"SBI59";"418268179";""
"2024-01-31";"1070001";"1077778";"ITC41";"S126";"17690";""
"2024-01-31";"1070001";"1077778";"ITC41";"S15";"59467";""
"2024-01-31";"1070001";"1077778";"IT";"S124";"15970532";""
"2024-01-31";"1070001";"1077778";"ITC41";"S11001";"72091";""
"2024-01-31";"1070001";"1077778";"ITC41";"S14";"11832790";""
"2024-01-31";"1070001";"1077778";"IT";"S12BI66";"94877158";""
"2023-12-31";"1070001";"1077778";"ITC4";"S14";"145292275";""
"2023-12-31";"1070001";"1077778";"IT";"S127";"15258692";""
"2023-12-31";"1070001";"1077778";"ITC4";"600";"131853984";""
"2023-12-31";"1070001";"1077778";"ITC41";"S12BI7";"39300";""
"2023-12-31";"1070001";"1077778";"ITC4";"S11BI32";"170512506";""
"2023-12-31";"1070001";"1077778";"ITC41";"S126";"17784";""
"2023-12-31";"1070001";"1077778";"IT";"S11";"613650284";""
"2023-12-31";"1070001";"1077778";"ITC41";"SBI25";"7318066";""
"2023-12-31";"1070001";"1077778";"ITC4";"SBI59";"421936288";""
"2023-12-31";"1070001";"1077778";"IT";"S11BI7";"13548109";""
"2023-12-31";"1070001";"1077778";"ITC41";"S14";"11884287";""
"2023-12-31";"1070001";"1077778";"ITC4";"S127";"8850748";""
"2023-12-31";"1070001";"1077778";"ITC41";"S11001";"80549";""
"2023-12-31";"1070001";"1077778";"ITC4";"S129";"444";""
"2023-12-31";"1070001";"1077778";"IT";"SBI59";"1671780557";""
"2023-12-31";"1070001";"1077778";"ITC41";"S14BI2";"754672";""
"2023-12-31";"1070001";"1077778";"ITC4";"S11";"185760732";""
"2023-12-31";"1070001";"1077778";"IT";"S11BI32";"539692500";""
"2023-12-31";"1070001";"1077778";"IT";"S124";"15938814";""
"2023-12-31";"1070001";"1077778";"ITC4";"S128";"898341";""
"2023-12-31";"1070001";"1077778";"IT";"S11001";"26934406";""
"2023-12-31";"1070001";"1077778";"IT";"S1313";"63176842";""
"2023-12-31";"1070001";"1077778";"ITC4";"S124";"11456476";""
"2023-12-31";"1070001";"1077778";"ITC4";"S126";"4084460";""
"2023-12-31";"1070001";"1077778";"ITC41";"S124";"0";""
"2023-12-31";"1070001";"1077778";"ITC41";"S1314";"9";""
"2023-12-31";"1070001";"1077778";"ITC41";"S15";"59067";""
"2023-12-31";"1070001";"1077778";"ITC4";"SBI9";"60867";""
"2023-12-31";"1070001";"1077778";"ITC41";"S13";"360434";""
"2023-12-31";"1070001";"1077778";"IT";"S1311";"183776765";""
"2023-12-31";"1070001";"1077778";"ITC4";"S11001";"6345226";""
"2023-12-31";"1070001";"1077778";"ITC4";"S11BI7";"3155946";""
"2023-12-31";"1070001";"1077778";"ITC41";"S11BI7";"232411";""
"2023-12-31";"1070001";"1077778";"IT";"S12BI66";"100400960";""
"2023-12-31";"1070001";"1077778";"IT";"S1314";"128813";""
"2023-12-31";"1070001";"1077778";"ITC4";"S11BI8";"5707668";""
"2023-12-31";"1070001";"1077778";"IT";"SBI25";"684840546";""
"2023-12-31";"1070001";"1077778";"ITC4";"S13";"7332994";""
"2023-12-31";"1070001";"1077778";"ITC41";"S1313";"360115";""
"2023-12-31";"1070001";"1077778";"IT";"S14";"662842124";""
"2023-12-31";"1070001";"1077778";"ITC4";"S12BI66";"56048248";""
"2023-12-31";"1070001";"1077778";"ITC4";"S1313";"7252601";""
"2023-12-31";"1070001";"1077778";"ITC41";"450";"557";""
"2023-12-31";"1070001";"1077778";"IT";"450";"317428";""
"2023-12-31";"1070001";"1077778";"ITC4";"S1314";"1039";""
"2023-12-31";"1070001";"1077778";"IT";"S126";"5655105";""
"2023-12-31";"1070001";"1077778";"ITC41";"SBI9";"783";""
"2023-12-31";"1070001";"1077778";"ITC41";"S11BI32";"5939416";""
"2023-12-31";"1070001";"1077778";"IT";"S11BI8";"33157841";""
"2023-12-31";"1070001";"1077778";"ITC41";"S11";"6563394";""
"2023-12-31";"1070001";"1077778";"IT";"S14BI2";"71190262";""
"2023-12-31";"1070001";"1077778";"ITC4";"S1311";"79354";""
"2023-12-31";"1070001";"1077778";"IT";"S128";"3447710";""
"2023-12-31";"1070001";"1077778";"IT";"S15";"7305419";""
"2023-12-31";"1070001";"1077778";"ITC41";"S1311";"311";""
"2023-12-31";"1070001";"1077778";"ITC4";"SBI25";"199199023";""
"2023-12-31";"1070001";"1077778";"ITC41";"S127";"20473";""
"2023-12-31";"1070001";"1077778";"IT";"600";"591651862";""
"2023-12-31";"1070001";"1077778";"ITC41";"SBI59";"18907266";""
"2023-12-31";"1070001";"1077778";"ITC41";"S12BI66";"1044";""
"2023-12-31";"1070001";"1077778";"IT";"SBI9";"149871";""
"2023-12-31";"1070001";"1077778";"IT";"S12BI7";"140750439";""
"2023-12-31";"1070001";"1077778";"ITC41";"600";"11129615";""
"2023-12-31";"1070001";"1077778";"ITC4";"450";"39386";""
"2023-12-31";"1070001";"1077778";"ITC41";"S11BI8";"310461";""
"2023-12-31";"1070001";"1077778";"ITC4";"S14BI2";"13438291";""
"2023-12-31";"1070001";"1077778";"ITC4";"S15";"2150703";""
"2023-12-31";"1070001";"1077778";"IT";"S13";"247082419";""
"2023-12-31";"1070001";"1077778";"IT";"S129";"49158";""
"2023-12-31";"1070001";"1077778";"ITC4";"S12BI7";"81338717";""
"2023-11-30";"1070001";"1077778";"IT";"S12BI7";"132288480";""
"2023-11-30";"1070001";"1077778";"ITC41";"S1311";"226";""
"2023-11-30";"1070001";"1077778";"IT";"S1314";"70552";""
"2023-11-30";"1070001";"1077778";"ITC41";"S13";"366253";""
"2023-11-30";"1070001";"1077778";"ITC41";"S12BI66";"924";""
"2023-11-30";"1070001";"1077778";"IT";"S11BI32";"544695166";""
"2023-11-30";"1070001";"1077778";"IT";"S129";"17835";""
"2023-11-30";"1070001";"1077778";"IT";"S127";"14618576";""
"2023-11-30";"1070001";"1077778";"ITC41";"S14BI2";"766163";""
"2023-11-30";"1070001";"1077778";"IT";"450";"333025";""
"2023-11-30";"1070001";"1077778";"ITC41";"S11";"6757351";""
"2023-11-30";"1070001";"1077778";"ITC4";"S12BI7";"75141903";""
"2023-11-30";"1070001";"1077778";"ITC41";"S126";"17988";""
"2023-11-30";"1070001";"1077778";"IT";"S11";"621029675";""
"2023-11-30";"1070001";"1077778";"ITC4";"S129";"370";""
"2023-11-30";"1070001";"1077778";"IT";"S12BI66";"92451584";""
"2023-11-30";"1070001";"1077778";"ITC4";"600";"131945369";""
"2023-11-30";"1070001";"1077778";"ITC4";"S12BI66";"50277162";""
"2023-11-30";"1070001";"1077778";"IT";"S124";"16352277";""
"2023-11-30";"1070001";"1077778";"ITC4";"450";"37564";""
"2023-11-30";"1070001";"1077778";"ITC41";"S124";"0";""
"2023-11-30";"1070001";"1077778";"IT";"S15";"7337286";""
"2023-11-30";"1070001";"1077778";"ITC41";"S127";"34698";""
"2023-11-30";"1070001";"1077778";"ITC4";"S11BI32";"171200138";""
"2023-11-30";"1070001";"1077778";"IT";"SBI9";"122155";""
"2023-11-30";"1070001";"1077778";"ITC4";"S11BI8";"5801111";""
"2023-11-30";"1070001";"1077778";"IT";"S1311";"178085688";""
"2023-11-30";"1070001";"1077778";"ITC4";"S15";"2190521";""
"2023-11-30";"1070001";"1077778";"IT";"S11BI8";"33762052";""
"2023-11-30";"1070001";"1077778";"ITC41";"450";"568";""
"2023-11-30";"1070001";"1077778";"ITC4";"S128";"499616";""
"2023-11-30";"1070001";"1077778";"ITC4";"S127";"8442633";""
"2023-11-30";"1070001";"1077778";"ITC4";"S11BI7";"3248810";""
"2023-11-30";"1070001";"1077778";"ITC4";"S124";"11772981";""
"2023-11-30";"1070001";"1077778";"ITC41";"S11BI7";"238267";""
"2023-11-30";"1070001";"1077778";"IT";"S13";"242006070";""
"2023-11-30";"1070001";"1077778";"IT";"SBI25";"693174979";""
"2023-11-30";"1070001";"1077778";"ITC4";"S1313";"7303198";""
"2023-11-30";"1070001";"1077778";"ITC41";"SBI59";"19145284";""
"2023-11-30";"1070001";"1077778";"IT";"S11001";"28311142";""
"2023-11-30";"1070001";"1077778";"IT";"S128";"3054389";""
"2023-11-30";"1070001";"1077778";"IT";"SBI59";"1667731841";""
"2023-11-30";"1070001";"1077778";"ITC4";"S1314";"1154";""
"2023-11-30";"1070001";"1077778";"ITC4";"SBI25";"200657207";""
"2023-11-30";"1070001";"1077778";"ITC4";"SBI9";"42122";""
"2023-11-30";"1070001";"1077778";"ITC41";"S1313";"366021";""
"2023-11-30";"1070001";"1077778";"ITC4";"SBI59";"417353355";""
"2023-11-30";"1070001";"1077778";"ITC4";"S13";"7376233";""
"2023-11-30";"1070001";"1077778";"ITC41";"S1314";"6";""
"2023-11-30";"1070001";"1077778";"IT";"S11BI7";"13928290";""
"2023-11-30";"1070001";"1077778";"IT";"S126";"5793820";""
"2023-11-30";"1070001";"1077778";"ITC41";"SBI25";"7523514";""
"2023-11-30";"1070001";"1077778";"ITC41";"S12BI7";"53610";""
"2023-11-30";"1070001";"1077778";"ITC4";"S11001";"6770405";""
"2023-11-30";"1070001";"1077778";"ITC41";"S11001";"75943";""
"2023-11-30";"1070001";"1077778";"IT";"S14BI2";"72145304";""
"2023-11-30";"1070001";"1077778";"ITC4";"S14";"145544548";""
"2023-11-30";"1070001";"1077778";"ITC4";"S14BI2";"13599179";""
"2023-11-30";"1070001";"1077778";"IT";"600";"592802871";""
"2023-11-30";"1070001";"1077778";"ITC4";"S1311";"71881";""
"2023-11-30";"1070001";"1077778";"ITC41";"S11BI8";"316699";""
"2023-11-30";"1070001";"1077778";"ITC4";"S126";"4149140";""
"2023-11-30";"1070001";"1077778";"ITC41";"SBI9";"369";""
"2023-11-30";"1070001";"1077778";"IT";"S14";"664948174";""
"2023-11-30";"1070001";"1077778";"ITC4";"S11";"187058029";""
"2023-11-30";"1070001";"1077778";"ITC41";"S14";"11904904";""
"2023-11-30";"1070001";"1077778";"IT";"S1313";"63849830";""
"2023-11-30";"1070001";"1077778";"ITC41";"600";"11138741";""
"2023-11-30";"1070001";"1077778";"ITC41";"S11BI32";"6125873";""
"2023-11-30";"1070001";"1077778";"ITC41";"S15";"62797";""
"2023-10-31";"1070001";"1077778";"ITC4";"S124";"11582325";""
"2023-10-31";"1070001";"1077778";"ITC41";"S1314";"6";""
"2023-10-31";"1070001";"1077778";"ITC41";"S12BI66";"820";""
"2023-10-31";"1070001";"1077778";"ITC4";"S1311";"77859";""
"2023-10-31";"1070001";"1077778";"ITC4";"S128";"331405";""
"2023-10-31";"1070001";"1077778";"ITC4";"SBI59";"415859219";""
"2023-10-31";"1070001";"1077778";"IT";"S15";"7112752";""
"2023-10-31";"1070001";"1077778";"ITC41";"600";"11132662";""
"2023-10-31";"1070001";"1077778";"IT";"S11";"615455993";""
"2023-10-31";"1070001";"1077778";"IT";"S126";"5600835";""
"2023-10-31";"1070001";"1077778";"IT";"S12BI7";"130979801";""
"2023-10-31";"1070001";"1077778";"IT";"S13";"241055981";""
"2023-10-31";"1070001";"1077778";"ITC41";"S12BI7";"49032";""
"2023-10-31";"1070001";"1077778";"ITC41";"S127";"30947";""
"2023-10-31";"1070001";"1077778";"IT";"S14BI2";"72313808";""
"2023-10-31";"1070001";"1077778";"ITC41";"S126";"17265";""
"2023-10-31";"1070001";"1077778";"IT";"S11BI8";"33660714";""
"2023-10-31";"1070001";"1077778";"IT";"S124";"16196785";""
"2023-10-31";"1070001";"1077778";"ITC41";"S1313";"364617";""
"2023-10-31";"1070001";"1077778";"ITC41";"S11BI7";"237414";""
"2023-10-31";"1070001";"1077778";"ITC41";"SBI25";"7578626";""
"2023-10-31";"1070001";"1077778";"IT";"S11001";"26956192";""
"2023-10-31";"1070001";"1077778";"ITC41";"SBI59";"19187909";""
"2023-10-31";"1070001";"1077778";"ITC4";"450";"30412";""
"2023-10-31";"1070001";"1077778";"ITC4";"SBI9";"37036";""
"2023-10-31";"1070001";"1077778";"IT";"SBI59";"1659430502";""
"2023-10-31";"1070001";"1077778";"ITC4";"600";"131870207";""
"2023-10-31";"1070001";"1077778";"ITC4";"S129";"651";""
"2023-10-31";"1070001";"1077778";"ITC41";"S14";"11898639";""
"2023-10-31";"1070001";"1077778";"ITC4";"S11BI8";"5797573";""
"2023-10-31";"1070001";"1077778";"IT";"S1313";"63744670";""
"2023-10-31";"1070001";"1077778";"ITC41";"SBI9";"245";""
"2023-10-31";"1070001";"1077778";"ITC4";"S1313";"7235827";""
"2023-10-31";"1070001";"1077778";"IT";"S129";"5626";""
"2023-10-31";"1070001";"1077778";"IT";"S1311";"177238896";""
"2023-10-31";"1070001";"1077778";"ITC41";"450";"577";""
"2023-10-31";"1070001";"1077778";"ITC41";"S13";"364858";""
"2023-10-31";"1070001";"1077778";"ITC41";"S15";"62486";""
"2023-10-31";"1070001";"1077778";"ITC4";"S11";"186133589";""
"2023-10-31";"1070001";"1077778";"IT";"S11BI32";"540704631";""
"2023-10-31";"1070001";"1077778";"IT";"S12BI66";"91385093";""
"2023-10-31";"1070001";"1077778";"IT";"450";"265640";""
"2023-10-31";"1070001";"1077778";"IT";"S127";"14923457";""
"2023-10-31";"1070001";"1077778";"ITC4";"S14BI2";"13607686";""
"2023-10-31";"1070001";"1077778";"ITC4";"S11001";"6459775";""
"2023-10-31";"1070001";"1077778";"ITC4";"S11BI7";"3233133";""
"2023-10-31";"1070001";"1077778";"IT";"SBI9";"115912";""
"2023-10-31";"1070001";"1077778";"ITC41";"S14BI2";"765978";""
"2023-10-31";"1070001";"1077778";"ITC4";"S127";"8638228";""
"2023-10-31";"1070001";"1077778";"IT";"SBI25";"687769800";""
"2023-10-31";"1070001";"1077778";"ITC4";"S1314";"1001";""
"2023-10-31";"1070001";"1077778";"ITC41";"S11BI8";"318016";""
"2023-10-31";"1070001";"1077778";"ITC4";"S11BI32";"170612696";""
"2023-10-31";"1070001";"1077778";"IT";"S14";"664710073";""
"2023-10-31";"1070001";"1077778";"ITC41";"S1311";"235";""
"2023-10-31";"1070001";"1077778";"IT";"S11BI7";"13868815";""
"2023-10-31";"1070001";"1077778";"ITC4";"S14";"145477894";""
"2023-10-31";"1070001";"1077778";"IT";"600";"592396265";""
"2023-10-31";"1070001";"1077778";"ITC41";"S11BI32";"6175803";""
"2023-10-31";"1070001";"1077778";"ITC4";"S12BI66";"50154482";""
"2023-10-31";"1070001";"1077778";"ITC41";"S11";"6812648";""
"2023-10-31";"1070001";"1077778";"ITC41";"S124";"0";""
"2023-10-31";"1070001";"1077778";"ITC41";"S11001";"80838";""
"2023-10-31";"1070001";"1077778";"ITC4";"S12BI7";"74723954";""
"2023-10-31";"1070001";"1077778";"IT";"S128";"2868006";""
"2023-10-31";"1070001";"1077778";"ITC4";"SBI25";"199741275";""
"2023-10-31";"1070001";"1077778";"ITC4";"S15";"2172059";""
"2023-10-31";"1070001";"1077778";"ITC4";"S126";"4016864";""
"2023-10-31";"1070001";"1077778";"ITC4";"S13";"7314688";""
"2023-10-31";"1070001";"1077778";"IT";"S1314";"72415";""
"2023-09-30";"1070001";"1077778";"ITC4";"S14BI2";"13677225";""
"2023-09-30";"1070001";"1077778";"ITC41";"S15";"60394";""
"2023-09-30";"1070001";"1077778";"ITC4";"SBI25";"199661425";""
"2023-09-30";"1070001";"1077778";"ITC4";"SBI59";"418171456";""
"2023-09-30";"1070001";"1077778";"ITC41";"S127";"31701";""
"2023-09-30";"1070001";"1077778";"ITC4";"S128";"367861";""
"2023-09-30";"1070001";"1077778";"ITC4";"S12BI66";"51377340";""
"2023-09-30";"1070001";"1077778";"IT";"S126";"5602202";""
"2023-09-30";"1070001";"1077778";"IT";"S11";"615315406";""
"2023-09-30";"1070001";"1077778";"ITC41";"S1314";"7";""
"2023-09-30";"1070001";"1077778";"ITC4";"S127";"9259324";""
"2023-09-30";"1070001";"1077778";"ITC4";"S129";"14509";""
"2023-09-30";"1070001";"1077778";"ITC41";"S1311";"258";""
"2023-09-30";"1070001";"1077778";"ITC4";"450";"30882";""
"2023-09-30";"1070001";"1077778";"ITC4";"S12BI7";"76806251";""
"2023-09-30";"1070001";"1077778";"ITC41";"SBI59";"19216330";""
"2023-09-30";"1070001";"1077778";"IT";"S1314";"130743";""
"2023-09-30";"1070001";"1077778";"IT";"S15";"7194643";""
"2023-09-30";"1070001";"1077778";"ITC41";"S11";"6833462";""
"2023-09-30";"1070001";"1077778";"ITC41";"S11BI7";"238430";""
"2023-09-30";"1070001";"1077778";"ITC41";"S13";"365527";""
"2023-09-30";"1070001";"1077778";"ITC4";"SBI9";"34893";""
"2023-09-30";"1070001";"1077778";"IT";"600";"592415761";""
"2023-09-30";"1070001";"1077778";"IT";"S11001";"26672428";""
"2023-09-30";"1070001";"1077778";"IT";"S11BI32";"540840619";""
"2023-09-30";"1070001";"1077778";"IT";"S128";"2905014";""
"2023-09-30";"1070001";"1077778";"IT";"S14";"665054018";""
"2023-09-30";"1070001";"1077778";"IT";"S14BI2";"72638257";""
"2023-09-30";"1070001";"1077778";"ITC4";"S124";"11762944";""
"2023-09-30";"1070001";"1077778";"ITC4";"S13";"7486552";""
"2023-09-30";"1070001";"1077778";"IT";"S124";"16368928";""
"2023-09-30";"1070001";"1077778";"IT";"S129";"40031";""
"2023-09-30";"1070001";"1077778";"IT";"S12BI66";"94655546";""
"2023-09-30";"1070001";"1077778";"IT";"S12BI7";"135202753";""
"2023-09-30";"1070001";"1077778";"IT";"S13";"244613814";""
"2023-09-30";"1070001";"1077778";"ITC4";"S1311";"72147";""
"2023-09-30";"1070001";"1077778";"ITC4";"S1313";"7413366";""
"2023-09-30";"1070001";"1077778";"ITC41";"SBI25";"7601626";""
"2023-09-30";"1070001";"1077778";"IT";"S11BI8";"33676720";""
"2023-09-30";"1070001";"1077778";"ITC41";"S124";"0";""
"2023-09-30";"1070001";"1077778";"ITC41";"S12BI7";"50347";""
"2023-09-30";"1070001";"1077778";"ITC4";"S11";"185984200";""
"2023-09-30";"1070001";"1077778";"ITC4";"S11BI8";"5818257";""
"2023-09-30";"1070001";"1077778";"ITC4";"S1314";"1040";""
"2023-09-30";"1070001";"1077778";"IT";"450";"268194";""
"2023-09-30";"1070001";"1077778";"IT";"SBI59";"1667504018";""
"2023-09-30";"1070001";"1077778";"ITC4";"600";"131981817";""
"2023-09-30";"1070001";"1077778";"ITC4";"S11001";"6688618";""
"2023-09-30";"1070001";"1077778";"ITC4";"S11BI32";"170221490";""
"2023-09-30";"1070001";"1077778";"ITC4";"S11BI7";"3224952";""
"2023-09-30";"1070001";"1077778";"ITC4";"S126";"4024273";""
"2023-09-30";"1070001";"1077778";"ITC41";"SBI9";"327";""
"2023-09-30";"1070001";"1077778";"ITC4";"S15";"2200517";""
"2023-09-30";"1070001";"1077778";"ITC41";"450";"587";""
"2023-09-30";"1070001";"1077778";"ITC41";"600";"11138110";""
"2023-09-30";"1070001";"1077778";"IT";"S1313";"66003455";""
"2023-09-30";"1070001";"1077778";"ITC41";"S11BI32";"6196166";""
"2023-09-30";"1070001";"1077778";"ITC41";"S11BI8";"319169";""
"2023-09-30";"1070001";"1077778";"IT";"SBI25";"687953663";""
"2023-09-30";"1070001";"1077778";"IT";"S11BI7";"13857445";""
"2023-09-30";"1070001";"1077778";"IT";"SBI9";"123395";""
"2023-09-30";"1070001";"1077778";"ITC41";"S12BI66";"1096";""
"2023-09-30";"1070001";"1077778";"ITC41";"S11001";"79110";""
"2023-09-30";"1070001";"1077778";"ITC4";"S14";"145659042";""
"2023-09-30";"1070001";"1077778";"ITC41";"S126";"17550";""
"2023-09-30";"1070001";"1077778";"IT";"S127";"15631033";""
"2023-09-30";"1070001";"1077778";"IT";"S1311";"178479616";""
"2023-09-30";"1070001";"1077778";"ITC41";"S1313";"365262";""
"2023-09-30";"1070001";"1077778";"ITC41";"S14";"11906275";""
"2023-09-30";"1070001";"1077778";"ITC41";"S14BI2";"768164";""
"2023-08-31";"1070001";"1077778";"ITC41";"S127";"32382";""
"2023-08-31";"1070001";"1077778";"IT";"S13";"244229809";""
"2023-08-31";"1070001";"1077778";"IT";"S14";"665133674";""
"2023-08-31";"1070001";"1077778";"IT";"S128";"2986849";""
"2023-08-31";"1070001";"1077778";"ITC4";"S124";"11605467";""
"2023-08-31";"1070001";"1077778";"ITC4";"S13";"7477953";""
"2023-08-31";"1070001";"1077778";"ITC4";"S14";"145580521";""
"2023-08-31";"1070001";"1077778";"ITC4";"450";"27601";""
"2023-08-31";"1070001";"1077778";"ITC41";"S1311";"232";""
"2023-08-31";"1070001";"1077778";"IT";"S12BI66";"91627948";""
"2023-08-31";"1070001";"1077778";"IT";"S1311";"178134931";""
"2023-08-31";"1070001";"1077778";"IT";"SBI59";"1669954406";""
"2023-08-31";"1070001";"1077778";"IT";"S11";"620867265";""
"2023-08-31";"1070001";"1077778";"IT";"S129";"30960";""
"2023-08-31";"1070001";"1077778";"ITC4";"S11BI8";"5936708";""
"2023-08-31";"1070001";"1077778";"ITC4";"S126";"4014794";""
"2023-08-31";"1070001";"1077778";"ITC4";"S129";"1374";""
"2023-08-31";"1070001";"1077778";"ITC4";"S1314";"940";""
"2023-08-31";"1070001";"1077778";"ITC41";"S126";"17882";""
"2023-08-31";"1070001";"1077778";"ITC41";"S12BI66";"1119";""
"2023-08-31";"1070001";"1077778";"ITC41";"S1314";"7";""
"2023-08-31";"1070001";"1077778";"ITC41";"S14BI2";"770257";""
"2023-08-31";"1070001";"1077778";"ITC41";"SBI9";"688";""
"2023-08-31";"1070001";"1077778";"IT";"S1313";"65973477";""
"2023-08-31";"1070001";"1077778";"IT";"600";"592032581";""
"2023-08-31";"1070001";"1077778";"IT";"S11001";"28062435";""
"2023-08-31";"1070001";"1077778";"IT";"S11BI32";"544128902";""
"2023-08-31";"1070001";"1077778";"ITC4";"S11BI32";"171024601";""
"2023-08-31";"1070001";"1077778";"ITC4";"S12BI7";"75157953";""
"2023-08-31";"1070001";"1077778";"ITC4";"SBI25";"200745200";""
"2023-08-31";"1070001";"1077778";"ITC4";"SBI9";"34335";""
"2023-08-31";"1070001";"1077778";"ITC41";"S11";"6923251";""
"2023-08-31";"1070001";"1077778";"ITC41";"S1313";"365465";""
"2023-08-31";"1070001";"1077778";"ITC41";"S14";"11910406";""
"2023-08-31";"1070001";"1077778";"IT";"S12BI7";"132485205";""
"2023-08-31";"1070001";"1077778";"IT";"S1314";"121401";""
"2023-08-31";"1070001";"1077778";"ITC4";"S11001";"6668799";""
"2023-08-31";"1070001";"1077778";"ITC4";"S11BI7";"3330259";""
"2023-08-31";"1070001";"1077778";"ITC4";"SBI59";"417429731";""
"2023-08-31";"1070001";"1077778";"ITC41";"S11BI7";"243983";""
"2023-08-31";"1070001";"1077778";"ITC41";"S12BI7";"51382";""
"2023-08-31";"1070001";"1077778";"ITC41";"SBI25";"7693508";""
"2023-08-31";"1070001";"1077778";"ITC4";"S11";"186987968";""
"2023-08-31";"1070001";"1077778";"IT";"450";"233307";""
"2023-08-31";"1070001";"1077778";"IT";"S11BI7";"14251380";""
"2023-08-31";"1070001";"1077778";"ITC41";"S124";"0";""
"2023-08-31";"1070001";"1077778";"ITC4";"S127";"9390509";""
"2023-08-31";"1070001";"1077778";"ITC4";"S14BI2";"13757232";""
"2023-08-31";"1070001";"1077778";"ITC4";"S15";"2191000";""
"2023-08-31";"1070001";"1077778";"ITC4";"600";"131823290";""
"2023-08-31";"1070001";"1077778";"ITC41";"450";"603";""
"2023-08-31";"1070001";"1077778";"IT";"S126";"5590007";""
"2023-08-31";"1070001";"1077778";"IT";"S14BI2";"73101093";""
"2023-08-31";"1070001";"1077778";"IT";"S15";"7122287";""
"2023-08-31";"1070001";"1077778";"ITC4";"S1313";"7404867";""
"2023-08-31";"1070001";"1077778";"ITC41";"S11BI32";"6277340";""
"2023-08-31";"1070001";"1077778";"IT";"SBI9";"116167";""
"2023-08-31";"1070001";"1077778";"IT";"S127";"16041579";""
"2023-08-31";"1070001";"1077778";"ITC41";"SBI59";"19310897";""
"2023-08-31";"1070001";"1077778";"ITC4";"S1311";"72146";""
"2023-08-31";"1070001";"1077778";"ITC41";"S11001";"74528";""
"2023-08-31";"1070001";"1077778";"ITC41";"S13";"365705";""
"2023-08-31";"1070001";"1077778";"ITC41";"S15";"59466";""
"2023-08-31";"1070001";"1077778";"IT";"SBI25";"693968358";""
"2023-08-31";"1070001";"1077778";"IT";"S11BI8";"34191241";""
"2023-08-31";"1070001";"1077778";"IT";"S124";"16207863";""
"2023-08-31";"1070001";"1077778";"ITC4";"S128";"426047";""
"2023-08-31";"1070001";"1077778";"ITC4";"S12BI66";"49719762";""
"2023-08-31";"1070001";"1077778";"ITC41";"600";"11140150";""
"2023-08-31";"1070001";"1077778";"ITC41";"S11BI8";"326797";""
"2023-07-31";"1070001";"1077778";"ITC4";"S14";"146206118";""
"2023-07-31";"1070001";"1077778";"ITC4";"SBI9";"32240";""
"2023-07-31";"1070001";"1077778";"ITC41";"S11BI7";"250254";""
"2023-07-31";"1070001";"1077778";"ITC41";"S11BI8";"330638";""
"2023-07-31";"1070001";"1077778";"ITC41";"S1311";"244";""
"2023-07-31";"1070001";"1077778";"ITC41";"S14BI2";"775823";""
"2023-07-31";"1070001";"1077778";"IT";"S1311";"178581407";""
"2023-07-31";"1070001";"1077778";"IT";"S14";"667832623";""
"2023-07-31";"1070001";"1077778";"IT";"S11001";"28139383";""
"2023-07-31";"1070001";"1077778";"IT";"S129";"28558";""
"2023-07-31";"1070001";"1077778";"ITC4";"S127";"9530291";""
"2023-07-31";"1070001";"1077778";"ITC4";"600";"132351029";""
"2023-07-31";"1070001";"1077778";"ITC4";"S11001";"6228442";""
"2023-07-31";"1070001";"1077778";"ITC4";"S1314";"1196";""
"2023-07-31";"1070001";"1077778";"ITC4";"S14BI2";"13855089";""
"2023-07-31";"1070001";"1077778";"ITC41";"SBI9";"605";""
"2023-07-31";"1070001";"1077778";"ITC4";"S1311";"59114";""
"2023-07-31";"1070001";"1077778";"ITC4";"SBI25";"204633214";""
"2023-07-31";"1070001";"1077778";"ITC41";"600";"11182622";""
"2023-07-31";"1070001";"1077778";"IT";"S12BI66";"93464964";""
"2023-07-31";"1070001";"1077778";"IT";"S1313";"66199523";""
"2023-07-31";"1070001";"1077778";"IT";"S14BI2";"73592313";""
"2023-07-31";"1070001";"1077778";"IT";"SBI59";"1686373339";""
"2023-07-31";"1070001";"1077778";"IT";"S11";"632017187";""
"2023-07-31";"1070001";"1077778";"IT";"S11BI8";"34693854";""
"2023-07-31";"1070001";"1077778";"IT";"S126";"5509284";""
"2023-07-31";"1070001";"1077778";"ITC4";"S11BI8";"6028331";""
"2023-07-31";"1070001";"1077778";"ITC4";"450";"28629";""
"2023-07-31";"1070001";"1077778";"ITC4";"SBI59";"424415441";""
"2023-07-31";"1070001";"1077778";"ITC41";"450";"615";""
"2023-07-31";"1070001";"1077778";"ITC41";"S13";"370203";""
"2023-07-31";"1070001";"1077778";"ITC41";"SBI59";"19519976";""
"2023-07-31";"1070001";"1077778";"IT";"S13";"244859452";""
"2023-07-31";"1070001";"1077778";"IT";"S124";"16395556";""
"2023-07-31";"1070001";"1077778";"IT";"600";"594240309";""
"2023-07-31";"1070001";"1077778";"ITC41";"S11001";"73602";""
"2023-07-31";"1070001";"1077778";"ITC41";"S124";"0";""
"2023-07-31";"1070001";"1077778";"ITC41";"S12BI66";"1121";""
"2023-07-31";"1070001";"1077778";"ITC41";"S1314";"7";""
"2023-07-31";"1070001";"1077778";"IT";"SBI9";"111427";""
"2023-07-31";"1070001";"1077778";"IT";"450";"238552";""
"2023-07-31";"1070001";"1077778";"IT";"S127";"15808434";""
"2023-07-31";"1070001";"1077778";"ITC4";"S128";"453719";""
"2023-07-31";"1070001";"1077778";"ITC4";"S12BI66";"51896299";""
"2023-07-31";"1070001";"1077778";"ITC4";"S12BI7";"77702993";""
"2023-07-31";"1070001";"1077778";"ITC4";"S13";"7492164";""
"2023-07-31";"1070001";"1077778";"ITC4";"S1313";"7431854";""
"2023-07-31";"1070001";"1077778";"ITC4";"S15";"2203801";""
"2023-07-31";"1070001";"1077778";"ITC41";"S11";"7081496";""
"2023-07-31";"1070001";"1077778";"ITC41";"S126";"17699";""
"2023-07-31";"1070001";"1077778";"ITC41";"S1313";"369953";""
"2023-07-31";"1070001";"1077778";"ITC41";"SBI25";"7857319";""
"2023-07-31";"1070001";"1077778";"IT";"S1314";"78522";""
"2023-07-31";"1070001";"1077778";"ITC4";"S124";"11857538";""
"2023-07-31";"1070001";"1077778";"ITC4";"S126";"3962645";""
"2023-07-31";"1070001";"1077778";"IT";"S128";"3070570";""
"2023-07-31";"1070001";"1077778";"ITC4";"S11";"190778125";""
"2023-07-31";"1070001";"1077778";"ITC41";"S14";"11958445";""
"2023-07-31";"1070001";"1077778";"IT";"S15";"7275284";""
"2023-07-31";"1070001";"1077778";"IT";"SBI25";"705609500";""
"2023-07-31";"1070001";"1077778";"IT";"S11BI32";"554433540";""
"2023-07-31";"1070001";"1077778";"ITC4";"S11BI32";"175087200";""
"2023-07-31";"1070001";"1077778";"ITC41";"S11BI32";"6426387";""
"2023-07-31";"1070001";"1077778";"ITC41";"S127";"29961";""
"2023-07-31";"1070001";"1077778";"ITC41";"S12BI7";"48781";""
"2023-07-31";"1070001";"1077778";"ITC41";"S15";"60446";""
"2023-07-31";"1070001";"1077778";"IT";"S12BI7";"134277366";""
"2023-07-31";"1070001";"1077778";"IT";"S11BI7";"14511859";""
"2023-07-31";"1070001";"1077778";"ITC4";"S129";"2502";""
"2023-07-31";"1070001";"1077778";"ITC4";"S11BI7";"3405523";""
"2023-06-30";"1070001";"1077778";"ITC4";"600";"132204602";""
"2023-06-30";"1070001";"1077778";"ITC4";"S126";"4074538";""
"2023-06-30";"1070001";"1077778";"IT";"SBI25";"705705433";""
"2023-06-30";"1070001";"1077778";"IT";"SBI59";"1691635290";""
"2023-06-30";"1070001";"1077778";"ITC4";"SBI59";"426663566";""
"2023-06-30";"1070001";"1077778";"IT";"S1311";"180041901";""
"2023-06-30";"1070001";"1077778";"ITC41";"SBI9";"553";""
"2023-06-30";"1070001";"1077778";"ITC4";"S1313";"7452599";""
"2023-06-30";"1070001";"1077778";"ITC4";"S15";"2145719";""
"2023-06-30";"1070001";"1077778";"ITC41";"450";"622";""
"2023-06-30";"1070001";"1077778";"ITC41";"S11BI32";"6424462";""
"2023-06-30";"1070001";"1077778";"ITC41";"S1314";"7";""
"2023-06-30";"1070001";"1077778";"ITC41";"SBI59";"19517287";""
"2023-06-30";"1070001";"1077778";"IT";"S1313";"66676882";""
"2023-06-30";"1070001";"1077778";"IT";"600";"593857293";""
"2023-06-30";"1070001";"1077778";"IT";"S11BI32";"554041063";""
"2023-06-30";"1070001";"1077778";"IT";"S11001";"27419776";""
"2023-06-30";"1070001";"1077778";"IT";"S126";"5618493";""
"2023-06-30";"1070001";"1077778";"ITC4";"S11BI7";"3427896";""
"2023-06-30";"1070001";"1077778";"ITC4";"S1311";"131117";""
"2023-06-30";"1070001";"1077778";"ITC41";"S1311";"234";""
"2023-06-30";"1070001";"1077778";"ITC41";"S14";"11967950";""
"2023-06-30";"1070001";"1077778";"IT";"S12BI7";"137976732";""
"2023-06-30";"1070001";"1077778";"IT";"S128";"3142718";""
"2023-06-30";"1070001";"1077778";"ITC4";"S11BI32";"174511019";""
"2023-06-30";"1070001";"1077778";"ITC4";"S127";"9371896";""
"2023-06-30";"1070001";"1077778";"ITC4";"S13";"7584652";""
"2023-06-30";"1070001";"1077778";"ITC4";"S1314";"935";""
"2023-06-30";"1070001";"1077778";"ITC41";"600";"11180760";""
"2023-06-30";"1070001";"1077778";"ITC41";"S11BI8";"332696";""
"2023-06-30";"1070001";"1077778";"ITC41";"S127";"25611";""
"2023-06-30";"1070001";"1077778";"ITC41";"S12BI66";"1071";""
"2023-06-30";"1070001";"1077778";"ITC41";"S13";"369029";""
"2023-06-30";"1070001";"1077778";"IT";"S14";"668317905";""
"2023-06-30";"1070001";"1077778";"IT";"450";"259376";""
"2023-06-30";"1070001";"1077778";"IT";"S11";"631244822";""
"2023-06-30";"1070001";"1077778";"IT";"S15";"7186376";""
"2023-06-30";"1070001";"1077778";"IT";"SBI9";"109663";""
"2023-06-30";"1070001";"1077778";"ITC4";"450";"31057";""
"2023-06-30";"1070001";"1077778";"ITC4";"S124";"11584149";""
"2023-06-30";"1070001";"1077778";"ITC4";"S128";"447342";""
"2023-06-30";"1070001";"1077778";"ITC4";"S14";"146239247";""
"2023-06-30";"1070001";"1077778";"ITC41";"S11";"7074332";""
"2023-06-30";"1070001";"1077778";"ITC41";"S12BI7";"44394";""
"2023-06-30";"1070001";"1077778";"IT";"S13";"246799793";""
"2023-06-30";"1070001";"1077778";"IT";"S1314";"81011";""
"2023-06-30";"1070001";"1077778";"ITC41";"S11BI7";"251712";""
"2023-06-30";"1070001";"1077778";"ITC41";"S1313";"368788";""
"2023-06-30";"1070001";"1077778";"IT";"S11BI7";"14598343";""
"2023-06-30";"1070001";"1077778";"IT";"S124";"16147082";""
"2023-06-30";"1070001";"1077778";"ITC4";"SBI25";"204473760";""
"2023-06-30";"1070001";"1077778";"ITC4";"SBI9";"32122";""
"2023-06-30";"1070001";"1077778";"ITC41";"SBI25";"7861521";""
"2023-06-30";"1070001";"1077778";"IT";"S14BI2";"74460612";""
"2023-06-30";"1070001";"1077778";"IT";"S11BI8";"34926264";""
"2023-06-30";"1070001";"1077778";"IT";"S129";"22804";""
"2023-06-30";"1070001";"1077778";"ITC4";"S11BI8";"6060830";""
"2023-06-30";"1070001";"1077778";"ITC4";"S129";"2787";""
"2023-06-30";"1070001";"1077778";"ITC4";"S12BI66";"54742001";""
"2023-06-30";"1070001";"1077778";"ITC4";"S14BI2";"14034645";""
"2023-06-30";"1070001";"1077778";"ITC41";"S124";"0";""
"2023-06-30";"1070001";"1077778";"ITC41";"S15";"61029";""
"2023-06-30";"1070001";"1077778";"ITC4";"S12BI7";"80222712";""
"2023-06-30";"1070001";"1077778";"ITC41";"S11001";"64840";""
"2023-06-30";"1070001";"1077778";"IT";"S127";"15684857";""
"2023-06-30";"1070001";"1077778";"IT";"S12BI66";"97360776";""
"2023-06-30";"1070001";"1077778";"ITC4";"S11";"190439115";""
"2023-06-30";"1070001";"1077778";"ITC4";"S11001";"6408313";""
"2023-06-30";"1070001";"1077778";"ITC41";"S126";"17711";""
"2023-06-30";"1070001";"1077778";"ITC41";"S14BI2";"787190";""
"2023-05-31";"1070001";"1077778";"IT";"S11BI7";"14789654";""
"2023-05-31";"1070001";"1077778";"IT";"S11BI8";"35101307";""
"2023-05-31";"1070001";"1077778";"IT";"S128";"3326798";""
"2023-05-31";"1070001";"1077778";"IT";"S129";"34489";""
"2023-05-31";"1070001";"1077778";"ITC41";"S11BI8";"335050";""
"2023-05-31";"1070001";"1077778";"ITC41";"S1313";"377291";""
"2023-05-31";"1070001";"1077778";"ITC41";"S14";"11961200";""
"2023-05-31";"1070001";"1077778";"ITC4";"450";"32316";""
"2023-05-31";"1070001";"1077778";"ITC4";"S14BI2";"14129767";""
"2023-05-31";"1070001";"1077778";"IT";"S12BI7";"135376989";""
"2023-05-31";"1070001";"1077778";"IT";"600";"593542560";""
"2023-05-31";"1070001";"1077778";"ITC41";"S14BI2";"791232";""
"2023-05-31";"1070001";"1077778";"ITC4";"S11001";"6111747";""
"2023-05-31";"1070001";"1077778";"ITC4";"S11BI8";"6078055";""
"2023-05-31";"1070001";"1077778";"ITC4";"S128";"519278";""
"2023-05-31";"1070001";"1077778";"ITC4";"S14";"146302607";""
"2023-05-31";"1070001";"1077778";"IT";"S124";"15902407";""
"2023-05-31";"1070001";"1077778";"IT";"S1311";"182587093";""
"2023-05-31";"1070001";"1077778";"IT";"S1314";"70970";""
"2023-05-31";"1070001";"1077778";"IT";"SBI25";"706876678";""
"2023-05-31";"1070001";"1077778";"IT";"SBI9";"101369";""
"2023-05-31";"1070001";"1077778";"IT";"S11001";"26837382";""
"2023-05-31";"1070001";"1077778";"ITC41";"S11BI32";"6454915";""
"2023-05-31";"1070001";"1077778";"ITC41";"S126";"17668";""
"2023-05-31";"1070001";"1077778";"ITC41";"S12BI66";"902";""
"2023-05-31";"1070001";"1077778";"ITC4";"S11BI32";"175169529";""
"2023-05-31";"1070001";"1077778";"ITC4";"S11BI7";"3480584";""
"2023-05-31";"1070001";"1077778";"ITC4";"S127";"8862739";""
"2023-05-31";"1070001";"1077778";"ITC4";"S12BI7";"76772950";""
"2023-05-31";"1070001";"1077778";"ITC4";"S1311";"80480";""
"2023-05-31";"1070001";"1077778";"ITC4";"S1314";"912";""
"2023-05-31";"1070001";"1077778";"ITC4";"SBI9";"30191";""
"2023-05-31";"1070001";"1077778";"IT";"S14";"668445105";""
"2023-05-31";"1070001";"1077778";"IT";"SBI59";"1694858108";""
"2023-05-31";"1070001";"1077778";"ITC41";"S124";"0";""
"2023-05-31";"1070001";"1077778";"ITC41";"S1314";"7";""
"2023-05-31";"1070001";"1077778";"ITC41";"SBI59";"19555713";""
"2023-05-31";"1070001";"1077778";"ITC4";"S11";"190872230";""
"2023-05-31";"1070001";"1077778";"ITC4";"S12BI66";"51463008";""
"2023-05-31";"1070001";"1077778";"IT";"S126";"6105051";""
"2023-05-31";"1070001";"1077778";"IT";"S12BI66";"94867040";""
"2023-05-31";"1070001";"1077778";"IT";"S14BI2";"74902545";""
"2023-05-31";"1070001";"1077778";"ITC41";"S127";"25961";""
"2023-05-31";"1070001";"1077778";"ITC41";"S13";"377553";""
"2023-05-31";"1070001";"1077778";"ITC4";"SBI59";"423826731";""
"2023-05-31";"1070001";"1077778";"IT";"S1313";"68843554";""
"2023-05-31";"1070001";"1077778";"IT";"S15";"7458897";""
"2023-05-31";"1070001";"1077778";"ITC41";"S1311";"255";""
"2023-05-31";"1070001";"1077778";"ITC41";"SBI9";"398";""
"2023-05-31";"1070001";"1077778";"ITC4";"600";"132172840";""
"2023-05-31";"1070001";"1077778";"ITC4";"S124";"11379551";""
"2023-05-31";"1070001";"1077778";"ITC4";"S126";"4546975";""
"2023-05-31";"1070001";"1077778";"ITC4";"S13";"7677003";""
"2023-05-31";"1070001";"1077778";"ITC4";"SBI25";"205001997";""
"2023-05-31";"1070001";"1077778";"ITC41";"450";"2434";""
"2023-05-31";"1070001";"1077778";"IT";"S13";"251501616";""
"2023-05-31";"1070001";"1077778";"IT";"S11";"631974133";""
"2023-05-31";"1070001";"1077778";"ITC41";"S11BI7";"254241";""
"2023-05-31";"1070001";"1077778";"ITC4";"S129";"1400";""
"2023-05-31";"1070001";"1077778";"ITC4";"S1313";"7595611";""
"2023-05-31";"1070001";"1077778";"ITC4";"S15";"2171750";""
"2023-05-31";"1070001";"1077778";"ITC41";"600";"11169967";""
"2023-05-31";"1070001";"1077778";"IT";"S127";"15141204";""
"2023-05-31";"1070001";"1077778";"IT";"450";"265275";""
"2023-05-31";"1070001";"1077778";"IT";"S11BI32";"554980515";""
"2023-05-31";"1070001";"1077778";"ITC41";"S11";"7111601";""
"2023-05-31";"1070001";"1077778";"ITC41";"S11001";"64962";""
"2023-05-31";"1070001";"1077778";"ITC41";"S12BI7";"44531";""
"2023-05-31";"1070001";"1077778";"ITC41";"S15";"60430";""
"2023-05-31";"1070001";"1077778";"ITC41";"SBI25";"7902834";""
"2023-04-30";"1070001";"1077778";"IT";"S12BI66";"93795799";""
"2023-04-30";"1070001";"1077778";"ITC4";"S126";"4678979";""
"2023-04-30";"1070001";"1077778";"ITC4";"S12BI66";"51896995";""
"2023-04-30";"1070001";"1077778";"ITC4";"S1313";"7603389";""
"2023-04-30";"1070001";"1077778";"ITC4";"S15";"2214054";""
"2023-04-30";"1070001";"1077778";"ITC41";"SBI25";"7957289";""
"2023-04-30";"1070001";"1077778";"ITC4";"S11BI7";"3463518";""
"2023-04-30";"1070001";"1077778";"IT";"S11001";"27367421";""
"2023-04-30";"1070001";"1077778";"IT";"S126";"6228992";""
"2023-04-30";"1070001";"1077778";"IT";"S127";"15786751";""
"2023-04-30";"1070001";"1077778";"IT";"S13";"246989728";""
"2023-04-30";"1070001";"1077778";"IT";"S14BI2";"75187860";""
"2023-04-30";"1070001";"1077778";"IT";"SBI25";"707328480";""
"2023-04-30";"1070001";"1077778";"ITC4";"S14BI2";"14240886";""
"2023-04-30";"1070001";"1077778";"ITC4";"SBI9";"36559";""
"2023-04-30";"1070001";"1077778";"ITC4";"S124";"11202004";""
"2023-04-30";"1070001";"1077778";"IT";"S11BI32";"554636009";""
"2023-04-30";"1070001";"1077778";"IT";"S124";"15797665";""
"2023-04-30";"1070001";"1077778";"IT";"S1313";"68881915";""
"2023-04-30";"1070001";"1077778";"IT";"S1314";"65069";""
"2023-04-30";"1070001";"1077778";"ITC4";"S129";"67943";""
"2023-04-30";"1070001";"1077778";"ITC41";"S11BI32";"6498854";""
"2023-04-30";"1070001";"1077778";"ITC41";"S124";"0";""
"2023-04-30";"1070001";"1077778";"ITC4";"450";"30401";""
"2023-04-30";"1070001";"1077778";"IT";"450";"278391";""
"2023-04-30";"1070001";"1077778";"IT";"600";"593450120";""
"2023-04-30";"1070001";"1077778";"IT";"S11";"632140620";""
"2023-04-30";"1070001";"1077778";"IT";"S11BI7";"14740105";""
"2023-04-30";"1070001";"1077778";"IT";"S129";"89514";""
"2023-04-30";"1070001";"1077778";"IT";"S12BI7";"134886895";""
"2023-04-30";"1070001";"1077778";"IT";"SBI59";"1690456868";""
"2023-04-30";"1070001";"1077778";"IT";"SBI9";"164701";""
"2023-04-30";"1070001";"1077778";"ITC4";"S127";"9207715";""
"2023-04-30";"1070001";"1077778";"ITC4";"SBI25";"204493152";""
"2023-04-30";"1070001";"1077778";"ITC41";"600";"11172542";""
"2023-04-30";"1070001";"1077778";"ITC41";"S13";"375697";""
"2023-04-30";"1070001";"1077778";"ITC41";"S1311";"256";""
"2023-04-30";"1070001";"1077778";"ITC41";"S1313";"375434";""
"2023-04-30";"1070001";"1077778";"ITC41";"SBI59";"19615334";""
"2023-04-30";"1070001";"1077778";"ITC41";"SBI9";"505";""
"2023-04-30";"1070001";"1077778";"ITC4";"S11BI32";"174657796";""
"2023-04-30";"1070001";"1077778";"ITC4";"S1311";"70595";""
"2023-04-30";"1070001";"1077778";"ITC4";"S1314";"1671";""
"2023-04-30";"1070001";"1077778";"ITC4";"S14";"146378819";""
"2023-04-30";"1070001";"1077778";"ITC41";"S11001";"70494";""
"2023-04-30";"1070001";"1077778";"ITC41";"S11BI7";"254078";""
"2023-04-30";"1070001";"1077778";"ITC41";"S126";"17780";""
"2023-04-30";"1070001";"1077778";"ITC41";"S14";"11966708";""
"2023-04-30";"1070001";"1077778";"ITC4";"S11";"190252266";""
"2023-04-30";"1070001";"1077778";"ITC4";"S11001";"6013382";""
"2023-04-30";"1070001";"1077778";"ITC4";"S11BI8";"6087170";""
"2023-04-30";"1070001";"1077778";"IT";"S15";"7636945";""
"2023-04-30";"1070001";"1077778";"IT";"S1311";"178042744";""
"2023-04-30";"1070001";"1077778";"ITC4";"S128";"470748";""
"2023-04-30";"1070001";"1077778";"ITC4";"S12BI7";"77524384";""
"2023-04-30";"1070001";"1077778";"ITC4";"S13";"7675655";""
"2023-04-30";"1070001";"1077778";"ITC41";"S11BI8";"337256";""
"2023-04-30";"1070001";"1077778";"ITC41";"S127";"29027";""
"2023-04-30";"1070001";"1077778";"ITC41";"S1314";"7";""
"2023-04-30";"1070001";"1077778";"ITC4";"600";"132137933";""
"2023-04-30";"1070001";"1077778";"IT";"S11BI8";"35118695";""
"2023-04-30";"1070001";"1077778";"ITC41";"S11";"7163122";""
"2023-04-30";"1070001";"1077778";"ITC41";"S12BI7";"48127";""
"2023-04-30";"1070001";"1077778";"ITC41";"S15";"61173";""
"2023-04-30";"1070001";"1077778";"ITC4";"SBI59";"424081739";""
"2023-04-30";"1070001";"1077778";"ITC41";"450";"2441";""
"2023-04-30";"1070001";"1077778";"ITC41";"S12BI66";"1321";""
"2023-04-30";"1070001";"1077778";"IT";"S128";"3188173";""
"2023-04-30";"1070001";"1077778";"IT";"S14";"668637980";""
"2023-04-30";"1070001";"1077778";"ITC41";"S14BI2";"794166";""
"2023-03-31";"1070001";"1077778";"ITC4";"S11BI7";"3570795";""
"2023-03-31";"1070001";"1077778";"ITC4";"S11BI8";"6220221";""
"2023-03-31";"1070001";"1077778";"ITC4";"S1313";"7606701";""
"2023-03-31";"1070001";"1077778";"ITC4";"S14";"146891788";""
"2023-03-31";"1070001";"1077778";"ITC4";"SBI9";"38550";""
"2023-03-31";"1070001";"1077778";"ITC41";"600";"11201392";""
"2023-03-31";"1070001";"1077778";"ITC41";"S1311";"249";""
"2023-03-31";"1070001";"1077778";"IT";"S11001";"28712575";""
"2023-03-31";"1070001";"1077778";"IT";"S11BI32";"558770879";""
"2023-03-31";"1070001";"1077778";"IT";"S124";"15979358";""
"2023-03-31";"1070001";"1077778";"IT";"S12BI7";"138121036";""
"2023-03-31";"1070001";"1077778";"ITC41";"S11";"7261017";""
"2023-03-31";"1070001";"1077778";"ITC41";"S126";"17855";""
"2023-03-31";"1070001";"1077778";"ITC41";"S127";"30536";""
"2023-03-31";"1070001";"1077778";"ITC41";"S1313";"377759";""
"2023-03-31";"1070001";"1077778";"IT";"S15";"7705774";""
"2023-03-31";"1070001";"1077778";"ITC4";"S124";"11304537";""
"2023-03-31";"1070001";"1077778";"ITC4";"S126";"4717558";""
"2023-03-31";"1070001";"1077778";"ITC4";"S15";"2247768";""
"2023-03-31";"1070001";"1077778";"ITC41";"S12BI7";"49690";""
"2023-03-31";"1070001";"1077778";"ITC41";"S1314";"7";""
"2023-03-31";"1070001";"1077778";"ITC41";"S14BI2";"807778";""
"2023-03-31";"1070001";"1077778";"ITC41";"SBI9";"474";""
"2023-03-31";"1070001";"1077778";"IT";"S128";"3293632";""
"2023-03-31";"1070001";"1077778";"IT";"S12BI66";"96914012";""
"2023-03-31";"1070001";"1077778";"ITC4";"S14BI2";"14422878";""
"2023-03-31";"1070001";"1077778";"ITC41";"450";"2719";""
"2023-03-31";"1070001";"1077778";"ITC41";"S11BI7";"260215";""
"2023-03-31";"1070001";"1077778";"ITC41";"S15";"61132";""
"2023-03-31";"1070001";"1077778";"ITC41";"SBI25";"8068795";""
"2023-03-31";"1070001";"1077778";"ITC4";"450";"32490";""
"2023-03-31";"1070001";"1077778";"ITC4";"S11";"191466621";""
"2023-03-31";"1070001";"1077778";"ITC4";"S11BI32";"175664517";""
"2023-03-31";"1070001";"1077778";"ITC4";"S128";"482747";""
"2023-03-31";"1070001";"1077778";"ITC4";"S12BI7";"79695512";""
"2023-03-31";"1070001";"1077778";"ITC4";"S1311";"77183";""
"2023-03-31";"1070001";"1077778";"IT";"600";"594788234";""
"2023-03-31";"1070001";"1077778";"IT";"S11BI7";"15107419";""
"2023-03-31";"1070001";"1077778";"IT";"S129";"40103";""
"2023-03-31";"1070001";"1077778";"IT";"S14BI2";"76120979";""
"2023-03-31";"1070001";"1077778";"ITC4";"SBI59";"428025536";""
"2023-03-31";"1070001";"1077778";"ITC41";"S124";"0";""
"2023-03-31";"1070001";"1077778";"ITC41";"S13";"378015";""
"2023-03-31";"1070001";"1077778";"IT";"S11";"638571733";""
"2023-03-31";"1070001";"1077778";"IT";"SBI9";"176824";""
"2023-03-31";"1070001";"1077778";"ITC4";"S1314";"1414";""
"2023-03-31";"1070001";"1077778";"ITC4";"SBI25";"205889499";""
"2023-03-31";"1070001";"1077778";"ITC41";"S11BI8";"344733";""
"2023-03-31";"1070001";"1077778";"ITC41";"S14";"12009170";""
"2023-03-31";"1070001";"1077778";"IT";"S1313";"68492129";""
"2023-03-31";"1070001";"1077778";"IT";"S14";"670909212";""
"2023-03-31";"1070001";"1077778";"IT";"SBI59";"1706540568";""
"2023-03-31";"1070001";"1077778";"ITC4";"S127";"9227763";""
"2023-03-31";"1070001";"1077778";"ITC4";"S13";"7685298";""
"2023-03-31";"1070001";"1077778";"ITC41";"S11BI32";"6585363";""
"2023-03-31";"1070001";"1077778";"ITC41";"S12BI66";"1299";""
"2023-03-31";"1070001";"1077778";"ITC41";"SBI59";"19759498";""
"2023-03-31";"1070001";"1077778";"IT";"S13";"251055988";""
"2023-03-31";"1070001";"1077778";"IT";"S1311";"182495768";""
"2023-03-31";"1070001";"1077778";"IT";"S1314";"68091";""
"2023-03-31";"1070001";"1077778";"ITC4";"600";"132468909";""
"2023-03-31";"1070001";"1077778";"ITC4";"S11001";"5978597";""
"2023-03-31";"1070001";"1077778";"ITC4";"S129";"5479";""
"2023-03-31";"1070001";"1077778";"ITC4";"S12BI66";"53957427";""
"2023-03-31";"1070001";"1077778";"ITC41";"S11001";"67989";""
"2023-03-31";"1070001";"1077778";"IT";"450";"283414";""
"2023-03-31";"1070001";"1077778";"IT";"S11BI8";"35697445";""
"2023-03-31";"1070001";"1077778";"IT";"S126";"6281934";""
"2023-03-31";"1070001";"1077778";"IT";"S127";"15611997";""
"2023-03-31";"1070001";"1077778";"IT";"SBI25";"714692712";""
"2023-02-28";"1070001";"1077778";"IT";"S15";"7818865";""
"2023-02-28";"1070001";"1077778";"ITC41";"S11BI32";"6604480";""
"2023-02-28";"1070001";"1077778";"ITC4";"SBI25";"207341528";""
"2023-02-28";"1070001";"1077778";"ITC41";"S11BI8";"350288";""
"2023-02-28";"1070001";"1077778";"ITC41";"S11";"7288003";""
"2023-02-28";"1070001";"1077778";"ITC41";"S14";"12009083";""
"2023-02-28";"1070001";"1077778";"ITC4";"S1313";"7635942";""
"2023-02-28";"1070001";"1077778";"IT";"S126";"6364813";""
"2023-02-28";"1070001";"1077778";"IT";"600";"594542934";""
"2023-02-28";"1070001";"1077778";"IT";"450";"305753";""
"2023-02-28";"1070001";"1077778";"IT";"S12BI66";"94654242";""
"2023-02-28";"1070001";"1077778";"ITC4";"450";"33103";""
"2023-02-28";"1070001";"1077778";"ITC4";"S129";"23396";""
"2023-02-28";"1070001";"1077778";"IT";"S12BI7";"135509133";""
"2023-02-28";"1070001";"1077778";"ITC41";"S1313";"377494";""
"2023-02-28";"1070001";"1077778";"ITC41";"S12BI7";"49242";""
"2023-02-28";"1070001";"1077778";"ITC41";"450";"2707";""
"2023-02-28";"1070001";"1077778";"ITC4";"S11BI8";"6271262";""
"2023-02-28";"1070001";"1077778";"ITC41";"S1314";"7";""
"2023-02-28";"1070001";"1077778";"ITC41";"S124";"0";""
"2023-02-28";"1070001";"1077778";"ITC41";"S12BI66";"1300";""
"2023-02-28";"1070001";"1077778";"ITC4";"S11BI32";"177196544";""
"2023-02-28";"1070001";"1077778";"IT";"S1314";"62285";""
"2023-02-28";"1070001";"1077778";"ITC41";"S1311";"261";""
"2023-02-28";"1070001";"1077778";"IT";"SBI59";"1705184867";""
"2023-02-28";"1070001";"1077778";"IT";"S11";"638627952";""
"2023-02-28";"1070001";"1077778";"IT";"S14BI2";"76501629";""
"2023-02-28";"1070001";"1077778";"IT";"S1311";"183300955";""
"2023-02-28";"1070001";"1077778";"ITC4";"S124";"11141224";""
"2023-02-28";"1070001";"1077778";"ITC4";"S14BI2";"14496149";""
"2023-02-28";"1070001";"1077778";"ITC41";"S127";"29875";""
"2023-02-28";"1070001";"1077778";"IT";"S11BI8";"35966873";""
"2023-02-28";"1070001";"1077778";"ITC4";"SBI9";"42034";""
"2023-02-28";"1070001";"1077778";"ITC41";"SBI59";"19786819";""
"2023-02-28";"1070001";"1077778";"ITC4";"S14";"147031374";""
"2023-02-28";"1070001";"1077778";"IT";"S11BI32";"560028702";""
"2023-02-28";"1070001";"1077778";"ITC4";"S11001";"5737484";""
"2023-02-28";"1070001";"1077778";"IT";"S128";"3236193";""
"2023-02-28";"1070001";"1077778";"IT";"S11BI7";"15289741";""
"2023-02-28";"1070001";"1077778";"ITC4";"S12BI66";"52686819";""
"2023-02-28";"1070001";"1077778";"ITC41";"S126";"18067";""
"2023-02-28";"1070001";"1077778";"ITC41";"S11BI7";"263273";""
"2023-02-28";"1070001";"1077778";"IT";"SBI9";"125147";""
"2023-02-28";"1070001";"1077778";"IT";"SBI25";"715129581";""
"2023-02-28";"1070001";"1077778";"ITC4";"S127";"8984632";""
"2023-02-28";"1070001";"1077778";"ITC4";"S128";"501044";""
"2023-02-28";"1070001";"1077778";"ITC41";"S11001";"67255";""
"2023-02-28";"1070001";"1077778";"ITC4";"S13";"7714574";""
"2023-02-28";"1070001";"1077778";"ITC41";"600";"11192727";""
"2023-02-28";"1070001";"1077778";"IT";"S11001";"27036884";""
"2023-02-28";"1070001";"1077778";"ITC4";"S1311";"77717";""
"2023-02-28";"1070001";"1077778";"ITC4";"S1314";"915";""
"2023-02-28";"1070001";"1077778";"IT";"S13";"252059208";""
"2023-02-28";"1070001";"1077778";"IT";"S124";"15812252";""
"2023-02-28";"1070001";"1077778";"ITC4";"S15";"2300091";""
"2023-02-28";"1070001";"1077778";"IT";"S14";"671044563";""
"2023-02-28";"1070001";"1077778";"ITC4";"S126";"4774932";""
"2023-02-28";"1070001";"1077778";"IT";"S129";"56068";""
"2023-02-28";"1070001";"1077778";"ITC4";"SBI59";"428045499";""
"2023-02-28";"1070001";"1077778";"ITC41";"SBI25";"8104360";""
"2023-02-28";"1070001";"1077778";"ITC4";"S11BI7";"3606986";""
"2023-02-28";"1070001";"1077778";"ITC41";"SBI9";"250";""
"2023-02-28";"1070001";"1077778";"ITC4";"S12BI7";"78112047";""
"2023-02-28";"1070001";"1077778";"ITC41";"S13";"377762";""
"2023-02-28";"1070001";"1077778";"IT";"S127";"15385564";""
"2023-02-28";"1070001";"1077778";"ITC41";"S14BI2";"816356";""
"2023-02-28";"1070001";"1077778";"IT";"S1313";"68695967";""
"2023-02-28";"1070001";"1077778";"ITC4";"600";"132535225";""
"2023-02-28";"1070001";"1077778";"ITC41";"S15";"62479";""
"2023-02-28";"1070001";"1077778";"ITC4";"S11";"192845379";""
"2023-01-31";"1070001";"1077778";"ITC41";"S14BI2";"817698";""
"2023-01-31";"1070001";"1077778";"ITC4";"S11";"193568092";""
"2023-01-31";"1070001";"1077778";"ITC41";"S1314";"7";""
"2023-01-31";"1070001";"1077778";"ITC4";"S124";"11034445";""
"2023-01-31";"1070001";"1077778";"ITC41";"S11";"7370966";""
"2023-01-31";"1070001";"1077778";"ITC41";"S1313";"378471";""
"2023-01-31";"1070001";"1077778";"ITC41";"S12BI66";"1301";""
"2023-01-31";"1070001";"1077778";"ITC41";"S11BI7";"268333";""
"2023-01-31";"1070001";"1077778";"ITC41";"S11001";"71736";""
"2023-01-31";"1070001";"1077778";"IT";"S129";"22368";""
"2023-01-31";"1070001";"1077778";"ITC4";"S13";"7598713";""
"2023-01-31";"1070001";"1077778";"ITC4";"S128";"558099";""
"2023-01-31";"1070001";"1077778";"ITC41";"S127";"31411";""
"2023-01-31";"1070001";"1077778";"ITC4";"S14";"147534772";""
"2023-01-31";"1070001";"1077778";"ITC4";"S126";"4981588";""
"2023-01-31";"1070001";"1077778";"IT";"S1313";"68618202";""
"2023-01-31";"1070001";"1077778";"IT";"SBI9";"144255";""
"2023-01-31";"1070001";"1077778";"ITC4";"S15";"2289567";""
"2023-01-31";"1070001";"1077778";"ITC4";"S12BI7";"79692502";""
"2023-01-31";"1070001";"1077778";"ITC41";"SBI9";"380";""
"2023-01-31";"1070001";"1077778";"ITC41";"S124";"0";""
"2023-01-31";"1070001";"1077778";"ITC4";"SBI25";"208183429";""
"2023-01-31";"1070001";"1077778";"IT";"S11BI32";"561390403";""
"2023-01-31";"1070001";"1077778";"IT";"S1314";"72844";""
"2023-01-31";"1070001";"1077778";"IT";"S127";"15241493";""
"2023-01-31";"1070001";"1077778";"ITC41";"600";"11226948";""
"2023-01-31";"1070001";"1077778";"IT";"S126";"6650126";""
"2023-01-31";"1070001";"1077778";"ITC41";"S12BI7";"50550";""
"2023-01-31";"1070001";"1077778";"ITC4";"S1314";"927";""
"2023-01-31";"1070001";"1077778";"IT";"S14";"672448895";""
"2023-01-31";"1070001";"1077778";"IT";"S12BI7";"138350557";""
"2023-01-31";"1070001";"1077778";"ITC41";"SBI25";"8188664";""
"2023-01-31";"1070001";"1077778";"ITC41";"S15";"62573";""
"2023-01-31";"1070001";"1077778";"ITC4";"S127";"8805690";""
"2023-01-31";"1070001";"1077778";"ITC41";"S14";"12044646";""
"2023-01-31";"1070001";"1077778";"ITC4";"S129";"2314";""
"2023-01-31";"1070001";"1077778";"ITC41";"S11BI32";"6674833";""
"2023-01-31";"1070001";"1077778";"ITC41";"S13";"378937";""
"2023-01-31";"1070001";"1077778";"ITC4";"S1311";"82934";""
"2023-01-31";"1070001";"1077778";"ITC4";"600";"132919435";""
"2023-01-31";"1070001";"1077778";"IT";"S11BI7";"15459007";""
"2023-01-31";"1070001";"1077778";"IT";"SBI59";"1715699931";""
"2023-01-31";"1070001";"1077778";"IT";"S13";"256510098";""
"2023-01-31";"1070001";"1077778";"IT";"S11";"640390796";""
"2023-01-31";"1070001";"1077778";"ITC4";"S11BI8";"6333627";""
"2023-01-31";"1070001";"1077778";"IT";"S12BI66";"97336531";""
"2023-01-31";"1070001";"1077778";"ITC4";"S11BI32";"177633446";""
"2023-01-31";"1070001";"1077778";"ITC41";"S1311";"458";""
"2023-01-31";"1070001";"1077778";"ITC4";"SBI9";"42592";""
"2023-01-31";"1070001";"1077778";"IT";"600";"595425058";""
"2023-01-31";"1070001";"1077778";"IT";"S1311";"187819052";""
"2023-01-31";"1070001";"1077778";"IT";"S128";"3420339";""
"2023-01-31";"1070001";"1077778";"ITC4";"S12BI66";"54310367";""
"2023-01-31";"1070001";"1077778";"ITC4";"450";"33412";""
"2023-01-31";"1070001";"1077778";"IT";"S124";"15679700";""
"2023-01-31";"1070001";"1077778";"IT";"SBI25";"717414633";""
"2023-01-31";"1070001";"1077778";"ITC41";"S11BI8";"353440";""
"2023-01-31";"1070001";"1077778";"ITC4";"S1313";"7514852";""
"2023-01-31";"1070001";"1077778";"IT";"S14BI2";"77023837";""
"2023-01-31";"1070001";"1077778";"ITC4";"S14BI2";"14615337";""
"2023-01-31";"1070001";"1077778";"IT";"S15";"7855331";""
"2023-01-31";"1070001";"1077778";"IT";"450";"316591";""
"2023-01-31";"1070001";"1077778";"ITC41";"SBI59";"19908052";""
"2023-01-31";"1070001";"1077778";"ITC41";"S126";"17838";""
"2023-01-31";"1070001";"1077778";"ITC41";"450";"2624";""
"2023-01-31";"1070001";"1077778";"IT";"S11BI8";"36224413";""
"2023-01-31";"1070001";"1077778";"ITC4";"S11BI7";"3667307";""
"2023-01-31";"1070001";"1077778";"ITC4";"S11001";"5900300";""
"2023-01-31";"1070001";"1077778";"ITC4";"SBI59";"430726238";""
"2023-01-31";"1070001";"1077778";"IT";"S11001";"27000382";""
"2022-12-31";"1070001";"1077778";"ITC41";"S11001";"71835";""
"2022-12-31";"1070001";"1077778";"IT";"S11";"641435223";""
"2022-12-31";"1070001";"1077778";"IT";"600";"595147290";""
"2022-12-31";"1070001";"1077778";"ITC41";"S1311";"494";""
"2022-12-31";"1070001";"1077778";"ITC41";"S11BI32";"6703987";""
"2022-12-31";"1070001";"1077778";"IT";"S127";"18210357";""
"2022-12-31";"1070001";"1077778";"ITC4";"SBI59";"434467141";""
"2022-12-31";"1070001";"1077778";"ITC4";"S124";"10908644";""
"2022-12-31";"1070001";"1077778";"IT";"SBI9";"131021";""
"2022-12-31";"1070001";"1077778";"IT";"S14";"672515545";""
"2022-12-31";"1070001";"1077778";"ITC4";"S13";"7462104";""
"2022-12-31";"1070001";"1077778";"ITC4";"S126";"4944866";""
"2022-12-31";"1070001";"1077778";"IT";"S1311";"195798522";""
"2022-12-31";"1070001";"1077778";"ITC41";"S1313";"371945";""
"2022-12-31";"1070001";"1077778";"IT";"S12BI66";"102394953";""
"2022-12-31";"1070001";"1077778";"ITC4";"S1314";"968";""
"2022-12-31";"1070001";"1077778";"IT";"SBI59";"1734671073";""
"2022-12-31";"1070001";"1077778";"ITC4";"S11BI8";"6363380";""
"2022-12-31";"1070001";"1077778";"ITC4";"S14BI2";"14674546";""
"2022-12-31";"1070001";"1077778";"IT";"S14BI2";"77368255";""
"2022-12-31";"1070001";"1077778";"ITC4";"S11BI32";"178185435";""
"2022-12-31";"1070001";"1077778";"ITC41";"S13";"372446";""
"2022-12-31";"1070001";"1077778";"ITC4";"S128";"626817";""
"2022-12-31";"1070001";"1077778";"IT";"S13";"263427346";""
"2022-12-31";"1070001";"1077778";"IT";"S11BI32";"561607018";""
"2022-12-31";"1070001";"1077778";"IT";"S15";"7810818";""
"2022-12-31";"1070001";"1077778";"IT";"S11BI7";"15379583";""
"2022-12-31";"1070001";"1077778";"ITC4";"S129";"3962";""
"2022-12-31";"1070001";"1077778";"ITC4";"S11";"193866034";""
"2022-12-31";"1070001";"1077778";"IT";"S12BI7";"149351120";""
"2022-12-31";"1070001";"1077778";"ITC4";"S11001";"5640198";""
"2022-12-31";"1070001";"1077778";"IT";"450";"343059";""
"2022-12-31";"1070001";"1077778";"ITC41";"S14BI2";"820064";""
"2022-12-31";"1070001";"1077778";"ITC41";"S124";"0";""
"2022-12-31";"1070001";"1077778";"ITC4";"600";"132950741";""
"2022-12-31";"1070001";"1077778";"ITC41";"S11";"7397614";""
"2022-12-31";"1070001";"1077778";"ITC4";"S15";"2333621";""
"2022-12-31";"1070001";"1077778";"IT";"S1314";"77096";""
"2022-12-31";"1070001";"1077778";"ITC41";"S1314";"7";""
"2022-12-31";"1070001";"1077778";"IT";"S126";"9718210";""
"2022-12-31";"1070001";"1077778";"ITC4";"S127";"9110332";""
"2022-12-31";"1070001";"1077778";"ITC41";"600";"11249321";""
"2022-12-31";"1070001";"1077778";"ITC4";"S12BI66";"57539024";""
"2022-12-31";"1070001";"1077778";"IT";"S11BI8";"36238927";""
"2022-12-31";"1070001";"1077778";"ITC41";"S12BI66";"1272";""
"2022-12-31";"1070001";"1077778";"ITC4";"S14";"147625287";""
"2022-12-31";"1070001";"1077778";"ITC4";"S1313";"7345696";""
"2022-12-31";"1070001";"1077778";"ITC41";"S126";"18081";""
"2022-12-31";"1070001";"1077778";"ITC4";"S11BI7";"3639257";""
"2022-12-31";"1070001";"1077778";"ITC41";"S11BI7";"266703";""
"2022-12-31";"1070001";"1077778";"IT";"S128";"3441658";""
"2022-12-31";"1070001";"1077778";"ITC41";"S14";"12069386";""
"2022-12-31";"1070001";"1077778";"ITC41";"S15";"63179";""
"2022-12-31";"1070001";"1077778";"ITC41";"S12BI7";"51651";""
"2022-12-31";"1070001";"1077778";"ITC41";"S11BI8";"352437";""
"2022-12-31";"1070001";"1077778";"ITC41";"SBI9";"714";""
"2022-12-31";"1070001";"1077778";"ITC41";"SBI59";"19954990";""
"2022-12-31";"1070001";"1077778";"IT";"S1313";"67551727";""
"2022-12-31";"1070001";"1077778";"ITC41";"SBI25";"8217678";""
"2022-12-31";"1070001";"1077778";"IT";"S124";"15564176";""
"2022-12-31";"1070001";"1077778";"ITC41";"S127";"32298";""
"2022-12-31";"1070001";"1077778";"ITC4";"SBI25";"208540581";""
"2022-12-31";"1070001";"1077778";"IT";"S11001";"27866635";""
"2022-12-31";"1070001";"1077778";"ITC4";"SBI9";"46448";""
"2022-12-31";"1070001";"1077778";"ITC4";"S12BI7";"83133646";""
"2022-12-31";"1070001";"1077778";"ITC4";"450";"37765";""
"2022-12-31";"1070001";"1077778";"IT";"SBI25";"718803478";""
"2022-12-31";"1070001";"1077778";"IT";"S129";"21766";""
"2022-12-31";"1070001";"1077778";"ITC41";"450";"2652";""
"2022-12-31";"1070001";"1077778";"ITC4";"S1311";"115440";""
"2022-11-30";"1070001";"1077778";"IT";"S1313";"68019261";""
"2022-11-30";"1070001";"1077778";"ITC4";"S129";"2477";""
"2022-11-30";"1070001";"1077778";"IT";"S124";"15815944";""
"2022-11-30";"1070001";"1077778";"IT";"S14BI2";"77882513";""
"2022-11-30";"1070001";"1077778";"ITC4";"S11BI8";"6495304";""
"2022-11-30";"1070001";"1077778";"IT";"S11001";"32661125";""
"2022-11-30";"1070001";"1077778";"IT";"600";"595641951";""
"2022-11-30";"1070001";"1077778";"ITC41";"S12BI66";"1269";""
"2022-11-30";"1070001";"1077778";"IT";"S15";"7997685";""
"2022-11-30";"1070001";"1077778";"IT";"S12BI66";"92905844";""
"2022-11-30";"1070001";"1077778";"IT";"S13";"255236159";""
"2022-11-30";"1070001";"1077778";"IT";"450";"341571";""
"2022-11-30";"1070001";"1077778";"ITC4";"S126";"4714944";""
"2022-11-30";"1070001";"1077778";"ITC4";"S11BI7";"3722244";""
"2022-11-30";"1070001";"1077778";"ITC4";"600";"132910141";""
"2022-11-30";"1070001";"1077778";"ITC41";"SBI59";"20038115";""
"2022-11-30";"1070001";"1077778";"IT";"SBI9";"125774";""
"2022-11-30";"1070001";"1077778";"ITC41";"450";"2563";""
"2022-11-30";"1070001";"1077778";"ITC4";"S11001";"5953244";""
"2022-11-30";"1070001";"1077778";"IT";"S11BI8";"37038365";""
"2022-11-30";"1070001";"1077778";"IT";"S14";"673524465";""
"2022-11-30";"1070001";"1077778";"ITC4";"S128";"620568";""
"2022-11-30";"1070001";"1077778";"ITC4";"450";"37033";""
"2022-11-30";"1070001";"1077778";"ITC4";"S127";"8971992";""
"2022-11-30";"1070001";"1077778";"ITC41";"S14BI2";"830128";""
"2022-11-30";"1070001";"1077778";"ITC4";"S12BI7";"77064055";""
"2022-11-30";"1070001";"1077778";"ITC41";"S127";"33062";""
"2022-11-30";"1070001";"1077778";"ITC41";"SBI25";"8308767";""
"2022-11-30";"1070001";"1077778";"IT";"S11BI32";"572602054";""
"2022-11-30";"1070001";"1077778";"ITC41";"S15";"61224";""
"2022-11-30";"1070001";"1077778";"ITC41";"600";"11234322";""
"2022-11-30";"1070001";"1077778";"ITC4";"SBI59";"431648516";""
"2022-11-30";"1070001";"1077778";"IT";"S11";"658387549";""
"2022-11-30";"1070001";"1077778";"ITC4";"SBI25";"211841468";""
"2022-11-30";"1070001";"1077778";"ITC4";"S11";"197041061";""
"2022-11-30";"1070001";"1077778";"ITC4";"S11BI32";"180833237";""
"2022-11-30";"1070001";"1077778";"IT";"S1314";"70070";""
"2022-11-30";"1070001";"1077778";"ITC41";"S12BI7";"52977";""
"2022-11-30";"1070001";"1077778";"IT";"S127";"18262305";""
"2022-11-30";"1070001";"1077778";"ITC41";"SBI9";"812";""
"2022-11-30";"1070001";"1077778";"IT";"S12BI7";"139990457";""
"2022-11-30";"1070001";"1077778";"IT";"S11BI7";"15744433";""
"2022-11-30";"1070001";"1077778";"IT";"SBI59";"1735262089";""
"2022-11-30";"1070001";"1077778";"ITC41";"S11BI7";"273183";""
"2022-11-30";"1070001";"1077778";"ITC41";"S11BI32";"6770704";""
"2022-11-30";"1070001";"1077778";"ITC41";"S11001";"72852";""
"2022-11-30";"1070001";"1077778";"ITC4";"S1311";"54346";""
"2022-11-30";"1070001";"1077778";"ITC4";"S1314";"937";""
"2022-11-30";"1070001";"1077778";"ITC41";"S126";"18646";""
"2022-11-30";"1070001";"1077778";"IT";"S129";"25310";""
"2022-11-30";"1070001";"1077778";"ITC41";"S124";"0";""
"2022-11-30";"1070001";"1077778";"ITC4";"S15";"2359272";""
"2022-11-30";"1070001";"1077778";"ITC4";"S14BI2";"14800407";""
"2022-11-30";"1070001";"1077778";"ITC4";"S12BI66";"51696653";""
"2022-11-30";"1070001";"1077778";"ITC41";"S13";"380014";""
"2022-11-30";"1070001";"1077778";"ITC41";"S11";"7478639";""
"2022-11-30";"1070001";"1077778";"IT";"S126";"9529066";""
"2022-11-30";"1070001";"1077778";"IT";"S128";"3451988";""
"2022-11-30";"1070001";"1077778";"IT";"SBI25";"736270062";""
"2022-11-30";"1070001";"1077778";"ITC41";"S1311";"479";""
"2022-11-30";"1070001";"1077778";"ITC41";"S1314";"3";""
"2022-11-30";"1070001";"1077778";"ITC41";"S14";"12064450";""
"2022-11-30";"1070001";"1077778";"IT";"S1311";"187146827";""
"2022-11-30";"1070001";"1077778";"ITC41";"S1313";"379532";""
"2022-11-30";"1070001";"1077778";"ITC41";"S11BI8";"359336";""
"2022-11-30";"1070001";"1077778";"ITC4";"S124";"11057421";""
"2022-11-30";"1070001";"1077778";"ITC4";"S13";"7431120";""
"2022-11-30";"1070001";"1077778";"ITC4";"S1313";"7375837";""
"2022-11-30";"1070001";"1077778";"ITC4";"SBI9";"42459";""
"2022-11-30";"1070001";"1077778";"ITC4";"S14";"147710549";""
"2022-10-31";"1070001";"1077778";"ITC4";"S1314";"927";""
"2022-10-31";"1070001";"1077778";"ITC4";"SBI9";"36624";""
"2022-10-31";"1070001";"1077778";"IT";"S126";"6475532";""
"2022-10-31";"1070001";"1077778";"IT";"S12BI66";"93415508";""
"2022-10-31";"1070001";"1077778";"IT";"600";"594127759";""
"2022-10-31";"1070001";"1077778";"ITC41";"S124";"0";""
"2022-10-31";"1070001";"1077778";"ITC4";"SBI59";"432840054";""
"2022-10-31";"1070001";"1077778";"ITC41";"SBI9";"684";""
"2022-10-31";"1070001";"1077778";"ITC4";"S1311";"59217";""
"2022-10-31";"1070001";"1077778";"IT";"S11BI8";"37400204";""
"2022-10-31";"1070001";"1077778";"ITC4";"S129";"1747";""
"2022-10-31";"1070001";"1077778";"ITC4";"450";"29142";""
"2022-10-31";"1070001";"1077778";"ITC4";"S127";"8628875";""
"2022-10-31";"1070001";"1077778";"IT";"SBI59";"1734874606";""
"2022-10-31";"1070001";"1077778";"IT";"SBI9";"114894";""
"2022-10-31";"1070001";"1077778";"IT";"SBI25";"739010452";""
"2022-10-31";"1070001";"1077778";"ITC4";"S126";"4754542";""
"2022-10-31";"1070001";"1077778";"IT";"S127";"15245423";""
"2022-10-31";"1070001";"1077778";"ITC41";"S1311";"480";""
"2022-10-31";"1070001";"1077778";"IT";"450";"283549";""
"2022-10-31";"1070001";"1077778";"ITC41";"S12BI66";"1271";""
"2022-10-31";"1070001";"1077778";"ITC41";"S11BI32";"6884147";""
"2022-10-31";"1070001";"1077778";"IT";"S11BI32";"574711339";""
"2022-10-31";"1070001";"1077778";"ITC41";"S12BI7";"52841";""
"2022-10-31";"1070001";"1077778";"ITC41";"S11";"7618560";""
"2022-10-31";"1070001";"1077778";"ITC41";"S127";"32491";""
"2022-10-31";"1070001";"1077778";"ITC41";"S14BI2";"838921";""
"2022-10-31";"1070001";"1077778";"IT";"S15";"7754629";""
"2022-10-31";"1070001";"1077778";"IT";"S1314";"60280";""
"2022-10-31";"1070001";"1077778";"ITC4";"S11";"198976382";""
"2022-10-31";"1070001";"1077778";"ITC41";"S11BI8";"375670";""
"2022-10-31";"1070001";"1077778";"IT";"S1313";"67808231";""
"2022-10-31";"1070001";"1077778";"ITC41";"S1313";"376611";""
"2022-10-31";"1070001";"1077778";"ITC41";"SBI25";"8457481";""
"2022-10-31";"1070001";"1077778";"ITC41";"450";"2541";""
"2022-10-31";"1070001";"1077778";"IT";"S11001";"32624018";""
"2022-10-31";"1070001";"1077778";"IT";"S14";"672288551";""
"2022-10-31";"1070001";"1077778";"ITC41";"600";"11199240";""
"2022-10-31";"1070001";"1077778";"ITC41";"S11001";"72963";""
"2022-10-31";"1070001";"1077778";"ITC41";"S13";"377094";""
"2022-10-31";"1070001";"1077778";"ITC41";"S126";"19079";""
"2022-10-31";"1070001";"1077778";"ITC4";"S1313";"7364308";""
"2022-10-31";"1070001";"1077778";"ITC4";"S14";"147375443";""
"2022-10-31";"1070001";"1077778";"ITC4";"S12BI7";"76692049";""
"2022-10-31";"1070001";"1077778";"IT";"S12BI7";"134127276";""
"2022-10-31";"1070001";"1077778";"IT";"S124";"15494726";""
"2022-10-31";"1070001";"1077778";"ITC4";"S11BI32";"182314063";""
"2022-10-31";"1070001";"1077778";"ITC41";"S14";"12038161";""
"2022-10-31";"1070001";"1077778";"IT";"S1311";"191871078";""
"2022-10-31";"1070001";"1077778";"ITC41";"S15";"61792";""
"2022-10-31";"1070001";"1077778";"ITC4";"S14BI2";"14830087";""
"2022-10-31";"1070001";"1077778";"ITC4";"S128";"653753";""
"2022-10-31";"1070001";"1077778";"ITC4";"600";"132545357";""
"2022-10-31";"1070001";"1077778";"ITC4";"SBI25";"213806469";""
"2022-10-31";"1070001";"1077778";"IT";"S13";"259739588";""
"2022-10-31";"1070001";"1077778";"IT";"S11";"660849661";""
"2022-10-31";"1070001";"1077778";"ITC41";"S1314";"3";""
"2022-10-31";"1070001";"1077778";"ITC4";"S12BI66";"51899339";""
"2022-10-31";"1070001";"1077778";"IT";"S129";"21688";""
"2022-10-31";"1070001";"1077778";"ITC4";"S124";"10753793";""
"2022-10-31";"1070001";"1077778";"ITC4";"S11001";"6256782";""
"2022-10-31";"1070001";"1077778";"IT";"S11BI7";"15830550";""
"2022-10-31";"1070001";"1077778";"IT";"S128";"3474397";""
"2022-10-31";"1070001";"1077778";"IT";"S14BI2";"78160792";""
"2022-10-31";"1070001";"1077778";"ITC41";"S11BI7";"283239";""
"2022-10-31";"1070001";"1077778";"ITC4";"S13";"7424451";""
"2022-10-31";"1070001";"1077778";"ITC4";"S11BI8";"6609770";""
"2022-10-31";"1070001";"1077778";"ITC4";"S11BI7";"3766625";""
"2022-10-31";"1070001";"1077778";"ITC41";"SBI59";"20149131";""
"2022-10-31";"1070001";"1077778";"ITC4";"S15";"2335094";""
"2022-09-30";"1070001";"1077778";"IT";"600";"592871727";""
"2022-09-30";"1070001";"1077778";"ITC41";"S1313";"384510";""
"2022-09-30";"1070001";"1077778";"ITC4";"S128";"666653";""
"2022-09-30";"1070001";"1077778";"ITC4";"S127";"8152315";""
"2022-09-30";"1070001";"1077778";"ITC4";"S1313";"7387660";""
"2022-09-30";"1070001";"1077778";"IT";"S15";"7640842";""
"2022-09-30";"1070001";"1077778";"IT";"S13";"260516181";""
"2022-09-30";"1070001";"1077778";"ITC4";"S126";"4642516";""
"2022-09-30";"1070001";"1077778";"ITC4";"450";"29405";""
"2022-09-30";"1070001";"1077778";"IT";"S11001";"35795125";""
"2022-09-30";"1070001";"1077778";"ITC4";"S14";"147161412";""
"2022-09-30";"1070001";"1077778";"IT";"S1314";"97457";""
"2022-09-30";"1070001";"1077778";"IT";"SBI25";"749063517";""
"2022-09-30";"1070001";"1077778";"ITC41";"S126";"19177";""
"2022-09-30";"1070001";"1077778";"ITC41";"S12BI7";"52719";""
"2022-09-30";"1070001";"1077778";"ITC4";"SBI25";"216678243";""
"2022-09-30";"1070001";"1077778";"IT";"S1311";"192725497";""
"2022-09-30";"1070001";"1077778";"IT";"SBI9";"95405";""
"2022-09-30";"1070001";"1077778";"IT";"S14BI2";"78640881";""
"2022-09-30";"1070001";"1077778";"ITC4";"S124";"11040434";""
"2022-09-30";"1070001";"1077778";"ITC4";"S11001";"6740866";""
"2022-09-30";"1070001";"1077778";"ITC4";"600";"132237120";""
"2022-09-30";"1070001";"1077778";"IT";"S12BI66";"96099221";""
"2022-09-30";"1070001";"1077778";"IT";"450";"263357";""
"2022-09-30";"1070001";"1077778";"ITC4";"S11BI8";"6663662";""
"2022-09-30";"1070001";"1077778";"ITC41";"S124";"17";""
"2022-09-30";"1070001";"1077778";"IT";"S12BI7";"136989508";""
"2022-09-30";"1070001";"1077778";"IT";"S11";"670422636";""
"2022-09-30";"1070001";"1077778";"ITC41";"S14";"12034713";""
"2022-09-30";"1070001";"1077778";"ITC41";"S1311";"473";""
"2022-09-30";"1070001";"1077778";"ITC41";"S11BI7";"287525";""
"2022-09-30";"1070001";"1077778";"IT";"S1313";"67693226";""
"2022-09-30";"1070001";"1077778";"ITC41";"S14BI2";"846575";""
"2022-09-30";"1070001";"1077778";"ITC41";"450";"2495";""
"2022-09-30";"1070001";"1077778";"ITC4";"S11";"201753951";""
"2022-09-30";"1070001";"1077778";"ITC41";"S11";"7848204";""
"2022-09-30";"1070001";"1077778";"ITC41";"S11001";"68631";""
"2022-09-30";"1070001";"1077778";"ITC4";"S12BI66";"52476172";""
"2022-09-30";"1070001";"1077778";"IT";"S126";"6357521";""
"2022-09-30";"1070001";"1077778";"IT";"S11BI8";"37649948";""
"2022-09-30";"1070001";"1077778";"ITC41";"SBI9";"693";""
"2022-09-30";"1070001";"1077778";"ITC41";"S1314";"4";""
"2022-09-30";"1070001";"1077778";"IT";"S11BI32";"580696089";""
"2022-09-30";"1070001";"1077778";"ITC4";"S15";"2322934";""
"2022-09-30";"1070001";"1077778";"ITC4";"S14BI2";"14924292";""
"2022-09-30";"1070001";"1077778";"ITC4";"SBI9";"32879";""
"2022-09-30";"1070001";"1077778";"ITC41";"SBI59";"20383961";""
"2022-09-30";"1070001";"1077778";"ITC4";"SBI59";"435709015";""
"2022-09-30";"1070001";"1077778";"ITC41";"S11BI8";"377562";""
"2022-09-30";"1070001";"1077778";"ITC41";"600";"11188137";""
"2022-09-30";"1070001";"1077778";"ITC41";"S127";"32255";""
"2022-09-30";"1070001";"1077778";"ITC41";"S15";"62646";""
"2022-09-30";"1070001";"1077778";"IT";"S14";"671512608";""
"2022-09-30";"1070001";"1077778";"ITC41";"S13";"384987";""
"2022-09-30";"1070001";"1077778";"ITC4";"S129";"3220";""
"2022-09-30";"1070001";"1077778";"IT";"S128";"3553780";""
"2022-09-30";"1070001";"1077778";"IT";"S129";"19474";""
"2022-09-30";"1070001";"1077778";"IT";"SBI59";"1747177179";""
"2022-09-30";"1070001";"1077778";"ITC4";"S13";"7456530";""
"2022-09-30";"1070001";"1077778";"ITC4";"S1311";"67933";""
"2022-09-30";"1070001";"1077778";"ITC4";"S1314";"937";""
"2022-09-30";"1070001";"1077778";"IT";"S11BI7";"16018117";""
"2022-09-30";"1070001";"1077778";"IT";"S124";"15876097";""
"2022-09-30";"1070001";"1077778";"ITC4";"S11BI32";"184493954";""
"2022-09-30";"1070001";"1077778";"ITC4";"S11BI7";"3826064";""
"2022-09-30";"1070001";"1077778";"ITC41";"S12BI66";"1270";""
"2022-09-30";"1070001";"1077778";"ITC41";"SBI25";"8694779";""
"2022-09-30";"1070001";"1077778";"IT";"S127";"15083414";""
"2022-09-30";"1070001";"1077778";"ITC41";"S11BI32";"7111991";""
"2022-09-30";"1070001";"1077778";"ITC4";"S12BI7";"76981309";""
"2022-08-31";"1070001";"1077778";"IT";"S129";"17467";""
"2022-08-31";"1070001";"1077778";"ITC41";"S15";"63849";""
"2022-08-31";"1070001";"1077778";"ITC41";"S14BI2";"846964";""
"2022-08-31";"1070001";"1077778";"IT";"S124";"15824039";""
"2022-08-31";"1070001";"1077778";"ITC41";"SBI59";"20358509";""
"2022-08-31";"1070001";"1077778";"ITC41";"S11001";"68564";""
"2022-08-31";"1070001";"1077778";"ITC4";"S12BI66";"52080974";""
"2022-08-31";"1070001";"1077778";"ITC4";"S11001";"6905600";""
"2022-08-31";"1070001";"1077778";"IT";"S12BI66";"94726817";""
"2022-08-31";"1070001";"1077778";"ITC41";"S12BI7";"57873";""
"2022-08-31";"1070001";"1077778";"IT";"S1314";"111079";""
"2022-08-31";"1070001";"1077778";"ITC41";"SBI25";"8719992";""
"2022-08-31";"1070001";"1077778";"ITC41";"S11BI8";"384550";""
"2022-08-31";"1070001";"1077778";"ITC4";"S11BI8";"6718177";""
"2022-08-31";"1070001";"1077778";"ITC41";"S11";"7873028";""
"2022-08-31";"1070001";"1077778";"ITC4";"S11";"201649582";""
"2022-08-31";"1070001";"1077778";"ITC4";"S11BI7";"3834022";""
"2022-08-31";"1070001";"1077778";"ITC4";"S12BI7";"76667316";""
"2022-08-31";"1070001";"1077778";"ITC41";"S126";"19257";""
"2022-08-31";"1070001";"1077778";"ITC4";"S14BI2";"14944320";""
"2022-08-31";"1070001";"1077778";"ITC41";"S12BI66";"1273";""
"2022-08-31";"1070001";"1077778";"ITC4";"SBI25";"216593901";""
"2022-08-31";"1070001";"1077778";"IT";"600";"590300608";""
"2022-08-31";"1070001";"1077778";"IT";"SBI25";"751638948";""
"2022-08-31";"1070001";"1077778";"ITC4";"S126";"5185485";""
"2022-08-31";"1070001";"1077778";"ITC4";"S1314";"952";""
"2022-08-31";"1070001";"1077778";"ITC4";"450";"33552";""
"2022-08-31";"1070001";"1077778";"ITC41";"S1311";"481";""
"2022-08-31";"1070001";"1077778";"ITC41";"SBI9";"672";""
"2022-08-31";"1070001";"1077778";"ITC4";"S14";"146595222";""
"2022-08-31";"1070001";"1077778";"IT";"SBI59";"1746683312";""
"2022-08-31";"1070001";"1077778";"IT";"S13";"261081532";""
"2022-08-31";"1070001";"1077778";"IT";"S11BI8";"37885831";""
"2022-08-31";"1070001";"1077778";"ITC41";"600";"11136460";""
"2022-08-31";"1070001";"1077778";"IT";"S126";"6880960";""
"2022-08-31";"1070001";"1077778";"IT";"S11";"672877604";""
"2022-08-31";"1070001";"1077778";"ITC4";"S128";"670296";""
"2022-08-31";"1070001";"1077778";"ITC4";"600";"131650902";""
"2022-08-31";"1070001";"1077778";"ITC4";"SBI9";"30740";""
"2022-08-31";"1070001";"1077778";"ITC4";"S13";"7432071";""
"2022-08-31";"1070001";"1077778";"ITC4";"S127";"7794830";""
"2022-08-31";"1070001";"1077778";"ITC4";"S1313";"7372809";""
"2022-08-31";"1070001";"1077778";"IT";"S1311";"193400615";""
"2022-08-31";"1070001";"1077778";"IT";"S1313";"67569837";""
"2022-08-31";"1070001";"1077778";"ITC41";"S13";"379663";""
"2022-08-31";"1070001";"1077778";"ITC41";"450";"2469";""
"2022-08-31";"1070001";"1077778";"ITC4";"S1311";"58310";""
"2022-08-31";"1070001";"1077778";"ITC4";"S124";"10933496";""
"2022-08-31";"1070001";"1077778";"IT";"S12BI7";"136132591";""
"2022-08-31";"1070001";"1077778";"IT";"S127";"15179663";""
"2022-08-31";"1070001";"1077778";"ITC4";"S129";"2236";""
"2022-08-31";"1070001";"1077778";"ITC4";"S11BI32";"184158231";""
"2022-08-31";"1070001";"1077778";"IT";"450";"268284";""
"2022-08-31";"1070001";"1077778";"IT";"SBI9";"92486";""
"2022-08-31";"1070001";"1077778";"IT";"S128";"3503645";""
"2022-08-31";"1070001";"1077778";"IT";"S11BI32";"579995749";""
"2022-08-31";"1070001";"1077778";"ITC4";"SBI59";"434670584";""
"2022-08-31";"1070001";"1077778";"ITC41";"S11BI7";"288537";""
"2022-08-31";"1070001";"1077778";"ITC41";"S127";"37343";""
"2022-08-31";"1070001";"1077778";"IT";"S14";"669061951";""
"2022-08-31";"1070001";"1077778";"IT";"S15";"7437148";""
"2022-08-31";"1070001";"1077778";"ITC41";"S1313";"379178";""
"2022-08-31";"1070001";"1077778";"ITC41";"S124";"0";""
"2022-08-31";"1070001";"1077778";"ITC4";"S15";"2295654";""
"2022-08-31";"1070001";"1077778";"IT";"S11001";"38626081";""
"2022-08-31";"1070001";"1077778";"ITC41";"S14";"11983424";""
"2022-08-31";"1070001";"1077778";"ITC41";"S1314";"4";""
"2022-08-31";"1070001";"1077778";"IT";"S11BI7";"16101658";""
"2022-08-31";"1070001";"1077778";"IT";"S14BI2";"78761344";""
"2022-08-31";"1070001";"1077778";"ITC41";"S11BI32";"7128907";""
"2022-07-31";"1070001";"1077778";"ITC4";"S1311";"94139";""
"2022-07-31";"1070001";"1077778";"ITC41";"S14";"12004368";""
"2022-07-31";"1070001";"1077778";"ITC4";"S15";"2284674";""
"2022-07-31";"1070001";"1077778";"ITC41";"S12BI7";"58671";""
"2022-07-31";"1070001";"1077778";"ITC41";"S11BI8";"383836";""
"2022-07-31";"1070001";"1077778";"IT";"S1314";"115938";""
"2022-07-31";"1070001";"1077778";"ITC4";"S127";"7263745";""
"2022-07-31";"1070001";"1077778";"ITC4";"600";"131865239";""
"2022-07-31";"1070001";"1077778";"ITC41";"S126";"19337";""
"2022-07-31";"1070001";"1077778";"ITC41";"S13";"381537";""
"2022-07-31";"1070001";"1077778";"IT";"S128";"3635064";""
"2022-07-31";"1070001";"1077778";"ITC41";"S11BI7";"289111";""
"2022-07-31";"1070001";"1077778";"ITC41";"SBI59";"20467418";""
"2022-07-31";"1070001";"1077778";"ITC4";"SBI59";"435520380";""
"2022-07-31";"1070001";"1077778";"IT";"S11001";"31435772";""
"2022-07-31";"1070001";"1077778";"IT";"SBI59";"1743783166";""
"2022-07-31";"1070001";"1077778";"ITC4";"S11BI8";"6736586";""
"2022-07-31";"1070001";"1077778";"IT";"S13";"260640632";""
"2022-07-31";"1070001";"1077778";"ITC41";"S127";"38060";""
"2022-07-31";"1070001";"1077778";"ITC41";"S1313";"380903";""
"2022-07-31";"1070001";"1077778";"IT";"S15";"7440723";""
"2022-07-31";"1070001";"1077778";"IT";"S1311";"192795454";""
"2022-07-31";"1070001";"1077778";"IT";"S126";"6470492";""
"2022-07-31";"1070001";"1077778";"ITC4";"S124";"10602592";""
"2022-07-31";"1070001";"1077778";"ITC4";"S128";"743272";""
"2022-07-31";"1070001";"1077778";"ITC4";"SBI25";"216652872";""
"2022-07-31";"1070001";"1077778";"IT";"S14";"669694394";""
"2022-07-31";"1070001";"1077778";"IT";"S12BI7";"137267016";""
"2022-07-31";"1070001";"1077778";"ITC41";"S124";"0";""
"2022-07-31";"1070001";"1077778";"ITC4";"S11";"201705211";""
"2022-07-31";"1070001";"1077778";"ITC4";"S129";"12510";""
"2022-07-31";"1070001";"1077778";"ITC41";"S14BI2";"849343";""
"2022-07-31";"1070001";"1077778";"IT";"S11";"668647562";""
"2022-07-31";"1070001";"1077778";"IT";"S12BI66";"96969586";""
"2022-07-31";"1070001";"1077778";"ITC4";"S12BI66";"53793879";""
"2022-07-31";"1070001";"1077778";"ITC41";"S11";"7959182";""
"2022-07-31";"1070001";"1077778";"ITC4";"S1313";"7426212";""
"2022-07-31";"1070001";"1077778";"ITC4";"SBI9";"31880";""
"2022-07-31";"1070001";"1077778";"ITC41";"450";"2505";""
"2022-07-31";"1070001";"1077778";"ITC41";"S11BI32";"7219547";""
"2022-07-31";"1070001";"1077778";"ITC41";"SBI25";"8808525";""
"2022-07-31";"1070001";"1077778";"ITC4";"S11001";"6094330";""
"2022-07-31";"1070001";"1077778";"ITC4";"S13";"7521809";""
"2022-07-31";"1070001";"1077778";"IT";"600";"590775027";""
"2022-07-31";"1070001";"1077778";"IT";"S14BI2";"78919367";""
"2022-07-31";"1070001";"1077778";"ITC4";"S11BI7";"3805451";""
"2022-07-31";"1070001";"1077778";"IT";"S11BI7";"16017531";""
"2022-07-31";"1070001";"1077778";"ITC4";"S12BI7";"77163905";""
"2022-07-31";"1070001";"1077778";"ITC41";"S11001";"64183";""
"2022-07-31";"1070001";"1077778";"IT";"S1313";"67729241";""
"2022-07-31";"1070001";"1077778";"ITC41";"600";"11155025";""
"2022-07-31";"1070001";"1077778";"IT";"S124";"15386783";""
"2022-07-31";"1070001";"1077778";"ITC4";"S11BI32";"185036417";""
"2022-07-31";"1070001";"1077778";"ITC4";"S126";"4747907";""
"2022-07-31";"1070001";"1077778";"ITC41";"S1311";"630";""
"2022-07-31";"1070001";"1077778";"ITC41";"S1314";"4";""
"2022-07-31";"1070001";"1077778";"ITC41";"SBI9";"603";""
"2022-07-31";"1070001";"1077778";"IT";"450";"274375";""
"2022-07-31";"1070001";"1077778";"ITC4";"S1314";"1459";""
"2022-07-31";"1070001";"1077778";"ITC41";"S12BI66";"1274";""
"2022-07-31";"1070001";"1077778";"ITC4";"450";"32427";""
"2022-07-31";"1070001";"1077778";"IT";"S11BI32";"582829615";""
"2022-07-31";"1070001";"1077778";"ITC41";"S15";"63058";""
"2022-07-31";"1070001";"1077778";"IT";"S127";"14746238";""
"2022-07-31";"1070001";"1077778";"ITC4";"S14";"146812900";""
"2022-07-31";"1070001";"1077778";"IT";"S129";"58853";""
"2022-07-31";"1070001";"1077778";"ITC4";"S14BI2";"14947661";""
"2022-07-31";"1070001";"1077778";"IT";"SBI25";"747566929";""
"2022-07-31";"1070001";"1077778";"IT";"S11BI8";"38090269";""
"2022-07-31";"1070001";"1077778";"IT";"SBI9";"92838";""
"2022-06-30";"1070001";"1077778";"ITC41";"450";"2506";""
"2022-06-30";"1070001";"1077778";"ITC4";"S12BI66";"55534189";""
"2022-06-30";"1070001";"1077778";"ITC4";"S129";"4922";""
"2022-06-30";"1070001";"1077778";"ITC4";"S11";"198313982";""
"2022-06-30";"1070001";"1077778";"ITC4";"600";"130944975";""
"2022-06-30";"1070001";"1077778";"IT";"S126";"6479911";""
"2022-06-30";"1070001";"1077778";"ITC4";"SBI25";"213371145";""
"2022-06-30";"1070001";"1077778";"ITC41";"S1311";"880";""
"2022-06-30";"1070001";"1077778";"IT";"S13";"261982939";""
"2022-06-30";"1070001";"1077778";"ITC4";"S15";"2208447";""
"2022-06-30";"1070001";"1077778";"IT";"S11BI32";"579489741";""
"2022-06-30";"1070001";"1077778";"IT";"S1311";"193867932";""
"2022-06-30";"1070001";"1077778";"IT";"S11BI7";"16410130";""
"2022-06-30";"1070001";"1077778";"ITC41";"S126";"19064";""
"2022-06-30";"1070001";"1077778";"ITC41";"SBI25";"8832722";""
"2022-06-30";"1070001";"1077778";"ITC41";"S12BI66";"1275";""
"2022-06-30";"1070001";"1077778";"ITC41";"S11";"7975142";""
"2022-06-30";"1070001";"1077778";"IT";"S15";"7574835";""
"2022-06-30";"1070001";"1077778";"ITC4";"SBI9";"27211";""
"2022-06-30";"1070001";"1077778";"ITC4";"450";"32328";""
"2022-06-30";"1070001";"1077778";"ITC4";"S1313";"7464568";""
"2022-06-30";"1070001";"1077778";"ITC41";"S1314";"4";""
"2022-06-30";"1070001";"1077778";"ITC41";"S14";"11944060";""
"2022-06-30";"1070001";"1077778";"ITC41";"S12BI7";"91692";""
"2022-06-30";"1070001";"1077778";"IT";"S1313";"67996733";""
"2022-06-30";"1070001";"1077778";"IT";"S14";"666794272";""
"2022-06-30";"1070001";"1077778";"ITC41";"S124";"0";""
"2022-06-30";"1070001";"1077778";"ITC41";"S15";"63769";""
"2022-06-30";"1070001";"1077778";"ITC41";"S14BI2";"857579";""
"2022-06-30";"1070001";"1077778";"ITC41";"S13";"386739";""
"2022-06-30";"1070001";"1077778";"IT";"S128";"3709864";""
"2022-06-30";"1070001";"1077778";"IT";"S129";"21864";""
"2022-06-30";"1070001";"1077778";"ITC4";"S11BI8";"6841503";""
"2022-06-30";"1070001";"1077778";"ITC4";"S124";"10714222";""
"2022-06-30";"1070001";"1077778";"ITC4";"SBI59";"432242943";""
"2022-06-30";"1070001";"1077778";"ITC4";"S11BI32";"181258237";""
"2022-06-30";"1070001";"1077778";"IT";"S124";"15560250";""
"2022-06-30";"1070001";"1077778";"ITC4";"S128";"680760";""
"2022-06-30";"1070001";"1077778";"ITC4";"S14BI2";"15057163";""
"2022-06-30";"1070001";"1077778";"ITC41";"S11001";"64942";""
"2022-06-30";"1070001";"1077778";"ITC41";"S1313";"385855";""
"2022-06-30";"1070001";"1077778";"IT";"SBI59";"1739997072";""
"2022-06-30";"1070001";"1077778";"IT";"450";"277601";""
"2022-06-30";"1070001";"1077778";"IT";"S12BI7";"140310912";""
"2022-06-30";"1070001";"1077778";"ITC4";"S11BI7";"3914781";""
"2022-06-30";"1070001";"1077778";"ITC41";"SBI9";"617";""
"2022-06-30";"1070001";"1077778";"IT";"S127";"14236413";""
"2022-06-30";"1070001";"1077778";"ITC41";"600";"11086480";""
"2022-06-30";"1070001";"1077778";"IT";"S12BI66";"100302609";""
"2022-06-30";"1070001";"1077778";"IT";"S11";"663245946";""
"2022-06-30";"1070001";"1077778";"ITC4";"S1314";"902";""
"2022-06-30";"1070001";"1077778";"IT";"S11001";"28357275";""
"2022-06-30";"1070001";"1077778";"ITC41";"SBI59";"20462020";""
"2022-06-30";"1070001";"1077778";"ITC4";"S14";"146002138";""
"2022-06-30";"1070001";"1077778";"ITC4";"S12BI7";"78085562";""
"2022-06-30";"1070001";"1077778";"IT";"S1314";"118274";""
"2022-06-30";"1070001";"1077778";"ITC4";"S127";"6529013";""
"2022-06-30";"1070001";"1077778";"IT";"600";"587176043";""
"2022-06-30";"1070001";"1077778";"IT";"SBI25";"742864175";""
"2022-06-30";"1070001";"1077778";"IT";"S14BI2";"79618229";""
"2022-06-30";"1070001";"1077778";"IT";"S11BI8";"38711199";""
"2022-06-30";"1070001";"1077778";"ITC4";"S1311";"140133";""
"2022-06-30";"1070001";"1077778";"ITC4";"S13";"7605603";""
"2022-06-30";"1070001";"1077778";"ITC4";"S126";"4622456";""
"2022-06-30";"1070001";"1077778";"ITC4";"S11001";"6267133";""
"2022-06-30";"1070001";"1077778";"IT";"SBI9";"88167";""
"2022-06-30";"1070001";"1077778";"ITC41";"S127";"71353";""
"2022-06-30";"1070001";"1077778";"ITC41";"S11BI7";"296942";""
"2022-06-30";"1070001";"1077778";"ITC41";"S11BI8";"389767";""
"2022-06-30";"1070001";"1077778";"ITC41";"S11BI32";"7220986";""
"2022-05-31";"1070001";"1077778";"ITC4";"S1311";"50684";""
"2022-05-31";"1070001";"1077778";"ITC4";"S1313";"7613297";""
"2022-05-31";"1070001";"1077778";"IT";"S12BI66";"96644972";""
"2022-05-31";"1070001";"1077778";"ITC41";"S124";"0";""
"2022-05-31";"1070001";"1077778";"ITC4";"S11";"198028392";""
"2022-05-31";"1070001";"1077778";"IT";"S11BI8";"39006817";""
"2022-05-31";"1070001";"1077778";"ITC4";"S11BI7";"3956011";""
"2022-05-31";"1070001";"1077778";"IT";"S124";"15707526";""
"2022-05-31";"1070001";"1077778";"IT";"S128";"3685830";""
"2022-05-31";"1070001";"1077778";"ITC41";"S11BI7";"297452";""
"2022-05-31";"1070001";"1077778";"ITC41";"SBI9";"577";""
"2022-05-31";"1070001";"1077778";"ITC4";"S11BI32";"180546007";""
"2022-05-31";"1070001";"1077778";"ITC4";"S14BI2";"15111855";""
"2022-05-31";"1070001";"1077778";"IT";"S129";"30410";""
"2022-05-31";"1070001";"1077778";"ITC41";"SBI59";"20415852";""
"2022-05-31";"1070001";"1077778";"IT";"S11BI7";"16557536";""
"2022-05-31";"1070001";"1077778";"ITC41";"S1311";"521";""
"2022-05-31";"1070001";"1077778";"ITC4";"S129";"19123";""
"2022-05-31";"1070001";"1077778";"IT";"S11BI32";"579612570";""
"2022-05-31";"1070001";"1077778";"IT";"S11001";"28397593";""
"2022-05-31";"1070001";"1077778";"IT";"SBI59";"1733311813";""
"2022-05-31";"1070001";"1077778";"IT";"S13";"260283273";""
"2022-05-31";"1070001";"1077778";"ITC41";"S14BI2";"855505";""
"2022-05-31";"1070001";"1077778";"ITC41";"S15";"64703";""
"2022-05-31";"1070001";"1077778";"ITC4";"S15";"2254406";""
"2022-05-31";"1070001";"1077778";"ITC4";"S1314";"787";""
"2022-05-31";"1070001";"1077778";"IT";"S127";"14354073";""
"2022-05-31";"1070001";"1077778";"IT";"S11";"663855296";""
"2022-05-31";"1070001";"1077778";"IT";"S15";"7874080";""
"2022-05-31";"1070001";"1077778";"IT";"S1314";"67508";""
"2022-05-31";"1070001";"1077778";"ITC41";"S11BI32";"7230417";""
"2022-05-31";"1070001";"1077778";"ITC4";"S126";"4693942";""
"2022-05-31";"1070001";"1077778";"IT";"S126";"6588813";""
"2022-05-31";"1070001";"1077778";"ITC4";"S11001";"6589820";""
"2022-05-31";"1070001";"1077778";"ITC4";"450";"31530";""
"2022-05-31";"1070001";"1077778";"ITC41";"S11";"7981024";""
"2022-05-31";"1070001";"1077778";"ITC41";"S127";"67528";""
"2022-05-31";"1070001";"1077778";"ITC41";"600";"11034129";""
"2022-05-31";"1070001";"1077778";"ITC4";"S13";"7664768";""
"2022-05-31";"1070001";"1077778";"ITC4";"S14";"145418162";""
"2022-05-31";"1070001";"1077778";"ITC4";"SBI59";"428410163";""
"2022-05-31";"1070001";"1077778";"ITC41";"S126";"19224";""
"2022-05-31";"1070001";"1077778";"IT";"S1311";"191081862";""
"2022-05-31";"1070001";"1077778";"IT";"600";"584270959";""
"2022-05-31";"1070001";"1077778";"ITC4";"600";"130306307";""
"2022-05-31";"1070001";"1077778";"ITC41";"SBI25";"8836529";""
"2022-05-31";"1070001";"1077778";"ITC41";"S13";"392057";""
"2022-05-31";"1070001";"1077778";"ITC41";"S12BI66";"1105";""
"2022-05-31";"1070001";"1077778";"ITC41";"S11001";"59583";""
"2022-05-31";"1070001";"1077778";"IT";"S12BI7";"137011625";""
"2022-05-31";"1070001";"1077778";"ITC4";"S128";"688804";""
"2022-05-31";"1070001";"1077778";"IT";"S14BI2";"79927965";""
"2022-05-31";"1070001";"1077778";"ITC4";"S124";"10743595";""
"2022-05-31";"1070001";"1077778";"IT";"SBI9";"89245";""
"2022-05-31";"1070001";"1077778";"ITC41";"S1313";"391532";""
"2022-05-31";"1070001";"1077778";"ITC41";"S12BI7";"87857";""
"2022-05-31";"1070001";"1077778";"ITC4";"S127";"6214161";""
"2022-05-31";"1070001";"1077778";"IT";"S14";"664198924";""
"2022-05-31";"1070001";"1077778";"ITC4";"S12BI66";"52659404";""
"2022-05-31";"1070001";"1077778";"ITC41";"S1314";"4";""
"2022-05-31";"1070001";"1077778";"ITC41";"450";"2530";""
"2022-05-31";"1070001";"1077778";"ITC41";"S11BI8";"391042";""
"2022-05-31";"1070001";"1077778";"ITC41";"S14";"11889634";""
"2022-05-31";"1070001";"1077778";"ITC4";"SBI9";"26038";""
"2022-05-31";"1070001";"1077778";"IT";"450";"280781";""
"2022-05-31";"1070001";"1077778";"IT";"SBI25";"743783261";""
"2022-05-31";"1070001";"1077778";"IT";"S1313";"69133903";""
"2022-05-31";"1070001";"1077778";"ITC4";"S11BI8";"6905024";""
"2022-05-31";"1070001";"1077778";"ITC4";"S12BI7";"75019030";""
"2022-05-31";"1070001";"1077778";"ITC4";"SBI25";"213140247";""
"2022-04-30";"1070001";"1077778";"ITC41";"S14";"11843218";""
"2022-04-30";"1070001";"1077778";"ITC41";"600";"11000153";""
"2022-04-30";"1070001";"1077778";"IT";"S129";"35646";""
"2022-04-30";"1070001";"1077778";"IT";"SBI25";"734852134";""
"2022-04-30";"1070001";"1077778";"IT";"S1314";"68206";""
"2022-04-30";"1070001";"1077778";"IT";"S124";"15411149";""
"2022-04-30";"1070001";"1077778";"IT";"SBI59";"1726128914";""
"2022-04-30";"1070001";"1077778";"ITC4";"S14";"144561446";""
"2022-04-30";"1070001";"1077778";"ITC41";"S127";"68581";""
"2022-04-30";"1070001";"1077778";"IT";"SBI9";"231276";""
"2022-04-30";"1070001";"1077778";"ITC41";"S1314";"4";""
"2022-04-30";"1070001";"1077778";"ITC41";"S11";"7679022";""
"2022-04-30";"1070001";"1077778";"ITC4";"SBI9";"167455";""
"2022-04-30";"1070001";"1077778";"IT";"S12BI66";"100433625";""
"2022-04-30";"1070001";"1077778";"IT";"600";"581004562";""
"2022-04-30";"1070001";"1077778";"IT";"S11001";"28683144";""
"2022-04-30";"1070001";"1077778";"ITC41";"S15";"64559";""
"2022-04-30";"1070001";"1077778";"IT";"S14BI2";"79663927";""
"2022-04-30";"1070001";"1077778";"ITC41";"S12BI66";"650";""
"2022-04-30";"1070001";"1077778";"IT";"S13";"261490445";""
"2022-04-30";"1070001";"1077778";"ITC41";"S11001";"59178";""
"2022-04-30";"1070001";"1077778";"ITC4";"S12BI66";"57299035";""
"2022-04-30";"1070001";"1077778";"ITC4";"S128";"684413";""
"2022-04-30";"1070001";"1077778";"ITC4";"600";"129555218";""
"2022-04-30";"1070001";"1077778";"ITC41";"SBI9";"651";""
"2022-04-30";"1070001";"1077778";"ITC41";"SBI59";"20068575";""
"2022-04-30";"1070001";"1077778";"ITC4";"S13";"7620063";""
"2022-04-30";"1070001";"1077778";"ITC4";"S15";"2270738";""
"2022-04-30";"1070001";"1077778";"ITC4";"S1314";"798";""
"2022-04-30";"1070001";"1077778";"ITC4";"S11BI7";"3850160";""
"2022-04-30";"1070001";"1077778";"ITC41";"S124";"0";""
"2022-04-30";"1070001";"1077778";"IT";"S12BI7";"140650797";""
"2022-04-30";"1070001";"1077778";"ITC41";"S11BI32";"6960114";""
"2022-04-30";"1070001";"1077778";"ITC4";"SBI25";"209030878";""
"2022-04-30";"1070001";"1077778";"ITC41";"S12BI7";"87601";""
"2022-04-30";"1070001";"1077778";"IT";"S14";"660668489";""
"2022-04-30";"1070001";"1077778";"ITC4";"S11001";"6503817";""
"2022-04-30";"1070001";"1077778";"ITC4";"S12BI7";"79623907";""
"2022-04-30";"1070001";"1077778";"IT";"S11BI8";"38716760";""
"2022-04-30";"1070001";"1077778";"IT";"S11BI7";"16284418";""
"2022-04-30";"1070001";"1077778";"ITC41";"S14BI2";"843065";""
"2022-04-30";"1070001";"1077778";"ITC4";"450";"31350";""
"2022-04-30";"1070001";"1077778";"ITC4";"S126";"4799012";""
"2022-04-30";"1070001";"1077778";"ITC4";"S11BI8";"6775910";""
"2022-04-30";"1070001";"1077778";"IT";"S126";"6748624";""
"2022-04-30";"1070001";"1077778";"IT";"450";"280592";""
"2022-04-30";"1070001";"1077778";"ITC41";"S13";"393524";""
"2022-04-30";"1070001";"1077778";"ITC41";"S126";"18369";""
"2022-04-30";"1070001";"1077778";"ITC4";"S14BI2";"15006228";""
"2022-04-30";"1070001";"1077778";"IT";"S15";"7899724";""
"2022-04-30";"1070001";"1077778";"ITC4";"S11";"194024650";""
"2022-04-30";"1070001";"1077778";"ITC41";"SBI25";"8522088";""
"2022-04-30";"1070001";"1077778";"ITC4";"S129";"10011";""
"2022-04-30";"1070001";"1077778";"ITC41";"S11BI7";"284562";""
"2022-04-30";"1070001";"1077778";"ITC4";"S1311";"41921";""
"2022-04-30";"1070001";"1077778";"IT";"S127";"14309215";""
"2022-04-30";"1070001";"1077778";"ITC4";"S11BI32";"176863414";""
"2022-04-30";"1070001";"1077778";"ITC4";"S124";"10316126";""
"2022-04-30";"1070001";"1077778";"ITC41";"450";"2546";""
"2022-04-30";"1070001";"1077778";"ITC4";"SBI59";"428268259";""
"2022-04-30";"1070001";"1077778";"ITC41";"S11BI8";"372623";""
"2022-04-30";"1070001";"1077778";"IT";"S1311";"192190015";""
"2022-04-30";"1070001";"1077778";"ITC41";"S1313";"392982";""
"2022-04-30";"1070001";"1077778";"ITC4";"S1313";"7577344";""
"2022-04-30";"1070001";"1077778";"IT";"S11BI32";"571223294";""
"2022-04-30";"1070001";"1077778";"IT";"S1313";"69232223";""
"2022-04-30";"1070001";"1077778";"IT";"S11";"655188207";""
"2022-04-30";"1070001";"1077778";"IT";"S128";"3712537";""
"2022-04-30";"1070001";"1077778";"ITC41";"S1311";"537";""
"2022-04-30";"1070001";"1077778";"ITC4";"S127";"6515310";""
"2022-03-31";"1070001";"1077778";"IT";"S126";"6513406";""
"2022-03-31";"1070001";"1077778";"ITC4";"S11";"195027723";""
"2022-03-31";"1070001";"1077778";"ITC4";"SBI25";"210166035";""
"2022-03-31";"1070001";"1077778";"IT";"S1311";"193058528";""
"2022-03-31";"1070001";"1077778";"IT";"S14BI2";"80172037";""
"2022-03-31";"1070001";"1077778";"ITC4";"S127";"6367426";""
"2022-03-31";"1070001";"1077778";"ITC4";"S12BI7";"79569500";""
"2022-03-31";"1070001";"1077778";"ITC4";"450";"30737";""
"2022-03-31";"1070001";"1077778";"ITC41";"600";"11001655";""
"2022-03-31";"1070001";"1077778";"ITC41";"S11BI7";"291716";""
"2022-03-31";"1070001";"1077778";"ITC41";"S124";"0";""
"2022-03-31";"1070001";"1077778";"IT";"S12BI7";"141574505";""
"2022-03-31";"1070001";"1077778";"ITC4";"S15";"2320649";""
"2022-03-31";"1070001";"1077778";"ITC4";"SBI59";"428851625";""
"2022-03-31";"1070001";"1077778";"ITC41";"S12BI7";"87606";""
"2022-03-31";"1070001";"1077778";"ITC4";"S126";"4517975";""
"2022-03-31";"1070001";"1077778";"ITC4";"S128";"656545";""
"2022-03-31";"1070001";"1077778";"ITC4";"S13";"7562444";""
"2022-03-31";"1070001";"1077778";"ITC4";"S1313";"7521774";""
"2022-03-31";"1070001";"1077778";"ITC4";"S14BI2";"15138312";""
"2022-03-31";"1070001";"1077778";"ITC41";"450";"2518";""
"2022-03-31";"1070001";"1077778";"ITC41";"SBI9";"791";""
"2022-03-31";"1070001";"1077778";"ITC4";"600";"129199132";""
"2022-03-31";"1070001";"1077778";"ITC4";"S11BI7";"3946008";""
"2022-03-31";"1070001";"1077778";"IT";"S11001";"30327341";""
"2022-03-31";"1070001";"1077778";"IT";"S11BI7";"16655423";""
"2022-03-31";"1070001";"1077778";"IT";"S13";"262308539";""
"2022-03-31";"1070001";"1077778";"ITC41";"S14";"11848271";""
"2022-03-31";"1070001";"1077778";"ITC41";"SBI25";"8621747";""
"2022-03-31";"1070001";"1077778";"IT";"S1314";"65295";""
"2022-03-31";"1070001";"1077778";"IT";"SBI25";"740435786";""
"2022-03-31";"1070001";"1077778";"IT";"SBI59";"1732619685";""
"2022-03-31";"1070001";"1077778";"ITC41";"S127";"68740";""
"2022-03-31";"1070001";"1077778";"IT";"S12BI66";"101415675";""
"2022-03-31";"1070001";"1077778";"IT";"600";"580000147";""
"2022-03-31";"1070001";"1077778";"IT";"S11";"660263749";""
"2022-03-31";"1070001";"1077778";"ITC4";"SBI9";"33865";""
"2022-03-31";"1070001";"1077778";"ITC41";"S12BI66";"709";""
"2022-03-31";"1070001";"1077778";"ITC41";"S1314";"5";""
"2022-03-31";"1070001";"1077778";"IT";"S128";"3716112";""
"2022-03-31";"1070001";"1077778";"ITC4";"S11001";"6383001";""
"2022-03-31";"1070001";"1077778";"ITC4";"S124";"10554158";""
"2022-03-31";"1070001";"1077778";"ITC4";"S129";"16866";""
"2022-03-31";"1070001";"1077778";"ITC41";"S14BI2";"846616";""
"2022-03-31";"1070001";"1077778";"ITC41";"S1311";"554";""
"2022-03-31";"1070001";"1077778";"ITC41";"S11";"7775131";""
"2022-03-31";"1070001";"1077778";"ITC41";"S11BI32";"7039223";""
"2022-03-31";"1070001";"1077778";"ITC41";"S126";"18156";""
"2022-03-31";"1070001";"1077778";"ITC4";"S11BI8";"6895987";""
"2022-03-31";"1070001";"1077778";"IT";"S124";"15736254";""
"2022-03-31";"1070001";"1077778";"IT";"S1313";"69184716";""
"2022-03-31";"1070001";"1077778";"IT";"S14";"660172184";""
"2022-03-31";"1070001";"1077778";"ITC4";"S12BI66";"57456530";""
"2022-03-31";"1070001";"1077778";"ITC41";"S11001";"60095";""
"2022-03-31";"1070001";"1077778";"ITC41";"S11BI8";"381579";""
"2022-03-31";"1070001";"1077778";"ITC4";"S11BI32";"177771991";""
"2022-03-31";"1070001";"1077778";"IT";"S11BI32";"573660907";""
"2022-03-31";"1070001";"1077778";"IT";"S11BI8";"39342099";""
"2022-03-31";"1070001";"1077778";"IT";"S127";"14143528";""
"2022-03-31";"1070001";"1077778";"IT";"S15";"8032080";""
"2022-03-31";"1070001";"1077778";"ITC4";"S1314";"907";""
"2022-03-31";"1070001";"1077778";"ITC4";"S14";"144337444";""
"2022-03-31";"1070001";"1077778";"IT";"S129";"49530";""
"2022-03-31";"1070001";"1077778";"ITC41";"S1313";"391658";""
"2022-03-31";"1070001";"1077778";"ITC4";"S1311";"39763";""
"2022-03-31";"1070001";"1077778";"IT";"450";"277979";""
"2022-03-31";"1070001";"1077778";"IT";"SBI9";"268654";""
"2022-03-31";"1070001";"1077778";"ITC41";"S15";"64854";""
"2022-03-31";"1070001";"1077778";"ITC41";"S13";"392218";""
"2022-03-31";"1070001";"1077778";"ITC41";"SBI59";"20168870";""
"2022-02-28";"1070001";"1077778";"IT";"SBI9";"155516";""
"2022-02-28";"1070001";"1077778";"ITC4";"S1314";"1901";""
"2022-02-28";"1070001";"1077778";"IT";"S11BI7";"16658790";""
"2022-02-28";"1070001";"1077778";"ITC4";"S127";"6330050";""
"2022-02-28";"1070001";"1077778";"ITC4";"S129";"24008";""
"2022-02-28";"1070001";"1077778";"IT";"S1311";"195167295";""
"2022-02-28";"1070001";"1077778";"ITC41";"450";"2365";""
"2022-02-28";"1070001";"1077778";"ITC41";"S11BI7";"292036";""
"2022-02-28";"1070001";"1077778";"ITC41";"S124";"0";""
"2022-02-28";"1070001";"1077778";"ITC41";"S126";"17970";""
"2022-02-28";"1070001";"1077778";"ITC41";"S13";"390125";""
"2022-02-28";"1070001";"1077778";"IT";"S14";"656343561";""
"2022-02-28";"1070001";"1077778";"IT";"S13";"264520954";""
"2022-02-28";"1070001";"1077778";"ITC4";"S128";"731943";""
"2022-02-28";"1070001";"1077778";"IT";"SBI25";"736912161";""
"2022-02-28";"1070001";"1077778";"ITC4";"600";"128457226";""
"2022-02-28";"1070001";"1077778";"ITC4";"S126";"4566076";""
"2022-02-28";"1070001";"1077778";"ITC4";"S13";"7559623";""
"2022-02-28";"1070001";"1077778";"IT";"S1314";"67391";""
"2022-02-28";"1070001";"1077778";"IT";"S15";"7901055";""
"2022-02-28";"1070001";"1077778";"IT";"S11BI32";"570324109";""
"2022-02-28";"1070001";"1077778";"IT";"S128";"3846689";""
"2022-02-28";"1070001";"1077778";"IT";"S12BI7";"136271401";""
"2022-02-28";"1070001";"1077778";"ITC4";"S11001";"6420864";""
"2022-02-28";"1070001";"1077778";"ITC41";"S11BI8";"381793";""
"2022-02-28";"1070001";"1077778";"ITC4";"S1313";"7518411";""
"2022-02-28";"1070001";"1077778";"ITC41";"S14BI2";"844345";""
"2022-02-28";"1070001";"1077778";"ITC41";"S15";"65035";""
"2022-02-28";"1070001";"1077778";"ITC41";"SBI9";"809";""
"2022-02-28";"1070001";"1077778";"IT";"S11001";"30379557";""
"2022-02-28";"1070001";"1077778";"IT";"S11BI8";"39370946";""
"2022-02-28";"1070001";"1077778";"ITC41";"S1311";"458";""
"2022-02-28";"1070001";"1077778";"ITC4";"S1311";"39310";""
"2022-02-28";"1070001";"1077778";"ITC4";"S14BI2";"15103437";""
"2022-02-28";"1070001";"1077778";"ITC4";"S15";"2271501";""
"2022-02-28";"1070001";"1077778";"ITC41";"SBI25";"8642534";""
"2022-02-28";"1070001";"1077778";"ITC41";"SBI59";"20134073";""
"2022-02-28";"1070001";"1077778";"ITC4";"SBI9";"34686";""
"2022-02-28";"1070001";"1077778";"IT";"S124";"15551189";""
"2022-02-28";"1070001";"1077778";"IT";"S12BI66";"96312820";""
"2022-02-28";"1070001";"1077778";"ITC41";"S11001";"60732";""
"2022-02-28";"1070001";"1077778";"ITC41";"S11BI32";"7061261";""
"2022-02-28";"1070001";"1077778";"ITC41";"S1314";"6";""
"2022-02-28";"1070001";"1077778";"ITC41";"S14";"11792337";""
"2022-02-28";"1070001";"1077778";"ITC4";"S124";"10289924";""
"2022-02-28";"1070001";"1077778";"IT";"S11";"657020261";""
"2022-02-28";"1070001";"1077778";"IT";"S126";"6637245";""
"2022-02-28";"1070001";"1077778";"IT";"S129";"66403";""
"2022-02-28";"1070001";"1077778";"ITC4";"S12BI66";"54460333";""
"2022-02-28";"1070001";"1077778";"IT";"SBI59";"1722212757";""
"2022-02-28";"1070001";"1077778";"IT";"S14BI2";"79891899";""
"2022-02-28";"1070001";"1077778";"ITC41";"600";"10947992";""
"2022-02-28";"1070001";"1077778";"ITC4";"SBI59";"423476169";""
"2022-02-28";"1070001";"1077778";"ITC4";"S14";"143560662";""
"2022-02-28";"1070001";"1077778";"IT";"450";"286859";""
"2022-02-28";"1070001";"1077778";"IT";"600";"576451662";""
"2022-02-28";"1070001";"1077778";"IT";"S1313";"69286268";""
"2022-02-28";"1070001";"1077778";"ITC41";"S127";"68895";""
"2022-02-28";"1070001";"1077778";"ITC41";"S12BI7";"87577";""
"2022-02-28";"1070001";"1077778";"ITC41";"S1313";"389661";""
"2022-02-28";"1070001";"1077778";"ITC4";"S11BI32";"176325396";""
"2022-02-28";"1070001";"1077778";"ITC4";"S11BI7";"3950405";""
"2022-02-28";"1070001";"1077778";"ITC4";"S11BI8";"6918026";""
"2022-02-28";"1070001";"1077778";"ITC4";"SBI25";"208750790";""
"2022-02-28";"1070001";"1077778";"IT";"S127";"13857055";""
"2022-02-28";"1070001";"1077778";"ITC41";"S11";"7798188";""
"2022-02-28";"1070001";"1077778";"ITC41";"S12BI66";"713";""
"2022-02-28";"1070001";"1077778";"ITC4";"450";"32662";""
"2022-02-28";"1070001";"1077778";"ITC4";"S11";"193647354";""
"2022-02-28";"1070001";"1077778";"ITC4";"S12BI7";"76402334";""
"2022-01-31";"1070001";"1077778";"ITC4";"S124";"9953882";""
"2022-01-31";"1070001";"1077778";"IT";"S11BI8";"39615204";""
"2022-01-31";"1070001";"1077778";"ITC41";"S13";"389043";""
"2022-01-31";"1070001";"1077778";"ITC41";"S14BI2";"842906";""
"2022-01-31";"1070001";"1077778";"ITC41";"S124";"0";""
"2022-01-31";"1070001";"1077778";"IT";"S126";"6594898";""
"2022-01-31";"1070001";"1077778";"ITC4";"S127";"7676205";""
"2022-01-31";"1070001";"1077778";"IT";"S1313";"67861497";""
"2022-01-31";"1070001";"1077778";"ITC4";"S11BI8";"6983083";""
"2022-01-31";"1070001";"1077778";"ITC41";"SBI25";"8611637";""
"2022-01-31";"1070001";"1077778";"ITC4";"S1314";"16140";""
"2022-01-31";"1070001";"1077778";"ITC4";"S11BI7";"3987573";""
"2022-01-31";"1070001";"1077778";"ITC41";"S11BI7";"294348";""
"2022-01-31";"1070001";"1077778";"ITC4";"S1311";"37290";""
"2022-01-31";"1070001";"1077778";"ITC4";"S14";"143154483";""
"2022-01-31";"1070001";"1077778";"ITC41";"S12BI66";"715";""
"2022-01-31";"1070001";"1077778";"ITC4";"S12BI66";"56400466";""
"2022-01-31";"1070001";"1077778";"ITC4";"S128";"721018";""
"2022-01-31";"1070001";"1077778";"ITC41";"S12BI7";"93830";""
"2022-01-31";"1070001";"1077778";"IT";"S1311";"196580055";""
"2022-01-31";"1070001";"1077778";"ITC4";"S12BI7";"79361834";""
"2022-01-31";"1070001";"1077778";"ITC41";"S126";"16632";""
"2022-01-31";"1070001";"1077778";"IT";"S14";"654520804";""
"2022-01-31";"1070001";"1077778";"ITC41";"S1314";"5";""
"2022-01-31";"1070001";"1077778";"ITC4";"S13";"7598557";""
"2022-01-31";"1070001";"1077778";"IT";"S129";"123244";""
"2022-01-31";"1070001";"1077778";"ITC4";"S129";"79889";""
"2022-01-31";"1070001";"1077778";"IT";"S12BI66";"98264330";""
"2022-01-31";"1070001";"1077778";"IT";"S128";"3859191";""
"2022-01-31";"1070001";"1077778";"IT";"S13";"264524085";""
"2022-01-31";"1070001";"1077778";"IT";"S15";"7784450";""
"2022-01-31";"1070001";"1077778";"ITC4";"SBI9";"38746";""
"2022-01-31";"1070001";"1077778";"ITC41";"S1313";"388592";""
"2022-01-31";"1070001";"1077778";"IT";"S12BI7";"139247526";""
"2022-01-31";"1070001";"1077778";"IT";"600";"574669660";""
"2022-01-31";"1070001";"1077778";"IT";"S127";"15184448";""
"2022-01-31";"1070001";"1077778";"ITC41";"SBI59";"20081215";""
"2022-01-31";"1070001";"1077778";"ITC41";"S11BI8";"385905";""
"2022-01-31";"1070001";"1077778";"ITC41";"S1311";"446";""
"2022-01-31";"1070001";"1077778";"ITC4";"600";"128056532";""
"2022-01-31";"1070001";"1077778";"IT";"S14BI2";"79851144";""
"2022-01-31";"1070001";"1077778";"IT";"450";"299037";""
"2022-01-31";"1070001";"1077778";"IT";"S11BI7";"16748892";""
"2022-01-31";"1070001";"1077778";"ITC4";"S11001";"6054631";""
"2022-01-31";"1070001";"1077778";"ITC41";"S127";"76483";""
"2022-01-31";"1070001";"1077778";"ITC41";"SBI9";"801";""
"2022-01-31";"1070001";"1077778";"ITC41";"600";"10919643";""
"2022-01-31";"1070001";"1077778";"ITC41";"S15";"66260";""
"2022-01-31";"1070001";"1077778";"IT";"S11BI32";"569824946";""
"2022-01-31";"1070001";"1077778";"ITC4";"S15";"2246470";""
"2022-01-31";"1070001";"1077778";"ITC4";"SBI25";"208806297";""
"2022-01-31";"1070001";"1077778";"ITC4";"S1313";"7545127";""
"2022-01-31";"1070001";"1077778";"ITC4";"SBI59";"426108436";""
"2022-01-31";"1070001";"1077778";"IT";"S1314";"82533";""
"2022-01-31";"1070001";"1077778";"ITC4";"450";"32432";""
"2022-01-31";"1070001";"1077778";"ITC4";"S126";"4530374";""
"2022-01-31";"1070001";"1077778";"IT";"SBI25";"734494465";""
"2022-01-31";"1070001";"1077778";"ITC41";"S14";"11762549";""
"2022-01-31";"1070001";"1077778";"ITC41";"450";"2485";""
"2022-01-31";"1070001";"1077778";"ITC4";"S14BI2";"15097951";""
"2022-01-31";"1070001";"1077778";"IT";"S11001";"28155241";""
"2022-01-31";"1070001";"1077778";"ITC41";"S11";"7768731";""
"2022-01-31";"1070001";"1077778";"IT";"S124";"15221415";""
"2022-01-31";"1070001";"1077778";"ITC4";"S11BI32";"176650627";""
"2022-01-31";"1070001";"1077778";"ITC41";"S11001";"59714";""
"2022-01-31";"1070001";"1077778";"IT";"S11";"654643321";""
"2022-01-31";"1070001";"1077778";"IT";"SBI59";"1720879989";""
"2022-01-31";"1070001";"1077778";"ITC41";"S11BI32";"7026279";""
"2022-01-31";"1070001";"1077778";"ITC4";"S11";"193708346";""
"2022-01-31";"1070001";"1077778";"IT";"SBI9";"159804";""
"2021-12-31";"1070001";"1077778";"ITC41";"S14";"11787763";""
"2021-12-31";"1070001";"1077778";"ITC4";"S128";"801776";""
"2021-12-31";"1070001";"1077778";"ITC4";"S11001";"5560535";""
"2021-12-31";"1070001";"1077778";"ITC41";"SBI59";"20001608";""
"2021-12-31";"1070001";"1077778";"ITC4";"SBI9";"39245";""
"2021-12-31";"1070001";"1077778";"ITC41";"S11BI7";"289914";""
"2021-12-31";"1070001";"1077778";"ITC4";"S124";"9904404";""
"2021-12-31";"1070001";"1077778";"IT";"S14";"654735706";""
"2021-12-31";"1070001";"1077778";"ITC41";"S124";"0";""
"2021-12-31";"1070001";"1077778";"ITC41";"SBI9";"813";""
"2021-12-31";"1070001";"1077778";"ITC41";"S1314";"6";""
"2021-12-31";"1070001";"1077778";"ITC4";"S1313";"7415138";""
"2021-12-31";"1070001";"1077778";"ITC41";"S127";"93775";""
"2021-12-31";"1070001";"1077778";"ITC4";"S14BI2";"15125467";""
"2021-12-31";"1070001";"1077778";"ITC4";"S1314";"985";""
"2021-12-31";"1070001";"1077778";"ITC41";"S126";"16736";""
"2021-12-31";"1070001";"1077778";"IT";"S127";"14174472";""
"2021-12-31";"1070001";"1077778";"IT";"S11BI7";"16545513";""
"2021-12-31";"1070001";"1077778";"IT";"SBI59";"1723012921";""
"2021-12-31";"1070001";"1077778";"ITC4";"S129";"11084";""
"2021-12-31";"1070001";"1077778";"IT";"600";"574859249";""
"2021-12-31";"1070001";"1077778";"ITC4";"S1311";"27936";""
"2021-12-31";"1070001";"1077778";"IT";"S1311";"194258587";""
"2021-12-31";"1070001";"1077778";"ITC4";"S11BI7";"3916024";""
"2021-12-31";"1070001";"1077778";"ITC4";"S12BI7";"82659126";""
"2021-12-31";"1070001";"1077778";"ITC41";"S12BI66";"646";""
"2021-12-31";"1070001";"1077778";"ITC41";"S14BI2";"842238";""
"2021-12-31";"1070001";"1077778";"ITC41";"S11BI8";"385149";""
"2021-12-31";"1070001";"1077778";"ITC41";"600";"10945526";""
"2021-12-31";"1070001";"1077778";"IT";"S13";"260848968";""
"2021-12-31";"1070001";"1077778";"ITC4";"SBI25";"208561092";""
"2021-12-31";"1070001";"1077778";"ITC41";"S1311";"450";""
"2021-12-31";"1070001";"1077778";"ITC4";"S11BI8";"6931207";""
"2021-12-31";"1070001";"1077778";"ITC4";"600";"128036957";""
"2021-12-31";"1070001";"1077778";"IT";"SBI9";"188771";""
"2021-12-31";"1070001";"1077778";"IT";"S11001";"28885207";""
"2021-12-31";"1070001";"1077778";"ITC41";"S11";"7650172";""
"2021-12-31";"1070001";"1077778";"IT";"S128";"3861451";""
"2021-12-31";"1070001";"1077778";"ITC4";"S15";"2223121";""
"2021-12-31";"1070001";"1077778";"IT";"S12BI66";"95579368";""
"2021-12-31";"1070001";"1077778";"IT";"S124";"15220061";""
"2021-12-31";"1070001";"1077778";"IT";"S126";"13900945";""
"2021-12-31";"1070001";"1077778";"IT";"S11";"656827354";""
"2021-12-31";"1070001";"1077778";"ITC4";"S13";"7444059";""
"2021-12-31";"1070001";"1077778";"ITC4";"S127";"6971717";""
"2021-12-31";"1070001";"1077778";"ITC41";"S11001";"60482";""
"2021-12-31";"1070001";"1077778";"ITC4";"S11";"193435625";""
"2021-12-31";"1070001";"1077778";"ITC4";"S11BI32";"176995618";""
"2021-12-31";"1070001";"1077778";"ITC41";"S13";"385859";""
"2021-12-31";"1070001";"1077778";"ITC4";"S14";"143162424";""
"2021-12-31";"1070001";"1077778";"IT";"450";"308291";""
"2021-12-31";"1070001";"1077778";"IT";"SBI25";"736703812";""
"2021-12-31";"1070001";"1077778";"ITC4";"SBI59";"428963599";""
"2021-12-31";"1070001";"1077778";"IT";"S129";"30603";""
"2021-12-31";"1070001";"1077778";"ITC4";"S12BI66";"60518009";""
"2021-12-31";"1070001";"1077778";"IT";"S1314";"67531";""
"2021-12-31";"1070001";"1077778";"ITC41";"450";"2364";""
"2021-12-31";"1070001";"1077778";"ITC41";"SBI25";"8492410";""
"2021-12-31";"1070001";"1077778";"IT";"S11BI32";"571772956";""
"2021-12-31";"1070001";"1077778";"IT";"S14BI2";"79876458";""
"2021-12-31";"1070001";"1077778";"ITC4";"450";"32242";""
"2021-12-31";"1070001";"1077778";"ITC41";"S1313";"385404";""
"2021-12-31";"1070001";"1077778";"IT";"S1313";"66522850";""
"2021-12-31";"1070001";"1077778";"IT";"S11BI8";"39315387";""
"2021-12-31";"1070001";"1077778";"ITC41";"S12BI7";"111157";""
"2021-12-31";"1070001";"1077778";"ITC4";"S126";"4452135";""
"2021-12-31";"1070001";"1077778";"ITC41";"S11BI32";"6912263";""
"2021-12-31";"1070001";"1077778";"ITC41";"S15";"65843";""
"2021-12-31";"1070001";"1077778";"IT";"S12BI7";"142766900";""
"2021-12-31";"1070001";"1077778";"IT";"S15";"7645222";""
"2021-11-30";"1070001";"1077778";"ITC4";"S1311";"45878";""
"2021-11-30";"1070001";"1077778";"ITC4";"S11BI32";"176499920";""
"2021-11-30";"1070001";"1077778";"IT";"S1313";"67352580";""
"2021-11-30";"1070001";"1077778";"IT";"S11001";"27377770";""
"2021-11-30";"1070001";"1077778";"ITC4";"S11BI8";"7020940";""
"2021-11-30";"1070001";"1077778";"IT";"450";"342512";""
"2021-11-30";"1070001";"1077778";"IT";"S14";"655119451";""
"2021-11-30";"1070001";"1077778";"ITC41";"S1311";"442";""
"2021-11-30";"1070001";"1077778";"ITC4";"S13";"7628933";""
"2021-11-30";"1070001";"1077778";"IT";"S126";"13749239";""
"2021-11-30";"1070001";"1077778";"ITC4";"S129";"9943";""
"2021-11-30";"1070001";"1077778";"IT";"S11BI8";"39800305";""
"2021-11-30";"1070001";"1077778";"IT";"S15";"7638768";""
"2021-11-30";"1070001";"1077778";"IT";"600";"574380488";""
"2021-11-30";"1070001";"1077778";"ITC41";"S14";"11790476";""
"2021-11-30";"1070001";"1077778";"ITC4";"450";"36133";""
"2021-11-30";"1070001";"1077778";"ITC41";"S11";"7779969";""
"2021-11-30";"1070001";"1077778";"IT";"S11BI32";"572895263";""
"2021-11-30";"1070001";"1077778";"ITC41";"S11001";"63403";""
"2021-11-30";"1070001";"1077778";"ITC4";"S1314";"956";""
"2021-11-30";"1070001";"1077778";"IT";"S128";"3847395";""
"2021-11-30";"1070001";"1077778";"ITC4";"S12BI66";"53547340";""
"2021-11-30";"1070001";"1077778";"ITC41";"S124";"1";""
"2021-11-30";"1070001";"1077778";"ITC41";"450";"2295";""
"2021-11-30";"1070001";"1077778";"IT";"S1314";"64110";""
"2021-11-30";"1070001";"1077778";"ITC41";"S1314";"6";""
"2021-11-30";"1070001";"1077778";"ITC4";"600";"127776873";""
"2021-11-30";"1070001";"1077778";"ITC41";"S15";"70946";""
"2021-11-30";"1070001";"1077778";"IT";"SBI59";"1708095156";""
"2021-11-30";"1070001";"1077778";"ITC41";"S14BI2";"847469";""
"2021-11-30";"1070001";"1077778";"IT";"S11BI7";"16848716";""
"2021-11-30";"1070001";"1077778";"ITC41";"S12BI66";"655";""
"2021-11-30";"1070001";"1077778";"ITC41";"SBI59";"20152923";""
"2021-11-30";"1070001";"1077778";"ITC4";"S127";"7448453";""
"2021-11-30";"1070001";"1077778";"ITC4";"S12BI7";"75945287";""
"2021-11-30";"1070001";"1077778";"ITC4";"S126";"4212104";""
"2021-11-30";"1070001";"1077778";"ITC4";"S11001";"5188781";""
"2021-11-30";"1070001";"1077778";"IT";"S1311";"184808086";""
"2021-11-30";"1070001";"1077778";"IT";"S13";"252224777";""
"2021-11-30";"1070001";"1077778";"ITC41";"S11BI7";"292240";""
"2021-11-30";"1070001";"1077778";"ITC4";"S14BI2";"15278349";""
"2021-11-30";"1070001";"1077778";"ITC41";"SBI25";"8627438";""
"2021-11-30";"1070001";"1077778";"ITC41";"S126";"16810";""
"2021-11-30";"1070001";"1077778";"ITC4";"S128";"796301";""
"2021-11-30";"1070001";"1077778";"ITC4";"SBI9";"31359";""
"2021-11-30";"1070001";"1077778";"ITC41";"S11BI32";"7028595";""
"2021-11-30";"1070001";"1077778";"ITC41";"S11BI8";"393438";""
"2021-11-30";"1070001";"1077778";"IT";"SBI25";"738003528";""
"2021-11-30";"1070001";"1077778";"ITC41";"S127";"101825";""
"2021-11-30";"1070001";"1077778";"ITC4";"S11";"192742864";""
"2021-11-30";"1070001";"1077778";"IT";"S124";"15307392";""
"2021-11-30";"1070001";"1077778";"ITC41";"S12BI7";"119291";""
"2021-11-30";"1070001";"1077778";"ITC4";"SBI59";"421590726";""
"2021-11-30";"1070001";"1077778";"IT";"S127";"14549725";""
"2021-11-30";"1070001";"1077778";"IT";"S12BI66";"88250615";""
"2021-11-30";"1070001";"1077778";"IT";"SBI9";"104903";""
"2021-11-30";"1070001";"1077778";"IT";"S14BI2";"80738963";""
"2021-11-30";"1070001";"1077778";"ITC4";"S124";"9931145";""
"2021-11-30";"1070001";"1077778";"ITC41";"S13";"391638";""
"2021-11-30";"1070001";"1077778";"ITC41";"SBI9";"602";""
"2021-11-30";"1070001";"1077778";"IT";"S129";"38325";""
"2021-11-30";"1070001";"1077778";"IT";"S12BI7";"135742692";""
"2021-11-30";"1070001";"1077778";"ITC4";"S14";"143055222";""
"2021-11-30";"1070001";"1077778";"ITC4";"SBI25";"208021213";""
"2021-11-30";"1070001";"1077778";"ITC4";"S1313";"7582098";""
"2021-11-30";"1070001";"1077778";"IT";"S11";"657264565";""
"2021-11-30";"1070001";"1077778";"ITC41";"S1313";"391190";""
"2021-11-30";"1070001";"1077778";"ITC4";"S11BI7";"3997090";""
"2021-11-30";"1070001";"1077778";"ITC4";"S15";"2187062";""
"2021-11-30";"1070001";"1077778";"ITC41";"600";"10943007";""
"2021-10-31";"1070001";"1077778";"IT";"S129";"42721";""
"2021-10-31";"1070001";"1077778";"IT";"S11001";"26780133";""
"2021-10-31";"1070001";"1077778";"IT";"S126";"13595634";""
"2021-10-31";"1070001";"1077778";"IT";"600";"571238381";""
"2021-10-31";"1070001";"1077778";"ITC41";"S124";"1";""
"2021-10-31";"1070001";"1077778";"IT";"S1311";"182250649";""
"2021-10-31";"1070001";"1077778";"ITC41";"S15";"70850";""
"2021-10-31";"1070001";"1077778";"ITC41";"S14";"11731733";""
"2021-10-31";"1070001";"1077778";"ITC4";"S11BI8";"7011035";""
"2021-10-31";"1070001";"1077778";"ITC41";"S13";"389245";""
"2021-10-31";"1070001";"1077778";"ITC4";"S13";"7745269";""
"2021-10-31";"1070001";"1077778";"ITC4";"450";"37606";""
"2021-10-31";"1070001";"1077778";"ITC4";"SBI59";"419127314";""
"2021-10-31";"1070001";"1077778";"ITC41";"SBI25";"8552741";""
"2021-10-31";"1070001";"1077778";"ITC41";"SBI9";"524";""
"2021-10-31";"1070001";"1077778";"ITC4";"SBI25";"206110444";""
"2021-10-31";"1070001";"1077778";"ITC4";"S12BI66";"53347966";""
"2021-10-31";"1070001";"1077778";"IT";"S13";"249727918";""
"2021-10-31";"1070001";"1077778";"IT";"S15";"7513953";""
"2021-10-31";"1070001";"1077778";"ITC41";"S14BI2";"833088";""
"2021-10-31";"1070001";"1077778";"ITC4";"S14BI2";"15106014";""
"2021-10-31";"1070001";"1077778";"IT";"S127";"15687837";""
"2021-10-31";"1070001";"1077778";"IT";"S12BI66";"87833856";""
"2021-10-31";"1070001";"1077778";"ITC4";"S124";"9884823";""
"2021-10-31";"1070001";"1077778";"ITC4";"S11BI7";"3909422";""
"2021-10-31";"1070001";"1077778";"IT";"S11";"654008176";""
"2021-10-31";"1070001";"1077778";"ITC4";"S129";"425";""
"2021-10-31";"1070001";"1077778";"IT";"SBI9";"88631";""
"2021-10-31";"1070001";"1077778";"IT";"S14";"651344640";""
"2021-10-31";"1070001";"1077778";"ITC4";"S15";"2169602";""
"2021-10-31";"1070001";"1077778";"ITC4";"S12BI7";"75887975";""
"2021-10-31";"1070001";"1077778";"IT";"450";"334949";""
"2021-10-31";"1070001";"1077778";"ITC4";"S1311";"41096";""
"2021-10-31";"1070001";"1077778";"ITC41";"S11BI32";"6980367";""
"2021-10-31";"1070001";"1077778";"IT";"S14BI2";"80106260";""
"2021-10-31";"1070001";"1077778";"ITC41";"S12BI66";"658";""
"2021-10-31";"1070001";"1077778";"ITC41";"S11";"7719653";""
"2021-10-31";"1070001";"1077778";"ITC41";"SBI59";"20031121";""
"2021-10-31";"1070001";"1077778";"ITC41";"S1314";"6";""
"2021-10-31";"1070001";"1077778";"ITC41";"S1313";"388781";""
"2021-10-31";"1070001";"1077778";"IT";"S12BI7";"136340810";""
"2021-10-31";"1070001";"1077778";"ITC4";"S127";"7569632";""
"2021-10-31";"1070001";"1077778";"ITC41";"S11BI7";"285477";""
"2021-10-31";"1070001";"1077778";"ITC41";"450";"2310";""
"2021-10-31";"1070001";"1077778";"ITC4";"S11BI32";"175554219";""
"2021-10-31";"1070001";"1077778";"ITC4";"S1314";"920";""
"2021-10-31";"1070001";"1077778";"IT";"SBI25";"734114436";""
"2021-10-31";"1070001";"1077778";"IT";"S128";"3803392";""
"2021-10-31";"1070001";"1077778";"ITC41";"S11BI8";"390225";""
"2021-10-31";"1070001";"1077778";"ITC4";"S128";"805040";""
"2021-10-31";"1070001";"1077778";"IT";"S1313";"67412088";""
"2021-10-31";"1070001";"1077778";"IT";"S11BI8";"39637026";""
"2021-10-31";"1070001";"1077778";"ITC4";"S11";"191004430";""
"2021-10-31";"1070001";"1077778";"ITC41";"S126";"16332";""
"2021-10-31";"1070001";"1077778";"ITC4";"600";"127186565";""
"2021-10-31";"1070001";"1077778";"ITC4";"S126";"4280089";""
"2021-10-31";"1070001";"1077778";"ITC41";"S12BI7";"119117";""
"2021-10-31";"1070001";"1077778";"ITC4";"S14";"142292579";""
"2021-10-31";"1070001";"1077778";"IT";"S124";"15377370";""
"2021-10-31";"1070001";"1077778";"ITC41";"S127";"102126";""
"2021-10-31";"1070001";"1077778";"IT";"S11BI7";"16574552";""
"2021-10-31";"1070001";"1077778";"IT";"SBI59";"1699024128";""
"2021-10-31";"1070001";"1077778";"ITC41";"S11001";"61273";""
"2021-10-31";"1070001";"1077778";"ITC41";"S1311";"457";""
"2021-10-31";"1070001";"1077778";"ITC41";"600";"10898645";""
"2021-10-31";"1070001";"1077778";"ITC4";"S1313";"7703253";""
"2021-10-31";"1070001";"1077778";"IT";"S11BI32";"570681515";""
"2021-10-31";"1070001";"1077778";"ITC4";"SBI9";"27459";""
"2021-10-31";"1070001";"1077778";"IT";"S1314";"65181";""
"2021-10-31";"1070001";"1077778";"ITC4";"S11001";"4492148";""
"2021-09-30";"1070001";"1077778";"ITC41";"SBI25";"8718947";""
"2021-09-30";"1070001";"1077778";"IT";"S129";"44587";""
"2021-09-30";"1070001";"1077778";"IT";"S14";"648309180";""
"2021-09-30";"1070001";"1077778";"ITC4";"S11001";"5078002";""
"2021-09-30";"1070001";"1077778";"IT";"600";"568077889";""
"2021-09-30";"1070001";"1077778";"IT";"S128";"3884874";""
"2021-09-30";"1070001";"1077778";"IT";"S14BI2";"80231290";""
"2021-09-30";"1070001";"1077778";"ITC41";"S11001";"61311";""
"2021-09-30";"1070001";"1077778";"ITC4";"S12BI7";"77882316";""
"2021-09-30";"1070001";"1077778";"ITC41";"S14BI2";"839567";""
"2021-09-30";"1070001";"1077778";"ITC4";"S128";"799630";""
"2021-09-30";"1070001";"1077778";"ITC4";"S11BI32";"174935612";""
"2021-09-30";"1070001";"1077778";"IT";"S11001";"26098392";""
"2021-09-30";"1070001";"1077778";"ITC41";"S13";"392475";""
"2021-09-30";"1070001";"1077778";"ITC41";"S12BI66";"660";""
"2021-09-30";"1070001";"1077778";"ITC4";"SBI59";"420457674";""
"2021-09-30";"1070001";"1077778";"IT";"S11";"652253889";""
"2021-09-30";"1070001";"1077778";"IT";"SBI25";"732485179";""
"2021-09-30";"1070001";"1077778";"IT";"S12BI66";"91145932";""
"2021-09-30";"1070001";"1077778";"IT";"SBI9";"88649";""
"2021-09-30";"1070001";"1077778";"ITC4";"S129";"3875";""
"2021-09-30";"1070001";"1077778";"IT";"S1311";"194095274";""
"2021-09-30";"1070001";"1077778";"ITC41";"S127";"102806";""
"2021-09-30";"1070001";"1077778";"ITC41";"S1313";"392008";""
"2021-09-30";"1070001";"1077778";"ITC4";"S11BI7";"4012139";""
"2021-09-30";"1070001";"1077778";"ITC4";"S13";"7555024";""
"2021-09-30";"1070001";"1077778";"IT";"S1314";"95728";""
"2021-09-30";"1070001";"1077778";"IT";"SBI59";"1708794807";""
"2021-09-30";"1070001";"1077778";"IT";"S13";"261435704";""
"2021-09-30";"1070001";"1077778";"ITC41";"S11BI7";"292579";""
"2021-09-30";"1070001";"1077778";"IT";"S127";"15926458";""
"2021-09-30";"1070001";"1077778";"ITC41";"S126";"16040";""
"2021-09-30";"1070001";"1077778";"ITC41";"S124";"0";""
"2021-09-30";"1070001";"1077778";"ITC4";"450";"36930";""
"2021-09-30";"1070001";"1077778";"IT";"S15";"7511624";""
"2021-09-30";"1070001";"1077778";"ITC41";"S11";"7879380";""
"2021-09-30";"1070001";"1077778";"ITC4";"600";"126476359";""
"2021-09-30";"1070001";"1077778";"IT";"S11BI8";"39956447";""
"2021-09-30";"1070001";"1077778";"ITC41";"S11BI8";"395766";""
"2021-09-30";"1070001";"1077778";"IT";"S126";"12963762";""
"2021-09-30";"1070001";"1077778";"ITC41";"600";"10849112";""
"2021-09-30";"1070001";"1077778";"ITC41";"S1311";"461";""
"2021-09-30";"1070001";"1077778";"IT";"S124";"15230150";""
"2021-09-30";"1070001";"1077778";"IT";"S12BI7";"139195762";""
"2021-09-30";"1070001";"1077778";"ITC41";"S12BI7";"119507";""
"2021-09-30";"1070001";"1077778";"ITC41";"S1314";"7";""
"2021-09-30";"1070001";"1077778";"ITC4";"S1313";"7516431";""
"2021-09-30";"1070001";"1077778";"ITC4";"S12BI66";"55373338";""
"2021-09-30";"1070001";"1077778";"ITC4";"S15";"2194536";""
"2021-09-30";"1070001";"1077778";"ITC41";"S14";"11688679";""
"2021-09-30";"1070001";"1077778";"ITC41";"SBI9";"521";""
"2021-09-30";"1070001";"1077778";"ITC4";"S14BI2";"15172421";""
"2021-09-30";"1070001";"1077778";"IT";"S1313";"67244702";""
"2021-09-30";"1070001";"1077778";"ITC4";"S126";"4274387";""
"2021-09-30";"1070001";"1077778";"ITC4";"S127";"7620323";""
"2021-09-30";"1070001";"1077778";"ITC4";"SBI9";"22540";""
"2021-09-30";"1070001";"1077778";"ITC4";"S1311";"37088";""
"2021-09-30";"1070001";"1077778";"ITC41";"S15";"71002";""
"2021-09-30";"1070001";"1077778";"ITC4";"S124";"9810762";""
"2021-09-30";"1070001";"1077778";"ITC4";"SBI25";"206326899";""
"2021-09-30";"1070001";"1077778";"ITC41";"S11BI32";"7127451";""
"2021-09-30";"1070001";"1077778";"ITC4";"S11";"191154478";""
"2021-09-30";"1070001";"1077778";"ITC41";"450";"2274";""
"2021-09-30";"1070001";"1077778";"ITC41";"SBI59";"20151564";""
"2021-09-30";"1070001";"1077778";"IT";"S11BI7";"16876083";""
"2021-09-30";"1070001";"1077778";"ITC4";"S11BI8";"7091794";""
"2021-09-30";"1070001";"1077778";"ITC4";"S14";"141648780";""
"2021-09-30";"1070001";"1077778";"ITC4";"S1314";"1505";""
"2021-09-30";"1070001";"1077778";"IT";"450";"250173";""
"2021-09-30";"1070001";"1077778";"IT";"S11BI32";"569072794";""
"2021-08-31";"1070001";"1077778";"IT";"SBI9";"79142";""
"2021-08-31";"1070001";"1077778";"ITC41";"S14BI2";"844211";""
"2021-08-31";"1070001";"1077778";"ITC41";"S1313";"392390";""
"2021-08-31";"1070001";"1077778";"ITC4";"SBI59";"415459945";""
"2021-08-31";"1070001";"1077778";"ITC4";"S124";"9608273";""
"2021-08-31";"1070001";"1077778";"IT";"S14BI2";"80602030";""
"2021-08-31";"1070001";"1077778";"IT";"S1313";"67062437";""
"2021-08-31";"1070001";"1077778";"ITC4";"S1313";"7482178";""
"2021-08-31";"1070001";"1077778";"IT";"S124";"15080346";""
"2021-08-31";"1070001";"1077778";"ITC41";"S11";"7893368";""
"2021-08-31";"1070001";"1077778";"ITC4";"S12BI66";"53201708";""
"2021-08-31";"1070001";"1077778";"IT";"S12BI7";"133560495";""
"2021-08-31";"1070001";"1077778";"IT";"S126";"11827834";""
"2021-08-31";"1070001";"1077778";"ITC4";"S1311";"38477";""
"2021-08-31";"1070001";"1077778";"IT";"S11BI32";"567887705";""
"2021-08-31";"1070001";"1077778";"ITC4";"SBI25";"205359557";""
"2021-08-31";"1070001";"1077778";"IT";"S1311";"200157291";""
"2021-08-31";"1070001";"1077778";"ITC41";"S126";"16247";""
"2021-08-31";"1070001";"1077778";"IT";"S127";"14822777";""
"2021-08-31";"1070001";"1077778";"ITC4";"S1314";"791";""
"2021-08-31";"1070001";"1077778";"ITC41";"SBI59";"20157068";""
"2021-08-31";"1070001";"1077778";"IT";"S13";"267296142";""
"2021-08-31";"1070001";"1077778";"ITC41";"S11001";"66567";""
"2021-08-31";"1070001";"1077778";"ITC41";"S11BI32";"7132368";""
"2021-08-31";"1070001";"1077778";"IT";"S15";"7433200";""
"2021-08-31";"1070001";"1077778";"ITC41";"600";"10835763";""
"2021-08-31";"1070001";"1077778";"ITC41";"S12BI7";"120926";""
"2021-08-31";"1070001";"1077778";"IT";"450";"250833";""
"2021-08-31";"1070001";"1077778";"ITC4";"S126";"4194946";""
"2021-08-31";"1070001";"1077778";"IT";"S11BI7";"16959649";""
"2021-08-31";"1070001";"1077778";"ITC4";"S14";"141318867";""
"2021-08-31";"1070001";"1077778";"ITC4";"S11BI8";"7113967";""
"2021-08-31";"1070001";"1077778";"ITC41";"S13";"392833";""
"2021-08-31";"1070001";"1077778";"ITC4";"S127";"6481513";""
"2021-08-31";"1070001";"1077778";"IT";"S11BI8";"40171575";""
"2021-08-31";"1070001";"1077778";"ITC4";"S11BI32";"174012626";""
"2021-08-31";"1070001";"1077778";"ITC4";"S128";"803488";""
"2021-08-31";"1070001";"1077778";"ITC41";"450";"2512";""
"2021-08-31";"1070001";"1077778";"IT";"S11001";"26257918";""
"2021-08-31";"1070001";"1077778";"IT";"S11";"651527681";""
"2021-08-31";"1070001";"1077778";"ITC41";"S1314";"7";""
"2021-08-31";"1070001";"1077778";"ITC41";"S11BI8";"397912";""
"2021-08-31";"1070001";"1077778";"IT";"600";"566191725";""
"2021-08-31";"1070001";"1077778";"ITC4";"S11BI7";"4008416";""
"2021-08-31";"1070001";"1077778";"ITC4";"S12BI7";"74293150";""
"2021-08-31";"1070001";"1077778";"IT";"SBI25";"732129710";""
"2021-08-31";"1070001";"1077778";"IT";"SBI59";"1706690414";""
"2021-08-31";"1070001";"1077778";"ITC41";"S127";"104014";""
"2021-08-31";"1070001";"1077778";"ITC41";"S124";"1";""
"2021-08-31";"1070001";"1077778";"ITC4";"600";"126106207";""
"2021-08-31";"1070001";"1077778";"ITC4";"S11";"190146897";""
"2021-08-31";"1070001";"1077778";"ITC41";"SBI25";"8737579";""
"2021-08-31";"1070001";"1077778";"ITC4";"S13";"7521446";""
"2021-08-31";"1070001";"1077778";"ITC41";"S1311";"437";""
"2021-08-31";"1070001";"1077778";"ITC41";"S12BI66";"663";""
"2021-08-31";"1070001";"1077778";"ITC4";"S129";"3222";""
"2021-08-31";"1070001";"1077778";"ITC41";"S14";"11679975";""
"2021-08-31";"1070001";"1077778";"ITC4";"450";"38747";""
"2021-08-31";"1070001";"1077778";"IT";"S12BI66";"87914930";""
"2021-08-31";"1070001";"1077778";"ITC4";"S14BI2";"15212660";""
"2021-08-31";"1070001";"1077778";"IT";"S14";"646793755";""
"2021-08-31";"1070001";"1077778";"ITC4";"S11001";"4973141";""
"2021-08-31";"1070001";"1077778";"ITC4";"S15";"2158740";""
"2021-08-31";"1070001";"1077778";"ITC4";"SBI9";"20845";""
"2021-08-31";"1070001";"1077778";"IT";"S129";"16470";""
"2021-08-31";"1070001";"1077778";"ITC41";"S11BI7";"294008";""
"2021-08-31";"1070001";"1077778";"ITC41";"S15";"69494";""
"2021-08-31";"1070001";"1077778";"IT";"S1314";"76414";""
"2021-08-31";"1070001";"1077778";"IT";"S128";"3898136";""
"2021-08-31";"1070001";"1077778";"ITC41";"SBI9";"471";""
"2021-07-31";"1070001";"1077778";"IT";"450";"259789";""
"2021-07-31";"1070001";"1077778";"IT";"S129";"26625";""
"2021-07-31";"1070001";"1077778";"ITC4";"S11BI7";"4003558";""
"2021-07-31";"1070001";"1077778";"ITC4";"S14";"141768295";""
"2021-07-31";"1070001";"1077778";"ITC4";"600";"126547916";""
"2021-07-31";"1070001";"1077778";"IT";"S1313";"67406819";""
"2021-07-31";"1070001";"1077778";"ITC4";"450";"39187";""
"2021-07-31";"1070001";"1077778";"IT";"S1311";"199570595";""
"2021-07-31";"1070001";"1077778";"IT";"S1314";"64462";""
"2021-07-31";"1070001";"1077778";"ITC4";"S14BI2";"15220379";""
"2021-07-31";"1070001";"1077778";"ITC4";"S12BI66";"54874420";""
"2021-07-31";"1070001";"1077778";"ITC4";"S15";"2145906";""
"2021-07-31";"1070001";"1077778";"ITC4";"S11BI32";"175626120";""
"2021-07-31";"1070001";"1077778";"IT";"S12BI7";"136556290";""
"2021-07-31";"1070001";"1077778";"ITC41";"S11BI7";"292851";""
"2021-07-31";"1070001";"1077778";"IT";"S11BI7";"16924047";""
"2021-07-31";"1070001";"1077778";"ITC41";"S14BI2";"845153";""
"2021-07-31";"1070001";"1077778";"ITC4";"S13";"7536797";""
"2021-07-31";"1070001";"1077778";"IT";"S124";"15354582";""
"2021-07-31";"1070001";"1077778";"ITC41";"S12BI66";"664";""
"2021-07-31";"1070001";"1077778";"ITC41";"S11";"7937545";""
"2021-07-31";"1070001";"1077778";"ITC41";"S1311";"537";""
"2021-07-31";"1070001";"1077778";"ITC41";"S11BI8";"401159";""
"2021-07-31";"1070001";"1077778";"ITC4";"SBI9";"35323";""
"2021-07-31";"1070001";"1077778";"ITC41";"S124";"0";""
"2021-07-31";"1070001";"1077778";"ITC41";"S14";"11726088";""
"2021-07-31";"1070001";"1077778";"ITC41";"SBI59";"20248870";""
"2021-07-31";"1070001";"1077778";"IT";"S11";"655570499";""
"2021-07-31";"1070001";"1077778";"ITC41";"600";"10880935";""
"2021-07-31";"1070001";"1077778";"IT";"S11BI8";"40422492";""
"2021-07-31";"1070001";"1077778";"ITC41";"SBI25";"8782698";""
"2021-07-31";"1070001";"1077778";"ITC4";"S127";"6345042";""
"2021-07-31";"1070001";"1077778";"IT";"S15";"7474150";""
"2021-07-31";"1070001";"1077778";"ITC41";"S11001";"63157";""
"2021-07-31";"1070001";"1077778";"IT";"S12BI66";"90173050";""
"2021-07-31";"1070001";"1077778";"ITC41";"S12BI7";"121180";""
"2021-07-31";"1070001";"1077778";"IT";"S14";"648828111";""
"2021-07-31";"1070001";"1077778";"ITC41";"S15";"70917";""
"2021-07-31";"1070001";"1077778";"ITC4";"S11BI8";"7118524";""
"2021-07-31";"1070001";"1077778";"ITC41";"S11BI32";"7177970";""
"2021-07-31";"1070001";"1077778";"ITC4";"S11";"191756237";""
"2021-07-31";"1070001";"1077778";"ITC4";"S124";"9808129";""
"2021-07-31";"1070001";"1077778";"IT";"S13";"267041876";""
"2021-07-31";"1070001";"1077778";"ITC4";"S1313";"7503252";""
"2021-07-31";"1070001";"1077778";"ITC4";"S11001";"4968848";""
"2021-07-31";"1070001";"1077778";"IT";"S14BI2";"80724472";""
"2021-07-31";"1070001";"1077778";"IT";"S126";"12510013";""
"2021-07-31";"1070001";"1077778";"IT";"S128";"3792228";""
"2021-07-31";"1070001";"1077778";"IT";"S127";"14699792";""
"2021-07-31";"1070001";"1077778";"ITC41";"S1314";"7";""
"2021-07-31";"1070001";"1077778";"ITC4";"S129";"9137";""
"2021-07-31";"1070001";"1077778";"ITC4";"SBI59";"419342657";""
"2021-07-31";"1070001";"1077778";"ITC4";"S126";"4275406";""
"2021-07-31";"1070001";"1077778";"ITC4";"SBI25";"206976616";""
"2021-07-31";"1070001";"1077778";"ITC41";"S13";"392727";""
"2021-07-31";"1070001";"1077778";"IT";"SBI59";"1715564249";""
"2021-07-31";"1070001";"1077778";"ITC4";"S1314";"794";""
"2021-07-31";"1070001";"1077778";"ITC4";"S1311";"32751";""
"2021-07-31";"1070001";"1077778";"IT";"SBI25";"736294971";""
"2021-07-31";"1070001";"1077778";"ITC41";"SBI9";"413";""
"2021-07-31";"1070001";"1077778";"ITC41";"S126";"15972";""
"2021-07-31";"1070001";"1077778";"ITC4";"S12BI7";"76100099";""
"2021-07-31";"1070001";"1077778";"IT";"S11BI32";"571842194";""
"2021-07-31";"1070001";"1077778";"IT";"SBI9";"93322";""
"2021-07-31";"1070001";"1077778";"ITC41";"S1313";"392183";""
"2021-07-31";"1070001";"1077778";"IT";"S11001";"26121977";""
"2021-07-31";"1070001";"1077778";"ITC41";"S127";"104543";""
"2021-07-31";"1070001";"1077778";"ITC4";"S128";"787965";""
"2021-07-31";"1070001";"1077778";"IT";"600";"568103639";""
"2021-07-31";"1070001";"1077778";"ITC41";"450";"2408";""
"2021-06-30";"1070001";"1077778";"IT";"S11BI8";"40910372";""
"2021-06-30";"1070001";"1077778";"IT";"S126";"12675849";""
"2021-06-30";"1070001";"1077778";"ITC41";"S127";"104022";""
"2021-06-30";"1070001";"1077778";"IT";"SBI25";"740335463";""
"2021-06-30";"1070001";"1077778";"ITC4";"S14BI2";"15257472";""
"2021-06-30";"1070001";"1077778";"ITC4";"S129";"853";""
"2021-06-30";"1070001";"1077778";"ITC4";"S12BI7";"80091660";""
"2021-06-30";"1070001";"1077778";"ITC4";"S14";"140546679";""
"2021-06-30";"1070001";"1077778";"ITC41";"S11BI8";"407158";""
"2021-06-30";"1070001";"1077778";"IT";"S127";"14250372";""
"2021-06-30";"1070001";"1077778";"IT";"S13";"268967054";""
"2021-06-30";"1070001";"1077778";"IT";"S1313";"67630464";""
"2021-06-30";"1070001";"1077778";"ITC41";"S13";"395118";""
"2021-06-30";"1070001";"1077778";"ITC41";"SBI59";"20159415";""
"2021-06-30";"1070001";"1077778";"ITC41";"S1314";"8";""
"2021-06-30";"1070001";"1077778";"ITC41";"S11";"7977435";""
"2021-06-30";"1070001";"1077778";"ITC4";"S13";"7629652";""
"2021-06-30";"1070001";"1077778";"ITC4";"450";"36868";""
"2021-06-30";"1070001";"1077778";"ITC4";"S11BI32";"175793215";""
"2021-06-30";"1070001";"1077778";"ITC41";"S11001";"63673";""
"2021-06-30";"1070001";"1077778";"ITC41";"S14";"11591162";""
"2021-06-30";"1070001";"1077778";"ITC41";"SBI25";"8823801";""
"2021-06-30";"1070001";"1077778";"IT";"S124";"15513061";""
"2021-06-30";"1070001";"1077778";"ITC41";"S124";"3790";""
"2021-06-30";"1070001";"1077778";"IT";"S11BI32";"575603917";""
"2021-06-30";"1070001";"1077778";"ITC4";"600";"125289206";""
"2021-06-30";"1070001";"1077778";"ITC4";"S124";"9840002";""
"2021-06-30";"1070001";"1077778";"IT";"SBI59";"1721647666";""
"2021-06-30";"1070001";"1077778";"ITC41";"S11BI7";"298788";""
"2021-06-30";"1070001";"1077778";"ITC41";"S15";"70316";""
"2021-06-30";"1070001";"1077778";"ITC4";"SBI59";"422372266";""
"2021-06-30";"1070001";"1077778";"ITC41";"S1311";"540";""
"2021-06-30";"1070001";"1077778";"ITC41";"S12BI7";"125043";""
"2021-06-30";"1070001";"1077778";"IT";"S11001";"25343228";""
"2021-06-30";"1070001";"1077778";"IT";"S11BI7";"17244842";""
"2021-06-30";"1070001";"1077778";"IT";"S12BI7";"143032738";""
"2021-06-30";"1070001";"1077778";"IT";"S1311";"201269464";""
"2021-06-30";"1070001";"1077778";"IT";"SBI9";"89159";""
"2021-06-30";"1070001";"1077778";"ITC41";"SBI9";"342";""
"2021-06-30";"1070001";"1077778";"IT";"450";"269659";""
"2021-06-30";"1070001";"1077778";"ITC41";"S1313";"394570";""
"2021-06-30";"1070001";"1077778";"ITC41";"600";"10744796";""
"2021-06-30";"1070001";"1077778";"ITC4";"S15";"2127345";""
"2021-06-30";"1070001";"1077778";"ITC41";"450";"2546";""
"2021-06-30";"1070001";"1077778";"ITC41";"S12BI66";"1061";""
"2021-06-30";"1070001";"1077778";"ITC4";"S11";"191942663";""
"2021-06-30";"1070001";"1077778";"ITC4";"S126";"3888273";""
"2021-06-30";"1070001";"1077778";"ITC4";"S1314";"822";""
"2021-06-30";"1070001";"1077778";"ITC41";"S11BI32";"7205271";""
"2021-06-30";"1070001";"1077778";"ITC41";"S14BI2";"846365";""
"2021-06-30";"1070001";"1077778";"ITC4";"SBI25";"207200135";""
"2021-06-30";"1070001";"1077778";"IT";"S14";"642731528";""
"2021-06-30";"1070001";"1077778";"ITC4";"S11BI7";"4099648";""
"2021-06-30";"1070001";"1077778";"IT";"S15";"7455169";""
"2021-06-30";"1070001";"1077778";"ITC4";"S1311";"94053";""
"2021-06-30";"1070001";"1077778";"ITC4";"S1313";"7534777";""
"2021-06-30";"1070001";"1077778";"ITC4";"SBI9";"34267";""
"2021-06-30";"1070001";"1077778";"IT";"S128";"3892454";""
"2021-06-30";"1070001";"1077778";"IT";"S129";"18588";""
"2021-06-30";"1070001";"1077778";"IT";"S12BI66";"96682413";""
"2021-06-30";"1070001";"1077778";"IT";"S1314";"67126";""
"2021-06-30";"1070001";"1077778";"IT";"S14BI2";"80963444";""
"2021-06-30";"1070001";"1077778";"ITC41";"S126";"16169";""
"2021-06-30";"1070001";"1077778";"ITC4";"S11001";"4807341";""
"2021-06-30";"1070001";"1077778";"ITC4";"S11BI8";"7205592";""
"2021-06-30";"1070001";"1077778";"IT";"S11";"659372019";""
"2021-06-30";"1070001";"1077778";"ITC4";"S127";"6496133";""
"2021-06-30";"1070001";"1077778";"ITC4";"S128";"779320";""
"2021-06-30";"1070001";"1077778";"ITC4";"S12BI66";"59087080";""
"2021-06-30";"1070001";"1077778";"IT";"600";"561768083";""
"2021-05-31";"1070001";"1077778";"ITC41";"S14BI2";"841285";""
"2021-05-31";"1070001";"1077778";"ITC4";"S1314";"837";""
"2021-05-31";"1070001";"1077778";"ITC41";"S127";"100035";""
"2021-05-31";"1070001";"1077778";"ITC41";"S12BI66";"1067";""
"2021-05-31";"1070001";"1077778";"ITC4";"S126";"3737140";""
"2021-05-31";"1070001";"1077778";"IT";"S128";"3861253";""
"2021-05-31";"1070001";"1077778";"IT";"S1313";"67813210";""
"2021-05-31";"1070001";"1077778";"IT";"SBI9";"70467";""
"2021-05-31";"1070001";"1077778";"ITC4";"SBI25";"206254895";""
"2021-05-31";"1070001";"1077778";"ITC4";"SBI9";"17178";""
"2021-05-31";"1070001";"1077778";"IT";"S126";"12442425";""
"2021-05-31";"1070001";"1077778";"ITC41";"S15";"70133";""
"2021-05-31";"1070001";"1077778";"IT";"S11001";"25346582";""
"2021-05-31";"1070001";"1077778";"ITC41";"S13";"400304";""
"2021-05-31";"1070001";"1077778";"ITC4";"S124";"9602371";""
"2021-05-31";"1070001";"1077778";"ITC41";"SBI9";"317";""
"2021-05-31";"1070001";"1077778";"ITC41";"S11BI32";"7256322";""
"2021-05-31";"1070001";"1077778";"IT";"S13";"267293147";""
"2021-05-31";"1070001";"1077778";"ITC4";"S1313";"7658161";""
"2021-05-31";"1070001";"1077778";"ITC41";"S1311";"468";""
"2021-05-31";"1070001";"1077778";"ITC4";"S11BI7";"4125766";""
"2021-05-31";"1070001";"1077778";"ITC4";"S128";"790614";""
"2021-05-31";"1070001";"1077778";"IT";"450";"272462";""
"2021-05-31";"1070001";"1077778";"IT";"S11";"661025109";""
"2021-05-31";"1070001";"1077778";"IT";"S11BI32";"576959079";""
"2021-05-31";"1070001";"1077778";"ITC4";"S1311";"28581";""
"2021-05-31";"1070001";"1077778";"ITC41";"S1314";"8";""
"2021-05-31";"1070001";"1077778";"IT";"S129";"133588";""
"2021-05-31";"1070001";"1077778";"IT";"S12BI66";"91155649";""
"2021-05-31";"1070001";"1077778";"IT";"S1311";"199416423";""
"2021-05-31";"1070001";"1077778";"IT";"S14BI2";"80825991";""
"2021-05-31";"1070001";"1077778";"IT";"SBI25";"741851100";""
"2021-05-31";"1070001";"1077778";"ITC4";"S11BI32";"174898765";""
"2021-05-31";"1070001";"1077778";"ITC4";"S11BI8";"7255210";""
"2021-05-31";"1070001";"1077778";"ITC4";"S129";"15196";""
"2021-05-31";"1070001";"1077778";"ITC41";"S11001";"68185";""
"2021-05-31";"1070001";"1077778";"ITC41";"SBI59";"20162689";""
"2021-05-31";"1070001";"1077778";"ITC41";"S1313";"399828";""
"2021-05-31";"1070001";"1077778";"IT";"S15";"7521628";""
"2021-05-31";"1070001";"1077778";"IT";"SBI59";"1713387290";""
"2021-05-31";"1070001";"1077778";"ITC41";"S11BI8";"409975";""
"2021-05-31";"1070001";"1077778";"ITC41";"S124";"0";""
"2021-05-31";"1070001";"1077778";"ITC4";"S11";"191037394";""
"2021-05-31";"1070001";"1077778";"ITC4";"SBI59";"416797688";""
"2021-05-31";"1070001";"1077778";"IT";"S127";"14864140";""
"2021-05-31";"1070001";"1077778";"IT";"600";"558950973";""
"2021-05-31";"1070001";"1077778";"IT";"S11BI7";"17326010";""
"2021-05-31";"1070001";"1077778";"ITC41";"S11BI7";"300288";""
"2021-05-31";"1070001";"1077778";"ITC41";"SBI25";"8878529";""
"2021-05-31";"1070001";"1077778";"IT";"S12BI7";"137699976";""
"2021-05-31";"1070001";"1077778";"IT";"S1314";"63515";""
"2021-05-31";"1070001";"1077778";"ITC41";"S126";"16375";""
"2021-05-31";"1070001";"1077778";"ITC41";"S12BI7";"117476";""
"2021-05-31";"1070001";"1077778";"ITC4";"600";"124590174";""
"2021-05-31";"1070001";"1077778";"ITC4";"S11001";"4718968";""
"2021-05-31";"1070001";"1077778";"ITC41";"450";"2475";""
"2021-05-31";"1070001";"1077778";"ITC41";"600";"10695929";""
"2021-05-31";"1070001";"1077778";"ITC4";"S15";"2095608";""
"2021-05-31";"1070001";"1077778";"ITC4";"S13";"7687579";""
"2021-05-31";"1070001";"1077778";"IT";"S124";"15242920";""
"2021-05-31";"1070001";"1077778";"ITC41";"S14";"11537214";""
"2021-05-31";"1070001";"1077778";"IT";"S14";"639776964";""
"2021-05-31";"1070001";"1077778";"ITC41";"S11";"8037244";""
"2021-05-31";"1070001";"1077778";"IT";"S11BI8";"41120975";""
"2021-05-31";"1070001";"1077778";"ITC4";"S14";"139807675";""
"2021-05-31";"1070001";"1077778";"ITC4";"450";"38685";""
"2021-05-31";"1070001";"1077778";"ITC4";"S14BI2";"15217501";""
"2021-05-31";"1070001";"1077778";"ITC4";"S127";"6778486";""
"2021-05-31";"1070001";"1077778";"ITC4";"S12BI66";"55228447";""
"2021-05-31";"1070001";"1077778";"ITC4";"S12BI7";"76152253";""
"2021-04-30";"1070001";"1077778";"IT";"S11BI8";"41238887";""
"2021-04-30";"1070001";"1077778";"ITC41";"450";"2401";""
"2021-04-30";"1070001";"1077778";"ITC41";"S11";"7986643";""
"2021-04-30";"1070001";"1077778";"ITC41";"S1314";"8";""
"2021-04-30";"1070001";"1077778";"ITC4";"S11BI8";"7262356";""
"2021-04-30";"1070001";"1077778";"IT";"S12BI66";"92470690";""
"2021-04-30";"1070001";"1077778";"IT";"S13";"265486576";""
"2021-04-30";"1070001";"1077778";"IT";"S1311";"198522575";""
"2021-04-30";"1070001";"1077778";"IT";"S11";"659824379";""
"2021-04-30";"1070001";"1077778";"ITC4";"450";"71009";""
"2021-04-30";"1070001";"1077778";"ITC4";"S13";"7703398";""
"2021-04-30";"1070001";"1077778";"ITC4";"S1314";"825";""
"2021-04-30";"1070001";"1077778";"IT";"S124";"15024528";""
"2021-04-30";"1070001";"1077778";"ITC41";"S11BI7";"299747";""
"2021-04-30";"1070001";"1077778";"IT";"S11BI7";"17347055";""
"2021-04-30";"1070001";"1077778";"ITC4";"S124";"9622806";""
"2021-04-30";"1070001";"1077778";"IT";"S12BI7";"137470101";""
"2021-04-30";"1070001";"1077778";"IT";"S15";"7782020";""
"2021-04-30";"1070001";"1077778";"ITC4";"S12BI66";"55854392";""
"2021-04-30";"1070001";"1077778";"ITC4";"S1313";"7661275";""
"2021-04-30";"1070001";"1077778";"IT";"S1314";"103939";""
"2021-04-30";"1070001";"1077778";"ITC4";"S127";"6679801";""
"2021-04-30";"1070001";"1077778";"IT";"S128";"3818216";""
"2021-04-30";"1070001";"1077778";"ITC41";"S127";"104943";""
"2021-04-30";"1070001";"1077778";"ITC41";"S12BI7";"122239";""
"2021-04-30";"1070001";"1077778";"ITC41";"S15";"70794";""
"2021-04-30";"1070001";"1077778";"ITC4";"S11";"191473325";""
"2021-04-30";"1070001";"1077778";"ITC4";"S12BI7";"76574086";""
"2021-04-30";"1070001";"1077778";"ITC4";"SBI25";"206726901";""
"2021-04-30";"1070001";"1077778";"ITC4";"SBI59";"417192147";""
"2021-04-30";"1070001";"1077778";"IT";"S11BI32";"576274234";""
"2021-04-30";"1070001";"1077778";"ITC4";"S126";"3682816";""
"2021-04-30";"1070001";"1077778";"IT";"S14BI2";"80844135";""
"2021-04-30";"1070001";"1077778";"IT";"S126";"12067272";""
"2021-04-30";"1070001";"1077778";"ITC41";"S1311";"499";""
"2021-04-30";"1070001";"1077778";"ITC41";"S14BI2";"839782";""
"2021-04-30";"1070001";"1077778";"ITC4";"S11BI32";"175409940";""
"2021-04-30";"1070001";"1077778";"IT";"S14";"637473347";""
"2021-04-30";"1070001";"1077778";"IT";"SBI25";"740668514";""
"2021-04-30";"1070001";"1077778";"IT";"S127";"14061093";""
"2021-04-30";"1070001";"1077778";"ITC4";"SBI9";"15925";""
"2021-04-30";"1070001";"1077778";"ITC41";"600";"10653878";""
"2021-04-30";"1070001";"1077778";"ITC41";"S11001";"67601";""
"2021-04-30";"1070001";"1077778";"ITC41";"S11BI32";"7203387";""
"2021-04-30";"1070001";"1077778";"ITC41";"SBI9";"279";""
"2021-04-30";"1070001";"1077778";"IT";"S1313";"66860061";""
"2021-04-30";"1070001";"1077778";"IT";"SBI59";"1708106270";""
"2021-04-30";"1070001";"1077778";"ITC4";"S128";"724200";""
"2021-04-30";"1070001";"1077778";"IT";"S129";"28304";""
"2021-04-30";"1070001";"1077778";"ITC4";"S14";"139289903";""
"2021-04-30";"1070001";"1077778";"ITC4";"S15";"2135509";""
"2021-04-30";"1070001";"1077778";"ITC41";"S11BI8";"413507";""
"2021-04-30";"1070001";"1077778";"ITC4";"600";"124036327";""
"2021-04-30";"1070001";"1077778";"ITC41";"S12BI66";"1082";""
"2021-04-30";"1070001";"1077778";"ITC41";"SBI25";"8826426";""
"2021-04-30";"1070001";"1077778";"IT";"SBI9";"69848";""
"2021-04-30";"1070001";"1077778";"ITC4";"S129";"10072";""
"2021-04-30";"1070001";"1077778";"ITC41";"S124";"0";""
"2021-04-30";"1070001";"1077778";"IT";"S11001";"24649745";""
"2021-04-30";"1070001";"1077778";"ITC4";"S1311";"41298";""
"2021-04-30";"1070001";"1077778";"ITC41";"S13";"404927";""
"2021-04-30";"1070001";"1077778";"IT";"450";"314458";""
"2021-04-30";"1070001";"1077778";"IT";"600";"556629212";""
"2021-04-30";"1070001";"1077778";"ITC4";"S14BI2";"15253576";""
"2021-04-30";"1070001";"1077778";"ITC41";"S1313";"404420";""
"2021-04-30";"1070001";"1077778";"ITC41";"S14";"11493660";""
"2021-04-30";"1070001";"1077778";"ITC41";"SBI59";"20078542";""
"2021-04-30";"1070001";"1077778";"ITC4";"S11BI7";"4132983";""
"2021-04-30";"1070001";"1077778";"ITC4";"S11001";"4597037";""
"2021-04-30";"1070001";"1077778";"ITC41";"S126";"16213";""
"2021-03-31";"1070001";"1077778";"IT";"S1314";"105236";""
"2021-03-31";"1070001";"1077778";"ITC4";"SBI59";"420842021";""
"2021-03-31";"1070001";"1077778";"IT";"S128";"3846268";""
"2021-03-31";"1070001";"1077778";"ITC4";"S11";"192822158";""
"2021-03-31";"1070001";"1077778";"ITC4";"S11BI8";"7340510";""
"2021-03-31";"1070001";"1077778";"ITC4";"S124";"9733640";""
"2021-03-31";"1070001";"1077778";"ITC4";"S12BI7";"79083550";""
"2021-03-31";"1070001";"1077778";"ITC4";"S13";"7721109";""
"2021-03-31";"1070001";"1077778";"IT";"450";"281740";""
"2021-03-31";"1070001";"1077778";"IT";"S11";"664215103";""
"2021-03-31";"1070001";"1077778";"ITC41";"S11001";"69104";""
"2021-03-31";"1070001";"1077778";"ITC41";"S1314";"13";""
"2021-03-31";"1070001";"1077778";"ITC41";"S12BI7";"119620";""
"2021-03-31";"1070001";"1077778";"ITC41";"S1313";"402667";""
"2021-03-31";"1070001";"1077778";"ITC4";"S11BI7";"4155100";""
"2021-03-31";"1070001";"1077778";"ITC4";"S127";"6434339";""
"2021-03-31";"1070001";"1077778";"ITC4";"S129";"20743";""
"2021-03-31";"1070001";"1077778";"IT";"S1311";"198600008";""
"2021-03-31";"1070001";"1077778";"ITC4";"SBI25";"208057226";""
"2021-03-31";"1070001";"1077778";"ITC41";"S11BI7";"302509";""
"2021-03-31";"1070001";"1077778";"IT";"S12BI7";"140329534";""
"2021-03-31";"1070001";"1077778";"ITC41";"S14";"11498146";""
"2021-03-31";"1070001";"1077778";"ITC41";"S14BI2";"856615";""
"2021-03-31";"1070001";"1077778";"ITC41";"S13";"403222";""
"2021-03-31";"1070001";"1077778";"ITC4";"600";"123842323";""
"2021-03-31";"1070001";"1077778";"ITC41";"S11BI32";"7176571";""
"2021-03-31";"1070001";"1077778";"ITC41";"SBI9";"770";""
"2021-03-31";"1070001";"1077778";"ITC4";"S14BI2";"15235068";""
"2021-03-31";"1070001";"1077778";"IT";"S11001";"25897998";""
"2021-03-31";"1070001";"1077778";"IT";"S14";"637497571";""
"2021-03-31";"1070001";"1077778";"IT";"S14BI2";"81484462";""
"2021-03-31";"1070001";"1077778";"IT";"SBI9";"76521";""
"2021-03-31";"1070001";"1077778";"ITC4";"S11001";"4775167";""
"2021-03-31";"1070001";"1077778";"ITC4";"S14";"139077391";""
"2021-03-31";"1070001";"1077778";"ITC41";"S127";"101856";""
"2021-03-31";"1070001";"1077778";"ITC41";"SBI59";"20060208";""
"2021-03-31";"1070001";"1077778";"IT";"S11BI32";"579085317";""
"2021-03-31";"1070001";"1077778";"IT";"S11BI8";"41510016";""
"2021-03-31";"1070001";"1077778";"IT";"S124";"15201420";""
"2021-03-31";"1070001";"1077778";"IT";"S13";"262127760";""
"2021-03-31";"1070001";"1077778";"IT";"SBI59";"1711994446";""
"2021-03-31";"1070001";"1077778";"IT";"S127";"13909863";""
"2021-03-31";"1070001";"1077778";"IT";"S1313";"63422516";""
"2021-03-31";"1070001";"1077778";"ITC4";"S11BI32";"176512503";""
"2021-03-31";"1070001";"1077778";"IT";"S126";"12303941";""
"2021-03-31";"1070001";"1077778";"IT";"S12BI66";"95009042";""
"2021-03-31";"1070001";"1077778";"ITC41";"S124";"0";""
"2021-03-31";"1070001";"1077778";"ITC41";"S126";"16681";""
"2021-03-31";"1070001";"1077778";"ITC4";"S126";"3713417";""
"2021-03-31";"1070001";"1077778";"ITC4";"S128";"730459";""
"2021-03-31";"1070001";"1077778";"ITC4";"S1311";"32495";""
"2021-03-31";"1070001";"1077778";"ITC4";"S1314";"852";""
"2021-03-31";"1070001";"1077778";"IT";"600";"556013109";""
"2021-03-31";"1070001";"1077778";"ITC41";"450";"2508";""
"2021-03-31";"1070001";"1077778";"ITC4";"SBI9";"16209";""
"2021-03-31";"1070001";"1077778";"ITC41";"S15";"70461";""
"2021-03-31";"1070001";"1077778";"ITC4";"S15";"2121603";""
"2021-03-31";"1070001";"1077778";"ITC41";"S12BI66";"1082";""
"2021-03-31";"1070001";"1077778";"ITC41";"S1311";"542";""
"2021-03-31";"1070001";"1077778";"IT";"S15";"7747957";""
"2021-03-31";"1070001";"1077778";"IT";"SBI25";"745699564";""
"2021-03-31";"1070001";"1077778";"IT";"S129";"58999";""
"2021-03-31";"1070001";"1077778";"ITC4";"S1313";"7687762";""
"2021-03-31";"1070001";"1077778";"ITC41";"SBI25";"8824604";""
"2021-03-31";"1070001";"1077778";"IT";"S11BI7";"17440031";""
"2021-03-31";"1070001";"1077778";"ITC41";"600";"10641531";""
"2021-03-31";"1070001";"1077778";"ITC41";"S11";"7967990";""
"2021-03-31";"1070001";"1077778";"ITC41";"S11BI8";"417297";""
"2021-03-31";"1070001";"1077778";"ITC4";"450";"38879";""
"2021-03-31";"1070001";"1077778";"ITC4";"S12BI66";"58450952";""
"2021-02-28";"1070001";"1077778";"ITC41";"S14BI2";"838729";""
"2021-02-28";"1070001";"1077778";"ITC41";"SBI59";"19975254";""
"2021-02-28";"1070001";"1077778";"IT";"SBI25";"741232692";""
"2021-02-28";"1070001";"1077778";"IT";"450";"287661";""
"2021-02-28";"1070001";"1077778";"ITC4";"S124";"9657500";""
"2021-02-28";"1070001";"1077778";"ITC4";"S129";"6680";""
"2021-02-28";"1070001";"1077778";"ITC4";"S1314";"782";""
"2021-02-28";"1070001";"1077778";"ITC41";"S11001";"69963";""
"2021-02-28";"1070001";"1077778";"ITC41";"S1314";"13";""
"2021-02-28";"1070001";"1077778";"IT";"S1313";"64104490";""
"2021-02-28";"1070001";"1077778";"IT";"S14BI2";"80490862";""
"2021-02-28";"1070001";"1077778";"ITC41";"S11BI7";"296757";""
"2021-02-28";"1070001";"1077778";"ITC4";"S14BI2";"15044329";""
"2021-02-28";"1070001";"1077778";"IT";"S11BI8";"41028219";""
"2021-02-28";"1070001";"1077778";"ITC41";"SBI25";"8724837";""
"2021-02-28";"1070001";"1077778";"IT";"S12BI7";"138700953";""
"2021-02-28";"1070001";"1077778";"IT";"S13";"263648878";""
"2021-02-28";"1070001";"1077778";"IT";"SBI59";"1704877713";""
"2021-02-28";"1070001";"1077778";"ITC41";"S127";"130568";""
"2021-02-28";"1070001";"1077778";"ITC4";"450";"37839";""
"2021-02-28";"1070001";"1077778";"ITC4";"S12BI66";"56143841";""
"2021-02-28";"1070001";"1077778";"IT";"S11BI32";"576410962";""
"2021-02-28";"1070001";"1077778";"IT";"S11BI7";"17138219";""
"2021-02-28";"1070001";"1077778";"IT";"S126";"11773673";""
"2021-02-28";"1070001";"1077778";"IT";"S12BI66";"92852083";""
"2021-02-28";"1070001";"1077778";"ITC41";"S14";"11468733";""
"2021-02-28";"1070001";"1077778";"ITC41";"S12BI66";"1084";""
"2021-02-28";"1070001";"1077778";"ITC4";"S11BI32";"175877839";""
"2021-02-28";"1070001";"1077778";"ITC4";"S126";"3841332";""
"2021-02-28";"1070001";"1077778";"ITC4";"S12BI7";"77968565";""
"2021-02-28";"1070001";"1077778";"ITC4";"S13";"7930826";""
"2021-02-28";"1070001";"1077778";"ITC41";"S11BI8";"410918";""
"2021-02-28";"1070001";"1077778";"ITC41";"450";"2473";""
"2021-02-28";"1070001";"1077778";"ITC41";"600";"10630004";""
"2021-02-28";"1070001";"1077778";"ITC41";"S1311";"418";""
"2021-02-28";"1070001";"1077778";"IT";"S11";"660741830";""
"2021-02-28";"1070001";"1077778";"IT";"S1314";"100626";""
"2021-02-28";"1070001";"1077778";"IT";"S14";"633900005";""
"2021-02-28";"1070001";"1077778";"ITC41";"S13";"408809";""
"2021-02-28";"1070001";"1077778";"IT";"600";"553409144";""
"2021-02-28";"1070001";"1077778";"IT";"S124";"15119312";""
"2021-02-28";"1070001";"1077778";"ITC4";"S11BI8";"7276011";""
"2021-02-28";"1070001";"1077778";"ITC4";"S128";"689568";""
"2021-02-28";"1070001";"1077778";"IT";"S11001";"25876769";""
"2021-02-28";"1070001";"1077778";"ITC41";"S15";"63774";""
"2021-02-28";"1070001";"1077778";"IT";"S1311";"199443762";""
"2021-02-28";"1070001";"1077778";"ITC4";"S14";"138365811";""
"2021-02-28";"1070001";"1077778";"IT";"S127";"15165508";""
"2021-02-28";"1070001";"1077778";"ITC41";"S11";"7886108";""
"2021-02-28";"1070001";"1077778";"ITC41";"S126";"15406";""
"2021-02-28";"1070001";"1077778";"ITC4";"600";"123321482";""
"2021-02-28";"1070001";"1077778";"ITC4";"S11";"192090492";""
"2021-02-28";"1070001";"1077778";"ITC4";"S1311";"141206";""
"2021-02-28";"1070001";"1077778";"ITC4";"S1313";"7788837";""
"2021-02-28";"1070001";"1077778";"IT";"S128";"3758721";""
"2021-02-28";"1070001";"1077778";"ITC41";"SBI9";"773";""
"2021-02-28";"1070001";"1077778";"ITC41";"S1313";"408378";""
"2021-02-28";"1070001";"1077778";"IT";"SBI9";"92719";""
"2021-02-28";"1070001";"1077778";"ITC41";"S12BI7";"147057";""
"2021-02-28";"1070001";"1077778";"ITC4";"S11001";"4815055";""
"2021-02-28";"1070001";"1077778";"ITC4";"S11BI7";"4083749";""
"2021-02-28";"1070001";"1077778";"ITC4";"S127";"7629646";""
"2021-02-28";"1070001";"1077778";"ITC4";"S15";"2136665";""
"2021-02-28";"1070001";"1077778";"ITC4";"SBI25";"207134821";""
"2021-02-28";"1070001";"1077778";"ITC4";"SBI59";"418508315";""
"2021-02-28";"1070001";"1077778";"ITC4";"SBI9";"15956";""
"2021-02-28";"1070001";"1077778";"IT";"S15";"7793327";""
"2021-02-28";"1070001";"1077778";"ITC41";"S124";"0";""
"2021-02-28";"1070001";"1077778";"ITC41";"S11BI32";"7105996";""
"2021-02-28";"1070001";"1077778";"IT";"S129";"31657";""
"2021-01-31";"1070001";"1077778";"ITC4";"600";"123271959";""
"2021-01-31";"1070001";"1077778";"ITC41";"S14BI2";"795779";""
"2021-01-31";"1070001";"1077778";"IT";"450";"289157";""
"2021-01-31";"1070001";"1077778";"IT";"S11001";"25145586";""
"2021-01-31";"1070001";"1077778";"IT";"S11BI32";"577815998";""
"2021-01-31";"1070001";"1077778";"IT";"S11BI7";"17182565";""
"2021-01-31";"1070001";"1077778";"ITC4";"S129";"3875";""
"2021-01-31";"1070001";"1077778";"ITC4";"S12BI66";"58063928";""
"2021-01-31";"1070001";"1077778";"ITC4";"S13";"7767070";""
"2021-01-31";"1070001";"1077778";"IT";"S13";"260959250";""
"2021-01-31";"1070001";"1077778";"ITC4";"S15";"2124043";""
"2021-01-31";"1070001";"1077778";"ITC41";"S15";"65455";""
"2021-01-31";"1070001";"1077778";"ITC4";"S127";"7545958";""
"2021-01-31";"1070001";"1077778";"ITC4";"450";"35544";""
"2021-01-31";"1070001";"1077778";"ITC4";"S11";"193866717";""
"2021-01-31";"1070001";"1077778";"ITC4";"S11BI32";"178155439";""
"2021-01-31";"1070001";"1077778";"ITC41";"S11BI7";"296449";""
"2021-01-31";"1070001";"1077778";"ITC41";"S124";"0";""
"2021-01-31";"1070001";"1077778";"ITC41";"S12BI66";"1085";""
"2021-01-31";"1070001";"1077778";"ITC41";"S1311";"429";""
"2021-01-31";"1070001";"1077778";"ITC41";"S14";"11461991";""
"2021-01-31";"1070001";"1077778";"ITC41";"SBI9";"974";""
"2021-01-31";"1070001";"1077778";"ITC4";"S12BI7";"79476833";""
"2021-01-31";"1070001";"1077778";"ITC4";"S1313";"7719724";""
"2021-01-31";"1070001";"1077778";"ITC4";"S1314";"789";""
"2021-01-31";"1070001";"1077778";"ITC41";"450";"926";""
"2021-01-31";"1070001";"1077778";"ITC41";"S127";"137773";""
"2021-01-31";"1070001";"1077778";"ITC41";"S13";"401556";""
"2021-01-31";"1070001";"1077778";"IT";"S128";"3842178";""
"2021-01-31";"1070001";"1077778";"IT";"S1313";"63772895";""
"2021-01-31";"1070001";"1077778";"IT";"S1314";"125477";""
"2021-01-31";"1070001";"1077778";"IT";"S14BI2";"79797300";""
"2021-01-31";"1070001";"1077778";"ITC4";"S11BI7";"4096613";""
"2021-01-31";"1070001";"1077778";"ITC4";"S14BI2";"14783467";""
"2021-01-31";"1070001";"1077778";"ITC4";"S11BI8";"7282265";""
"2021-01-31";"1070001";"1077778";"ITC4";"SBI9";"16263";""
"2021-01-31";"1070001";"1077778";"ITC41";"600";"10666212";""
"2021-01-31";"1070001";"1077778";"ITC41";"S11";"7837171";""
"2021-01-31";"1070001";"1077778";"ITC41";"S11BI8";"412317";""
"2021-01-31";"1070001";"1077778";"ITC41";"SBI25";"8632951";""
"2021-01-31";"1070001";"1077778";"IT";"S11BI8";"40928718";""
"2021-01-31";"1070001";"1077778";"IT";"S127";"15106885";""
"2021-01-31";"1070001";"1077778";"IT";"S1311";"197060879";""
"2021-01-31";"1070001";"1077778";"IT";"SBI9";"95035";""
"2021-01-31";"1070001";"1077778";"ITC4";"S1311";"46557";""
"2021-01-31";"1070001";"1077778";"IT";"SBI25";"741159325";""
"2021-01-31";"1070001";"1077778";"IT";"S124";"14932695";""
"2021-01-31";"1070001";"1077778";"IT";"S126";"11098841";""
"2021-01-31";"1070001";"1077778";"IT";"S12BI66";"96004784";""
"2021-01-31";"1070001";"1077778";"IT";"S12BI7";"141006862";""
"2021-01-31";"1070001";"1077778";"ITC41";"S126";"14449";""
"2021-01-31";"1070001";"1077778";"ITC4";"S14";"138055425";""
"2021-01-31";"1070001";"1077778";"IT";"600";"552604239";""
"2021-01-31";"1070001";"1077778";"ITC4";"SBI25";"208650184";""
"2021-01-31";"1070001";"1077778";"ITC41";"S11001";"67726";""
"2021-01-31";"1070001";"1077778";"ITC41";"S11BI32";"7059754";""
"2021-01-31";"1070001";"1077778";"ITC41";"S1313";"401115";""
"2021-01-31";"1070001";"1077778";"ITC41";"S1314";"13";""
"2021-01-31";"1070001";"1077778";"ITC4";"S11001";"4296855";""
"2021-01-31";"1070001";"1077778";"ITC4";"S128";"702200";""
"2021-01-31";"1070001";"1077778";"IT";"S11";"661362024";""
"2021-01-31";"1070001";"1077778";"IT";"S129";"21479";""
"2021-01-31";"1070001";"1077778";"IT";"S14";"632401539";""
"2021-01-31";"1070001";"1077778";"IT";"S15";"7621663";""
"2021-01-31";"1070001";"1077778";"IT";"SBI59";"1703446375";""
"2021-01-31";"1070001";"1077778";"ITC4";"SBI59";"421306353";""
"2021-01-31";"1070001";"1077778";"ITC4";"S124";"9460425";""
"2021-01-31";"1070001";"1077778";"ITC4";"S126";"3700447";""
"2021-01-31";"1070001";"1077778";"ITC41";"S12BI7";"153307";""
"2021-01-31";"1070001";"1077778";"ITC41";"SBI59";"19920455";""
"2020-12-31";"1070001";"1077778";"ITC4";"600";"123367025";""
"2020-12-31";"1070001";"1077778";"IT";"SBI25";"739563205";""
"2020-12-31";"1070001";"1077778";"ITC4";"S1313";"7724398";""
"2020-12-31";"1070001";"1077778";"ITC41";"S12BI7";"169711";""
"2020-12-31";"1070001";"1077778";"ITC41";"S14BI2";"795159";""
"2020-12-31";"1070001";"1077778";"ITC4";"S11BI7";"4146228";""
"2020-12-31";"1070001";"1077778";"IT";"S11BI8";"40988916";""
"2020-12-31";"1070001";"1077778";"IT";"S127";"15354771";""
"2020-12-31";"1070001";"1077778";"IT";"S128";"3778082";""
"2020-12-31";"1070001";"1077778";"ITC41";"S11BI8";"413661";""
"2020-12-31";"1070001";"1077778";"ITC4";"S127";"7367521";""
"2020-12-31";"1070001";"1077778";"ITC4";"S129";"3641";""
"2020-12-31";"1070001";"1077778";"ITC4";"S13";"7759992";""
"2020-12-31";"1070001";"1077778";"ITC4";"S1314";"806";""
"2020-12-31";"1070001";"1077778";"ITC41";"S127";"153578";""
"2020-12-31";"1070001";"1077778";"ITC41";"S1313";"395909";""
"2020-12-31";"1070001";"1077778";"ITC41";"SBI59";"19914120";""
"2020-12-31";"1070001";"1077778";"ITC4";"S15";"2112775";""
"2020-12-31";"1070001";"1077778";"ITC41";"S11001";"65993";""
"2020-12-31";"1070001";"1077778";"IT";"S15";"7638569";""
"2020-12-31";"1070001";"1077778";"ITC41";"S124";"0";""
"2020-12-31";"1070001";"1077778";"ITC4";"450";"35592";""
"2020-12-31";"1070001";"1077778";"ITC4";"S14";"138198560";""
"2020-12-31";"1070001";"1077778";"ITC4";"SBI59";"424627106";""
"2020-12-31";"1070001";"1077778";"IT";"S11";"659759095";""
"2020-12-31";"1070001";"1077778";"ITC4";"SBI9";"16642";""
"2020-12-31";"1070001";"1077778";"ITC4";"S11BI32";"177578338";""
"2020-12-31";"1070001";"1077778";"ITC4";"S11BI8";"7339247";""
"2020-12-31";"1070001";"1077778";"ITC41";"S12BI66";"1087";""
"2020-12-31";"1070001";"1077778";"ITC41";"S1314";"12";""
"2020-12-31";"1070001";"1077778";"ITC41";"SBI9";"988";""
"2020-12-31";"1070001";"1077778";"IT";"S11001";"25063064";""
"2020-12-31";"1070001";"1077778";"ITC41";"S126";"15045";""
"2020-12-31";"1070001";"1077778";"ITC4";"S11001";"3897251";""
"2020-12-31";"1070001";"1077778";"IT";"S11BI7";"17280537";""
"2020-12-31";"1070001";"1077778";"IT";"S14";"632658715";""
"2020-12-31";"1070001";"1077778";"ITC41";"S1311";"441";""
"2020-12-31";"1070001";"1077778";"ITC41";"S14";"11484710";""
"2020-12-31";"1070001";"1077778";"ITC41";"SBI25";"8592474";""
"2020-12-31";"1070001";"1077778";"ITC4";"S14BI2";"14831535";""
"2020-12-31";"1070001";"1077778";"ITC4";"SBI25";"207828191";""
"2020-12-31";"1070001";"1077778";"IT";"600";"552854606";""
"2020-12-31";"1070001";"1077778";"IT";"S12BI66";"101191007";""
"2020-12-31";"1070001";"1077778";"IT";"S124";"14780835";""
"2020-12-31";"1070001";"1077778";"ITC41";"S11BI32";"7018402";""
"2020-12-31";"1070001";"1077778";"ITC41";"450";"927";""
"2020-12-31";"1070001";"1077778";"IT";"SBI59";"1702479237";""
"2020-12-31";"1070001";"1077778";"IT";"SBI9";"94191";""
"2020-12-31";"1070001";"1077778";"IT";"S12BI7";"145558560";""
"2020-12-31";"1070001";"1077778";"ITC4";"S12BI66";"62722341";""
"2020-12-31";"1070001";"1077778";"ITC4";"S12BI7";"83542480";""
"2020-12-31";"1070001";"1077778";"ITC41";"S13";"396362";""
"2020-12-31";"1070001";"1077778";"ITC41";"S15";"65034";""
"2020-12-31";"1070001";"1077778";"IT";"S129";"19073";""
"2020-12-31";"1070001";"1077778";"ITC4";"S11";"192996657";""
"2020-12-31";"1070001";"1077778";"IT";"S13";"256770108";""
"2020-12-31";"1070001";"1077778";"ITC4";"S124";"9221163";""
"2020-12-31";"1070001";"1077778";"ITC41";"S11BI7";"298332";""
"2020-12-31";"1070001";"1077778";"ITC41";"600";"10689550";""
"2020-12-31";"1070001";"1077778";"ITC41";"S11";"7797315";""
"2020-12-31";"1070001";"1077778";"ITC4";"S128";"700498";""
"2020-12-31";"1070001";"1077778";"ITC4";"S1311";"34788";""
"2020-12-31";"1070001";"1077778";"IT";"450";"295556";""
"2020-12-31";"1070001";"1077778";"IT";"S1311";"193644950";""
"2020-12-31";"1070001";"1077778";"IT";"S1313";"63022847";""
"2020-12-31";"1070001";"1077778";"IT";"S1314";"102311";""
"2020-12-31";"1070001";"1077778";"IT";"S126";"10434793";""
"2020-12-31";"1070001";"1077778";"IT";"S11BI32";"576131022";""
"2020-12-31";"1070001";"1077778";"ITC4";"S126";"3527316";""
"2020-12-31";"1070001";"1077778";"IT";"S14BI2";"79804109";""
"2020-11-30";"1070001";"1077778";"ITC4";"450";"37042";""
"2020-11-30";"1070001";"1077778";"ITC4";"S1314";"740";""
"2020-11-30";"1070001";"1077778";"ITC4";"S14BI2";"14874028";""
"2020-11-30";"1070001";"1077778";"ITC4";"SBI25";"210979219";""
"2020-11-30";"1070001";"1077778";"ITC4";"SBI59";"420577354";""
"2020-11-30";"1070001";"1077778";"ITC41";"S11BI7";"300856";""
"2020-11-30";"1070001";"1077778";"IT";"S128";"3776667";""
"2020-11-30";"1070001";"1077778";"IT";"S13";"258964576";""
"2020-11-30";"1070001";"1077778";"IT";"S1314";"163506";""
"2020-11-30";"1070001";"1077778";"IT";"SBI9";"171938";""
"2020-11-30";"1070001";"1077778";"ITC41";"S1313";"399598";""
"2020-11-30";"1070001";"1077778";"ITC41";"S1314";"14";""
"2020-11-30";"1070001";"1077778";"ITC41";"SBI9";"980";""
"2020-11-30";"1070001";"1077778";"ITC41";"S124";"0";""
"2020-11-30";"1070001";"1077778";"ITC41";"600";"10674897";""
"2020-11-30";"1070001";"1077778";"ITC4";"S11";"196105192";""
"2020-11-30";"1070001";"1077778";"IT";"S127";"16529836";""
"2020-11-30";"1070001";"1077778";"ITC41";"S13";"400055";""
"2020-11-30";"1070001";"1077778";"ITC4";"S11001";"3881151";""
"2020-11-30";"1070001";"1077778";"ITC4";"S11BI32";"180553898";""
"2020-11-30";"1070001";"1077778";"ITC4";"S11BI8";"7449034";""
"2020-11-30";"1070001";"1077778";"ITC4";"S13";"7776866";""
"2020-11-30";"1070001";"1077778";"ITC41";"S11BI32";"7148301";""
"2020-11-30";"1070001";"1077778";"IT";"450";"323720";""
"2020-11-30";"1070001";"1077778";"IT";"600";"553054482";""
"2020-11-30";"1070001";"1077778";"IT";"S11BI32";"587893247";""
"2020-11-30";"1070001";"1077778";"IT";"S126";"10474987";""
"2020-11-30";"1070001";"1077778";"IT";"S15";"7830305";""
"2020-11-30";"1070001";"1077778";"IT";"S1313";"63953657";""
"2020-11-30";"1070001";"1077778";"IT";"SBI59";"1713679063";""
"2020-11-30";"1070001";"1077778";"ITC4";"S1311";"43670";""
"2020-11-30";"1070001";"1077778";"ITC4";"S1313";"7732456";""
"2020-11-30";"1070001";"1077778";"ITC4";"S15";"2144544";""
"2020-11-30";"1070001";"1077778";"IT";"S11001";"26357177";""
"2020-11-30";"1070001";"1077778";"IT";"S11BI7";"17466505";""
"2020-11-30";"1070001";"1077778";"ITC41";"S12BI66";"1088";""
"2020-11-30";"1070001";"1077778";"ITC41";"S126";"16133";""
"2020-11-30";"1070001";"1077778";"ITC41";"SBI59";"20095942";""
"2020-11-30";"1070001";"1077778";"IT";"SBI25";"754376556";""
"2020-11-30";"1070001";"1077778";"ITC4";"S126";"3396783";""
"2020-11-30";"1070001";"1077778";"ITC4";"S14";"137792363";""
"2020-11-30";"1070001";"1077778";"IT";"S124";"14777588";""
"2020-11-30";"1070001";"1077778";"IT";"S129";"13079";""
"2020-11-30";"1070001";"1077778";"IT";"S1311";"194847413";""
"2020-11-30";"1070001";"1077778";"ITC41";"S12BI7";"213674";""
"2020-11-30";"1070001";"1077778";"ITC41";"S11BI8";"424386";""
"2020-11-30";"1070001";"1077778";"ITC41";"S14BI2";"797936";""
"2020-11-30";"1070001";"1077778";"ITC41";"S15";"65032";""
"2020-11-30";"1070001";"1077778";"ITC41";"SBI25";"8741305";""
"2020-11-30";"1070001";"1077778";"IT";"S14";"633574647";""
"2020-11-30";"1070001";"1077778";"IT";"S14BI2";"80520165";""
"2020-11-30";"1070001";"1077778";"ITC4";"S127";"7780825";""
"2020-11-30";"1070001";"1077778";"ITC4";"S128";"688364";""
"2020-11-30";"1070001";"1077778";"ITC4";"S12BI66";"55684641";""
"2020-11-30";"1070001";"1077778";"ITC41";"450";"687";""
"2020-11-30";"1070001";"1077778";"IT";"S11BI8";"41815743";""
"2020-11-30";"1070001";"1077778";"ITC41";"S1311";"443";""
"2020-11-30";"1070001";"1077778";"ITC41";"S127";"196453";""
"2020-11-30";"1070001";"1077778";"ITC4";"S124";"9173691";""
"2020-11-30";"1070001";"1077778";"ITC4";"S12BI7";"76726887";""
"2020-11-30";"1070001";"1077778";"ITC41";"S11";"7943369";""
"2020-11-30";"1070001";"1077778";"ITC41";"S11001";"69138";""
"2020-11-30";"1070001";"1077778";"ITC41";"S14";"11472833";""
"2020-11-30";"1070001";"1077778";"ITC4";"600";"122918336";""
"2020-11-30";"1070001";"1077778";"ITC4";"S11BI7";"4184067";""
"2020-11-30";"1070001";"1077778";"IT";"S12BI66";"93709048";""
"2020-11-30";"1070001";"1077778";"IT";"S12BI7";"139281205";""
"2020-11-30";"1070001";"1077778";"ITC4";"S129";"2583";""
"2020-11-30";"1070001";"1077778";"ITC4";"SBI9";"31503";""
"2020-11-30";"1070001";"1077778";"IT";"S11";"673856391";""
"2020-10-31";"1070001";"1077778";"ITC4";"S127";"7820889";""
"2020-10-31";"1070001";"1077778";"ITC4";"S14";"137286943";""
"2020-10-31";"1070001";"1077778";"IT";"S11BI8";"41473540";""
"2020-10-31";"1070001";"1077778";"IT";"S128";"3748429";""
"2020-10-31";"1070001";"1077778";"IT";"S12BI66";"94095135";""
"2020-10-31";"1070001";"1077778";"ITC41";"S11BI8";"422331";""
"2020-10-31";"1070001";"1077778";"ITC41";"S124";"200";""
"2020-10-31";"1070001";"1077778";"ITC41";"S126";"15822";""
"2020-10-31";"1070001";"1077778";"ITC41";"S1311";"437";""
"2020-10-31";"1070001";"1077778";"ITC41";"S1314";"14";""
"2020-10-31";"1070001";"1077778";"IT";"450";"293065";""
"2020-10-31";"1070001";"1077778";"IT";"S11";"669283805";""
"2020-10-31";"1070001";"1077778";"IT";"S1311";"193646486";""
"2020-10-31";"1070001";"1077778";"IT";"S1314";"154198";""
"2020-10-31";"1070001";"1077778";"IT";"S15";"7772479";""
"2020-10-31";"1070001";"1077778";"ITC41";"SBI25";"8595363";""
"2020-10-31";"1070001";"1077778";"ITC4";"S11";"194998617";""
"2020-10-31";"1070001";"1077778";"ITC4";"S11BI7";"4076662";""
"2020-10-31";"1070001";"1077778";"ITC4";"S124";"9034897";""
"2020-10-31";"1070001";"1077778";"IT";"S11001";"26342248";""
"2020-10-31";"1070001";"1077778";"IT";"S126";"11045684";""
"2020-10-31";"1070001";"1077778";"IT";"S14BI2";"79920102";""
"2020-10-31";"1070001";"1077778";"ITC4";"S126";"3270714";""
"2020-10-31";"1070001";"1077778";"ITC4";"SBI59";"420314109";""
"2020-10-31";"1070001";"1077778";"IT";"S13";"257672553";""
"2020-10-31";"1070001";"1077778";"IT";"SBI25";"749203907";""
"2020-10-31";"1070001";"1077778";"IT";"SBI59";"1706026154";""
"2020-10-31";"1070001";"1077778";"ITC41";"S127";"189878";""
"2020-10-31";"1070001";"1077778";"ITC41";"S13";"405198";""
"2020-10-31";"1070001";"1077778";"ITC41";"S14BI2";"785860";""
"2020-10-31";"1070001";"1077778";"ITC41";"S15";"65760";""
"2020-10-31";"1070001";"1077778";"ITC4";"450";"36594";""
"2020-10-31";"1070001";"1077778";"ITC4";"600";"122545943";""
"2020-10-31";"1070001";"1077778";"ITC4";"S15";"2109255";""
"2020-10-31";"1070001";"1077778";"ITC4";"SBI9";"16645";""
"2020-10-31";"1070001";"1077778";"IT";"S1313";"63871868";""
"2020-10-31";"1070001";"1077778";"ITC41";"S11001";"70296";""
"2020-10-31";"1070001";"1077778";"ITC41";"S11BI32";"7024520";""
"2020-10-31";"1070001";"1077778";"ITC41";"S11BI7";"291714";""
"2020-10-31";"1070001";"1077778";"ITC41";"S12BI7";"214286";""
"2020-10-31";"1070001";"1077778";"ITC41";"S14";"11448007";""
"2020-10-31";"1070001";"1077778";"ITC41";"SBI59";"19943726";""
"2020-10-31";"1070001";"1077778";"ITC4";"S128";"672088";""
"2020-10-31";"1070001";"1077778";"ITC4";"S12BI7";"78094566";""
"2020-10-31";"1070001";"1077778";"ITC4";"S13";"7808084";""
"2020-10-31";"1070001";"1077778";"ITC4";"S1313";"7762651";""
"2020-10-31";"1070001";"1077778";"ITC4";"S14BI2";"14741000";""
"2020-10-31";"1070001";"1077778";"ITC4";"SBI25";"209739617";""
"2020-10-31";"1070001";"1077778";"IT";"S11BI7";"17081576";""
"2020-10-31";"1070001";"1077778";"IT";"S124";"14818593";""
"2020-10-31";"1070001";"1077778";"IT";"S127";"16462626";""
"2020-10-31";"1070001";"1077778";"ITC41";"S12BI66";"8386";""
"2020-10-31";"1070001";"1077778";"ITC4";"S11001";"3838879";""
"2020-10-31";"1070001";"1077778";"ITC4";"S12BI66";"57295551";""
"2020-10-31";"1070001";"1077778";"ITC4";"S1314";"752";""
"2020-10-31";"1070001";"1077778";"IT";"600";"551099256";""
"2020-10-31";"1070001";"1077778";"IT";"S11BI32";"584093376";""
"2020-10-31";"1070001";"1077778";"IT";"S129";"6854";""
"2020-10-31";"1070001";"1077778";"IT";"SBI9";"100638";""
"2020-10-31";"1070001";"1077778";"ITC4";"S11BI32";"179637242";""
"2020-10-31";"1070001";"1077778";"ITC4";"S11BI8";"7409239";""
"2020-10-31";"1070001";"1077778";"ITC4";"S129";"426";""
"2020-10-31";"1070001";"1077778";"ITC4";"S1311";"44680";""
"2020-10-31";"1070001";"1077778";"ITC41";"450";"642";""
"2020-10-31";"1070001";"1077778";"IT";"S12BI7";"140177321";""
"2020-10-31";"1070001";"1077778";"IT";"S14";"631019359";""
"2020-10-31";"1070001";"1077778";"ITC41";"600";"10662148";""
"2020-10-31";"1070001";"1077778";"ITC41";"S11";"7809504";""
"2020-10-31";"1070001";"1077778";"ITC41";"S1313";"404747";""
"2020-10-31";"1070001";"1077778";"ITC41";"SBI9";"970";""
"2020-09-30";"1070001";"1077778";"ITC4";"S124";"8926548";""
"2020-09-30";"1070001";"1077778";"ITC4";"S1314";"760";""
"2020-09-30";"1070001";"1077778";"ITC4";"S14";"136778128";""
"2020-09-30";"1070001";"1077778";"ITC41";"S12BI66";"8394";""
"2020-09-30";"1070001";"1077778";"ITC41";"SBI9";"972";""
"2020-09-30";"1070001";"1077778";"IT";"450";"259527";""
"2020-09-30";"1070001";"1077778";"IT";"S11BI8";"41621857";""
"2020-09-30";"1070001";"1077778";"IT";"S129";"69754";""
"2020-09-30";"1070001";"1077778";"IT";"S14BI2";"79696310";""
"2020-09-30";"1070001";"1077778";"IT";"SBI25";"746776067";""
"2020-09-30";"1070001";"1077778";"IT";"SBI9";"92826";""
"2020-09-30";"1070001";"1077778";"ITC4";"S1311";"40005";""
"2020-09-30";"1070001";"1077778";"ITC41";"S11BI8";"424456";""
"2020-09-30";"1070001";"1077778";"IT";"S1311";"193671971";""
"2020-09-30";"1070001";"1077778";"ITC4";"S11BI7";"4154045";""
"2020-09-30";"1070001";"1077778";"ITC4";"SBI59";"422457588";""
"2020-09-30";"1070001";"1077778";"ITC41";"450";"643";""
"2020-09-30";"1070001";"1077778";"ITC41";"S11001";"69202";""
"2020-09-30";"1070001";"1077778";"ITC41";"S11BI7";"296196";""
"2020-09-30";"1070001";"1077778";"IT";"S11001";"25280825";""
"2020-09-30";"1070001";"1077778";"IT";"S11BI7";"17341689";""
"2020-09-30";"1070001";"1077778";"IT";"S12BI7";"142504142";""
"2020-09-30";"1070001";"1077778";"IT";"S1314";"205970";""
"2020-09-30";"1070001";"1077778";"ITC4";"600";"122081909";""
"2020-09-30";"1070001";"1077778";"ITC4";"S11001";"3747453";""
"2020-09-30";"1070001";"1077778";"ITC4";"S11BI32";"180908251";""
"2020-09-30";"1070001";"1077778";"ITC4";"S13";"7804024";""
"2020-09-30";"1070001";"1077778";"ITC4";"S1313";"7763259";""
"2020-09-30";"1070001";"1077778";"ITC41";"S11BI32";"7051794";""
"2020-09-30";"1070001";"1077778";"ITC41";"S127";"197263";""
"2020-09-30";"1070001";"1077778";"ITC4";"SBI9";"16571";""
"2020-09-30";"1070001";"1077778";"ITC41";"600";"10608694";""
"2020-09-30";"1070001";"1077778";"ITC41";"S11";"7842291";""
"2020-09-30";"1070001";"1077778";"ITC41";"S124";"0";""
"2020-09-30";"1070001";"1077778";"IT";"S11";"667079756";""
"2020-09-30";"1070001";"1077778";"IT";"S127";"16682725";""
"2020-09-30";"1070001";"1077778";"IT";"S15";"7648728";""
"2020-09-30";"1070001";"1077778";"ITC41";"S1313";"399143";""
"2020-09-30";"1070001";"1077778";"ITC41";"SBI59";"19925137";""
"2020-09-30";"1070001";"1077778";"IT";"S126";"11778601";""
"2020-09-30";"1070001";"1077778";"IT";"S14";"628877428";""
"2020-09-30";"1070001";"1077778";"ITC4";"450";"37198";""
"2020-09-30";"1070001";"1077778";"ITC4";"S129";"11418";""
"2020-09-30";"1070001";"1077778";"ITC4";"SBI25";"211014987";""
"2020-09-30";"1070001";"1077778";"ITC41";"S12BI7";"220518";""
"2020-09-30";"1070001";"1077778";"ITC41";"S14";"11395608";""
"2020-09-30";"1070001";"1077778";"ITC41";"S15";"66103";""
"2020-09-30";"1070001";"1077778";"IT";"S12BI66";"95523821";""
"2020-09-30";"1070001";"1077778";"ITC41";"S126";"14861";""
"2020-09-30";"1070001";"1077778";"ITC41";"S1311";"486";""
"2020-09-30";"1070001";"1077778";"ITC41";"S1314";"15";""
"2020-09-30";"1070001";"1077778";"ITC4";"S11";"196318769";""
"2020-09-30";"1070001";"1077778";"ITC4";"S11BI8";"7471823";""
"2020-09-30";"1070001";"1077778";"ITC4";"S127";"7915135";""
"2020-09-30";"1070001";"1077778";"ITC4";"S12BI66";"58738476";""
"2020-09-30";"1070001";"1077778";"ITC4";"S14BI2";"14696219";""
"2020-09-30";"1070001";"1077778";"ITC4";"S15";"2106222";""
"2020-09-30";"1070001";"1077778";"IT";"S11BI32";"582575858";""
"2020-09-30";"1070001";"1077778";"IT";"S128";"3730920";""
"2020-09-30";"1070001";"1077778";"IT";"S1313";"64224272";""
"2020-09-30";"1070001";"1077778";"IT";"SBI59";"1704305093";""
"2020-09-30";"1070001";"1077778";"ITC41";"S13";"399644";""
"2020-09-30";"1070001";"1077778";"ITC41";"S14BI2";"786914";""
"2020-09-30";"1070001";"1077778";"ITC41";"SBI25";"8629205";""
"2020-09-30";"1070001";"1077778";"ITC4";"S126";"3168248";""
"2020-09-30";"1070001";"1077778";"ITC4";"S128";"674051";""
"2020-09-30";"1070001";"1077778";"ITC4";"S12BI7";"79433875";""
"2020-09-30";"1070001";"1077778";"IT";"600";"549181117";""
"2020-09-30";"1070001";"1077778";"IT";"S124";"14718322";""
"2020-09-30";"1070001";"1077778";"IT";"S13";"258102212";""
"2020-08-31";"1070001";"1077778";"ITC4";"450";"36941";""
"2020-08-31";"1070001";"1077778";"IT";"S11BI7";"17099732";""
"2020-08-31";"1070001";"1077778";"IT";"S13";"259806571";""
"2020-08-31";"1070001";"1077778";"ITC4";"S124";"8985669";""
"2020-08-31";"1070001";"1077778";"ITC4";"S126";"3132284";""
"2020-08-31";"1070001";"1077778";"ITC4";"S15";"2106294";""
"2020-08-31";"1070001";"1077778";"ITC41";"S11BI7";"294048";""
"2020-08-31";"1070001";"1077778";"ITC41";"SBI9";"925";""
"2020-08-31";"1070001";"1077778";"IT";"S11BI8";"41174580";""
"2020-08-31";"1070001";"1077778";"IT";"S126";"11236461";""
"2020-08-31";"1070001";"1077778";"IT";"S14BI2";"81463519";""
"2020-08-31";"1070001";"1077778";"ITC4";"600";"121110052";""
"2020-08-31";"1070001";"1077778";"ITC4";"S11";"195140973";""
"2020-08-31";"1070001";"1077778";"ITC4";"S1313";"7783226";""
"2020-08-31";"1070001";"1077778";"ITC4";"S14BI2";"15167969";""
"2020-08-31";"1070001";"1077778";"ITC4";"SBI9";"28707";""
"2020-08-31";"1070001";"1077778";"ITC41";"S124";"167";""
"2020-08-31";"1070001";"1077778";"ITC41";"S13";"399826";""
"2020-08-31";"1070001";"1077778";"ITC41";"SBI25";"8549104";""
"2020-08-31";"1070001";"1077778";"IT";"S14";"625978507";""
"2020-08-31";"1070001";"1077778";"IT";"SBI59";"1694028753";""
"2020-08-31";"1070001";"1077778";"ITC41";"S126";"15048";""
"2020-08-31";"1070001";"1077778";"ITC41";"S12BI7";"223422";""
"2020-08-31";"1070001";"1077778";"ITC41";"S1311";"455";""
"2020-08-31";"1070001";"1077778";"ITC41";"S14BI2";"830558";""
"2020-08-31";"1070001";"1077778";"ITC4";"S11BI8";"7407907";""
"2020-08-31";"1070001";"1077778";"ITC4";"S127";"8086679";""
"2020-08-31";"1070001";"1077778";"ITC4";"S12BI66";"56915027";""
"2020-08-31";"1070001";"1077778";"ITC4";"SBI25";"210308943";""
"2020-08-31";"1070001";"1077778";"ITC4";"SBI59";"419151466";""
"2020-08-31";"1070001";"1077778";"ITC41";"S11BI32";"6932311";""
"2020-08-31";"1070001";"1077778";"IT";"S11BI32";"576329456";""
"2020-08-31";"1070001";"1077778";"IT";"S124";"14733834";""
"2020-08-31";"1070001";"1077778";"IT";"S12BI66";"94205281";""
"2020-08-31";"1070001";"1077778";"IT";"S12BI7";"140833685";""
"2020-08-31";"1070001";"1077778";"IT";"S1311";"195466559";""
"2020-08-31";"1070001";"1077778";"IT";"SBI9";"104490";""
"2020-08-31";"1070001";"1077778";"ITC4";"S11001";"3762906";""
"2020-08-31";"1070001";"1077778";"ITC4";"S128";"656377";""
"2020-08-31";"1070001";"1077778";"ITC4";"S129";"86";""
"2020-08-31";"1070001";"1077778";"ITC41";"S11BI8";"419167";""
"2020-08-31";"1070001";"1077778";"ITC41";"S1314";"15";""
"2020-08-31";"1070001";"1077778";"ITC41";"S14";"11351705";""
"2020-08-31";"1070001";"1077778";"IT";"S129";"47578";""
"2020-08-31";"1070001";"1077778";"ITC41";"S11";"7718546";""
"2020-08-31";"1070001";"1077778";"ITC41";"S127";"199810";""
"2020-08-31";"1070001";"1077778";"ITC4";"S11BI32";"179837284";""
"2020-08-31";"1070001";"1077778";"ITC4";"S1311";"37369";""
"2020-08-31";"1070001";"1077778";"ITC4";"S1314";"754";""
"2020-08-31";"1070001";"1077778";"IT";"S11";"659608640";""
"2020-08-31";"1070001";"1077778";"IT";"S127";"16941396";""
"2020-08-31";"1070001";"1077778";"IT";"S15";"7696861";""
"2020-08-31";"1070001";"1077778";"ITC41";"S12BI66";"8397";""
"2020-08-31";"1070001";"1077778";"IT";"600";"544514987";""
"2020-08-31";"1070001";"1077778";"IT";"S11001";"24746061";""
"2020-08-31";"1070001";"1077778";"IT";"S128";"3669136";""
"2020-08-31";"1070001";"1077778";"IT";"SBI25";"741072159";""
"2020-08-31";"1070001";"1077778";"ITC41";"S1313";"399357";""
"2020-08-31";"1070001";"1077778";"ITC41";"S15";"65686";""
"2020-08-31";"1070001";"1077778";"ITC41";"SBI59";"19760111";""
"2020-08-31";"1070001";"1077778";"ITC4";"S11BI7";"4095935";""
"2020-08-31";"1070001";"1077778";"ITC4";"S12BI7";"77776121";""
"2020-08-31";"1070001";"1077778";"ITC41";"600";"10521147";""
"2020-08-31";"1070001";"1077778";"ITC41";"S11001";"72282";""
"2020-08-31";"1070001";"1077778";"IT";"450";"258812";""
"2020-08-31";"1070001";"1077778";"IT";"S1313";"64148388";""
"2020-08-31";"1070001";"1077778";"IT";"S1314";"191624";""
"2020-08-31";"1070001";"1077778";"ITC4";"S13";"7821349";""
"2020-08-31";"1070001";"1077778";"ITC4";"S14";"136278021";""
"2020-08-31";"1070001";"1077778";"ITC41";"450";"738";""
"2020-07-31";"1070001";"1077778";"ITC4";"S11BI7";"4068060";""
"2020-07-31";"1070001";"1077778";"ITC4";"S11BI8";"7395876";""
"2020-07-31";"1070001";"1077778";"ITC4";"S1311";"37360";""
"2020-07-31";"1070001";"1077778";"ITC4";"S15";"2093676";""
"2020-07-31";"1070001";"1077778";"ITC41";"S11001";"72729";""
"2020-07-31";"1070001";"1077778";"IT";"600";"545674807";""
"2020-07-31";"1070001";"1077778";"IT";"S129";"50750";""
"2020-07-31";"1070001";"1077778";"IT";"S14";"626578660";""
"2020-07-31";"1070001";"1077778";"IT";"S14BI2";"80903853";""
"2020-07-31";"1070001";"1077778";"ITC4";"S11";"195221394";""
"2020-07-31";"1070001";"1077778";"ITC4";"S11001";"3559096";""
"2020-07-31";"1070001";"1077778";"ITC4";"S1313";"7872964";""
"2020-07-31";"1070001";"1077778";"ITC41";"S11BI8";"421347";""
"2020-07-31";"1070001";"1077778";"ITC41";"SBI59";"19855113";""
"2020-07-31";"1070001";"1077778";"IT";"S11001";"24882849";""
"2020-07-31";"1070001";"1077778";"IT";"S12BI66";"96576590";""
"2020-07-31";"1070001";"1077778";"IT";"S15";"7591179";""
"2020-07-31";"1070001";"1077778";"ITC4";"450";"36251";""
"2020-07-31";"1070001";"1077778";"ITC4";"600";"121359370";""
"2020-07-31";"1070001";"1077778";"ITC4";"S126";"3090281";""
"2020-07-31";"1070001";"1077778";"ITC4";"S14";"136429213";""
"2020-07-31";"1070001";"1077778";"ITC41";"S1311";"412";""
"2020-07-31";"1070001";"1077778";"IT";"S1311";"195494856";""
"2020-07-31";"1070001";"1077778";"IT";"SBI25";"739051414";""
"2020-07-31";"1070001";"1077778";"IT";"SBI9";"97530";""
"2020-07-31";"1070001";"1077778";"ITC4";"S12BI66";"59038361";""
"2020-07-31";"1070001";"1077778";"ITC41";"600";"10550161";""
"2020-07-31";"1070001";"1077778";"ITC41";"S11BI7";"292322";""
"2020-07-31";"1070001";"1077778";"ITC41";"S127";"209391";""
"2020-07-31";"1070001";"1077778";"ITC41";"S1313";"402563";""
"2020-07-31";"1070001";"1077778";"IT";"S11";"658147561";""
"2020-07-31";"1070001";"1077778";"IT";"S11BI8";"41182695";""
"2020-07-31";"1070001";"1077778";"ITC4";"S11BI32";"180162112";""
"2020-07-31";"1070001";"1077778";"ITC4";"S13";"7911081";""
"2020-07-31";"1070001";"1077778";"ITC4";"SBI25";"210291236";""
"2020-07-31";"1070001";"1077778";"ITC4";"SBI9";"21962";""
"2020-07-31";"1070001";"1077778";"ITC41";"SBI9";"926";""
"2020-07-31";"1070001";"1077778";"IT";"S11BI32";"574868226";""
"2020-07-31";"1070001";"1077778";"IT";"S126";"12328092";""
"2020-07-31";"1070001";"1077778";"ITC4";"S128";"649918";""
"2020-07-31";"1070001";"1077778";"ITC4";"S12BI7";"79834033";""
"2020-07-31";"1070001";"1077778";"ITC4";"S14BI2";"15069843";""
"2020-07-31";"1070001";"1077778";"ITC41";"450";"687";""
"2020-07-31";"1070001";"1077778";"ITC41";"S11BI32";"6994972";""
"2020-07-31";"1070001";"1077778";"ITC41";"S12BI66";"8405";""
"2020-07-31";"1070001";"1077778";"ITC41";"S1314";"15";""
"2020-07-31";"1070001";"1077778";"ITC4";"S124";"8916025";""
"2020-07-31";"1070001";"1077778";"ITC4";"S127";"8136284";""
"2020-07-31";"1070001";"1077778";"ITC4";"S1314";"756";""
"2020-07-31";"1070001";"1077778";"ITC41";"S11";"7782057";""
"2020-07-31";"1070001";"1077778";"ITC41";"S124";"62";""
"2020-07-31";"1070001";"1077778";"ITC41";"S126";"14610";""
"2020-07-31";"1070001";"1077778";"ITC41";"S12BI7";"232467";""
"2020-07-31";"1070001";"1077778";"ITC41";"S13";"402990";""
"2020-07-31";"1070001";"1077778";"ITC41";"S14BI2";"820953";""
"2020-07-31";"1070001";"1077778";"ITC41";"SBI25";"8603010";""
"2020-07-31";"1070001";"1077778";"IT";"450";"263492";""
"2020-07-31";"1070001";"1077778";"IT";"S127";"16988522";""
"2020-07-31";"1070001";"1077778";"IT";"S12BI7";"144390950";""
"2020-07-31";"1070001";"1077778";"IT";"S1313";"64968483";""
"2020-07-31";"1070001";"1077778";"IT";"S11BI7";"16950298";""
"2020-07-31";"1070001";"1077778";"IT";"S124";"14722803";""
"2020-07-31";"1070001";"1077778";"IT";"S128";"3724193";""
"2020-07-31";"1070001";"1077778";"IT";"S13";"260669658";""
"2020-07-31";"1070001";"1077778";"IT";"S1314";"206318";""
"2020-07-31";"1070001";"1077778";"IT";"SBI59";"1697475538";""
"2020-07-31";"1070001";"1077778";"ITC4";"S129";"3164";""
"2020-07-31";"1070001";"1077778";"ITC4";"SBI59";"421511358";""
"2020-07-31";"1070001";"1077778";"ITC41";"S14";"11371114";""
"2020-07-31";"1070001";"1077778";"ITC41";"S15";"65558";""
"2020-06-30";"1070001";"1077778";"ITC4";"S1311";"52569";""
"2020-06-30";"1070001";"1077778";"ITC41";"SBI59";"19709942";""
"2020-06-30";"1070001";"1077778";"IT";"S11";"651629912";""
"2020-06-30";"1070001";"1077778";"ITC41";"S11";"7712926";""
"2020-06-30";"1070001";"1077778";"ITC41";"S126";"14431";""
"2020-06-30";"1070001";"1077778";"ITC41";"S14";"11314848";""
"2020-06-30";"1070001";"1077778";"ITC41";"S15";"63746";""
"2020-06-30";"1070001";"1077778";"ITC41";"SBI25";"8524121";""
"2020-06-30";"1070001";"1077778";"IT";"S14";"624388623";""
"2020-06-30";"1070001";"1077778";"ITC41";"S11001";"74232";""
"2020-06-30";"1070001";"1077778";"ITC4";"S1313";"7839307";""
"2020-06-30";"1070001";"1077778";"ITC4";"450";"41761";""
"2020-06-30";"1070001";"1077778";"IT";"S11BI7";"16885856";""
"2020-06-30";"1070001";"1077778";"IT";"S128";"3121661";""
"2020-06-30";"1070001";"1077778";"IT";"S13";"260542492";""
"2020-06-30";"1070001";"1077778";"IT";"S1311";"195759586";""
"2020-06-30";"1070001";"1077778";"IT";"S14BI2";"80423263";""
"2020-06-30";"1070001";"1077778";"ITC41";"S11BI8";"422111";""
"2020-06-30";"1070001";"1077778";"ITC4";"S1314";"584";""
"2020-06-30";"1070001";"1077778";"ITC4";"S11BI32";"178194431";""
"2020-06-30";"1070001";"1077778";"ITC4";"S11BI7";"4022582";""
"2020-06-30";"1070001";"1077778";"ITC4";"S12BI7";"81320094";""
"2020-06-30";"1070001";"1077778";"ITC41";"S1311";"535";""
"2020-06-30";"1070001";"1077778";"ITC41";"S1314";"17";""
"2020-06-30";"1070001";"1077778";"IT";"600";"543965360";""
"2020-06-30";"1070001";"1077778";"IT";"S11001";"23253845";""
"2020-06-30";"1070001";"1077778";"IT";"S124";"14791701";""
"2020-06-30";"1070001";"1077778";"IT";"S1314";"179500";""
"2020-06-30";"1070001";"1077778";"ITC4";"S11001";"3660972";""
"2020-06-30";"1070001";"1077778";"ITC4";"S126";"3054191";""
"2020-06-30";"1070001";"1077778";"ITC41";"S14BI2";"811195";""
"2020-06-30";"1070001";"1077778";"IT";"450";"269255";""
"2020-06-30";"1070001";"1077778";"IT";"S11BI8";"41337248";""
"2020-06-30";"1070001";"1077778";"IT";"S12BI7";"147355641";""
"2020-06-30";"1070001";"1077778";"IT";"S1313";"64603406";""
"2020-06-30";"1070001";"1077778";"ITC4";"S14BI2";"14923057";""
"2020-06-30";"1070001";"1077778";"ITC4";"SBI25";"208242323";""
"2020-06-30";"1070001";"1077778";"ITC41";"450";"673";""
"2020-06-30";"1070001";"1077778";"ITC41";"S12BI66";"8417";""
"2020-06-30";"1070001";"1077778";"ITC41";"S1313";"405871";""
"2020-06-30";"1070001";"1077778";"IT";"S129";"15825";""
"2020-06-30";"1070001";"1077778";"IT";"S15";"7547220";""
"2020-06-30";"1070001";"1077778";"IT";"SBI59";"1691560522";""
"2020-06-30";"1070001";"1077778";"ITC4";"S11";"193319266";""
"2020-06-30";"1070001";"1077778";"ITC4";"S12BI66";"60562495";""
"2020-06-30";"1070001";"1077778";"ITC4";"S13";"7892459";""
"2020-06-30";"1070001";"1077778";"ITC41";"SBI9";"892";""
"2020-06-30";"1070001";"1077778";"ITC4";"S15";"2099253";""
"2020-06-30";"1070001";"1077778";"ITC4";"SBI9";"21534";""
"2020-06-30";"1070001";"1077778";"ITC41";"S124";"68";""
"2020-06-30";"1070001";"1077778";"ITC4";"S11BI8";"7399521";""
"2020-06-30";"1070001";"1077778";"ITC4";"S127";"8071991";""
"2020-06-30";"1070001";"1077778";"ITC4";"S129";"6571";""
"2020-06-30";"1070001";"1077778";"ITC4";"SBI59";"420355007";""
"2020-06-30";"1070001";"1077778";"ITC4";"S14";"135702395";""
"2020-06-30";"1070001";"1077778";"ITC4";"600";"120779339";""
"2020-06-30";"1070001";"1077778";"ITC4";"S124";"8954975";""
"2020-06-30";"1070001";"1077778";"ITC4";"S128";"669871";""
"2020-06-30";"1070001";"1077778";"IT";"S11BI32";"569883708";""
"2020-06-30";"1070001";"1077778";"IT";"S126";"13864793";""
"2020-06-30";"1070001";"1077778";"IT";"S127";"17189961";""
"2020-06-30";"1070001";"1077778";"IT";"S12BI66";"98371700";""
"2020-06-30";"1070001";"1077778";"IT";"SBI25";"732053175";""
"2020-06-30";"1070001";"1077778";"IT";"SBI9";"96614";""
"2020-06-30";"1070001";"1077778";"ITC41";"600";"10503653";""
"2020-06-30";"1070001";"1077778";"ITC41";"S11BI32";"6927127";""
"2020-06-30";"1070001";"1077778";"ITC41";"S11BI7";"288783";""
"2020-06-30";"1070001";"1077778";"ITC41";"S127";"188191";""
"2020-06-30";"1070001";"1077778";"ITC41";"S12BI7";"211108";""
"2020-06-30";"1070001";"1077778";"ITC41";"S13";"406422";""
"2020-05-31";"1070001";"1077778";"ITC4";"S124";"8873608";""
"2020-05-31";"1070001";"1077778";"ITC4";"S128";"655281";""
"2020-05-31";"1070001";"1077778";"IT";"S13";"263865588";""
"2020-05-31";"1070001";"1077778";"IT";"S14";"621294211";""
"2020-05-31";"1070001";"1077778";"IT";"S11";"645833418";""
"2020-05-31";"1070001";"1077778";"IT";"SBI9";"105746";""
"2020-05-31";"1070001";"1077778";"ITC4";"600";"120485764";""
"2020-05-31";"1070001";"1077778";"ITC4";"S11001";"3666130";""
"2020-05-31";"1070001";"1077778";"ITC4";"S129";"6355";""
"2020-05-31";"1070001";"1077778";"ITC41";"S127";"197894";""
"2020-05-31";"1070001";"1077778";"ITC41";"S12BI66";"8421";""
"2020-05-31";"1070001";"1077778";"ITC41";"S14";"11252237";""
"2020-05-31";"1070001";"1077778";"ITC4";"SBI9";"32913";""
"2020-05-31";"1070001";"1077778";"ITC41";"450";"674";""
"2020-05-31";"1070001";"1077778";"IT";"600";"542949519";""
"2020-05-31";"1070001";"1077778";"ITC4";"S1313";"7904247";""
"2020-05-31";"1070001";"1077778";"ITC4";"S1314";"597";""
"2020-05-31";"1070001";"1077778";"ITC4";"S11BI7";"3956091";""
"2020-05-31";"1070001";"1077778";"ITC4";"S12BI66";"56989201";""
"2020-05-31";"1070001";"1077778";"ITC41";"SBI59";"19585103";""
"2020-05-31";"1070001";"1077778";"IT";"SBI59";"1683546061";""
"2020-05-31";"1070001";"1077778";"IT";"S11BI7";"16561505";""
"2020-05-31";"1070001";"1077778";"ITC41";"S11001";"76807";""
"2020-05-31";"1070001";"1077778";"ITC41";"S11BI8";"417016";""
"2020-05-31";"1070001";"1077778";"ITC41";"S12BI7";"220486";""
"2020-05-31";"1070001";"1077778";"ITC41";"S1313";"410999";""
"2020-05-31";"1070001";"1077778";"ITC41";"SBI9";"8785";""
"2020-05-31";"1070001";"1077778";"IT";"S14BI2";"78344692";""
"2020-05-31";"1070001";"1077778";"IT";"S15";"7673101";""
"2020-05-31";"1070001";"1077778";"IT";"S11001";"22850307";""
"2020-05-31";"1070001";"1077778";"IT";"S11BI8";"40846560";""
"2020-05-31";"1070001";"1077778";"IT";"S124";"14736201";""
"2020-05-31";"1070001";"1077778";"IT";"S12BI66";"94894777";""
"2020-05-31";"1070001";"1077778";"ITC41";"S126";"14136";""
"2020-05-31";"1070001";"1077778";"ITC41";"S13";"411689";""
"2020-05-31";"1070001";"1077778";"ITC4";"S12BI7";"77388156";""
"2020-05-31";"1070001";"1077778";"ITC4";"S14";"135105453";""
"2020-05-31";"1070001";"1077778";"IT";"S1311";"198120744";""
"2020-05-31";"1070001";"1077778";"IT";"S1314";"166834";""
"2020-05-31";"1070001";"1077778";"IT";"SBI25";"724178110";""
"2020-05-31";"1070001";"1077778";"IT";"450";"263078";""
"2020-05-31";"1070001";"1077778";"IT";"S11BI32";"565311967";""
"2020-05-31";"1070001";"1077778";"IT";"S129";"17679";""
"2020-05-31";"1070001";"1077778";"ITC4";"S11BI32";"178240538";""
"2020-05-31";"1070001";"1077778";"ITC41";"S124";"35";""
"2020-05-31";"1070001";"1077778";"ITC41";"S1311";"674";""
"2020-05-31";"1070001";"1077778";"ITC41";"S1314";"17";""
"2020-05-31";"1070001";"1077778";"ITC4";"S14BI2";"14619689";""
"2020-05-31";"1070001";"1077778";"ITC4";"S15";"2135893";""
"2020-05-31";"1070001";"1077778";"ITC4";"SBI25";"207851964";""
"2020-05-31";"1070001";"1077778";"ITC4";"SBI59";"415844597";""
"2020-05-31";"1070001";"1077778";"ITC41";"S14BI2";"784879";""
"2020-05-31";"1070001";"1077778";"ITC41";"SBI25";"8413780";""
"2020-05-31";"1070001";"1077778";"IT";"S1313";"65578009";""
"2020-05-31";"1070001";"1077778";"IT";"S127";"17073934";""
"2020-05-31";"1070001";"1077778";"ITC4";"S13";"7949906";""
"2020-05-31";"1070001";"1077778";"ITC4";"S11BI8";"7331738";""
"2020-05-31";"1070001";"1077778";"ITC4";"S126";"2867788";""
"2020-05-31";"1070001";"1077778";"ITC4";"S127";"7995925";""
"2020-05-31";"1070001";"1077778";"ITC41";"S11BI32";"6850889";""
"2020-05-31";"1070001";"1077778";"ITC41";"S11BI7";"283515";""
"2020-05-31";"1070001";"1077778";"ITC41";"600";"10467358";""
"2020-05-31";"1070001";"1077778";"ITC41";"S15";"63004";""
"2020-05-31";"1070001";"1077778";"IT";"S12BI7";"144773998";""
"2020-05-31";"1070001";"1077778";"ITC4";"450";"37778";""
"2020-05-31";"1070001";"1077778";"ITC4";"S11";"193232275";""
"2020-05-31";"1070001";"1077778";"ITC41";"S11";"7628901";""
"2020-05-31";"1070001";"1077778";"IT";"S128";"3699577";""
"2020-05-31";"1070001";"1077778";"ITC4";"S1311";"45062";""
"2020-05-31";"1070001";"1077778";"IT";"S126";"14351829";""
"2020-04-30";"1070001";"1077778";"IT";"S11";"645189914";""
"2020-04-30";"1070001";"1077778";"ITC4";"SBI25";"206469177";""
"2020-04-30";"1070001";"1077778";"ITC4";"SBI59";"415434553";""
"2020-04-30";"1070001";"1077778";"ITC4";"SBI9";"24769";""
"2020-04-30";"1070001";"1077778";"ITC4";"S1313";"7862672";""
"2020-04-30";"1070001";"1077778";"IT";"S11BI7";"16559213";""
"2020-04-30";"1070001";"1077778";"IT";"S127";"16872604";""
"2020-04-30";"1070001";"1077778";"ITC41";"S1311";"670";""
"2020-04-30";"1070001";"1077778";"ITC41";"S15";"63484";""
"2020-04-30";"1070001";"1077778";"IT";"600";"542124689";""
"2020-04-30";"1070001";"1077778";"IT";"S12BI66";"95978635";""
"2020-04-30";"1070001";"1077778";"ITC41";"600";"10457244";""
"2020-04-30";"1070001";"1077778";"ITC41";"S124";"35";""
"2020-04-30";"1070001";"1077778";"ITC41";"S127";"202530";""
"2020-04-30";"1070001";"1077778";"ITC4";"S11BI7";"3996193";""
"2020-04-30";"1070001";"1077778";"ITC4";"S12BI7";"78715623";""
"2020-04-30";"1070001";"1077778";"ITC4";"S14";"134432155";""
"2020-04-30";"1070001";"1077778";"ITC41";"SBI25";"8367683";""
"2020-04-30";"1070001";"1077778";"ITC41";"SBI59";"19525651";""
"2020-04-30";"1070001";"1077778";"ITC41";"S13";"411440";""
"2020-04-30";"1070001";"1077778";"ITC41";"S14BI2";"746359";""
"2020-04-30";"1070001";"1077778";"ITC4";"450";"36907";""
"2020-04-30";"1070001";"1077778";"IT";"S124";"14382096";""
"2020-04-30";"1070001";"1077778";"IT";"S129";"32926";""
"2020-04-30";"1070001";"1077778";"IT";"S14BI2";"76247054";""
"2020-04-30";"1070001";"1077778";"IT";"SBI59";"1682747668";""
"2020-04-30";"1070001";"1077778";"ITC41";"S11BI32";"6850077";""
"2020-04-30";"1070001";"1077778";"ITC4";"S129";"11122";""
"2020-04-30";"1070001";"1077778";"ITC4";"S13";"7919733";""
"2020-04-30";"1070001";"1077778";"ITC4";"S14BI2";"14253602";""
"2020-04-30";"1070001";"1077778";"ITC4";"S11";"192215575";""
"2020-04-30";"1070001";"1077778";"ITC4";"S11001";"3389290";""
"2020-04-30";"1070001";"1077778";"IT";"S1313";"65246090";""
"2020-04-30";"1070001";"1077778";"ITC41";"S11001";"78750";""
"2020-04-30";"1070001";"1077778";"ITC4";"S11BI8";"7269824";""
"2020-04-30";"1070001";"1077778";"ITC4";"S126";"2824589";""
"2020-04-30";"1070001";"1077778";"ITC4";"S1314";"593";""
"2020-04-30";"1070001";"1077778";"ITC41";"SBI9";"816";""
"2020-04-30";"1070001";"1077778";"IT";"S11BI8";"40532366";""
"2020-04-30";"1070001";"1077778";"IT";"S126";"14702110";""
"2020-04-30";"1070001";"1077778";"ITC41";"S12BI7";"224984";""
"2020-04-30";"1070001";"1077778";"ITC41";"S14";"11203603";""
"2020-04-30";"1070001";"1077778";"IT";"S11BI32";"565805442";""
"2020-04-30";"1070001";"1077778";"IT";"S14";"618371743";""
"2020-04-30";"1070001";"1077778";"ITC4";"S15";"2126699";""
"2020-04-30";"1070001";"1077778";"ITC41";"S11BI7";"281909";""
"2020-04-30";"1070001";"1077778";"ITC4";"S12BI66";"58725590";""
"2020-04-30";"1070001";"1077778";"IT";"450";"259695";""
"2020-04-30";"1070001";"1077778";"IT";"S128";"3731814";""
"2020-04-30";"1070001";"1077778";"IT";"S15";"7475268";""
"2020-04-30";"1070001";"1077778";"IT";"SBI25";"721436967";""
"2020-04-30";"1070001";"1077778";"ITC41";"S11";"7621324";""
"2020-04-30";"1070001";"1077778";"ITC41";"S126";"13941";""
"2020-04-30";"1070001";"1077778";"ITC4";"S1311";"56468";""
"2020-04-30";"1070001";"1077778";"ITC4";"S11BI32";"177523361";""
"2020-04-30";"1070001";"1077778";"IT";"S11001";"22033198";""
"2020-04-30";"1070001";"1077778";"ITC41";"S11BI8";"409935";""
"2020-04-30";"1070001";"1077778";"ITC4";"S128";"682264";""
"2020-04-30";"1070001";"1077778";"ITC41";"S12BI66";"8479";""
"2020-04-30";"1070001";"1077778";"ITC41";"S1314";"17";""
"2020-04-30";"1070001";"1077778";"IT";"S13";"265913951";""
"2020-04-30";"1070001";"1077778";"IT";"S1311";"200506792";""
"2020-04-30";"1070001";"1077778";"IT";"S1314";"161068";""
"2020-04-30";"1070001";"1077778";"ITC4";"600";"120178553";""
"2020-04-30";"1070001";"1077778";"ITC4";"S127";"7881699";""
"2020-04-30";"1070001";"1077778";"ITC41";"S1313";"410753";""
"2020-04-30";"1070001";"1077778";"IT";"S12BI7";"145700184";""
"2020-04-30";"1070001";"1077778";"IT";"SBI9";"96609";""
"2020-04-30";"1070001";"1077778";"ITC41";"450";"653";""
"2020-04-30";"1070001";"1077778";"ITC4";"S124";"8590359";""
"2020-03-31";"1070001";"1077778";"ITC41";"S127";"163294";""
"2020-03-31";"1070001";"1077778";"ITC41";"SBI25";"8304408";""
"2020-03-31";"1070001";"1077778";"IT";"S129";"77152";""
"2020-03-31";"1070001";"1077778";"IT";"SBI9";"106618";""
"2020-03-31";"1070001";"1077778";"ITC4";"S124";"8647925";""
"2020-03-31";"1070001";"1077778";"ITC41";"S1311";"681";""
"2020-03-31";"1070001";"1077778";"IT";"S11BI7";"16772893";""
"2020-03-31";"1070001";"1077778";"ITC41";"SBI59";"19464772";""
"2020-03-31";"1070001";"1077778";"ITC4";"S126";"2802945";""
"2020-03-31";"1070001";"1077778";"ITC4";"SBI59";"415044436";""
"2020-03-31";"1070001";"1077778";"ITC41";"450";"634";""
"2020-03-31";"1070001";"1077778";"ITC41";"S11BI32";"6778857";""
"2020-03-31";"1070001";"1077778";"ITC41";"S11BI7";"286368";""
"2020-03-31";"1070001";"1077778";"IT";"S11";"639074171";""
"2020-03-31";"1070001";"1077778";"IT";"S11BI8";"40659302";""
"2020-03-31";"1070001";"1077778";"ITC4";"600";"120706139";""
"2020-03-31";"1070001";"1077778";"ITC4";"S11";"189429512";""
"2020-03-31";"1070001";"1077778";"ITC4";"S11BI8";"7296950";""
"2020-03-31";"1070001";"1077778";"ITC4";"S127";"6370453";""
"2020-03-31";"1070001";"1077778";"ITC4";"S128";"684192";""
"2020-03-31";"1070001";"1077778";"ITC4";"S13";"7956085";""
"2020-03-31";"1070001";"1077778";"ITC4";"S14";"134999819";""
"2020-03-31";"1070001";"1077778";"ITC4";"S14BI2";"14293680";""
"2020-03-31";"1070001";"1077778";"ITC41";"S1314";"19";""
"2020-03-31";"1070001";"1077778";"ITC41";"S14";"11241437";""
"2020-03-31";"1070001";"1077778";"ITC41";"S14BI2";"745817";""
"2020-03-31";"1070001";"1077778";"IT";"600";"544774437";""
"2020-03-31";"1070001";"1077778";"IT";"S124";"14506858";""
"2020-03-31";"1070001";"1077778";"IT";"S126";"14898327";""
"2020-03-31";"1070001";"1077778";"IT";"S14BI2";"76470606";""
"2020-03-31";"1070001";"1077778";"ITC4";"S129";"64927";""
"2020-03-31";"1070001";"1077778";"ITC4";"S1314";"613";""
"2020-03-31";"1070001";"1077778";"ITC4";"S15";"2138318";""
"2020-03-31";"1070001";"1077778";"ITC4";"SBI25";"203723192";""
"2020-03-31";"1070001";"1077778";"IT";"450";"269797";""
"2020-03-31";"1070001";"1077778";"IT";"S11001";"20673612";""
"2020-03-31";"1070001";"1077778";"IT";"S11BI32";"560698566";""
"2020-03-31";"1070001";"1077778";"IT";"S128";"3744073";""
"2020-03-31";"1070001";"1077778";"ITC41";"S124";"0";""
"2020-03-31";"1070001";"1077778";"ITC4";"S11001";"3133284";""
"2020-03-31";"1070001";"1077778";"IT";"S1313";"64552626";""
"2020-03-31";"1070001";"1077778";"IT";"S1314";"66676";""
"2020-03-31";"1070001";"1077778";"IT";"SBI25";"715544777";""
"2020-03-31";"1070001";"1077778";"ITC4";"S12BI66";"61922000";""
"2020-03-31";"1070001";"1077778";"ITC4";"S12BI7";"80492442";""
"2020-03-31";"1070001";"1077778";"ITC4";"S1311";"63549";""
"2020-03-31";"1070001";"1077778";"IT";"S127";"15304583";""
"2020-03-31";"1070001";"1077778";"ITC4";"450";"37553";""
"2020-03-31";"1070001";"1077778";"ITC41";"S11001";"76677";""
"2020-03-31";"1070001";"1077778";"ITC41";"S13";"411690";""
"2020-03-31";"1070001";"1077778";"ITC41";"S1313";"410990";""
"2020-03-31";"1070001";"1077778";"ITC41";"SBI9";"1068";""
"2020-03-31";"1070001";"1077778";"IT";"S14";"621245043";""
"2020-03-31";"1070001";"1077778";"ITC4";"S1313";"7891923";""
"2020-03-31";"1070001";"1077778";"ITC4";"SBI9";"28259";""
"2020-03-31";"1070001";"1077778";"ITC41";"S11";"7558591";""
"2020-03-31";"1070001";"1077778";"IT";"S13";"267758968";""
"2020-03-31";"1070001";"1077778";"IT";"S12BI66";"100498244";""
"2020-03-31";"1070001";"1077778";"ITC4";"S11BI32";"174898486";""
"2020-03-31";"1070001";"1077778";"ITC41";"S11BI8";"416055";""
"2020-03-31";"1070001";"1077778";"ITC41";"S126";"13956";""
"2020-03-31";"1070001";"1077778";"ITC41";"S12BI66";"10439";""
"2020-03-31";"1070001";"1077778";"ITC41";"S12BI7";"187689";""
"2020-03-31";"1070001";"1077778";"ITC41";"600";"10495620";""
"2020-03-31";"1070001";"1077778";"IT";"S1311";"203139665";""
"2020-03-31";"1070001";"1077778";"ITC41";"S15";"64297";""
"2020-03-31";"1070001";"1077778";"IT";"S12BI7";"149029238";""
"2020-03-31";"1070001";"1077778";"ITC4";"S11BI7";"4063240";""
"2020-03-31";"1070001";"1077778";"IT";"S15";"7527494";""
"2020-03-31";"1070001";"1077778";"IT";"SBI59";"1684741531";""
"2020-02-29";"1070001";"1077778";"IT";"S124";"14766729";""
"2020-02-29";"1070001";"1077778";"IT";"SBI59";"1658515418";""
"2020-02-29";"1070001";"1077778";"IT";"SBI9";"115033";""
"2020-02-29";"1070001";"1077778";"IT";"S11001";"19314648";""
"2020-02-29";"1070001";"1077778";"ITC4";"S11";"184503328";""
"2020-02-29";"1070001";"1077778";"ITC4";"S11BI7";"4005871";""
"2020-02-29";"1070001";"1077778";"ITC4";"S128";"680908";""
"2020-02-29";"1070001";"1077778";"ITC41";"S13";"409557";""
"2020-02-29";"1070001";"1077778";"ITC41";"S15";"64839";""
"2020-02-29";"1070001";"1077778";"ITC41";"SBI25";"8195257";""
"2020-02-29";"1070001";"1077778";"ITC41";"SBI9";"1024";""
"2020-02-29";"1070001";"1077778";"IT";"S126";"12611517";""
"2020-02-29";"1070001";"1077778";"IT";"S14BI2";"76442604";""
"2020-02-29";"1070001";"1077778";"ITC4";"S126";"2151349";""
"2020-02-29";"1070001";"1077778";"ITC4";"S1313";"7891884";""
"2020-02-29";"1070001";"1077778";"ITC4";"SBI9";"27958";""
"2020-02-29";"1070001";"1077778";"ITC41";"S12BI7";"180982";""
"2020-02-29";"1070001";"1077778";"IT";"S13";"259535102";""
"2020-02-29";"1070001";"1077778";"IT";"S1313";"65151603";""
"2020-02-29";"1070001";"1077778";"IT";"S15";"7549404";""
"2020-02-29";"1070001";"1077778";"ITC4";"S12BI66";"59634184";""
"2020-02-29";"1070001";"1077778";"ITC4";"S124";"8993648";""
"2020-02-29";"1070001";"1077778";"ITC41";"S1311";"694";""
"2020-02-29";"1070001";"1077778";"IT";"S14";"623437689";""
"2020-02-29";"1070001";"1077778";"IT";"600";"546995086";""
"2020-02-29";"1070001";"1077778";"IT";"S11BI32";"548592593";""
"2020-02-29";"1070001";"1077778";"ITC4";"600";"121384627";""
"2020-02-29";"1070001";"1077778";"ITC4";"S129";"3765";""
"2020-02-29";"1070001";"1077778";"ITC4";"S13";"7953213";""
"2020-02-29";"1070001";"1077778";"ITC4";"S15";"2130947";""
"2020-02-29";"1070001";"1077778";"ITC41";"S1313";"408843";""
"2020-02-29";"1070001";"1077778";"ITC41";"S1314";"19";""
"2020-02-29";"1070001";"1077778";"IT";"S11BI8";"40234513";""
"2020-02-29";"1070001";"1077778";"IT";"S12BI66";"97069999";""
"2020-02-29";"1070001";"1077778";"IT";"450";"281227";""
"2020-02-29";"1070001";"1077778";"IT";"S11BI7";"16549285";""
"2020-02-29";"1070001";"1077778";"ITC41";"S124";"529";""
"2020-02-29";"1070001";"1077778";"ITC4";"450";"36403";""
"2020-02-29";"1070001";"1077778";"ITC4";"S127";"6264697";""
"2020-02-29";"1070001";"1077778";"ITC4";"S12BI7";"77728553";""
"2020-02-29";"1070001";"1077778";"ITC4";"SBI59";"408049296";""
"2020-02-29";"1070001";"1077778";"ITC41";"450";"614";""
"2020-02-29";"1070001";"1077778";"ITC41";"S11";"7446401";""
"2020-02-29";"1070001";"1077778";"IT";"S128";"3760902";""
"2020-02-29";"1070001";"1077778";"IT";"S1314";"142203";""
"2020-02-29";"1070001";"1077778";"ITC4";"S11BI32";"170169916";""
"2020-02-29";"1070001";"1077778";"ITC4";"S14BI2";"14320670";""
"2020-02-29";"1070001";"1077778";"ITC41";"600";"10563745";""
"2020-02-29";"1070001";"1077778";"ITC41";"S11BI32";"6662971";""
"2020-02-29";"1070001";"1077778";"ITC41";"S11BI8";"418888";""
"2020-02-29";"1070001";"1077778";"IT";"S12BI7";"142905924";""
"2020-02-29";"1070001";"1077778";"IT";"S1311";"194241296";""
"2020-02-29";"1070001";"1077778";"ITC41";"S11BI7";"282854";""
"2020-02-29";"1070001";"1077778";"ITC41";"S126";"14419";""
"2020-02-29";"1070001";"1077778";"ITC4";"S14";"135705297";""
"2020-02-29";"1070001";"1077778";"ITC41";"S14";"11312600";""
"2020-02-29";"1070001";"1077778";"IT";"S127";"14669135";""
"2020-02-29";"1070001";"1077778";"IT";"S129";"27642";""
"2020-02-29";"1070001";"1077778";"IT";"SBI25";"701414870";""
"2020-02-29";"1070001";"1077778";"ITC4";"S11001";"3052098";""
"2020-02-29";"1070001";"1077778";"ITC4";"S11BI8";"7239040";""
"2020-02-29";"1070001";"1077778";"ITC4";"S1311";"60712";""
"2020-02-29";"1070001";"1077778";"ITC4";"S1314";"617";""
"2020-02-29";"1070001";"1077778";"ITC4";"SBI25";"198823998";""
"2020-02-29";"1070001";"1077778";"IT";"S11";"624972266";""
"2020-02-29";"1070001";"1077778";"ITC41";"S127";"155568";""
"2020-02-29";"1070001";"1077778";"ITC41";"S12BI66";"10467";""
"2020-02-29";"1070001";"1077778";"ITC41";"S11001";"81075";""
"2020-02-29";"1070001";"1077778";"ITC41";"S14BI2";"748856";""
"2020-02-29";"1070001";"1077778";"ITC41";"SBI59";"19415403";""
"2020-01-31";"1070001";"1077778";"IT";"S12BI7";"145011662";""
"2020-01-31";"1070001";"1077778";"IT";"S1311";"193970129";""
"2020-01-31";"1070001";"1077778";"IT";"SBI9";"146602";""
"2020-01-31";"1070001";"1077778";"ITC41";"450";"624";""
"2020-01-31";"1070001";"1077778";"ITC4";"S13";"7919624";""
"2020-01-31";"1070001";"1077778";"ITC4";"S11001";"3027751";""
"2020-01-31";"1070001";"1077778";"ITC4";"S11BI8";"7369765";""
"2020-01-31";"1070001";"1077778";"ITC41";"S15";"63532";""
"2020-01-31";"1070001";"1077778";"ITC41";"SBI59";"19523676";""
"2020-01-31";"1070001";"1077778";"IT";"SBI25";"705936328";""
"2020-01-31";"1070001";"1077778";"ITC41";"S13";"410932";""
"2020-01-31";"1070001";"1077778";"IT";"S126";"11284017";""
"2020-01-31";"1070001";"1077778";"IT";"S128";"3841053";""
"2020-01-31";"1070001";"1077778";"ITC41";"SBI9";"996";""
"2020-01-31";"1070001";"1077778";"ITC4";"SBI9";"59051";""
"2020-01-31";"1070001";"1077778";"IT";"S11001";"19184309";""
"2020-01-31";"1070001";"1077778";"IT";"S1313";"65187271";""
"2020-01-31";"1070001";"1077778";"IT";"S15";"7576211";""
"2020-01-31";"1070001";"1077778";"ITC41";"S1311";"692";""
"2020-01-31";"1070001";"1077778";"ITC41";"S14";"11304082";""
"2020-01-31";"1070001";"1077778";"IT";"S127";"15087566";""
"2020-01-31";"1070001";"1077778";"ITC4";"S14";"135878962";""
"2020-01-31";"1070001";"1077778";"ITC4";"S11BI32";"171262745";""
"2020-01-31";"1070001";"1077778";"ITC41";"S11";"7564488";""
"2020-01-31";"1070001";"1077778";"ITC41";"S14BI2";"755829";""
"2020-01-31";"1070001";"1077778";"ITC41";"S11001";"80804";""
"2020-01-31";"1070001";"1077778";"ITC41";"S1313";"410220";""
"2020-01-31";"1070001";"1077778";"IT";"S11BI32";"551791287";""
"2020-01-31";"1070001";"1077778";"IT";"450";"286797";""
"2020-01-31";"1070001";"1077778";"ITC4";"450";"39056";""
"2020-01-31";"1070001";"1077778";"ITC41";"S1314";"19";""
"2020-01-31";"1070001";"1077778";"IT";"S1314";"68811";""
"2020-01-31";"1070001";"1077778";"IT";"S11BI7";"17011235";""
"2020-01-31";"1070001";"1077778";"ITC41";"S11BI7";"293196";""
"2020-01-31";"1070001";"1077778";"ITC41";"S126";"13913";""
"2020-01-31";"1070001";"1077778";"IT";"600";"546062516";""
"2020-01-31";"1070001";"1077778";"ITC4";"S12BI7";"80053986";""
"2020-01-31";"1070001";"1077778";"ITC4";"SBI25";"200300903";""
"2020-01-31";"1070001";"1077778";"ITC4";"S11BI7";"4150669";""
"2020-01-31";"1070001";"1077778";"ITC4";"S124";"8579271";""
"2020-01-31";"1070001";"1077778";"ITC4";"S126";"2036049";""
"2020-01-31";"1070001";"1077778";"ITC4";"S127";"6812361";""
"2020-01-31";"1070001";"1077778";"ITC41";"S124";"0";""
"2020-01-31";"1070001";"1077778";"ITC41";"S127";"155268";""
"2020-01-31";"1070001";"1077778";"ITC41";"S12BI66";"10466";""
"2020-01-31";"1070001";"1077778";"IT";"S14";"622957281";""
"2020-01-31";"1070001";"1077778";"IT";"S14BI2";"76894765";""
"2020-01-31";"1070001";"1077778";"IT";"SBI59";"1663959529";""
"2020-01-31";"1070001";"1077778";"ITC41";"S12BI7";"179647";""
"2020-01-31";"1070001";"1077778";"IT";"S11BI8";"40767935";""
"2020-01-31";"1070001";"1077778";"IT";"S129";"21626";""
"2020-01-31";"1070001";"1077778";"ITC4";"S15";"2136441";""
"2020-01-31";"1070001";"1077778";"ITC4";"SBI59";"411898050";""
"2020-01-31";"1070001";"1077778";"ITC4";"S128";"686149";""
"2020-01-31";"1070001";"1077778";"ITC4";"S12BI66";"61939154";""
"2020-01-31";"1070001";"1077778";"ITC4";"S1311";"49471";""
"2020-01-31";"1070001";"1077778";"ITC41";"SBI25";"8320317";""
"2020-01-31";"1070001";"1077778";"IT";"S13";"259226211";""
"2020-01-31";"1070001";"1077778";"IT";"S124";"14318473";""
"2020-01-31";"1070001";"1077778";"ITC41";"S11BI32";"6764774";""
"2020-01-31";"1070001";"1077778";"ITC4";"S11";"185849986";""
"2020-01-31";"1070001";"1077778";"ITC4";"S129";"1001";""
"2020-01-31";"1070001";"1077778";"IT";"S11";"629041562";""
"2020-01-31";"1070001";"1077778";"IT";"S12BI66";"100458927";""
"2020-01-31";"1070001";"1077778";"ITC41";"S11BI8";"425089";""
"2020-01-31";"1070001";"1077778";"ITC4";"S1313";"7869531";""
"2020-01-31";"1070001";"1077778";"ITC4";"S1314";"623";""
"2020-01-31";"1070001";"1077778";"ITC4";"S14BI2";"14450917";""
"2020-01-31";"1070001";"1077778";"ITC4";"600";"121428045";""
"2020-01-31";"1070001";"1077778";"ITC41";"600";"10548253";""
"2019-12-31";"1070001";"1077778";"ITC4";"S124";"8673870";""
"2019-12-31";"1070001";"1077778";"ITC4";"S127";"6743328";""
"2019-12-31";"1070001";"1077778";"IT";"S1314";"68092";""
"2019-12-31";"1070001";"1077778";"IT";"SBI9";"161680";""
"2019-12-31";"1070001";"1077778";"ITC41";"S1311";"701";""
"2019-12-31";"1070001";"1077778";"ITC41";"S1314";"21";""
"2019-12-31";"1070001";"1077778";"ITC41";"S15";"65319";""
"2019-12-31";"1070001";"1077778";"ITC4";"S1314";"655";""
"2019-12-31";"1070001";"1077778";"ITC4";"SBI25";"197904164";""
"2019-12-31";"1070001";"1077778";"ITC41";"600";"10536473";""
"2019-12-31";"1070001";"1077778";"IT";"S11BI8";"40816958";""
"2019-12-31";"1070001";"1077778";"IT";"S124";"14522546";""
"2019-12-31";"1070001";"1077778";"IT";"S127";"14998459";""
"2019-12-31";"1070001";"1077778";"IT";"S128";"3795474";""
"2019-12-31";"1070001";"1077778";"IT";"S12BI7";"151829611";""
"2019-12-31";"1070001";"1077778";"ITC41";"S12BI66";"10467";""
"2019-12-31";"1070001";"1077778";"ITC41";"S12BI7";"193937";""
"2019-12-31";"1070001";"1077778";"ITC41";"S11BI32";"6725463";""
"2019-12-31";"1070001";"1077778";"IT";"S11";"623087699";""
"2019-12-31";"1070001";"1077778";"ITC4";"S11";"183413656";""
"2019-12-31";"1070001";"1077778";"ITC4";"S128";"689491";""
"2019-12-31";"1070001";"1077778";"ITC4";"S129";"36284";""
"2019-12-31";"1070001";"1077778";"IT";"S12BI66";"107083369";""
"2019-12-31";"1070001";"1077778";"IT";"S13";"254842152";""
"2019-12-31";"1070001";"1077778";"ITC41";"SBI9";"982";""
"2019-12-31";"1070001";"1077778";"ITC4";"S15";"2124733";""
"2019-12-31";"1070001";"1077778";"ITC4";"450";"42267";""
"2019-12-31";"1070001";"1077778";"ITC4";"600";"121426306";""
"2019-12-31";"1070001";"1077778";"ITC4";"S11BI32";"168924512";""
"2019-12-31";"1070001";"1077778";"IT";"S11BI7";"16984868";""
"2019-12-31";"1070001";"1077778";"ITC41";"450";"732";""
"2019-12-31";"1070001";"1077778";"ITC41";"S11BI7";"290276";""
"2019-12-31";"1070001";"1077778";"ITC41";"S13";"406218";""
"2019-12-31";"1070001";"1077778";"IT";"S11001";"18903220";""
"2019-12-31";"1070001";"1077778";"ITC4";"S12BI7";"84498088";""
"2019-12-31";"1070001";"1077778";"ITC4";"S11001";"2895291";""
"2019-12-31";"1070001";"1077778";"IT";"S129";"65595";""
"2019-12-31";"1070001";"1077778";"IT";"S1311";"192045929";""
"2019-12-31";"1070001";"1077778";"IT";"SBI59";"1659934126";""
"2019-12-31";"1070001";"1077778";"IT";"600";"545495273";""
"2019-12-31";"1070001";"1077778";"ITC41";"SBI59";"19479029";""
"2019-12-31";"1070001";"1077778";"ITC4";"S11BI7";"4141786";""
"2019-12-31";"1070001";"1077778";"ITC41";"S14BI2";"754859";""
"2019-12-31";"1070001";"1077778";"ITC4";"S14";"135916815";""
"2019-12-31";"1070001";"1077778";"ITC4";"S13";"7560556";""
"2019-12-31";"1070001";"1077778";"ITC4";"S12BI66";"66445384";""
"2019-12-31";"1070001";"1077778";"IT";"S14";"622483090";""
"2019-12-31";"1070001";"1077778";"ITC4";"SBI9";"60056";""
"2019-12-31";"1070001";"1077778";"IT";"450";"300881";""
"2019-12-31";"1070001";"1077778";"ITC41";"S14";"11291332";""
"2019-12-31";"1070001";"1077778";"ITC4";"S1311";"41093";""
"2019-12-31";"1070001";"1077778";"ITC4";"S14BI2";"14490509";""
"2019-12-31";"1070001";"1077778";"ITC4";"SBI59";"413573903";""
"2019-12-31";"1070001";"1077778";"ITC4";"S126";"1909731";""
"2019-12-31";"1070001";"1077778";"IT";"S11BI32";"546081772";""
"2019-12-31";"1070001";"1077778";"IT";"SBI25";"700075515";""
"2019-12-31";"1070001";"1077778";"ITC41";"S127";"169023";""
"2019-12-31";"1070001";"1077778";"ITC41";"S11";"7521241";""
"2019-12-31";"1070001";"1077778";"ITC41";"S126";"14446";""
"2019-12-31";"1070001";"1077778";"ITC41";"S1313";"405495";""
"2019-12-31";"1070001";"1077778";"ITC41";"SBI25";"8276100";""
"2019-12-31";"1070001";"1077778";"ITC41";"S11001";"78353";""
"2019-12-31";"1070001";"1077778";"ITC4";"S1313";"7518808";""
"2019-12-31";"1070001";"1077778";"ITC4";"S11BI8";"7409800";""
"2019-12-31";"1070001";"1077778";"IT";"S126";"11364168";""
"2019-12-31";"1070001";"1077778";"IT";"S1313";"62728131";""
"2019-12-31";"1070001";"1077778";"IT";"S14BI2";"76987817";""
"2019-12-31";"1070001";"1077778";"IT";"S15";"7529894";""
"2019-12-31";"1070001";"1077778";"ITC41";"S11BI8";"426417";""
"2019-11-30";"1070001";"1077778";"ITC4";"S11";"186801937";""
"2019-11-30";"1070001";"1077778";"IT";"S14";"624035199";""
"2019-11-30";"1070001";"1077778";"IT";"SBI25";"711059730";""
"2019-11-30";"1070001";"1077778";"ITC41";"S1311";"591";""
"2019-11-30";"1070001";"1077778";"ITC4";"450";"49105";""
"2019-11-30";"1070001";"1077778";"ITC4";"S11BI8";"7404201";""
"2019-11-30";"1070001";"1077778";"ITC4";"SBI25";"201184912";""
"2019-11-30";"1070001";"1077778";"ITC41";"450";"666";""
"2019-11-30";"1070001";"1077778";"ITC41";"600";"10573835";""
"2019-11-30";"1070001";"1077778";"ITC41";"S11BI8";"423387";""
"2019-11-30";"1070001";"1077778";"ITC41";"S124";"0";""
"2019-11-30";"1070001";"1077778";"ITC4";"S13";"7659552";""
"2019-11-30";"1070001";"1077778";"IT";"S124";"15291364";""
"2019-11-30";"1070001";"1077778";"ITC4";"S127";"6756459";""
"2019-11-30";"1070001";"1077778";"ITC4";"S12BI7";"79714648";""
"2019-11-30";"1070001";"1077778";"IT";"S13";"265020493";""
"2019-11-30";"1070001";"1077778";"ITC41";"S12BI7";"259209";""
"2019-11-30";"1070001";"1077778";"ITC4";"SBI59";"412134981";""
"2019-11-30";"1070001";"1077778";"ITC41";"S126";"14381";""
"2019-11-30";"1070001";"1077778";"ITC41";"S127";"234465";""
"2019-11-30";"1070001";"1077778";"ITC41";"S14";"11324506";""
"2019-11-30";"1070001";"1077778";"ITC41";"S14BI2";"750671";""
"2019-11-30";"1070001";"1077778";"ITC4";"S14BI2";"14382975";""
"2019-11-30";"1070001";"1077778";"IT";"S12BI66";"99518763";""
"2019-11-30";"1070001";"1077778";"ITC4";"S126";"2016855";""
"2019-11-30";"1070001";"1077778";"IT";"S11";"633747556";""
"2019-11-30";"1070001";"1077778";"IT";"450";"335725";""
"2019-11-30";"1070001";"1077778";"ITC4";"600";"121402441";""
"2019-11-30";"1070001";"1077778";"ITC4";"S129";"1735";""
"2019-11-30";"1070001";"1077778";"IT";"S1311";"200449822";""
"2019-11-30";"1070001";"1077778";"IT";"S14BI2";"77312174";""
"2019-11-30";"1070001";"1077778";"IT";"S15";"7624715";""
"2019-11-30";"1070001";"1077778";"IT";"SBI9";"153582";""
"2019-11-30";"1070001";"1077778";"ITC4";"S124";"9350690";""
"2019-11-30";"1070001";"1077778";"ITC4";"S11BI32";"172104483";""
"2019-11-30";"1070001";"1077778";"IT";"600";"546723025";""
"2019-11-30";"1070001";"1077778";"IT";"S11001";"19234365";""
"2019-11-30";"1070001";"1077778";"ITC4";"S128";"685292";""
"2019-11-30";"1070001";"1077778";"IT";"S128";"3825676";""
"2019-11-30";"1070001";"1077778";"IT";"S11BI32";"556140038";""
"2019-11-30";"1070001";"1077778";"ITC41";"S11BI32";"6805695";""
"2019-11-30";"1070001";"1077778";"ITC41";"S11BI7";"285498";""
"2019-11-30";"1070001";"1077778";"ITC41";"S1313";"421000";""
"2019-11-30";"1070001";"1077778";"ITC41";"SBI59";"19665509";""
"2019-11-30";"1070001";"1077778";"ITC41";"SBI9";"986";""
"2019-11-30";"1070001";"1077778";"ITC4";"S1311";"55673";""
"2019-11-30";"1070001";"1077778";"IT";"S12BI7";"146637659";""
"2019-11-30";"1070001";"1077778";"IT";"S11BI7";"16890252";""
"2019-11-30";"1070001";"1077778";"IT";"S129";"24725";""
"2019-11-30";"1070001";"1077778";"ITC41";"SBI25";"8347839";""
"2019-11-30";"1070001";"1077778";"ITC4";"S15";"2128962";""
"2019-11-30";"1070001";"1077778";"ITC4";"SBI9";"44467";""
"2019-11-30";"1070001";"1077778";"ITC41";"S13";"421613";""
"2019-11-30";"1070001";"1077778";"ITC4";"S1314";"598";""
"2019-11-30";"1070001";"1077778";"ITC4";"S11BI7";"4080911";""
"2019-11-30";"1070001";"1077778";"IT";"S1313";"64500859";""
"2019-11-30";"1070001";"1077778";"ITC41";"S11";"7597168";""
"2019-11-30";"1070001";"1077778";"IT";"S126";"12784302";""
"2019-11-30";"1070001";"1077778";"ITC41";"S15";"62027";""
"2019-11-30";"1070001";"1077778";"ITC4";"S11001";"3163237";""
"2019-11-30";"1070001";"1077778";"ITC41";"S12BI66";"10363";""
"2019-11-30";"1070001";"1077778";"ITC4";"S12BI66";"60903618";""
"2019-11-30";"1070001";"1077778";"IT";"S127";"15192829";""
"2019-11-30";"1070001";"1077778";"IT";"S1314";"69812";""
"2019-11-30";"1070001";"1077778";"IT";"SBI59";"1677219204";""
"2019-11-30";"1070001";"1077778";"ITC4";"S1313";"7603280";""
"2019-11-30";"1070001";"1077778";"ITC4";"S14";"135785416";""
"2019-11-30";"1070001";"1077778";"IT";"S11BI8";"41147176";""
"2019-11-30";"1070001";"1077778";"ITC41";"S11001";"81922";""
"2019-11-30";"1070001";"1077778";"ITC41";"S1314";"21";""
"2019-10-31";"1070001";"1077778";"ITC41";"600";"10622799";""
"2019-10-31";"1070001";"1077778";"ITC4";"SBI59";"413321708";""
"2019-10-31";"1070001";"1077778";"IT";"SBI9";"145534";""
"2019-10-31";"1070001";"1077778";"IT";"S11BI32";"557435254";""
"2019-10-31";"1070001";"1077778";"IT";"S128";"3775261";""
"2019-10-31";"1070001";"1077778";"ITC41";"SBI59";"19842992";""
"2019-10-31";"1070001";"1077778";"ITC41";"S12BI66";"10335";""
"2019-10-31";"1070001";"1077778";"ITC41";"S1311";"592";""
"2019-10-31";"1070001";"1077778";"ITC41";"S1313";"419291";""
"2019-10-31";"1070001";"1077778";"ITC4";"S129";"947";""
"2019-10-31";"1070001";"1077778";"ITC4";"S1313";"7598932";""
"2019-10-31";"1070001";"1077778";"ITC4";"S14BI2";"14406897";""
"2019-10-31";"1070001";"1077778";"ITC4";"S127";"6995857";""
"2019-10-31";"1070001";"1077778";"IT";"S12BI7";"146896147";""
"2019-10-31";"1070001";"1077778";"IT";"S14BI2";"77450823";""
"2019-10-31";"1070001";"1077778";"ITC41";"SBI25";"8494016";""
"2019-10-31";"1070001";"1077778";"ITC41";"S127";"217643";""
"2019-10-31";"1070001";"1077778";"ITC4";"S1311";"49592";""
"2019-10-31";"1070001";"1077778";"ITC4";"600";"121905097";""
"2019-10-31";"1070001";"1077778";"ITC4";"S11";"186576442";""
"2019-10-31";"1070001";"1077778";"ITC4";"S11BI8";"7495076";""
"2019-10-31";"1070001";"1077778";"IT";"450";"318062";""
"2019-10-31";"1070001";"1077778";"IT";"S126";"12697476";""
"2019-10-31";"1070001";"1077778";"IT";"S1311";"203022925";""
"2019-10-31";"1070001";"1077778";"ITC4";"S14";"136311994";""
"2019-10-31";"1070001";"1077778";"IT";"S11001";"18786760";""
"2019-10-31";"1070001";"1077778";"IT";"S11BI8";"41526319";""
"2019-10-31";"1070001";"1077778";"IT";"S14";"626156461";""
"2019-10-31";"1070001";"1077778";"ITC41";"S11";"7742897";""
"2019-10-31";"1070001";"1077778";"ITC41";"S11001";"81110";""
"2019-10-31";"1070001";"1077778";"IT";"SBI59";"1683467572";""
"2019-10-31";"1070001";"1077778";"ITC41";"S14BI2";"751119";""
"2019-10-31";"1070001";"1077778";"ITC41";"S13";"419904";""
"2019-10-31";"1070001";"1077778";"ITC41";"S1314";"21";""
"2019-10-31";"1070001";"1077778";"ITC4";"S15";"2110289";""
"2019-10-31";"1070001";"1077778";"ITC4";"SBI9";"31320";""
"2019-10-31";"1070001";"1077778";"ITC4";"450";"54387";""
"2019-10-31";"1070001";"1077778";"IT";"S11BI7";"17112971";""
"2019-10-31";"1070001";"1077778";"IT";"S129";"13834";""
"2019-10-31";"1070001";"1077778";"IT";"S12BI66";"99860349";""
"2019-10-31";"1070001";"1077778";"IT";"S15";"7544147";""
"2019-10-31";"1070001";"1077778";"IT";"SBI25";"712630190";""
"2019-10-31";"1070001";"1077778";"ITC41";"SBI9";"994";""
"2019-10-31";"1070001";"1077778";"IT";"S124";"15049029";""
"2019-10-31";"1070001";"1077778";"IT";"S1313";"64459747";""
"2019-10-31";"1070001";"1077778";"ITC41";"S11BI8";"431202";""
"2019-10-31";"1070001";"1077778";"ITC41";"S12BI7";"242089";""
"2019-10-31";"1070001";"1077778";"ITC4";"S126";"2018840";""
"2019-10-31";"1070001";"1077778";"ITC4";"S11BI32";"171990315";""
"2019-10-31";"1070001";"1077778";"ITC4";"S11BI7";"4138249";""
"2019-10-31";"1070001";"1077778";"IT";"S1314";"63244";""
"2019-10-31";"1070001";"1077778";"ITC4";"S12BI7";"80642539";""
"2019-10-31";"1070001";"1077778";"ITC4";"S1314";"601";""
"2019-10-31";"1070001";"1077778";"ITC4";"S124";"9071230";""
"2019-10-31";"1070001";"1077778";"ITC4";"S128";"679088";""
"2019-10-31";"1070001";"1077778";"IT";"600";"548705638";""
"2019-10-31";"1070001";"1077778";"IT";"S11";"635179367";""
"2019-10-31";"1070001";"1077778";"ITC41";"450";"781";""
"2019-10-31";"1070001";"1077778";"ITC41";"S11BI7";"287887";""
"2019-10-31";"1070001";"1077778";"ITC41";"S11BI32";"6941917";""
"2019-10-31";"1070001";"1077778";"ITC41";"S126";"14111";""
"2019-10-31";"1070001";"1077778";"ITC4";"S11001";"2898415";""
"2019-10-31";"1070001";"1077778";"ITC41";"S14";"11373917";""
"2019-10-31";"1070001";"1077778";"ITC41";"S15";"63190";""
"2019-10-31";"1070001";"1077778";"ITC4";"S12BI66";"61876576";""
"2019-10-31";"1070001";"1077778";"ITC4";"S13";"7649125";""
"2019-10-31";"1070001";"1077778";"ITC4";"SBI25";"200983339";""
"2019-10-31";"1070001";"1077778";"IT";"S127";"15500199";""
"2019-10-31";"1070001";"1077778";"IT";"S13";"267545916";""
"2019-09-30";"1070001";"1077778";"IT";"SBI59";"1690009085";""
"2019-09-30";"1070001";"1077778";"ITC4";"S127";"6845313";""
"2019-09-30";"1070001";"1077778";"ITC4";"S126";"2394004";""
"2019-09-30";"1070001";"1077778";"IT";"S11BI32";"560902500";""
"2019-09-30";"1070001";"1077778";"IT";"S126";"11393102";""
"2019-09-30";"1070001";"1077778";"ITC4";"S14BI2";"14427522";""
"2019-09-30";"1070001";"1077778";"ITC4";"S14";"135544943";""
"2019-09-30";"1070001";"1077778";"ITC4";"SBI25";"202044289";""
"2019-09-30";"1070001";"1077778";"ITC41";"S11";"7876885";""
"2019-09-30";"1070001";"1077778";"ITC41";"S12BI66";"15349";""
"2019-09-30";"1070001";"1077778";"ITC41";"S1314";"23";""
"2019-09-30";"1070001";"1077778";"ITC41";"S1313";"420508";""
"2019-09-30";"1070001";"1077778";"ITC41";"S15";"62634";""
"2019-09-30";"1070001";"1077778";"ITC4";"S12BI7";"83560046";""
"2019-09-30";"1070001";"1077778";"ITC4";"S11001";"2906952";""
"2019-09-30";"1070001";"1077778";"ITC4";"SBI9";"41806";""
"2019-09-30";"1070001";"1077778";"ITC41";"S13";"421134";""
"2019-09-30";"1070001";"1077778";"IT";"S1314";"236428";""
"2019-09-30";"1070001";"1077778";"ITC4";"S11BI32";"172901640";""
"2019-09-30";"1070001";"1077778";"IT";"S11";"639988085";""
"2019-09-30";"1070001";"1077778";"IT";"S11BI7";"17356459";""
"2019-09-30";"1070001";"1077778";"ITC41";"S124";"6";""
"2019-09-30";"1070001";"1077778";"IT";"S15";"7527611";""
"2019-09-30";"1070001";"1077778";"IT";"S12BI66";"102994481";""
"2019-09-30";"1070001";"1077778";"IT";"S14";"624288361";""
"2019-09-30";"1070001";"1077778";"IT";"S14BI2";"77507980";""
"2019-09-30";"1070001";"1077778";"ITC4";"S11BI7";"4203087";""
"2019-09-30";"1070001";"1077778";"IT";"600";"546780381";""
"2019-09-30";"1070001";"1077778";"ITC4";"S1313";"7610462";""
"2019-09-30";"1070001";"1077778";"ITC4";"S1311";"46346";""
"2019-09-30";"1070001";"1077778";"ITC4";"S1314";"599";""
"2019-09-30";"1070001";"1077778";"ITC41";"S11BI7";"290218";""
"2019-09-30";"1070001";"1077778";"IT";"S128";"4240411";""
"2019-09-30";"1070001";"1077778";"IT";"450";"274311";""
"2019-09-30";"1070001";"1077778";"ITC41";"S11001";"79490";""
"2019-09-30";"1070001";"1077778";"ITC41";"S11BI8";"438314";""
"2019-09-30";"1070001";"1077778";"ITC41";"S12BI7";"241918";""
"2019-09-30";"1070001";"1077778";"ITC41";"S14";"11357217";""
"2019-09-30";"1070001";"1077778";"ITC41";"SBI25";"8625428";""
"2019-09-30";"1070001";"1077778";"ITC41";"SBI59";"19960329";""
"2019-09-30";"1070001";"1077778";"IT";"SBI9";"142276";""
"2019-09-30";"1070001";"1077778";"IT";"S127";"15271373";""
"2019-09-30";"1070001";"1077778";"IT";"S1311";"204556859";""
"2019-09-30";"1070001";"1077778";"IT";"S13";"269159200";""
"2019-09-30";"1070001";"1077778";"IT";"S1313";"64365912";""
"2019-09-30";"1070001";"1077778";"ITC4";"600";"121117421";""
"2019-09-30";"1070001";"1077778";"ITC4";"S11";"187616766";""
"2019-09-30";"1070001";"1077778";"ITC4";"S124";"8953466";""
"2019-09-30";"1070001";"1077778";"ITC4";"S128";"691816";""
"2019-09-30";"1070001";"1077778";"IT";"S11001";"19646275";""
"2019-09-30";"1070001";"1077778";"ITC4";"S12BI66";"64637151";""
"2019-09-30";"1070001";"1077778";"ITC4";"S13";"7657407";""
"2019-09-30";"1070001";"1077778";"ITC41";"S14BI2";"748543";""
"2019-09-30";"1070001";"1077778";"ITC4";"450";"48461";""
"2019-09-30";"1070001";"1077778";"ITC4";"S11BI8";"7556626";""
"2019-09-30";"1070001";"1077778";"IT";"S11BI8";"41808541";""
"2019-09-30";"1070001";"1077778";"IT";"S124";"14943639";""
"2019-09-30";"1070001";"1077778";"ITC4";"S15";"2122141";""
"2019-09-30";"1070001";"1077778";"ITC4";"SBI59";"416543110";""
"2019-09-30";"1070001";"1077778";"ITC41";"600";"10608675";""
"2019-09-30";"1070001";"1077778";"ITC41";"S11BI32";"7068118";""
"2019-09-30";"1070001";"1077778";"ITC41";"S126";"14383";""
"2019-09-30";"1070001";"1077778";"ITC41";"SBI9";"541";""
"2019-09-30";"1070001";"1077778";"IT";"SBI25";"717496066";""
"2019-09-30";"1070001";"1077778";"IT";"S129";"60545";""
"2019-09-30";"1070001";"1077778";"IT";"S12BI7";"148903551";""
"2019-09-30";"1070001";"1077778";"ITC41";"450";"745";""
"2019-09-30";"1070001";"1077778";"ITC41";"S127";"212181";""
"2019-09-30";"1070001";"1077778";"ITC41";"S1311";"602";""
"2019-09-30";"1070001";"1077778";"ITC4";"S129";"38296";""
"2019-08-31";"1070001";"1077778";"ITC41";"S124";"0";""
"2019-08-31";"1070001";"1077778";"ITC41";"S15";"63116";""
"2019-08-31";"1070001";"1077778";"IT";"S11BI8";"41693072";""
"2019-08-31";"1070001";"1077778";"IT";"S128";"3755411";""
"2019-08-31";"1070001";"1077778";"IT";"S13";"268028152";""
"2019-08-31";"1070001";"1077778";"ITC4";"S11BI7";"4139796";""
"2019-08-31";"1070001";"1077778";"ITC4";"S1313";"7677068";""
"2019-08-31";"1070001";"1077778";"ITC4";"S11001";"2844261";""
"2019-08-31";"1070001";"1077778";"ITC4";"S11BI32";"174546194";""
"2019-08-31";"1070001";"1077778";"ITC41";"S11";"7957911";""
"2019-08-31";"1070001";"1077778";"IT";"S1313";"64393778";""
"2019-08-31";"1070001";"1077778";"IT";"450";"276631";""
"2019-08-31";"1070001";"1077778";"ITC4";"S1311";"52052";""
"2019-08-31";"1070001";"1077778";"ITC4";"S12BI66";"61498813";""
"2019-08-31";"1070001";"1077778";"ITC4";"S13";"7729660";""
"2019-08-31";"1070001";"1077778";"ITC41";"S12BI7";"247522";""
"2019-08-31";"1070001";"1077778";"ITC41";"450";"708";""
"2019-08-31";"1070001";"1077778";"ITC41";"S14BI2";"748231";""
"2019-08-31";"1070001";"1077778";"ITC41";"SBI25";"8706142";""
"2019-08-31";"1070001";"1077778";"ITC41";"SBI59";"20029081";""
"2019-08-31";"1070001";"1077778";"IT";"S11001";"20221356";""
"2019-08-31";"1070001";"1077778";"IT";"S12BI66";"99629199";""
"2019-08-31";"1070001";"1077778";"IT";"S14";"623015868";""
"2019-08-31";"1070001";"1077778";"IT";"S15";"7601567";""
"2019-08-31";"1070001";"1077778";"ITC4";"S14";"135168564";""
"2019-08-31";"1070001";"1077778";"ITC41";"S11001";"81343";""
"2019-08-31";"1070001";"1077778";"ITC41";"S11BI32";"7151343";""
"2019-08-31";"1070001";"1077778";"ITC41";"S12BI66";"15372";""
"2019-08-31";"1070001";"1077778";"ITC41";"S1313";"421925";""
"2019-08-31";"1070001";"1077778";"ITC4";"S15";"2204157";""
"2019-08-31";"1070001";"1077778";"IT";"S11BI7";"17200738";""
"2019-08-31";"1070001";"1077778";"IT";"S126";"11827641";""
"2019-08-31";"1070001";"1077778";"IT";"S129";"29246";""
"2019-08-31";"1070001";"1077778";"IT";"S1314";"218044";""
"2019-08-31";"1070001";"1077778";"IT";"SBI9";"144540";""
"2019-08-31";"1070001";"1077778";"ITC41";"SBI9";"744";""
"2019-08-31";"1070001";"1077778";"ITC4";"S1314";"540";""
"2019-08-31";"1070001";"1077778";"ITC41";"S13";"422540";""
"2019-08-31";"1070001";"1077778";"ITC4";"SBI25";"203453778";""
"2019-08-31";"1070001";"1077778";"ITC4";"S11";"189074434";""
"2019-08-31";"1070001";"1077778";"IT";"S124";"14811452";""
"2019-08-31";"1070001";"1077778";"IT";"SBI25";"719330715";""
"2019-08-31";"1070001";"1077778";"ITC4";"S124";"8810496";""
"2019-08-31";"1070001";"1077778";"ITC4";"S129";"5575";""
"2019-08-31";"1070001";"1077778";"ITC4";"S14BI2";"14379344";""
"2019-08-31";"1070001";"1077778";"IT";"S127";"15208867";""
"2019-08-31";"1070001";"1077778";"IT";"S12BI7";"145261817";""
"2019-08-31";"1070001";"1077778";"ITC41";"S126";"14302";""
"2019-08-31";"1070001";"1077778";"ITC41";"S127";"217849";""
"2019-08-31";"1070001";"1077778";"ITC4";"SBI9";"42973";""
"2019-08-31";"1070001";"1077778";"ITC4";"S11BI8";"7493606";""
"2019-08-31";"1070001";"1077778";"ITC41";"S11BI8";"437867";""
"2019-08-31";"1070001";"1077778";"ITC4";"SBI59";"414820924";""
"2019-08-31";"1070001";"1077778";"IT";"S1311";"203416329";""
"2019-08-31";"1070001";"1077778";"IT";"S14BI2";"77537318";""
"2019-08-31";"1070001";"1077778";"IT";"SBI59";"1685845341";""
"2019-08-31";"1070001";"1077778";"IT";"600";"545478550";""
"2019-08-31";"1070001";"1077778";"IT";"S11BI32";"562401600";""
"2019-08-31";"1070001";"1077778";"ITC4";"450";"50578";""
"2019-08-31";"1070001";"1077778";"ITC41";"S14";"11337247";""
"2019-08-31";"1070001";"1077778";"ITC4";"S126";"2410132";""
"2019-08-31";"1070001";"1077778";"ITC4";"S127";"7194301";""
"2019-08-31";"1070001";"1077778";"ITC41";"S11BI7";"286649";""
"2019-08-31";"1070001";"1077778";"ITC41";"S1311";"591";""
"2019-08-31";"1070001";"1077778";"ITC41";"S1314";"23";""
"2019-08-31";"1070001";"1077778";"ITC41";"600";"10589016";""
"2019-08-31";"1070001";"1077778";"IT";"S11";"641793397";""
"2019-08-31";"1070001";"1077778";"ITC4";"S128";"681819";""
"2019-08-31";"1070001";"1077778";"ITC4";"S12BI7";"80601136";""
"2019-08-31";"1070001";"1077778";"ITC4";"600";"120789220";""
"2019-07-31";"1070001";"1077778";"ITC41";"S11";"8107196";""
"2019-07-31";"1070001";"1077778";"ITC41";"S11BI7";"295016";""
"2019-07-31";"1070001";"1077778";"IT";"SBI25";"732012926";""
"2019-07-31";"1070001";"1077778";"ITC41";"SBI9";"752";""
"2019-07-31";"1070001";"1077778";"IT";"S129";"61888";""
"2019-07-31";"1070001";"1077778";"ITC41";"S1314";"24";""
"2019-07-31";"1070001";"1077778";"ITC4";"S14BI2";"14491644";""
"2019-07-31";"1070001";"1077778";"ITC4";"450";"63889";""
"2019-07-31";"1070001";"1077778";"ITC41";"S15";"63533";""
"2019-07-31";"1070001";"1077778";"IT";"S14BI2";"78158851";""
"2019-07-31";"1070001";"1077778";"IT";"S12BI66";"101840082";""
"2019-07-31";"1070001";"1077778";"IT";"S1311";"202258832";""
"2019-07-31";"1070001";"1077778";"IT";"600";"546950641";""
"2019-07-31";"1070001";"1077778";"IT";"S11001";"19294051";""
"2019-07-31";"1070001";"1077778";"IT";"S11BI32";"573998149";""
"2019-07-31";"1070001";"1077778";"IT";"S11BI7";"17665944";""
"2019-07-31";"1070001";"1077778";"ITC4";"S11BI7";"4269796";""
"2019-07-31";"1070001";"1077778";"ITC4";"S124";"9006023";""
"2019-07-31";"1070001";"1077778";"ITC41";"S12BI66";"15365";""
"2019-07-31";"1070001";"1077778";"ITC4";"S1314";"509";""
"2019-07-31";"1070001";"1077778";"ITC41";"600";"10612338";""
"2019-07-31";"1070001";"1077778";"ITC41";"S11BI32";"7282866";""
"2019-07-31";"1070001";"1077778";"ITC4";"S128";"684295";""
"2019-07-31";"1070001";"1077778";"ITC4";"S15";"2192962";""
"2019-07-31";"1070001";"1077778";"ITC4";"SBI25";"207710404";""
"2019-07-31";"1070001";"1077778";"ITC41";"S12BI7";"232144";""
"2019-07-31";"1070001";"1077778";"IT";"S14";"625109492";""
"2019-07-31";"1070001";"1077778";"ITC41";"S14BI2";"752099";""
"2019-07-31";"1070001";"1077778";"ITC41";"SBI59";"20188767";""
"2019-07-31";"1070001";"1077778";"IT";"S128";"3839870";""
"2019-07-31";"1070001";"1077778";"ITC41";"S13";"420704";""
"2019-07-31";"1070001";"1077778";"IT";"S11";"653854075";""
"2019-07-31";"1070001";"1077778";"IT";"S126";"10926563";""
"2019-07-31";"1070001";"1077778";"ITC4";"S11BI8";"7630037";""
"2019-07-31";"1070001";"1077778";"ITC4";"S12BI7";"82695976";""
"2019-07-31";"1070001";"1077778";"ITC4";"S13";"7711896";""
"2019-07-31";"1070001";"1077778";"ITC4";"S1311";"49718";""
"2019-07-31";"1070001";"1077778";"ITC4";"S14";"135685450";""
"2019-07-31";"1070001";"1077778";"ITC41";"S124";"0";""
"2019-07-31";"1070001";"1077778";"ITC41";"SBI25";"8859295";""
"2019-07-31";"1070001";"1077778";"IT";"S13";"266858229";""
"2019-07-31";"1070001";"1077778";"ITC4";"S126";"2357640";""
"2019-07-31";"1070001";"1077778";"ITC4";"S127";"7312767";""
"2019-07-31";"1070001";"1077778";"ITC4";"S129";"10641";""
"2019-07-31";"1070001";"1077778";"ITC41";"S1311";"406";""
"2019-07-31";"1070001";"1077778";"ITC4";"S1313";"7661669";""
"2019-07-31";"1070001";"1077778";"ITC4";"SBI9";"46750";""
"2019-07-31";"1070001";"1077778";"ITC41";"S126";"13988";""
"2019-07-31";"1070001";"1077778";"IT";"SBI9";"153837";""
"2019-07-31";"1070001";"1077778";"ITC4";"S11001";"2787139";""
"2019-07-31";"1070001";"1077778";"ITC4";"S11BI32";"178467898";""
"2019-07-31";"1070001";"1077778";"ITC4";"SBI59";"421551794";""
"2019-07-31";"1070001";"1077778";"ITC41";"S11001";"81662";""
"2019-07-31";"1070001";"1077778";"ITC41";"S127";"202791";""
"2019-07-31";"1070001";"1077778";"IT";"S15";"7592483";""
"2019-07-31";"1070001";"1077778";"IT";"S127";"15325674";""
"2019-07-31";"1070001";"1077778";"ITC41";"S1313";"420274";""
"2019-07-31";"1070001";"1077778";"IT";"S124";"14980175";""
"2019-07-31";"1070001";"1077778";"ITC4";"S12BI66";"63324609";""
"2019-07-31";"1070001";"1077778";"ITC41";"450";"740";""
"2019-07-31";"1070001";"1077778";"ITC41";"S11BI8";"446912";""
"2019-07-31";"1070001";"1077778";"ITC4";"600";"121193806";""
"2019-07-31";"1070001";"1077778";"IT";"S1314";"184503";""
"2019-07-31";"1070001";"1077778";"IT";"SBI59";"1700542368";""
"2019-07-31";"1070001";"1077778";"IT";"S12BI7";"146974251";""
"2019-07-31";"1070001";"1077778";"IT";"S1313";"64414894";""
"2019-07-31";"1070001";"1077778";"ITC41";"S14";"11364437";""
"2019-07-31";"1070001";"1077778";"IT";"450";"304163";""
"2019-07-31";"1070001";"1077778";"IT";"S11BI8";"42591769";""
"2019-07-31";"1070001";"1077778";"ITC4";"S11";"193218760";""
"2019-06-30";"1070001";"1077778";"ITC4";"S11001";"2854849";""
"2019-06-30";"1070001";"1077778";"ITC4";"S11BI7";"4263920";""
"2019-06-30";"1070001";"1077778";"ITC4";"S12BI7";"84139119";""
"2019-06-30";"1070001";"1077778";"ITC4";"S1311";"104780";""
"2019-06-30";"1070001";"1077778";"IT";"600";"544306256";""
"2019-06-30";"1070001";"1077778";"ITC4";"450";"52742";""
"2019-06-30";"1070001";"1077778";"IT";"S1311";"200549584";""
"2019-06-30";"1070001";"1077778";"ITC4";"S12BI66";"65274714";""
"2019-06-30";"1070001";"1077778";"ITC4";"S1313";"7730007";""
"2019-06-30";"1070001";"1077778";"IT";"S12BI7";"150612292";""
"2019-06-30";"1070001";"1077778";"ITC41";"SBI25";"8827483";""
"2019-06-30";"1070001";"1077778";"ITC41";"SBI59";"20059769";""
"2019-06-30";"1070001";"1077778";"IT";"SBI59";"1698799930";""
"2019-06-30";"1070001";"1077778";"ITC4";"SBI9";"33180";""
"2019-06-30";"1070001";"1077778";"ITC41";"S14BI2";"756713";""
"2019-06-30";"1070001";"1077778";"ITC41";"S1311";"421";""
"2019-06-30";"1070001";"1077778";"ITC4";"S127";"6947601";""
"2019-06-30";"1070001";"1077778";"ITC4";"S128";"683074";""
"2019-06-30";"1070001";"1077778";"ITC4";"S14BI2";"14565039";""
"2019-06-30";"1070001";"1077778";"IT";"S11BI7";"17685698";""
"2019-06-30";"1070001";"1077778";"ITC4";"S14";"135095099";""
"2019-06-30";"1070001";"1077778";"ITC4";"600";"120530060";""
"2019-06-30";"1070001";"1077778";"IT";"S13";"265720039";""
"2019-06-30";"1070001";"1077778";"IT";"S11BI32";"571455712";""
"2019-06-30";"1070001";"1077778";"ITC41";"S15";"62367";""
"2019-06-30";"1070001";"1077778";"ITC41";"SBI9";"762";""
"2019-06-30";"1070001";"1077778";"ITC41";"S127";"185341";""
"2019-06-30";"1070001";"1077778";"ITC4";"S126";"2387090";""
"2019-06-30";"1070001";"1077778";"ITC4";"S15";"2190286";""
"2019-06-30";"1070001";"1077778";"IT";"S11";"651820587";""
"2019-06-30";"1070001";"1077778";"IT";"S124";"14874628";""
"2019-06-30";"1070001";"1077778";"ITC41";"S1314";"26";""
"2019-06-30";"1070001";"1077778";"ITC4";"SBI59";"420174595";""
"2019-06-30";"1070001";"1077778";"ITC41";"S11";"8070770";""
"2019-06-30";"1070001";"1077778";"ITC41";"S11BI8";"451623";""
"2019-06-30";"1070001";"1077778";"ITC41";"S126";"14361";""
"2019-06-30";"1070001";"1077778";"ITC41";"S13";"423735";""
"2019-06-30";"1070001";"1077778";"ITC4";"S11BI32";"176043198";""
"2019-06-30";"1070001";"1077778";"ITC4";"S13";"7835304";""
"2019-06-30";"1070001";"1077778";"ITC4";"S11";"190881608";""
"2019-06-30";"1070001";"1077778";"IT";"S11001";"19469869";""
"2019-06-30";"1070001";"1077778";"IT";"S11BI8";"42909015";""
"2019-06-30";"1070001";"1077778";"IT";"S1314";"217972";""
"2019-06-30";"1070001";"1077778";"IT";"S14";"622878949";""
"2019-06-30";"1070001";"1077778";"IT";"S14BI2";"78572693";""
"2019-06-30";"1070001";"1077778";"ITC41";"S11BI7";"300332";""
"2019-06-30";"1070001";"1077778";"ITC41";"S124";"0";""
"2019-06-30";"1070001";"1077778";"ITC41";"S12BI7";"201047";""
"2019-06-30";"1070001";"1077778";"ITC4";"S124";"8831110";""
"2019-06-30";"1070001";"1077778";"IT";"S126";"11842786";""
"2019-06-30";"1070001";"1077778";"IT";"S127";"14880978";""
"2019-06-30";"1070001";"1077778";"IT";"S128";"4040133";""
"2019-06-30";"1070001";"1077778";"IT";"S129";"47085";""
"2019-06-30";"1070001";"1077778";"IT";"S12BI66";"104926682";""
"2019-06-30";"1070001";"1077778";"IT";"S1313";"64952483";""
"2019-06-30";"1070001";"1077778";"ITC4";"SBI25";"205446647";""
"2019-06-30";"1070001";"1077778";"ITC41";"S12BI66";"1346";""
"2019-06-30";"1070001";"1077778";"ITC4";"S11BI8";"7666899";""
"2019-06-30";"1070001";"1077778";"ITC4";"S129";"15530";""
"2019-06-30";"1070001";"1077778";"ITC4";"S1314";"518";""
"2019-06-30";"1070001";"1077778";"IT";"450";"300293";""
"2019-06-30";"1070001";"1077778";"IT";"S15";"7627943";""
"2019-06-30";"1070001";"1077778";"IT";"SBI25";"730393280";""
"2019-06-30";"1070001";"1077778";"IT";"SBI9";"140119";""
"2019-06-30";"1070001";"1077778";"ITC41";"450";"755";""
"2019-06-30";"1070001";"1077778";"ITC41";"S1313";"423289";""
"2019-06-30";"1070001";"1077778";"ITC41";"S14";"11301087";""
"2019-06-30";"1070001";"1077778";"ITC41";"600";"10544374";""
"2019-06-30";"1070001";"1077778";"ITC41";"S11001";"82736";""
"2019-06-30";"1070001";"1077778";"ITC41";"S11BI32";"7235324";""
"2019-05-31";"1070001";"1077778";"ITC4";"S128";"678956";""
"2019-05-31";"1070001";"1077778";"ITC4";"S129";"4925";""
"2019-05-31";"1070001";"1077778";"ITC4";"S12BI7";"79311076";""
"2019-05-31";"1070001";"1077778";"ITC41";"S14BI2";"762137";""
"2019-05-31";"1070001";"1077778";"ITC4";"S1311";"45501";""
"2019-05-31";"1070001";"1077778";"ITC4";"SBI9";"43626";""
"2019-05-31";"1070001";"1077778";"ITC41";"S11";"8210216";""
"2019-05-31";"1070001";"1077778";"ITC41";"S11BI7";"309187";""
"2019-05-31";"1070001";"1077778";"ITC4";"SBI25";"208683958";""
"2019-05-31";"1070001";"1077778";"IT";"S14";"621618253";""
"2019-05-31";"1070001";"1077778";"ITC4";"S14";"134800229";""
"2019-05-31";"1070001";"1077778";"ITC4";"S11001";"2798975";""
"2019-05-31";"1070001";"1077778";"IT";"S127";"15362284";""
"2019-05-31";"1070001";"1077778";"IT";"S129";"50475";""
"2019-05-31";"1070001";"1077778";"ITC41";"S15";"62795";""
"2019-05-31";"1070001";"1077778";"ITC41";"S124";"0";""
"2019-05-31";"1070001";"1077778";"ITC41";"S1314";"26";""
"2019-05-31";"1070001";"1077778";"ITC4";"S15";"2203263";""
"2019-05-31";"1070001";"1077778";"IT";"S14BI2";"79036528";""
"2019-05-31";"1070001";"1077778";"IT";"SBI59";"1699429377";""
"2019-05-31";"1070001";"1077778";"ITC41";"SBI9";"760";""
"2019-05-31";"1070001";"1077778";"ITC4";"S124";"8633279";""
"2019-05-31";"1070001";"1077778";"IT";"S11BI32";"577891469";""
"2019-05-31";"1070001";"1077778";"IT";"S15";"7657232";""
"2019-05-31";"1070001";"1077778";"ITC41";"600";"10499733";""
"2019-05-31";"1070001";"1077778";"ITC41";"S1313";"427994";""
"2019-05-31";"1070001";"1077778";"IT";"S11BI8";"43513843";""
"2019-05-31";"1070001";"1077778";"IT";"S124";"14214132";""
"2019-05-31";"1070001";"1077778";"IT";"S126";"12226908";""
"2019-05-31";"1070001";"1077778";"IT";"S12BI66";"97955084";""
"2019-05-31";"1070001";"1077778";"ITC4";"S11BI8";"7770269";""
"2019-05-31";"1070001";"1077778";"ITC4";"S11BI32";"178935736";""
"2019-05-31";"1070001";"1077778";"ITC41";"450";"727";""
"2019-05-31";"1070001";"1077778";"ITC41";"S11BI32";"7354218";""
"2019-05-31";"1070001";"1077778";"IT";"S11BI7";"18161598";""
"2019-05-31";"1070001";"1077778";"IT";"S128";"4104048";""
"2019-05-31";"1070001";"1077778";"IT";"S1313";"65125682";""
"2019-05-31";"1070001";"1077778";"ITC41";"S11BI8";"460076";""
"2019-05-31";"1070001";"1077778";"ITC41";"S14";"11261870";""
"2019-05-31";"1070001";"1077778";"IT";"SBI25";"738849320";""
"2019-05-31";"1070001";"1077778";"ITC41";"SBI59";"20164965";""
"2019-05-31";"1070001";"1077778";"ITC4";"S1314";"2483";""
"2019-05-31";"1070001";"1077778";"ITC4";"S126";"2455137";""
"2019-05-31";"1070001";"1077778";"IT";"S11001";"19940184";""
"2019-05-31";"1070001";"1077778";"IT";"S1314";"197558";""
"2019-05-31";"1070001";"1077778";"ITC4";"S14BI2";"14711183";""
"2019-05-31";"1070001";"1077778";"ITC41";"S11001";"86009";""
"2019-05-31";"1070001";"1077778";"ITC41";"S126";"14300";""
"2019-05-31";"1070001";"1077778";"ITC41";"S12BI7";"200875";""
"2019-05-31";"1070001";"1077778";"ITC4";"S13";"7887149";""
"2019-05-31";"1070001";"1077778";"IT";"450";"305698";""
"2019-05-31";"1070001";"1077778";"ITC41";"S12BI66";"1370";""
"2019-05-31";"1070001";"1077778";"ITC41";"S1311";"429";""
"2019-05-31";"1070001";"1077778";"ITC41";"SBI25";"8972354";""
"2019-05-31";"1070001";"1077778";"ITC4";"S1313";"7839164";""
"2019-05-31";"1070001";"1077778";"ITC4";"S11BI7";"4414405";""
"2019-05-31";"1070001";"1077778";"ITC4";"S127";"7305249";""
"2019-05-31";"1070001";"1077778";"ITC4";"S12BI66";"60233530";""
"2019-05-31";"1070001";"1077778";"ITC4";"S11";"193972776";""
"2019-05-31";"1070001";"1077778";"IT";"S11";"659812792";""
"2019-05-31";"1070001";"1077778";"IT";"S13";"266277809";""
"2019-05-31";"1070001";"1077778";"ITC4";"SBI59";"418218119";""
"2019-05-31";"1070001";"1077778";"ITC41";"S127";"185204";""
"2019-05-31";"1070001";"1077778";"ITC41";"S13";"428449";""
"2019-05-31";"1070001";"1077778";"IT";"SBI9";"150361";""
"2019-05-31";"1070001";"1077778";"IT";"600";"542581724";""
"2019-05-31";"1070001";"1077778";"IT";"S12BI7";"143912931";""
"2019-05-31";"1070001";"1077778";"IT";"S1311";"200954568";""
"2019-05-31";"1070001";"1077778";"ITC4";"450";"53391";""
"2019-05-31";"1070001";"1077778";"ITC4";"600";"120089047";""
"2019-04-30";"1070001";"1077778";"ITC4";"S127";"6758499";""
"2019-04-30";"1070001";"1077778";"ITC4";"S13";"7853634";""
"2019-04-30";"1070001";"1077778";"IT";"S12BI7";"144123450";""
"2019-04-30";"1070001";"1077778";"IT";"S1314";"218361";""
"2019-04-30";"1070001";"1077778";"IT";"450";"308085";""
"2019-04-30";"1070001";"1077778";"IT";"S11";"661667488";""
"2019-04-30";"1070001";"1077778";"IT";"S11BI32";"579439304";""
"2019-04-30";"1070001";"1077778";"ITC4";"S1314";"516";""
"2019-04-30";"1070001";"1077778";"ITC4";"S14";"134574852";""
"2019-04-30";"1070001";"1077778";"ITC4";"450";"50994";""
"2019-04-30";"1070001";"1077778";"ITC4";"SBI9";"46827";""
"2019-04-30";"1070001";"1077778";"ITC41";"S12BI7";"202258";""
"2019-04-30";"1070001";"1077778";"IT";"600";"540886395";""
"2019-04-30";"1070001";"1077778";"ITC41";"S11";"8211202";""
"2019-04-30";"1070001";"1077778";"ITC41";"S11BI7";"311342";""
"2019-04-30";"1070001";"1077778";"ITC41";"S126";"14288";""
"2019-04-30";"1070001";"1077778";"ITC41";"S1311";"451";""
"2019-04-30";"1070001";"1077778";"ITC4";"S12BI66";"61804789";""
"2019-04-30";"1070001";"1077778";"ITC4";"S11BI32";"178966319";""
"2019-04-30";"1070001";"1077778";"IT";"S14";"620029684";""
"2019-04-30";"1070001";"1077778";"ITC4";"S1313";"7798676";""
"2019-04-30";"1070001";"1077778";"ITC4";"S14BI2";"14802880";""
"2019-04-30";"1070001";"1077778";"ITC4";"600";"119771972";""
"2019-04-30";"1070001";"1077778";"ITC41";"600";"10465412";""
"2019-04-30";"1070001";"1077778";"ITC41";"S11BI32";"7350530";""
"2019-04-30";"1070001";"1077778";"ITC41";"S13";"426193";""
"2019-04-30";"1070001";"1077778";"ITC41";"S14BI2";"764882";""
"2019-04-30";"1070001";"1077778";"IT";"S11BI8";"43681737";""
"2019-04-30";"1070001";"1077778";"IT";"S127";"14792228";""
"2019-04-30";"1070001";"1077778";"IT";"S12BI66";"98665795";""
"2019-04-30";"1070001";"1077778";"IT";"S1313";"64776067";""
"2019-04-30";"1070001";"1077778";"ITC4";"S15";"2246584";""
"2019-04-30";"1070001";"1077778";"ITC41";"450";"827";""
"2019-04-30";"1070001";"1077778";"ITC41";"S124";"0";""
"2019-04-30";"1070001";"1077778";"ITC41";"S14";"11230294";""
"2019-04-30";"1070001";"1077778";"ITC41";"SBI25";"8976084";""
"2019-04-30";"1070001";"1077778";"ITC4";"S126";"2387457";""
"2019-04-30";"1070001";"1077778";"ITC4";"S128";"670458";""
"2019-04-30";"1070001";"1077778";"ITC4";"S129";"130114";""
"2019-04-30";"1070001";"1077778";"ITC4";"S1311";"54441";""
"2019-04-30";"1070001";"1077778";"ITC4";"SBI25";"208933070";""
"2019-04-30";"1070001";"1077778";"ITC41";"S11001";"87168";""
"2019-04-30";"1070001";"1077778";"IT";"SBI9";"153701";""
"2019-04-30";"1070001";"1077778";"ITC4";"S11BI8";"7815293";""
"2019-04-30";"1070001";"1077778";"IT";"S129";"218514";""
"2019-04-30";"1070001";"1077778";"IT";"S14BI2";"79143289";""
"2019-04-30";"1070001";"1077778";"ITC4";"S11001";"2865345";""
"2019-04-30";"1070001";"1077778";"IT";"S11001";"19964494";""
"2019-04-30";"1070001";"1077778";"IT";"S11BI7";"18273868";""
"2019-04-30";"1070001";"1077778";"IT";"S124";"14236024";""
"2019-04-30";"1070001";"1077778";"ITC4";"SBI59";"419261649";""
"2019-04-30";"1070001";"1077778";"ITC41";"S11BI8";"461335";""
"2019-04-30";"1070001";"1077778";"ITC41";"S127";"186628";""
"2019-04-30";"1070001";"1077778";"ITC41";"S1314";"26";""
"2019-04-30";"1070001";"1077778";"ITC41";"SBI59";"20133271";""
"2019-04-30";"1070001";"1077778";"ITC4";"S11BI7";"4432239";""
"2019-04-30";"1070001";"1077778";"ITC4";"S124";"8658245";""
"2019-04-30";"1070001";"1077778";"IT";"S13";"266290375";""
"2019-04-30";"1070001";"1077778";"IT";"S15";"7696596";""
"2019-04-30";"1070001";"1077778";"IT";"SBI25";"740810778";""
"2019-04-30";"1070001";"1077778";"IT";"S126";"12146847";""
"2019-04-30";"1070001";"1077778";"ITC4";"S11";"194130190";""
"2019-04-30";"1070001";"1077778";"ITC41";"S12BI66";"1342";""
"2019-04-30";"1070001";"1077778";"ITC41";"S1313";"425716";""
"2019-04-30";"1070001";"1077778";"ITC41";"S15";"62562";""
"2019-04-30";"1070001";"1077778";"ITC41";"SBI9";"762";""
"2019-04-30";"1070001";"1077778";"ITC4";"S12BI7";"80409562";""
"2019-04-30";"1070001";"1077778";"IT";"S128";"4064043";""
"2019-04-30";"1070001";"1077778";"IT";"S1311";"201295948";""
"2019-04-30";"1070001";"1077778";"IT";"SBI59";"1699961296";""
"2019-03-31";"1070001";"1077778";"ITC4";"600";"119477286";""
"2019-03-31";"1070001";"1077778";"ITC4";"S11";"192069519";""
"2019-03-31";"1070001";"1077778";"ITC41";"S12BI7";"225720";""
"2019-03-31";"1070001";"1077778";"ITC41";"S13";"427565";""
"2019-03-31";"1070001";"1077778";"ITC41";"S15";"62529";""
"2019-03-31";"1070001";"1077778";"IT";"S11BI7";"18098664";""
"2019-03-31";"1070001";"1077778";"IT";"S1313";"64426349";""
"2019-03-31";"1070001";"1077778";"ITC4";"S12BI66";"64373447";""
"2019-03-31";"1070001";"1077778";"ITC4";"S14BI2";"14765227";""
"2019-03-31";"1070001";"1077778";"ITC4";"S126";"2448375";""
"2019-03-31";"1070001";"1077778";"ITC4";"SBI9";"44121";""
"2019-03-31";"1070001";"1077778";"ITC41";"S11";"8129865";""
"2019-03-31";"1070001";"1077778";"IT";"S12BI7";"148534653";""
"2019-03-31";"1070001";"1077778";"IT";"S14";"618902852";""
"2019-03-31";"1070001";"1077778";"ITC4";"S1313";"7818909";""
"2019-03-31";"1070001";"1077778";"ITC41";"S11001";"85816";""
"2019-03-31";"1070001";"1077778";"ITC41";"S11BI8";"461012";""
"2019-03-31";"1070001";"1077778";"ITC41";"S124";"0";""
"2019-03-31";"1070001";"1077778";"IT";"600";"539688319";""
"2019-03-31";"1070001";"1077778";"IT";"S124";"14251354";""
"2019-03-31";"1070001";"1077778";"IT";"S129";"38007";""
"2019-03-31";"1070001";"1077778";"IT";"S1314";"191093";""
"2019-03-31";"1070001";"1077778";"IT";"S14BI2";"79214533";""
"2019-03-31";"1070001";"1077778";"ITC41";"S1311";"436";""
"2019-03-31";"1070001";"1077778";"ITC4";"SBI25";"206834745";""
"2019-03-31";"1070001";"1077778";"ITC4";"450";"49863";""
"2019-03-31";"1070001";"1077778";"ITC4";"S11BI32";"176938606";""
"2019-03-31";"1070001";"1077778";"ITC41";"450";"853";""
"2019-03-31";"1070001";"1077778";"ITC41";"S126";"14518";""
"2019-03-31";"1070001";"1077778";"IT";"S11";"658474339";""
"2019-03-31";"1070001";"1077778";"IT";"S11BI32";"577056586";""
"2019-03-31";"1070001";"1077778";"IT";"S12BI66";"102896178";""
"2019-03-31";"1070001";"1077778";"IT";"SBI9";"153728";""
"2019-03-31";"1070001";"1077778";"ITC4";"S13";"7881476";""
"2019-03-31";"1070001";"1077778";"ITC4";"S1314";"469";""
"2019-03-31";"1070001";"1077778";"ITC4";"S14";"134242513";""
"2019-03-31";"1070001";"1077778";"ITC4";"S124";"8696830";""
"2019-03-31";"1070001";"1077778";"ITC4";"S129";"15085";""
"2019-03-31";"1070001";"1077778";"ITC41";"S1313";"427103";""
"2019-03-31";"1070001";"1077778";"ITC41";"S12BI66";"1301";""
"2019-03-31";"1070001";"1077778";"IT";"SBI59";"1700894145";""
"2019-03-31";"1070001";"1077778";"ITC4";"S127";"6878785";""
"2019-03-31";"1070001";"1077778";"ITC41";"600";"10440300";""
"2019-03-31";"1070001";"1077778";"ITC41";"S11BI32";"7274381";""
"2019-03-31";"1070001";"1077778";"ITC41";"S11BI7";"307802";""
"2019-03-31";"1070001";"1077778";"ITC41";"S14BI2";"765837";""
"2019-03-31";"1070001";"1077778";"ITC41";"SBI59";"20052570";""
"2019-03-31";"1070001";"1077778";"ITC4";"S12BI7";"83085531";""
"2019-03-31";"1070001";"1077778";"ITC4";"SBI59";"419598726";""
"2019-03-31";"1070001";"1077778";"IT";"S11001";"19388742";""
"2019-03-31";"1070001";"1077778";"IT";"S11BI8";"43612298";""
"2019-03-31";"1070001";"1077778";"IT";"S128";"4106923";""
"2019-03-31";"1070001";"1077778";"ITC4";"S11BI8";"7794623";""
"2019-03-31";"1070001";"1077778";"ITC41";"S1314";"26";""
"2019-03-31";"1070001";"1077778";"ITC41";"S14";"11206136";""
"2019-03-31";"1070001";"1077778";"ITC41";"SBI9";"755";""
"2019-03-31";"1070001";"1077778";"IT";"S1311";"202355147";""
"2019-03-31";"1070001";"1077778";"IT";"SBI25";"737688872";""
"2019-03-31";"1070001";"1077778";"ITC4";"S15";"2275566";""
"2019-03-31";"1070001";"1077778";"ITC4";"S11001";"2916850";""
"2019-03-31";"1070001";"1077778";"ITC4";"S11BI7";"4369577";""
"2019-03-31";"1070001";"1077778";"ITC4";"S128";"673009";""
"2019-03-31";"1070001";"1077778";"ITC41";"S127";"209901";""
"2019-03-31";"1070001";"1077778";"IT";"450";"318048";""
"2019-03-31";"1070001";"1077778";"IT";"S126";"12254912";""
"2019-03-31";"1070001";"1077778";"IT";"S127";"14987279";""
"2019-03-31";"1070001";"1077778";"IT";"S13";"266972589";""
"2019-03-31";"1070001";"1077778";"IT";"S15";"7855985";""
"2019-03-31";"1070001";"1077778";"ITC41";"SBI25";"8895702";""
"2019-03-31";"1070001";"1077778";"ITC4";"S1311";"62098";""
"2019-02-28";"1070001";"1077778";"ITC41";"S1314";"26";""
"2019-02-28";"1070001";"1077778";"ITC4";"S128";"671354";""
"2019-02-28";"1070001";"1077778";"ITC4";"S12BI7";"80824605";""
"2019-02-28";"1070001";"1077778";"ITC4";"S14";"134419504";""
"2019-02-28";"1070001";"1077778";"IT";"SBI25";"750358313";""
"2019-02-28";"1070001";"1077778";"ITC41";"S126";"15313";""
"2019-02-28";"1070001";"1077778";"ITC41";"S127";"217639";""
"2019-02-28";"1070001";"1077778";"ITC4";"S11BI32";"181682422";""
"2019-02-28";"1070001";"1077778";"ITC4";"S127";"6932252";""
"2019-02-28";"1070001";"1077778";"IT";"S1314";"186597";""
"2019-02-28";"1070001";"1077778";"IT";"SBI9";"179914";""
"2019-02-28";"1070001";"1077778";"ITC4";"SBI59";"422816740";""
"2019-02-28";"1070001";"1077778";"ITC41";"S12BI66";"1232";""
"2019-02-28";"1070001";"1077778";"IT";"S11BI32";"587296996";""
"2019-02-28";"1070001";"1077778";"ITC4";"S1313";"7808630";""
"2019-02-28";"1070001";"1077778";"ITC4";"SBI25";"212241873";""
"2019-02-28";"1070001";"1077778";"ITC4";"SBI9";"67946";""
"2019-02-28";"1070001";"1077778";"ITC41";"S11BI32";"7401552";""
"2019-02-28";"1070001";"1077778";"ITC41";"S14BI2";"780412";""
"2019-02-28";"1070001";"1077778";"IT";"S11BI7";"18620230";""
"2019-02-28";"1070001";"1077778";"IT";"S126";"11471532";""
"2019-02-28";"1070001";"1077778";"ITC4";"S14BI2";"15034290";""
"2019-02-28";"1070001";"1077778";"ITC41";"S11";"8287915";""
"2019-02-28";"1070001";"1077778";"ITC41";"S11001";"86337";""
"2019-02-28";"1070001";"1077778";"ITC41";"S12BI7";"234183";""
"2019-02-28";"1070001";"1077778";"ITC41";"S15";"62988";""
"2019-02-28";"1070001";"1077778";"ITC4";"S11BI7";"4535142";""
"2019-02-28";"1070001";"1077778";"IT";"S1311";"200083885";""
"2019-02-28";"1070001";"1077778";"IT";"S12BI7";"144816017";""
"2019-02-28";"1070001";"1077778";"IT";"S129";"17837";""
"2019-02-28";"1070001";"1077778";"IT";"450";"327360";""
"2019-02-28";"1070001";"1077778";"IT";"S11001";"19621204";""
"2019-02-28";"1070001";"1077778";"ITC4";"S11001";"2884490";""
"2019-02-28";"1070001";"1077778";"ITC4";"S11BI8";"8052871";""
"2019-02-28";"1070001";"1077778";"ITC4";"S124";"8977080";""
"2019-02-28";"1070001";"1077778";"ITC4";"S15";"2415933";""
"2019-02-28";"1070001";"1077778";"ITC41";"450";"836";""
"2019-02-28";"1070001";"1077778";"ITC41";"S11BI8";"479551";""
"2019-02-28";"1070001";"1077778";"ITC41";"S124";"0";""
"2019-02-28";"1070001";"1077778";"ITC41";"S13";"422795";""
"2019-02-28";"1070001";"1077778";"ITC41";"S14";"11216578";""
"2019-02-28";"1070001";"1077778";"ITC41";"SBI9";"747";""
"2019-02-28";"1070001";"1077778";"ITC4";"S1311";"72063";""
"2019-02-28";"1070001";"1077778";"IT";"S14BI2";"79995893";""
"2019-02-28";"1070001";"1077778";"IT";"S15";"7992457";""
"2019-02-28";"1070001";"1077778";"IT";"S13";"264939013";""
"2019-02-28";"1070001";"1077778";"IT";"S127";"14760412";""
"2019-02-28";"1070001";"1077778";"ITC4";"S13";"7881168";""
"2019-02-28";"1070001";"1077778";"ITC4";"S11";"197207583";""
"2019-02-28";"1070001";"1077778";"IT";"SBI59";"1707232505";""
"2019-02-28";"1070001";"1077778";"IT";"600";"538946792";""
"2019-02-28";"1070001";"1077778";"IT";"S11";"670362420";""
"2019-02-28";"1070001";"1077778";"ITC4";"S12BI66";"61744321";""
"2019-02-28";"1070001";"1077778";"ITC41";"SBI25";"9068327";""
"2019-02-28";"1070001";"1077778";"ITC41";"SBI59";"20225207";""
"2019-02-28";"1070001";"1077778";"ITC4";"600";"119385214";""
"2019-02-28";"1070001";"1077778";"IT";"S128";"4190886";""
"2019-02-28";"1070001";"1077778";"IT";"S1313";"64668532";""
"2019-02-28";"1070001";"1077778";"IT";"S14";"618942685";""
"2019-02-28";"1070001";"1077778";"IT";"S12BI66";"99830524";""
"2019-02-28";"1070001";"1077778";"IT";"S11BI8";"44496629";""
"2019-02-28";"1070001";"1077778";"IT";"S124";"14544827";""
"2019-02-28";"1070001";"1077778";"ITC4";"450";"52659";""
"2019-02-28";"1070001";"1077778";"ITC4";"S126";"2486268";""
"2019-02-28";"1070001";"1077778";"ITC4";"S129";"13330";""
"2019-02-28";"1070001";"1077778";"ITC4";"S1314";"475";""
"2019-02-28";"1070001";"1077778";"ITC41";"600";"10436166";""
"2019-02-28";"1070001";"1077778";"ITC41";"S11BI7";"319639";""
"2019-02-28";"1070001";"1077778";"ITC41";"S1311";"423";""
"2019-02-28";"1070001";"1077778";"ITC41";"S1313";"422346";""
"2019-01-31";"1070001";"1077778";"IT";"S12BI7";"146152360";""
"2019-01-31";"1070001";"1077778";"IT";"S13";"266791709";""
"2019-01-31";"1070001";"1077778";"ITC41";"S11BI8";"485010";""
"2019-01-31";"1070001";"1077778";"ITC41";"S126";"15519";""
"2019-01-31";"1070001";"1077778";"ITC41";"S12BI7";"232501";""
"2019-01-31";"1070001";"1077778";"ITC41";"S1314";"26";""
"2019-01-31";"1070001";"1077778";"ITC41";"S15";"63291";""
"2019-01-31";"1070001";"1077778";"IT";"S11BI8";"44736879";""
"2019-01-31";"1070001";"1077778";"IT";"S124";"14727079";""
"2019-01-31";"1070001";"1077778";"IT";"450";"365348";""
"2019-01-31";"1070001";"1077778";"IT";"S11";"672306798";""
"2019-01-31";"1070001";"1077778";"IT";"S11001";"19111065";""
"2019-01-31";"1070001";"1077778";"IT";"S11BI32";"589272732";""
"2019-01-31";"1070001";"1077778";"IT";"S128";"4123857";""
"2019-01-31";"1070001";"1077778";"IT";"S12BI66";"99368889";""
"2019-01-31";"1070001";"1077778";"IT";"S1311";"201969523";""
"2019-01-31";"1070001";"1077778";"IT";"SBI25";"752498795";""
"2019-01-31";"1070001";"1077778";"ITC4";"S1311";"84555";""
"2019-01-31";"1070001";"1077778";"ITC41";"S12BI66";"1200";""
"2019-01-31";"1070001";"1077778";"ITC41";"S14BI2";"781835";""
"2019-01-31";"1070001";"1077778";"IT";"S14BI2";"80191997";""
"2019-01-31";"1070001";"1077778";"IT";"S15";"8029217";""
"2019-01-31";"1070001";"1077778";"ITC4";"S11";"197635231";""
"2019-01-31";"1070001";"1077778";"ITC4";"S128";"666420";""
"2019-01-31";"1070001";"1077778";"ITC4";"S12BI7";"82954273";""
"2019-01-31";"1070001";"1077778";"ITC41";"S124";"0";""
"2019-01-31";"1070001";"1077778";"ITC41";"SBI25";"9147263";""
"2019-01-31";"1070001";"1077778";"ITC4";"S14BI2";"15097598";""
"2019-01-31";"1070001";"1077778";"ITC4";"S15";"2406910";""
"2019-01-31";"1070001";"1077778";"ITC4";"SBI25";"212732828";""
"2019-01-31";"1070001";"1077778";"IT";"S127";"16543104";""
"2019-01-31";"1070001";"1077778";"ITC4";"S11BI7";"4594699";""
"2019-01-31";"1070001";"1077778";"ITC4";"S126";"2290464";""
"2019-01-31";"1070001";"1077778";"ITC4";"S129";"5792";""
"2019-01-31";"1070001";"1077778";"IT";"S129";"35886";""
"2019-01-31";"1070001";"1077778";"IT";"S14";"618328679";""
"2019-01-31";"1070001";"1077778";"ITC41";"S11";"8365428";""
"2019-01-31";"1070001";"1077778";"ITC41";"S1311";"417";""
"2019-01-31";"1070001";"1077778";"IT";"S126";"11353544";""
"2019-01-31";"1070001";"1077778";"IT";"S11BI7";"18820774";""
"2019-01-31";"1070001";"1077778";"IT";"S1314";"135666";""
"2019-01-31";"1070001";"1077778";"ITC4";"S127";"8829031";""
"2019-01-31";"1070001";"1077778";"ITC4";"S1313";"7802689";""
"2019-01-31";"1070001";"1077778";"IT";"SBI9";"174555";""
"2019-01-31";"1070001";"1077778";"ITC4";"450";"61955";""
"2019-01-31";"1070001";"1077778";"ITC41";"S11BI7";"324580";""
"2019-01-31";"1070001";"1077778";"ITC41";"S13";"427200";""
"2019-01-31";"1070001";"1077778";"ITC41";"S1313";"426757";""
"2019-01-31";"1070001";"1077778";"ITC41";"S14";"11194459";""
"2019-01-31";"1070001";"1077778";"ITC41";"SBI9";"776";""
"2019-01-31";"1070001";"1077778";"ITC4";"SBI59";"425267882";""
"2019-01-31";"1070001";"1077778";"ITC4";"SBI9";"62140";""
"2019-01-31";"1070001";"1077778";"ITC41";"600";"10412625";""
"2019-01-31";"1070001";"1077778";"IT";"S1313";"64686520";""
"2019-01-31";"1070001";"1077778";"ITC4";"S11001";"2837975";""
"2019-01-31";"1070001";"1077778";"ITC4";"S13";"7887725";""
"2019-01-31";"1070001";"1077778";"ITC41";"S11001";"87357";""
"2019-01-31";"1070001";"1077778";"ITC41";"S11BI32";"7467599";""
"2019-01-31";"1070001";"1077778";"ITC41";"S128";"2";""
"2019-01-31";"1070001";"1077778";"ITC41";"SBI59";"20283656";""
"2019-01-31";"1070001";"1077778";"ITC4";"S14";"134321602";""
"2019-01-31";"1070001";"1077778";"IT";"SBI59";"1711783318";""
"2019-01-31";"1070001";"1077778";"ITC4";"600";"119224005";""
"2019-01-31";"1070001";"1077778";"ITC4";"S124";"9162163";""
"2019-01-31";"1070001";"1077778";"ITC41";"S127";"215781";""
"2019-01-31";"1070001";"1077778";"ITC4";"S1314";"481";""
"2019-01-31";"1070001";"1077778";"ITC41";"450";"883";""
"2019-01-31";"1070001";"1077778";"ITC4";"S12BI66";"62000404";""
"2019-01-31";"1070001";"1077778";"ITC4";"S11BI32";"182000435";""
"2019-01-31";"1070001";"1077778";"ITC4";"S11BI8";"8140166";""
"2019-01-31";"1070001";"1077778";"IT";"600";"538136682";""
"2018-12-31";"1070001";"1077778";"ITC4";"S129";"116204";""
"2018-12-31";"1070001";"1077778";"ITC4";"S12BI7";"88478811";""
"2018-12-31";"1070001";"1077778";"ITC41";"S11BI32";"7050133";""
"2018-12-31";"1070001";"1077778";"ITC41";"S11BI8";"484464";""
"2018-12-31";"1070001";"1077778";"ITC41";"S12BI66";"1234";""
"2018-12-31";"1070001";"1077778";"ITC41";"S12BI7";"237480";""
"2018-12-31";"1070001";"1077778";"ITC41";"S1313";"429227";""
"2018-12-31";"1070001";"1077778";"ITC41";"S14";"11191696";""
"2018-12-31";"1070001";"1077778";"IT";"S11001";"18697996";""
"2018-12-31";"1070001";"1077778";"IT";"S12BI7";"153500914";""
"2018-12-31";"1070001";"1077778";"ITC41";"S11";"7947731";""
"2018-12-31";"1070001";"1077778";"ITC4";"450";"61418";""
"2018-12-31";"1070001";"1077778";"IT";"450";"373383";""
"2018-12-31";"1070001";"1077778";"IT";"S127";"16738997";""
"2018-12-31";"1070001";"1077778";"ITC4";"S127";"8970386";""
"2018-12-31";"1070001";"1077778";"ITC41";"S128";"2";""
"2018-12-31";"1070001";"1077778";"ITC41";"S1311";"427";""
"2018-12-31";"1070001";"1077778";"IT";"SBI9";"182048";""
"2018-12-31";"1070001";"1077778";"ITC4";"S14";"134404420";""
"2018-12-31";"1070001";"1077778";"ITC4";"S1311";"50346";""
"2018-12-31";"1070001";"1077778";"ITC4";"S126";"2398772";""
"2018-12-31";"1070001";"1077778";"ITC41";"S124";"0";""
"2018-12-31";"1070001";"1077778";"IT";"S15";"7932056";""
"2018-12-31";"1070001";"1077778";"IT";"SBI25";"752309030";""
"2018-12-31";"1070001";"1077778";"IT";"SBI59";"1715917622";""
"2018-12-31";"1070001";"1077778";"ITC4";"600";"119240942";""
"2018-12-31";"1070001";"1077778";"ITC4";"S11";"197021241";""
"2018-12-31";"1070001";"1077778";"ITC4";"S12BI66";"67060283";""
"2018-12-31";"1070001";"1077778";"ITC4";"S13";"7846143";""
"2018-12-31";"1070001";"1077778";"ITC4";"S11BI32";"181379833";""
"2018-12-31";"1070001";"1077778";"IT";"S11";"671917503";""
"2018-12-31";"1070001";"1077778";"IT";"S11BI32";"589169929";""
"2018-12-31";"1070001";"1077778";"IT";"S11BI7";"18762767";""
"2018-12-31";"1070001";"1077778";"IT";"S126";"11215436";""
"2018-12-31";"1070001";"1077778";"IT";"S14BI2";"80391527";""
"2018-12-31";"1070001";"1077778";"ITC4";"SBI59";"430023601";""
"2018-12-31";"1070001";"1077778";"IT";"600";"537569543";""
"2018-12-31";"1070001";"1077778";"IT";"S128";"4136662";""
"2018-12-31";"1070001";"1077778";"IT";"S1311";"199171749";""
"2018-12-31";"1070001";"1077778";"ITC4";"S11001";"2830987";""
"2018-12-31";"1070001";"1077778";"ITC4";"S1313";"7795299";""
"2018-12-31";"1070001";"1077778";"ITC4";"S11BI8";"8184453";""
"2018-12-31";"1070001";"1077778";"ITC4";"S124";"9257120";""
"2018-12-31";"1070001";"1077778";"ITC41";"SBI9";"782";""
"2018-12-31";"1070001";"1077778";"IT";"S14";"617961069";""
"2018-12-31";"1070001";"1077778";"ITC4";"S14BI2";"15163478";""
"2018-12-31";"1070001";"1077778";"ITC4";"SBI25";"212184718";""
"2018-12-31";"1070001";"1077778";"ITC41";"600";"10412339";""
"2018-12-31";"1070001";"1077778";"IT";"S129";"193393";""
"2018-12-31";"1070001";"1077778";"ITC41";"SBI25";"8727088";""
"2018-12-31";"1070001";"1077778";"ITC41";"SBI59";"19871095";""
"2018-12-31";"1070001";"1077778";"ITC4";"S11BI7";"4564550";""
"2018-12-31";"1070001";"1077778";"ITC41";"S11001";"87124";""
"2018-12-31";"1070001";"1077778";"ITC41";"S126";"16066";""
"2018-12-31";"1070001";"1077778";"ITC41";"S127";"220177";""
"2018-12-31";"1070001";"1077778";"ITC41";"S1314";"24";""
"2018-12-31";"1070001";"1077778";"ITC41";"S14BI2";"779356";""
"2018-12-31";"1070001";"1077778";"ITC41";"S15";"63728";""
"2018-12-31";"1070001";"1077778";"ITC4";"S1314";"498";""
"2018-12-31";"1070001";"1077778";"ITC41";"S11BI7";"325098";""
"2018-12-31";"1070001";"1077778";"IT";"S11BI8";"44913429";""
"2018-12-31";"1070001";"1077778";"IT";"S12BI66";"106384940";""
"2018-12-31";"1070001";"1077778";"IT";"S13";"264424031";""
"2018-12-31";"1070001";"1077778";"IT";"S1313";"65165558";""
"2018-12-31";"1070001";"1077778";"IT";"S1314";"86724";""
"2018-12-31";"1070001";"1077778";"ITC4";"S15";"2210015";""
"2018-12-31";"1070001";"1077778";"IT";"S124";"14831487";""
"2018-12-31";"1070001";"1077778";"ITC4";"S128";"676046";""
"2018-12-31";"1070001";"1077778";"ITC41";"S13";"429678";""
"2018-12-31";"1070001";"1077778";"ITC4";"SBI9";"62971";""
"2018-12-31";"1070001";"1077778";"ITC41";"450";"913";""
"2018-11-30";"1070001";"1077778";"ITC4";"S11BI8";"8372245";""
"2018-11-30";"1070001";"1077778";"ITC4";"S12BI7";"79353690";""
"2018-11-30";"1070001";"1077778";"ITC4";"S1314";"4346";""
"2018-11-30";"1070001";"1077778";"ITC41";"S11";"8190231";""
"2018-11-30";"1070001";"1077778";"ITC41";"S1311";"433";""
"2018-11-30";"1070001";"1077778";"IT";"SBI9";"195367";""
"2018-11-30";"1070001";"1077778";"IT";"S11BI32";"606280129";""
"2018-11-30";"1070001";"1077778";"IT";"S11BI7";"19323562";""
"2018-11-30";"1070001";"1077778";"IT";"S127";"16324433";""
"2018-11-30";"1070001";"1077778";"ITC4";"450";"65136";""
"2018-11-30";"1070001";"1077778";"ITC41";"450";"894";""
"2018-11-30";"1070001";"1077778";"ITC41";"S11BI8";"514793";""
"2018-11-30";"1070001";"1077778";"ITC41";"S12BI7";"239518";""
"2018-11-30";"1070001";"1077778";"ITC41";"S1313";"438328";""
"2018-11-30";"1070001";"1077778";"ITC41";"S15";"63968";""
"2018-11-30";"1070001";"1077778";"IT";"S14";"622717662";""
"2018-11-30";"1070001";"1077778";"IT";"S11001";"17702256";""
"2018-11-30";"1070001";"1077778";"IT";"S11BI8";"46294052";""
"2018-11-30";"1070001";"1077778";"ITC4";"S11001";"2820463";""
"2018-11-30";"1070001";"1077778";"ITC4";"S1313";"7968431";""
"2018-11-30";"1070001";"1077778";"ITC4";"S14";"135201115";""
"2018-11-30";"1070001";"1077778";"ITC4";"S15";"2259635";""
"2018-11-30";"1070001";"1077778";"ITC4";"SBI59";"427153399";""
"2018-11-30";"1070001";"1077778";"ITC41";"S11BI32";"7257149";""
"2018-11-30";"1070001";"1077778";"ITC41";"S12BI66";"1232";""
"2018-11-30";"1070001";"1077778";"IT";"S1313";"65780815";""
"2018-11-30";"1070001";"1077778";"IT";"S12BI7";"142695112";""
"2018-11-30";"1070001";"1077778";"ITC4";"S11";"202258326";""
"2018-11-30";"1070001";"1077778";"ITC4";"S11BI7";"4667420";""
"2018-11-30";"1070001";"1077778";"ITC4";"S128";"690693";""
"2018-11-30";"1070001";"1077778";"ITC4";"S14BI2";"15589525";""
"2018-11-30";"1070001";"1077778";"ITC41";"S11BI7";"330405";""
"2018-11-30";"1070001";"1077778";"ITC41";"S124";"0";""
"2018-11-30";"1070001";"1077778";"ITC41";"S126";"16426";""
"2018-11-30";"1070001";"1077778";"ITC41";"S13";"438785";""
"2018-11-30";"1070001";"1077778";"ITC41";"SBI25";"8998425";""
"2018-11-30";"1070001";"1077778";"ITC41";"SBI59";"20177621";""
"2018-11-30";"1070001";"1077778";"IT";"S15";"8081035";""
"2018-11-30";"1070001";"1077778";"ITC41";"S128";"1";""
"2018-11-30";"1070001";"1077778";"ITC41";"S1314";"24";""
"2018-11-30";"1070001";"1077778";"ITC4";"S127";"8612090";""
"2018-11-30";"1070001";"1077778";"ITC4";"S129";"2606";""
"2018-11-30";"1070001";"1077778";"ITC4";"S12BI66";"58431198";""
"2018-11-30";"1070001";"1077778";"ITC4";"SBI9";"66427";""
"2018-11-30";"1070001";"1077778";"ITC41";"600";"10435798";""
"2018-11-30";"1070001";"1077778";"ITC41";"S11001";"86990";""
"2018-11-30";"1070001";"1077778";"IT";"S1314";"83204";""
"2018-11-30";"1070001";"1077778";"IT";"S14BI2";"82809946";""
"2018-11-30";"1070001";"1077778";"IT";"SBI25";"772817431";""
"2018-11-30";"1070001";"1077778";"IT";"600";"539907716";""
"2018-11-30";"1070001";"1077778";"IT";"S128";"4271877";""
"2018-11-30";"1070001";"1077778";"ITC4";"600";"119611589";""
"2018-11-30";"1070001";"1077778";"ITC4";"SBI25";"217847851";""
"2018-11-30";"1070001";"1077778";"ITC41";"SBI9";"1128";""
"2018-11-30";"1070001";"1077778";"IT";"S1311";"193253888";""
"2018-11-30";"1070001";"1077778";"IT";"SBI59";"1722814569";""
"2018-11-30";"1070001";"1077778";"IT";"450";"407486";""
"2018-11-30";"1070001";"1077778";"IT";"S124";"14831203";""
"2018-11-30";"1070001";"1077778";"IT";"S126";"11823791";""
"2018-11-30";"1070001";"1077778";"IT";"S12BI66";"95434427";""
"2018-11-30";"1070001";"1077778";"ITC4";"S124";"9127272";""
"2018-11-30";"1070001";"1077778";"ITC4";"S126";"2489831";""
"2018-11-30";"1070001";"1077778";"ITC4";"S13";"8014207";""
"2018-11-30";"1070001";"1077778";"ITC4";"S1311";"41430";""
"2018-11-30";"1070001";"1077778";"IT";"S13";"259117907";""
"2018-11-30";"1070001";"1077778";"ITC4";"S11BI32";"186333063";""
"2018-11-30";"1070001";"1077778";"ITC41";"S127";"221859";""
"2018-11-30";"1070001";"1077778";"ITC41";"S14";"11243993";""
"2018-11-30";"1070001";"1077778";"ITC41";"S14BI2";"808194";""
"2018-11-30";"1070001";"1077778";"IT";"S11";"690007485";""
"2018-11-30";"1070001";"1077778";"IT";"S129";"9382";""
"2018-10-31";"1070001";"1077778";"ITC41";"S15";"63980";""
"2018-10-31";"1070001";"1077778";"IT";"S14";"621955182";""
"2018-10-31";"1070001";"1077778";"ITC4";"SBI25";"216007579";""
"2018-10-31";"1070001";"1077778";"ITC4";"SBI9";"65243";""
"2018-10-31";"1070001";"1077778";"ITC41";"S11BI7";"327622";""
"2018-10-31";"1070001";"1077778";"ITC41";"S12BI7";"239697";""
"2018-10-31";"1070001";"1077778";"ITC4";"S11";"200461704";""
"2018-10-31";"1070001";"1077778";"ITC4";"S11001";"2902937";""
"2018-10-31";"1070001";"1077778";"ITC41";"S11";"8136821";""
"2018-10-31";"1070001";"1077778";"IT";"S12BI66";"95925631";""
"2018-10-31";"1070001";"1077778";"IT";"S11BI32";"603378285";""
"2018-10-31";"1070001";"1077778";"ITC41";"S1314";"24";""
"2018-10-31";"1070001";"1077778";"ITC41";"S126";"16227";""
"2018-10-31";"1070001";"1077778";"ITC4";"S11BI8";"8369792";""
"2018-10-31";"1070001";"1077778";"ITC4";"S129";"2786";""
"2018-10-31";"1070001";"1077778";"ITC4";"S12BI7";"80354237";""
"2018-10-31";"1070001";"1077778";"ITC41";"S11001";"86307";""
"2018-10-31";"1070001";"1077778";"IT";"600";"539139096";""
"2018-10-31";"1070001";"1077778";"IT";"S126";"10949480";""
"2018-10-31";"1070001";"1077778";"IT";"S12BI7";"142708168";""
"2018-10-31";"1070001";"1077778";"IT";"S1314";"83852";""
"2018-10-31";"1070001";"1077778";"ITC41";"S11BI8";"514294";""
"2018-10-31";"1070001";"1077778";"ITC41";"S127";"222223";""
"2018-10-31";"1070001";"1077778";"ITC41";"SBI9";"1133";""
"2018-10-31";"1070001";"1077778";"IT";"SBI25";"769396900";""
"2018-10-31";"1070001";"1077778";"ITC4";"S13";"8022490";""
"2018-10-31";"1070001";"1077778";"ITC4";"S1311";"56473";""
"2018-10-31";"1070001";"1077778";"IT";"S11BI8";"46257833";""
"2018-10-31";"1070001";"1077778";"ITC4";"S124";"9354302";""
"2018-10-31";"1070001";"1077778";"ITC4";"S127";"8763745";""
"2018-10-31";"1070001";"1077778";"ITC4";"S12BI66";"59104220";""
"2018-10-31";"1070001";"1077778";"ITC4";"S1313";"7965554";""
"2018-10-31";"1070001";"1077778";"ITC4";"S14BI2";"15545875";""
"2018-10-31";"1070001";"1077778";"IT";"S13";"259000466";""
"2018-10-31";"1070001";"1077778";"ITC41";"S14";"11224564";""
"2018-10-31";"1070001";"1077778";"ITC41";"SBI25";"8937792";""
"2018-10-31";"1070001";"1077778";"ITC41";"SBI59";"20100270";""
"2018-10-31";"1070001";"1077778";"IT";"S15";"8031461";""
"2018-10-31";"1070001";"1077778";"IT";"SBI59";"1718460241";""
"2018-10-31";"1070001";"1077778";"ITC4";"450";"67225";""
"2018-10-31";"1070001";"1077778";"ITC4";"SBI59";"426051012";""
"2018-10-31";"1070001";"1077778";"ITC41";"450";"902";""
"2018-10-31";"1070001";"1077778";"ITC41";"600";"10423593";""
"2018-10-31";"1070001";"1077778";"IT";"S11001";"17375867";""
"2018-10-31";"1070001";"1077778";"IT";"S127";"16437535";""
"2018-10-31";"1070001";"1077778";"ITC41";"S1313";"433575";""
"2018-10-31";"1070001";"1077778";"ITC41";"S14BI2";"800971";""
"2018-10-31";"1070001";"1077778";"ITC41";"S11BI32";"7207696";""
"2018-10-31";"1070001";"1077778";"ITC41";"S124";"0";""
"2018-10-31";"1070001";"1077778";"ITC41";"S128";"1";""
"2018-10-31";"1070001";"1077778";"ITC41";"S12BI66";"1245";""
"2018-10-31";"1070001";"1077778";"ITC4";"S126";"2443461";""
"2018-10-31";"1070001";"1077778";"ITC4";"S128";"685723";""
"2018-10-31";"1070001";"1077778";"ITC4";"S1314";"462";""
"2018-10-31";"1070001";"1077778";"ITC4";"S14";"134923296";""
"2018-10-31";"1070001";"1077778";"ITC4";"S15";"2224041";""
"2018-10-31";"1070001";"1077778";"IT";"S14BI2";"82816086";""
"2018-10-31";"1070001";"1077778";"IT";"SBI9";"184150";""
"2018-10-31";"1070001";"1077778";"ITC4";"600";"119377422";""
"2018-10-31";"1070001";"1077778";"ITC4";"S11BI7";"4612304";""
"2018-10-31";"1070001";"1077778";"IT";"450";"388007";""
"2018-10-31";"1070001";"1077778";"IT";"S124";"15095008";""
"2018-10-31";"1070001";"1077778";"IT";"S129";"7510";""
"2018-10-31";"1070001";"1077778";"IT";"S1311";"193173644";""
"2018-10-31";"1070001";"1077778";"IT";"S1313";"65742970";""
"2018-10-31";"1070001";"1077778";"ITC41";"S13";"434076";""
"2018-10-31";"1070001";"1077778";"ITC41";"S1311";"478";""
"2018-10-31";"1070001";"1077778";"ITC4";"S11BI32";"184509448";""
"2018-10-31";"1070001";"1077778";"IT";"S11";"686580814";""
"2018-10-31";"1070001";"1077778";"IT";"S11BI7";"19180822";""
"2018-10-31";"1070001";"1077778";"IT";"S128";"4293004";""
"2018-09-30";"1070001";"1077778";"IT";"S13";"261230141";""
"2018-09-30";"1070001";"1077778";"IT";"S1311";"195316288";""
"2018-09-30";"1070001";"1077778";"IT";"S1313";"65810674";""
"2018-09-30";"1070001";"1077778";"ITC41";"S11BI32";"7146072";""
"2018-09-30";"1070001";"1077778";"ITC41";"S127";"179355";""
"2018-09-30";"1070001";"1077778";"IT";"S11001";"18009745";""
"2018-09-30";"1070001";"1077778";"ITC4";"450";"65386";""
"2018-09-30";"1070001";"1077778";"ITC4";"S129";"1390";""
"2018-09-30";"1070001";"1077778";"ITC4";"S12BI7";"80472447";""
"2018-09-30";"1070001";"1077778";"ITC41";"S11BI8";"515223";""
"2018-09-30";"1070001";"1077778";"ITC41";"S128";"0";""
"2018-09-30";"1070001";"1077778";"ITC41";"S1311";"322";""
"2018-09-30";"1070001";"1077778";"IT";"450";"387328";""
"2018-09-30";"1070001";"1077778";"ITC41";"S11";"8078804";""
"2018-09-30";"1070001";"1077778";"ITC41";"S11001";"90453";""
"2018-09-30";"1070001";"1077778";"ITC4";"600";"118722321";""
"2018-09-30";"1070001";"1077778";"ITC4";"S128";"696920";""
"2018-09-30";"1070001";"1077778";"IT";"S11BI32";"606209854";""
"2018-09-30";"1070001";"1077778";"IT";"S12BI7";"147228226";""
"2018-09-30";"1070001";"1077778";"IT";"S14BI2";"82957117";""
"2018-09-30";"1070001";"1077778";"IT";"S15";"8030027";""
"2018-09-30";"1070001";"1077778";"ITC41";"S126";"16695";""
"2018-09-30";"1070001";"1077778";"ITC41";"S1314";"26";""
"2018-09-30";"1070001";"1077778";"ITC4";"S11BI32";"185282053";""
"2018-09-30";"1070001";"1077778";"ITC4";"S127";"7003295";""
"2018-09-30";"1070001";"1077778";"ITC4";"S1314";"480";""
"2018-09-30";"1070001";"1077778";"IT";"SBI9";"187516";""
"2018-09-30";"1070001";"1077778";"ITC41";"S12BI7";"197288";""
"2018-09-30";"1070001";"1077778";"ITC41";"S14";"11185393";""
"2018-09-30";"1070001";"1077778";"ITC41";"S14BI2";"804461";""
"2018-09-30";"1070001";"1077778";"ITC4";"SBI59";"426229766";""
"2018-09-30";"1070001";"1077778";"ITC4";"SBI9";"65037";""
"2018-09-30";"1070001";"1077778";"ITC4";"S12BI66";"61385067";""
"2018-09-30";"1070001";"1077778";"ITC4";"S13";"7962917";""
"2018-09-30";"1070001";"1077778";"ITC4";"S14BI2";"15547289";""
"2018-09-30";"1070001";"1077778";"ITC4";"S15";"2241053";""
"2018-09-30";"1070001";"1077778";"IT";"S11BI7";"19057596";""
"2018-09-30";"1070001";"1077778";"IT";"S127";"15085044";""
"2018-09-30";"1070001";"1077778";"ITC41";"S13";"431999";""
"2018-09-30";"1070001";"1077778";"ITC41";"450";"931";""
"2018-09-30";"1070001";"1077778";"ITC4";"S11001";"3000066";""
"2018-09-30";"1070001";"1077778";"IT";"S14";"619678228";""
"2018-09-30";"1070001";"1077778";"IT";"SBI59";"1726126553";""
"2018-09-30";"1070001";"1077778";"IT";"S126";"12035083";""
"2018-09-30";"1070001";"1077778";"ITC41";"S11BI7";"326125";""
"2018-09-30";"1070001";"1077778";"ITC41";"S124";"0";""
"2018-09-30";"1070001";"1077778";"ITC41";"S12BI66";"1238";""
"2018-09-30";"1070001";"1077778";"ITC41";"S1313";"431651";""
"2018-09-30";"1070001";"1077778";"ITC41";"SBI59";"19958629";""
"2018-09-30";"1070001";"1077778";"ITC4";"S124";"9249177";""
"2018-09-30";"1070001";"1077778";"ITC4";"SBI25";"216765991";""
"2018-09-30";"1070001";"1077778";"IT";"S11BI8";"46107893";""
"2018-09-30";"1070001";"1077778";"IT";"S128";"4202017";""
"2018-09-30";"1070001";"1077778";"IT";"S1314";"103179";""
"2018-09-30";"1070001";"1077778";"ITC41";"S15";"64020";""
"2018-09-30";"1070001";"1077778";"ITC41";"SBI25";"8883265";""
"2018-09-30";"1070001";"1077778";"ITC41";"SBI9";"1125";""
"2018-09-30";"1070001";"1077778";"IT";"S11";"689772415";""
"2018-09-30";"1070001";"1077778";"ITC41";"600";"10380932";""
"2018-09-30";"1070001";"1077778";"ITC4";"S11BI8";"8319762";""
"2018-09-30";"1070001";"1077778";"ITC4";"S1311";"48425";""
"2018-09-30";"1070001";"1077778";"ITC4";"S1313";"7914012";""
"2018-09-30";"1070001";"1077778";"ITC4";"S14";"134269610";""
"2018-09-30";"1070001";"1077778";"IT";"S124";"15154107";""
"2018-09-30";"1070001";"1077778";"IT";"S129";"11782";""
"2018-09-30";"1070001";"1077778";"IT";"S12BI66";"100740193";""
"2018-09-30";"1070001";"1077778";"IT";"SBI25";"772729531";""
"2018-09-30";"1070001";"1077778";"IT";"600";"536721111";""
"2018-09-30";"1070001";"1077778";"ITC4";"S11";"201218701";""
"2018-09-30";"1070001";"1077778";"ITC4";"S11BI7";"4551435";""
"2018-09-30";"1070001";"1077778";"ITC4";"S126";"2136599";""
"2018-08-31";"1070001";"1077778";"ITC41";"S14BI2";"818113";""
"2018-08-31";"1070001";"1077778";"ITC4";"S1314";"5508";""
"2018-08-31";"1070001";"1077778";"ITC4";"S14";"134364595";""
"2018-08-31";"1070001";"1077778";"ITC41";"450";"877";""
"2018-08-31";"1070001";"1077778";"ITC4";"450";"67586";""
"2018-08-31";"1070001";"1077778";"ITC4";"S11001";"2963467";""
"2018-08-31";"1070001";"1077778";"ITC4";"S11BI8";"8506563";""
"2018-08-31";"1070001";"1077778";"IT";"SBI59";"1724552637";""
"2018-08-31";"1070001";"1077778";"IT";"SBI9";"181477";""
"2018-08-31";"1070001";"1077778";"ITC41";"S1314";"26";""
"2018-08-31";"1070001";"1077778";"ITC4";"S1311";"33576";""
"2018-08-31";"1070001";"1077778";"ITC4";"SBI59";"426234268";""
"2018-08-31";"1070001";"1077778";"ITC41";"S11001";"93354";""
"2018-08-31";"1070001";"1077778";"ITC41";"S127";"171998";""
"2018-08-31";"1070001";"1077778";"IT";"S1314";"200664";""
"2018-08-31";"1070001";"1077778";"ITC4";"S129";"2918";""
"2018-08-31";"1070001";"1077778";"IT";"S126";"11878150";""
"2018-08-31";"1070001";"1077778";"ITC41";"S12BI7";"190151";""
"2018-08-31";"1070001";"1077778";"ITC41";"S14";"11202778";""
"2018-08-31";"1070001";"1077778";"ITC41";"SBI25";"9012492";""
"2018-08-31";"1070001";"1077778";"ITC4";"S12BI7";"78924303";""
"2018-08-31";"1070001";"1077778";"ITC4";"SBI9";"65792";""
"2018-08-31";"1070001";"1077778";"ITC41";"S126";"16882";""
"2018-08-31";"1070001";"1077778";"ITC4";"S124";"9190724";""
"2018-08-31";"1070001";"1077778";"ITC4";"S127";"6691690";""
"2018-08-31";"1070001";"1077778";"IT";"S12BI66";"98075042";""
"2018-08-31";"1070001";"1077778";"IT";"S13";"262161658";""
"2018-08-31";"1070001";"1077778";"IT";"S1311";"196397065";""
"2018-08-31";"1070001";"1077778";"IT";"S14BI2";"83392226";""
"2018-08-31";"1070001";"1077778";"IT";"S15";"8041952";""
"2018-08-31";"1070001";"1077778";"IT";"S124";"15024336";""
"2018-08-31";"1070001";"1077778";"IT";"S127";"14443105";""
"2018-08-31";"1070001";"1077778";"IT";"S128";"4265127";""
"2018-08-31";"1070001";"1077778";"ITC41";"S1311";"319";""
"2018-08-31";"1070001";"1077778";"ITC41";"S15";"65111";""
"2018-08-31";"1070001";"1077778";"ITC4";"S15";"2271112";""
"2018-08-31";"1070001";"1077778";"ITC41";"S11BI7";"337706";""
"2018-08-31";"1070001";"1077778";"IT";"S1313";"65563930";""
"2018-08-31";"1070001";"1077778";"IT";"S14";"619441207";""
"2018-08-31";"1070001";"1077778";"ITC4";"600";"118680018";""
"2018-08-31";"1070001";"1077778";"ITC4";"S11";"202646944";""
"2018-08-31";"1070001";"1077778";"ITC4";"S11BI32";"186403135";""
"2018-08-31";"1070001";"1077778";"IT";"S129";"4018";""
"2018-08-31";"1070001";"1077778";"ITC41";"SBI59";"20083431";""
"2018-08-31";"1070001";"1077778";"ITC4";"S13";"7961523";""
"2018-08-31";"1070001";"1077778";"ITC4";"SBI25";"218331521";""
"2018-08-31";"1070001";"1077778";"ITC41";"S128";"2";""
"2018-08-31";"1070001";"1077778";"IT";"450";"373951";""
"2018-08-31";"1070001";"1077778";"IT";"600";"536048981";""
"2018-08-31";"1070001";"1077778";"IT";"S11001";"18009252";""
"2018-08-31";"1070001";"1077778";"IT";"S11BI32";"606132057";""
"2018-08-31";"1070001";"1077778";"ITC41";"S1313";"429358";""
"2018-08-31";"1070001";"1077778";"ITC4";"S14BI2";"15684577";""
"2018-08-31";"1070001";"1077778";"IT";"S11";"691036566";""
"2018-08-31";"1070001";"1077778";"ITC41";"S13";"429703";""
"2018-08-31";"1070001";"1077778";"ITC41";"SBI9";"1308";""
"2018-08-31";"1070001";"1077778";"ITC41";"S11BI32";"7230012";""
"2018-08-31";"1070001";"1077778";"ITC41";"S11BI8";"532431";""
"2018-08-31";"1070001";"1077778";"ITC41";"S124";"0";""
"2018-08-31";"1070001";"1077778";"ITC4";"S128";"694661";""
"2018-08-31";"1070001";"1077778";"IT";"SBI25";"774428792";""
"2018-08-31";"1070001";"1077778";"IT";"S11BI7";"19609855";""
"2018-08-31";"1070001";"1077778";"ITC4";"S12BI66";"60261899";""
"2018-08-31";"1070001";"1077778";"ITC4";"S1313";"7922439";""
"2018-08-31";"1070001";"1077778";"ITC41";"600";"10384665";""
"2018-08-31";"1070001";"1077778";"ITC41";"S11";"8194379";""
"2018-08-31";"1070001";"1077778";"ITC41";"S12BI66";"1269";""
"2018-08-31";"1070001";"1077778";"ITC4";"S11BI7";"4706193";""
"2018-08-31";"1070001";"1077778";"ITC4";"S126";"2082411";""
"2018-08-31";"1070001";"1077778";"IT";"S12BI7";"143689777";""
"2018-08-31";"1070001";"1077778";"IT";"S11BI8";"46911451";""
"2018-07-31";"1070001";"1077778";"IT";"S11BI32";"614490848";""
"2018-07-31";"1070001";"1077778";"IT";"S15";"8060828";""
"2018-07-31";"1070001";"1077778";"IT";"SBI9";"182349";""
"2018-07-31";"1070001";"1077778";"IT";"600";"537447175";""
"2018-07-31";"1070001";"1077778";"IT";"S11001";"18135816";""
"2018-07-31";"1070001";"1077778";"ITC4";"S11BI7";"4767177";""
"2018-07-31";"1070001";"1077778";"ITC4";"S11BI8";"8568268";""
"2018-07-31";"1070001";"1077778";"ITC4";"S128";"745266";""
"2018-07-31";"1070001";"1077778";"ITC4";"SBI59";"431259263";""
"2018-07-31";"1070001";"1077778";"ITC41";"S11BI32";"7400990";""
"2018-07-31";"1070001";"1077778";"ITC41";"S11BI8";"537252";""
"2018-07-31";"1070001";"1077778";"ITC41";"S128";"1";""
"2018-07-31";"1070001";"1077778";"IT";"S1314";"204297";""
"2018-07-31";"1070001";"1077778";"ITC4";"S12BI66";"62674425";""
"2018-07-31";"1070001";"1077778";"ITC4";"S14";"134870799";""
"2018-07-31";"1070001";"1077778";"ITC41";"600";"10403232";""
"2018-07-31";"1070001";"1077778";"ITC41";"S13";"429609";""
"2018-07-31";"1070001";"1077778";"ITC41";"S14BI2";"820113";""
"2018-07-31";"1070001";"1077778";"ITC41";"SBI25";"9196575";""
"2018-07-31";"1070001";"1077778";"IT";"S128";"4270751";""
"2018-07-31";"1070001";"1077778";"IT";"S12BI66";"100077174";""
"2018-07-31";"1070001";"1077778";"IT";"SBI25";"784052281";""
"2018-07-31";"1070001";"1077778";"IT";"SBI59";"1739733041";""
"2018-07-31";"1070001";"1077778";"IT";"S11";"700242372";""
"2018-07-31";"1070001";"1077778";"ITC4";"S124";"8929518";""
"2018-07-31";"1070001";"1077778";"ITC4";"S126";"2010269";""
"2018-07-31";"1070001";"1077778";"ITC4";"SBI25";"220754354";""
"2018-07-31";"1070001";"1077778";"ITC41";"S11001";"94208";""
"2018-07-31";"1070001";"1077778";"ITC41";"S12BI66";"1291";""
"2018-07-31";"1070001";"1077778";"ITC4";"S11001";"2940856";""
"2018-07-31";"1070001";"1077778";"ITC4";"S15";"2260909";""
"2018-07-31";"1070001";"1077778";"ITC4";"S13";"7929851";""
"2018-07-31";"1070001";"1077778";"ITC4";"S1314";"5960";""
"2018-07-31";"1070001";"1077778";"ITC4";"S14BI2";"15782748";""
"2018-07-31";"1070001";"1077778";"ITC41";"S11";"8376461";""
"2018-07-31";"1070001";"1077778";"IT";"S11BI7";"19812214";""
"2018-07-31";"1070001";"1077778";"IT";"S14BI2";"83809909";""
"2018-07-31";"1070001";"1077778";"ITC4";"S11";"204971606";""
"2018-07-31";"1070001";"1077778";"ITC4";"SBI9";"65866";""
"2018-07-31";"1070001";"1077778";"ITC41";"S124";"0";""
"2018-07-31";"1070001";"1077778";"ITC41";"S1311";"340";""
"2018-07-31";"1070001";"1077778";"ITC41";"SBI59";"20286767";""
"2018-07-31";"1070001";"1077778";"ITC4";"S1311";"29189";""
"2018-07-31";"1070001";"1077778";"IT";"S11BI8";"47430115";""
"2018-07-31";"1070001";"1077778";"IT";"S124";"14761859";""
"2018-07-31";"1070001";"1077778";"IT";"S129";"12067";""
"2018-07-31";"1070001";"1077778";"IT";"S12BI7";"145071293";""
"2018-07-31";"1070001";"1077778";"IT";"S1313";"65475608";""
"2018-07-31";"1070001";"1077778";"IT";"S14";"621257084";""
"2018-07-31";"1070001";"1077778";"ITC41";"450";"848";""
"2018-07-31";"1070001";"1077778";"ITC41";"S14";"11223346";""
"2018-07-31";"1070001";"1077778";"ITC41";"S15";"65538";""
"2018-07-31";"1070001";"1077778";"IT";"S126";"11428919";""
"2018-07-31";"1070001";"1077778";"IT";"S127";"14520523";""
"2018-07-31";"1070001";"1077778";"IT";"S1311";"199239210";""
"2018-07-31";"1070001";"1077778";"IT";"450";"373380";""
"2018-07-31";"1070001";"1077778";"ITC4";"S11BI32";"188632875";""
"2018-07-31";"1070001";"1077778";"ITC4";"S127";"6796549";""
"2018-07-31";"1070001";"1077778";"ITC4";"S129";"4205";""
"2018-07-31";"1070001";"1077778";"ITC4";"S12BI7";"81160232";""
"2018-07-31";"1070001";"1077778";"ITC41";"S126";"15836";""
"2018-07-31";"1070001";"1077778";"ITC41";"S127";"173368";""
"2018-07-31";"1070001";"1077778";"ITC41";"S1313";"429243";""
"2018-07-31";"1070001";"1077778";"ITC41";"S1314";"26";""
"2018-07-31";"1070001";"1077778";"IT";"S13";"264919114";""
"2018-07-31";"1070001";"1077778";"ITC4";"450";"62430";""
"2018-07-31";"1070001";"1077778";"ITC4";"600";"119088050";""
"2018-07-31";"1070001";"1077778";"ITC41";"S12BI7";"190497";""
"2018-07-31";"1070001";"1077778";"ITC41";"SBI9";"1316";""
"2018-07-31";"1070001";"1077778";"ITC4";"S1313";"7894703";""
"2018-07-31";"1070001";"1077778";"ITC41";"S11BI7";"343164";""
"2018-06-30";"1070001";"1077778";"ITC4";"S11001";"2910512";""
"2018-06-30";"1070001";"1077778";"IT";"S13";"263615294";""
"2018-06-30";"1070001";"1077778";"IT";"S1313";"67526558";""
"2018-06-30";"1070001";"1077778";"IT";"S11001";"17736679";""
"2018-06-30";"1070001";"1077778";"ITC41";"S14";"11196137";""
"2018-06-30";"1070001";"1077778";"ITC41";"S14BI2";"820277";""
"2018-06-30";"1070001";"1077778";"ITC41";"S11BI7";"342591";""
"2018-06-30";"1070001";"1077778";"ITC4";"S129";"5959";""
"2018-06-30";"1070001";"1077778";"ITC4";"S1311";"91154";""
"2018-06-30";"1070001";"1077778";"ITC4";"S14BI2";"15811457";""
"2018-06-30";"1070001";"1077778";"ITC4";"SBI59";"434168645";""
"2018-06-30";"1070001";"1077778";"IT";"S11BI32";"612491051";""
"2018-06-30";"1070001";"1077778";"ITC4";"450";"61326";""
"2018-06-30";"1070001";"1077778";"ITC4";"S11BI7";"4735759";""
"2018-06-30";"1070001";"1077778";"IT";"S124";"15022326";""
"2018-06-30";"1070001";"1077778";"IT";"S126";"12220979";""
"2018-06-30";"1070001";"1077778";"IT";"S14";"620605451";""
"2018-06-30";"1070001";"1077778";"ITC41";"S11BI8";"537556";""
"2018-06-30";"1070001";"1077778";"ITC41";"S13";"450726";""
"2018-06-30";"1070001";"1077778";"ITC41";"S15";"66117";""
"2018-06-30";"1070001";"1077778";"ITC4";"SBI9";"70632";""
"2018-06-30";"1070001";"1077778";"ITC4";"600";"118719615";""
"2018-06-30";"1070001";"1077778";"ITC4";"S11BI32";"186821759";""
"2018-06-30";"1070001";"1077778";"ITC4";"S124";"9105749";""
"2018-06-30";"1070001";"1077778";"IT";"S11";"698335263";""
"2018-06-30";"1070001";"1077778";"IT";"SBI59";"1742228834";""
"2018-06-30";"1070001";"1077778";"ITC41";"SBI25";"9170912";""
"2018-06-30";"1070001";"1077778";"ITC41";"S127";"172589";""
"2018-06-30";"1070001";"1077778";"ITC4";"S12BI7";"85561132";""
"2018-06-30";"1070001";"1077778";"ITC41";"S11";"8350636";""
"2018-06-30";"1070001";"1077778";"ITC4";"S11";"203146579";""
"2018-06-30";"1070001";"1077778";"IT";"S1311";"195875612";""
"2018-06-30";"1070001";"1077778";"IT";"S15";"8112685";""
"2018-06-30";"1070001";"1077778";"IT";"S128";"4211910";""
"2018-06-30";"1070001";"1077778";"IT";"S129";"38677";""
"2018-06-30";"1070001";"1077778";"ITC41";"S11001";"83258";""
"2018-06-30";"1070001";"1077778";"ITC41";"S1311";"383";""
"2018-06-30";"1070001";"1077778";"ITC41";"S1314";"28";""
"2018-06-30";"1070001";"1077778";"ITC4";"S13";"8547760";""
"2018-06-30";"1070001";"1077778";"ITC4";"S15";"2311470";""
"2018-06-30";"1070001";"1077778";"IT";"S11BI7";"19792378";""
"2018-06-30";"1070001";"1077778";"ITC41";"S12BI66";"1889";""
"2018-06-30";"1070001";"1077778";"ITC41";"450";"900";""
"2018-06-30";"1070001";"1077778";"ITC41";"600";"10375861";""
"2018-06-30";"1070001";"1077778";"IT";"600";"536636457";""
"2018-06-30";"1070001";"1077778";"ITC4";"S11BI8";"8617222";""
"2018-06-30";"1070001";"1077778";"IT";"S127";"13879410";""
"2018-06-30";"1070001";"1077778";"IT";"S14BI2";"83968995";""
"2018-06-30";"1070001";"1077778";"IT";"SBI9";"187737";""
"2018-06-30";"1070001";"1077778";"ITC4";"S126";"1911271";""
"2018-06-30";"1070001";"1077778";"ITC4";"S127";"6558220";""
"2018-06-30";"1070001";"1077778";"ITC4";"S128";"711922";""
"2018-06-30";"1070001";"1077778";"ITC4";"S1313";"8448892";""
"2018-06-30";"1070001";"1077778";"ITC4";"S14";"134531071";""
"2018-06-30";"1070001";"1077778";"ITC41";"S11BI32";"7386330";""
"2018-06-30";"1070001";"1077778";"ITC41";"S124";"0";""
"2018-06-30";"1070001";"1077778";"ITC41";"S126";"15550";""
"2018-06-30";"1070001";"1077778";"ITC41";"S12BI7";"190029";""
"2018-06-30";"1070001";"1077778";"IT";"S12BI66";"105999103";""
"2018-06-30";"1070001";"1077778";"IT";"S12BI7";"151372404";""
"2018-06-30";"1070001";"1077778";"IT";"S1314";"213124";""
"2018-06-30";"1070001";"1077778";"ITC41";"SBI59";"20254931";""
"2018-06-30";"1070001";"1077778";"ITC41";"SBI9";"1287";""
"2018-06-30";"1070001";"1077778";"ITC4";"S1314";"7714";""
"2018-06-30";"1070001";"1077778";"IT";"S11BI8";"47806662";""
"2018-06-30";"1070001";"1077778";"IT";"SBI25";"782304258";""
"2018-06-30";"1070001";"1077778";"ITC41";"S1313";"450315";""
"2018-06-30";"1070001";"1077778";"ITC41";"S128";"2";""
"2018-06-30";"1070001";"1077778";"ITC4";"S12BI66";"67268011";""
"2018-06-30";"1070001";"1077778";"ITC4";"SBI25";"218958036";""
"2018-06-30";"1070001";"1077778";"IT";"450";"508492";""
"2018-05-31";"1070001";"1077778";"IT";"S11BI8";"50394949";""
"2018-05-31";"1070001";"1077778";"IT";"SBI25";"814735759";""
"2018-05-31";"1070001";"1077778";"ITC41";"S15";"67284";""
"2018-05-31";"1070001";"1077778";"ITC4";"S14";"135348218";""
"2018-05-31";"1070001";"1077778";"ITC41";"S11BI8";"555038";""
"2018-05-31";"1070001";"1077778";"IT";"S11001";"18457685";""
"2018-05-31";"1070001";"1077778";"IT";"S11BI32";"637798802";""
"2018-05-31";"1070001";"1077778";"ITC4";"450";"64690";""
"2018-05-31";"1070001";"1077778";"ITC4";"S11BI32";"192054860";""
"2018-05-31";"1070001";"1077778";"ITC41";"S12BI66";"1907";""
"2018-05-31";"1070001";"1077778";"ITC41";"S1313";"448209";""
"2018-05-31";"1070001";"1077778";"ITC41";"S11";"8605415";""
"2018-05-31";"1070001";"1077778";"ITC4";"S1313";"8053253";""
"2018-05-31";"1070001";"1077778";"IT";"600";"538366272";""
"2018-05-31";"1070001";"1077778";"IT";"S11BI7";"20841814";""
"2018-05-31";"1070001";"1077778";"IT";"S12BI7";"140919179";""
"2018-05-31";"1070001";"1077778";"IT";"S1313";"66685955";""
"2018-05-31";"1070001";"1077778";"IT";"SBI59";"1766751468";""
"2018-05-31";"1070001";"1077778";"ITC4";"S11BI8";"8998616";""
"2018-05-31";"1070001";"1077778";"ITC4";"S124";"8958261";""
"2018-05-31";"1070001";"1077778";"ITC4";"S128";"712487";""
"2018-05-31";"1070001";"1077778";"ITC4";"S129";"13873";""
"2018-05-31";"1070001";"1077778";"ITC41";"S127";"180379";""
"2018-05-31";"1070001";"1077778";"ITC41";"S12BI7";"198515";""
"2018-05-31";"1070001";"1077778";"ITC41";"S1314";"28";""
"2018-05-31";"1070001";"1077778";"ITC41";"S14";"11257774";""
"2018-05-31";"1070001";"1077778";"ITC41";"S126";"16228";""
"2018-05-31";"1070001";"1077778";"IT";"450";"535893";""
"2018-05-31";"1070001";"1077778";"IT";"S11";"728029143";""
"2018-05-31";"1070001";"1077778";"IT";"S12BI66";"94761747";""
"2018-05-31";"1070001";"1077778";"IT";"S15";"8254291";""
"2018-05-31";"1070001";"1077778";"ITC4";"600";"119099973";""
"2018-05-31";"1070001";"1077778";"ITC4";"S12BI7";"76105762";""
"2018-05-31";"1070001";"1077778";"ITC41";"SBI59";"20578881";""
"2018-05-31";"1070001";"1077778";"ITC4";"SBI59";"430803676";""
"2018-05-31";"1070001";"1077778";"ITC41";"S11BI32";"7606143";""
"2018-05-31";"1070001";"1077778";"IT";"S1311";"197376604";""
"2018-05-31";"1070001";"1077778";"IT";"S14BI2";"86706617";""
"2018-05-31";"1070001";"1077778";"IT";"SBI9";"185708";""
"2018-05-31";"1070001";"1077778";"ITC4";"S11001";"2796020";""
"2018-05-31";"1070001";"1077778";"ITC4";"S11BI7";"4952451";""
"2018-05-31";"1070001";"1077778";"ITC4";"SBI25";"225114882";""
"2018-05-31";"1070001";"1077778";"ITC41";"S128";"0";""
"2018-05-31";"1070001";"1077778";"ITC41";"S14BI2";"853854";""
"2018-05-31";"1070001";"1077778";"ITC41";"SBI25";"9459269";""
"2018-05-31";"1070001";"1077778";"ITC41";"SBI9";"1295";""
"2018-05-31";"1070001";"1077778";"IT";"S14";"625072889";""
"2018-05-31";"1070001";"1077778";"IT";"S129";"36386";""
"2018-05-31";"1070001";"1077778";"IT";"S13";"264290258";""
"2018-05-31";"1070001";"1077778";"ITC4";"S12BI66";"58480903";""
"2018-05-31";"1070001";"1077778";"ITC4";"S14BI2";"16248245";""
"2018-05-31";"1070001";"1077778";"ITC4";"S15";"2326098";""
"2018-05-31";"1070001";"1077778";"ITC4";"S13";"8088419";""
"2018-05-31";"1070001";"1077778";"ITC4";"S1311";"29214";""
"2018-05-31";"1070001";"1077778";"ITC41";"S1311";"362";""
"2018-05-31";"1070001";"1077778";"IT";"S126";"13277134";""
"2018-05-31";"1070001";"1077778";"IT";"S1314";"227699";""
"2018-05-31";"1070001";"1077778";"ITC4";"S11";"208866637";""
"2018-05-31";"1070001";"1077778";"ITC4";"S126";"1626831";""
"2018-05-31";"1070001";"1077778";"ITC41";"S13";"448599";""
"2018-05-31";"1070001";"1077778";"ITC4";"SBI9";"68543";""
"2018-05-31";"1070001";"1077778";"ITC41";"450";"926";""
"2018-05-31";"1070001";"1077778";"ITC41";"600";"10403920";""
"2018-05-31";"1070001";"1077778";"ITC41";"S11001";"86375";""
"2018-05-31";"1070001";"1077778";"ITC41";"S11BI7";"356933";""
"2018-05-31";"1070001";"1077778";"IT";"S124";"15026300";""
"2018-05-31";"1070001";"1077778";"IT";"S127";"13559224";""
"2018-05-31";"1070001";"1077778";"IT";"S128";"4258389";""
"2018-05-31";"1070001";"1077778";"ITC4";"S127";"6313408";""
"2018-05-31";"1070001";"1077778";"ITC4";"S1314";"5953";""
"2018-04-30";"1070001";"1077778";"ITC41";"600";"10413416";""
"2018-04-30";"1070001";"1077778";"ITC4";"S11BI8";"9038006";""
"2018-04-30";"1070001";"1077778";"ITC4";"S124";"9150416";""
"2018-04-30";"1070001";"1077778";"IT";"S11001";"19269282";""
"2018-04-30";"1070001";"1077778";"IT";"S11BI32";"639223078";""
"2018-04-30";"1070001";"1077778";"IT";"S129";"13506";""
"2018-04-30";"1070001";"1077778";"ITC41";"S11BI7";"353864";""
"2018-04-30";"1070001";"1077778";"ITC41";"S12BI7";"198204";""
"2018-04-30";"1070001";"1077778";"IT";"S128";"4651592";""
"2018-04-30";"1070001";"1077778";"IT";"S1314";"194644";""
"2018-04-30";"1070001";"1077778";"IT";"SBI59";"1767398242";""
"2018-04-30";"1070001";"1077778";"ITC4";"S11BI7";"4956622";""
"2018-04-30";"1070001";"1077778";"ITC4";"S127";"6918192";""
"2018-04-30";"1070001";"1077778";"ITC4";"S13";"8053861";""
"2018-04-30";"1070001";"1077778";"ITC4";"S1313";"8017815";""
"2018-04-30";"1070001";"1077778";"ITC4";"SBI25";"224788953";""
"2018-04-30";"1070001";"1077778";"ITC41";"S11";"8548692";""
"2018-04-30";"1070001";"1077778";"ITC41";"S1313";"451387";""
"2018-04-30";"1070001";"1077778";"ITC41";"S126";"15597";""
"2018-04-30";"1070001";"1077778";"ITC41";"S128";"1";""
"2018-04-30";"1070001";"1077778";"IT";"450";"536329";""
"2018-04-30";"1070001";"1077778";"IT";"S12BI7";"139299200";""
"2018-04-30";"1070001";"1077778";"IT";"S1311";"197707841";""
"2018-04-30";"1070001";"1077778";"IT";"SBI25";"816480303";""
"2018-04-30";"1070001";"1077778";"ITC4";"S1314";"6659";""
"2018-04-30";"1070001";"1077778";"ITC4";"S14";"135515973";""
"2018-04-30";"1070001";"1077778";"ITC4";"SBI9";"83516";""
"2018-04-30";"1070001";"1077778";"ITC41";"S11BI32";"7551129";""
"2018-04-30";"1070001";"1077778";"ITC4";"S11001";"2860546";""
"2018-04-30";"1070001";"1077778";"ITC41";"S14BI2";"849314";""
"2018-04-30";"1070001";"1077778";"ITC41";"S15";"67177";""
"2018-04-30";"1070001";"1077778";"IT";"600";"538137215";""
"2018-04-30";"1070001";"1077778";"IT";"S11BI7";"20883245";""
"2018-04-30";"1070001";"1077778";"IT";"S11BI8";"50530645";""
"2018-04-30";"1070001";"1077778";"IT";"S14BI2";"86037723";""
"2018-04-30";"1070001";"1077778";"ITC4";"S11BI32";"191709368";""
"2018-04-30";"1070001";"1077778";"ITC41";"SBI25";"9398006";""
"2018-04-30";"1070001";"1077778";"ITC41";"S12BI66";"1914";""
"2018-04-30";"1070001";"1077778";"ITC4";"S128";"704172";""
"2018-04-30";"1070001";"1077778";"ITC41";"S11001";"86534";""
"2018-04-30";"1070001";"1077778";"ITC41";"SBI9";"1298";""
"2018-04-30";"1070001";"1077778";"ITC4";"600";"119357431";""
"2018-04-30";"1070001";"1077778";"ITC4";"S11";"208630411";""
"2018-04-30";"1070001";"1077778";"IT";"S124";"15435379";""
"2018-04-30";"1070001";"1077778";"IT";"S126";"10170934";""
"2018-04-30";"1070001";"1077778";"IT";"S13";"264916905";""
"2018-04-30";"1070001";"1077778";"ITC4";"S126";"1563372";""
"2018-04-30";"1070001";"1077778";"ITC4";"SBI59";"431401749";""
"2018-04-30";"1070001";"1077778";"ITC41";"450";"942";""
"2018-04-30";"1070001";"1077778";"ITC41";"S11BI8";"556224";""
"2018-04-30";"1070001";"1077778";"ITC41";"S127";"180692";""
"2018-04-30";"1070001";"1077778";"ITC41";"S13";"451789";""
"2018-04-30";"1070001";"1077778";"IT";"S127";"14056479";""
"2018-04-30";"1070001";"1077778";"IT";"S12BI66";"94971310";""
"2018-04-30";"1070001";"1077778";"IT";"S1313";"67014420";""
"2018-04-30";"1070001";"1077778";"ITC41";"SBI59";"20529890";""
"2018-04-30";"1070001";"1077778";"ITC4";"S129";"1354";""
"2018-04-30";"1070001";"1077778";"ITC4";"S12BI66";"58453276";""
"2018-04-30";"1070001";"1077778";"ITC4";"S12BI7";"76790781";""
"2018-04-30";"1070001";"1077778";"ITC4";"S1311";"29386";""
"2018-04-30";"1070001";"1077778";"ITC4";"S14BI2";"16158542";""
"2018-04-30";"1070001";"1077778";"ITC4";"S15";"2327206";""
"2018-04-30";"1070001";"1077778";"ITC4";"450";"65870";""
"2018-04-30";"1070001";"1077778";"ITC41";"S1311";"375";""
"2018-04-30";"1070001";"1077778";"ITC41";"S1314";"28";""
"2018-04-30";"1070001";"1077778";"ITC41";"S14";"11262729";""
"2018-04-30";"1070001";"1077778";"IT";"S11";"730442579";""
"2018-04-30";"1070001";"1077778";"IT";"S14";"624174939";""
"2018-04-30";"1070001";"1077778";"IT";"S15";"8349837";""
"2018-04-30";"1070001";"1077778";"IT";"SBI9";"214782";""
"2018-03-31";"1070001";"1077778";"ITC41";"SBI25";"9337323";""
"2018-03-31";"1070001";"1077778";"ITC41";"S1314";"29";""
"2018-03-31";"1070001";"1077778";"ITC41";"S1313";"450755";""
"2018-03-31";"1070001";"1077778";"ITC4";"S124";"9002813";""
"2018-03-31";"1070001";"1077778";"ITC4";"S13";"8113507";""
"2018-03-31";"1070001";"1077778";"IT";"600";"537024236";""
"2018-03-31";"1070001";"1077778";"ITC4";"SBI25";"224119630";""
"2018-03-31";"1070001";"1077778";"ITC41";"450";"981";""
"2018-03-31";"1070001";"1077778";"ITC41";"S124";"3";""
"2018-03-31";"1070001";"1077778";"IT";"S124";"15377127";""
"2018-03-31";"1070001";"1077778";"IT";"S127";"13958104";""
"2018-03-31";"1070001";"1077778";"IT";"S1314";"173894";""
"2018-03-31";"1070001";"1077778";"ITC41";"S14BI2";"854178";""
"2018-03-31";"1070001";"1077778";"ITC4";"S11BI32";"191242252";""
"2018-03-31";"1070001";"1077778";"ITC4";"S11BI8";"9013946";""
"2018-03-31";"1070001";"1077778";"IT";"S12BI66";"98576275";""
"2018-03-31";"1070001";"1077778";"IT";"S14";"623170756";""
"2018-03-31";"1070001";"1077778";"IT";"450";"551134";""
"2018-03-31";"1070001";"1077778";"IT";"S11001";"19413832";""
"2018-03-31";"1070001";"1077778";"IT";"S11BI32";"636851008";""
"2018-03-31";"1070001";"1077778";"ITC41";"S14";"11256904";""
"2018-03-31";"1070001";"1077778";"ITC4";"S11BI7";"4890789";""
"2018-03-31";"1070001";"1077778";"ITC4";"S1314";"8059";""
"2018-03-31";"1070001";"1077778";"ITC4";"SBI9";"131377";""
"2018-03-31";"1070001";"1077778";"ITC41";"S11001";"64128";""
"2018-03-31";"1070001";"1077778";"ITC41";"S126";"15706";""
"2018-03-31";"1070001";"1077778";"ITC41";"SBI59";"20462238";""
"2018-03-31";"1070001";"1077778";"ITC41";"S15";"67079";""
"2018-03-31";"1070001";"1077778";"ITC4";"450";"70098";""
"2018-03-31";"1070001";"1077778";"ITC4";"S126";"1832488";""
"2018-03-31";"1070001";"1077778";"ITC4";"S12BI66";"60662130";""
"2018-03-31";"1070001";"1077778";"ITC4";"S12BI7";"78821129";""
"2018-03-31";"1070001";"1077778";"ITC41";"S12BI7";"202621";""
"2018-03-31";"1070001";"1077778";"ITC4";"S1313";"8070101";""
"2018-03-31";"1070001";"1077778";"ITC4";"S14BI2";"16203220";""
"2018-03-31";"1070001";"1077778";"ITC41";"S127";"185020";""
"2018-03-31";"1070001";"1077778";"ITC41";"S128";"1";""
"2018-03-31";"1070001";"1077778";"IT";"S12BI7";"143383111";""
"2018-03-31";"1070001";"1077778";"IT";"SBI59";"1770376174";""
"2018-03-31";"1070001";"1077778";"IT";"S11BI8";"50436458";""
"2018-03-31";"1070001";"1077778";"ITC4";"S11001";"2699325";""
"2018-03-31";"1070001";"1077778";"ITC4";"S127";"6627860";""
"2018-03-31";"1070001";"1077778";"ITC4";"S15";"2341676";""
"2018-03-31";"1070001";"1077778";"ITC41";"S11BI8";"558307";""
"2018-03-31";"1070001";"1077778";"IT";"S13";"267112385";""
"2018-03-31";"1070001";"1077778";"IT";"S1311";"199870289";""
"2018-03-31";"1070001";"1077778";"IT";"S15";"8509031";""
"2018-03-31";"1070001";"1077778";"IT";"S11";"727962460";""
"2018-03-31";"1070001";"1077778";"ITC4";"S128";"691639";""
"2018-03-31";"1070001";"1077778";"ITC4";"S129";"4199";""
"2018-03-31";"1070001";"1077778";"ITC4";"S1311";"35347";""
"2018-03-31";"1070001";"1077778";"ITC41";"S1311";"399";""
"2018-03-31";"1070001";"1077778";"IT";"SBI25";"814108980";""
"2018-03-31";"1070001";"1077778";"ITC4";"S14";"135412236";""
"2018-03-31";"1070001";"1077778";"ITC41";"600";"10402726";""
"2018-03-31";"1070001";"1077778";"IT";"S126";"10942954";""
"2018-03-31";"1070001";"1077778";"IT";"S129";"11777";""
"2018-03-31";"1070001";"1077778";"IT";"S1313";"67068202";""
"2018-03-31";"1070001";"1077778";"IT";"S14BI2";"86146520";""
"2018-03-31";"1070001";"1077778";"ITC4";"S11";"207916410";""
"2018-03-31";"1070001";"1077778";"ITC41";"S12BI66";"1893";""
"2018-03-31";"1070001";"1077778";"ITC41";"S13";"451184";""
"2018-03-31";"1070001";"1077778";"ITC41";"S11";"8483144";""
"2018-03-31";"1070001";"1077778";"IT";"S128";"4516873";""
"2018-03-31";"1070001";"1077778";"IT";"SBI9";"238431";""
"2018-03-31";"1070001";"1077778";"ITC41";"SBI9";"1305";""
"2018-03-31";"1070001";"1077778";"ITC4";"600";"119209017";""
"2018-03-31";"1070001";"1077778";"IT";"S11BI7";"20710026";""
"2018-03-31";"1070001";"1077778";"ITC4";"SBI59";"432736337";""
"2018-03-31";"1070001";"1077778";"ITC41";"S11BI32";"7509563";""
"2018-03-31";"1070001";"1077778";"ITC41";"S11BI7";"350165";""
"2018-02-28";"1070001";"1077778";"ITC4";"S11";"208771436";""
"2018-02-28";"1070001";"1077778";"ITC41";"S128";"1";""
"2018-02-28";"1070001";"1077778";"ITC4";"S1311";"42660";""
"2018-02-28";"1070001";"1077778";"ITC4";"S14";"134925418";""
"2018-02-28";"1070001";"1077778";"ITC41";"450";"965";""
"2018-02-28";"1070001";"1077778";"ITC41";"S11BI8";"557292";""
"2018-02-28";"1070001";"1077778";"IT";"S11001";"20159385";""
"2018-02-28";"1070001";"1077778";"IT";"S11BI8";"50692784";""
"2018-02-28";"1070001";"1077778";"IT";"S12BI7";"140978384";""
"2018-02-28";"1070001";"1077778";"IT";"S1313";"67010770";""
"2018-02-28";"1070001";"1077778";"ITC4";"S12BI66";"57820381";""
"2018-02-28";"1070001";"1077778";"ITC41";"S12BI7";"135227";""
"2018-02-28";"1070001";"1077778";"ITC4";"S11BI32";"191861321";""
"2018-02-28";"1070001";"1077778";"ITC4";"S126";"1855998";""
"2018-02-28";"1070001";"1077778";"IT";"600";"534204243";""
"2018-02-28";"1070001";"1077778";"IT";"S127";"13581969";""
"2018-02-28";"1070001";"1077778";"ITC41";"SBI9";"1290";""
"2018-02-28";"1070001";"1077778";"ITC4";"S11001";"2740631";""
"2018-02-28";"1070001";"1077778";"ITC41";"S11BI32";"7417718";""
"2018-02-28";"1070001";"1077778";"ITC41";"S127";"117708";""
"2018-02-28";"1070001";"1077778";"ITC41";"SBI59";"20263377";""
"2018-02-28";"1070001";"1077778";"ITC4";"S1314";"19325";""
"2018-02-28";"1070001";"1077778";"ITC4";"SBI59";"430031999";""
"2018-02-28";"1070001";"1077778";"ITC41";"600";"10366945";""
"2018-02-28";"1070001";"1077778";"IT";"S128";"4664970";""
"2018-02-28";"1070001";"1077778";"IT";"S13";"264821673";""
"2018-02-28";"1070001";"1077778";"ITC4";"S15";"2363876";""
"2018-02-28";"1070001";"1077778";"ITC4";"SBI9";"142039";""
"2018-02-28";"1070001";"1077778";"ITC41";"S11BI7";"356871";""
"2018-02-28";"1070001";"1077778";"ITC4";"S127";"6400502";""
"2018-02-28";"1070001";"1077778";"ITC4";"S129";"10478";""
"2018-02-28";"1070001";"1077778";"IT";"S11BI32";"636988241";""
"2018-02-28";"1070001";"1077778";"IT";"S124";"15433188";""
"2018-02-28";"1070001";"1077778";"IT";"SBI59";"1764313729";""
"2018-02-28";"1070001";"1077778";"IT";"SBI9";"260350";""
"2018-02-28";"1070001";"1077778";"ITC4";"S12BI7";"75778830";""
"2018-02-28";"1070001";"1077778";"ITC4";"SBI25";"225000752";""
"2018-02-28";"1070001";"1077778";"ITC41";"S12BI66";"1860";""
"2018-02-28";"1070001";"1077778";"ITC41";"S14";"11218429";""
"2018-02-28";"1070001";"1077778";"IT";"S14BI2";"86086906";""
"2018-02-28";"1070001";"1077778";"ITC4";"450";"69774";""
"2018-02-28";"1070001";"1077778";"ITC4";"S1313";"7988416";""
"2018-02-28";"1070001";"1077778";"ITC4";"S14BI2";"16229316";""
"2018-02-28";"1070001";"1077778";"ITC41";"S11001";"63489";""
"2018-02-28";"1070001";"1077778";"ITC41";"S1313";"444534";""
"2018-02-28";"1070001";"1077778";"ITC41";"S1314";"29";""
"2018-02-28";"1070001";"1077778";"ITC41";"S14BI2";"851484";""
"2018-02-28";"1070001";"1077778";"ITC4";"S124";"8983674";""
"2018-02-28";"1070001";"1077778";"IT";"S11";"729437410";""
"2018-02-28";"1070001";"1077778";"IT";"S129";"175523";""
"2018-02-28";"1070001";"1077778";"IT";"S15";"8524763";""
"2018-02-28";"1070001";"1077778";"IT";"SBI25";"815524316";""
"2018-02-28";"1070001";"1077778";"ITC41";"S11";"8396335";""
"2018-02-28";"1070001";"1077778";"ITC41";"S13";"445032";""
"2018-02-28";"1070001";"1077778";"ITC41";"S1311";"469";""
"2018-02-28";"1070001";"1077778";"ITC41";"S15";"67064";""
"2018-02-28";"1070001";"1077778";"ITC4";"S11BI7";"4987201";""
"2018-02-28";"1070001";"1077778";"ITC4";"S11BI8";"9112510";""
"2018-02-28";"1070001";"1077778";"ITC4";"S128";"707797";""
"2018-02-28";"1070001";"1077778";"IT";"450";"574632";""
"2018-02-28";"1070001";"1077778";"IT";"S11BI7";"21022369";""
"2018-02-28";"1070001";"1077778";"IT";"S126";"11283951";""
"2018-02-28";"1070001";"1077778";"ITC4";"600";"118696102";""
"2018-02-28";"1070001";"1077778";"ITC41";"SBI25";"9247820";""
"2018-02-28";"1070001";"1077778";"ITC4";"S13";"8050401";""
"2018-02-28";"1070001";"1077778";"ITC41";"S126";"15657";""
"2018-02-28";"1070001";"1077778";"IT";"S1311";"197633612";""
"2018-02-28";"1070001";"1077778";"IT";"S1314";"177292";""
"2018-02-28";"1070001";"1077778";"IT";"S14";"620291149";""
"2018-02-28";"1070001";"1077778";"IT";"S12BI66";"95838784";""
"2018-01-31";"1070001";"1077778";"ITC4";"S1311";"45299";""
"2018-01-31";"1070001";"1077778";"ITC4";"S11BI32";"194006526";""
"2018-01-31";"1070001";"1077778";"ITC4";"S13";"8091365";""
"2018-01-31";"1070001";"1077778";"ITC41";"S11BI8";"570253";""
"2018-01-31";"1070001";"1077778";"ITC41";"S14";"11213880";""
"2018-01-31";"1070001";"1077778";"ITC4";"S1314";"9773";""
"2018-01-31";"1070001";"1077778";"IT";"S11001";"20504951";""
"2018-01-31";"1070001";"1077778";"IT";"SBI25";"825172981";""
"2018-01-31";"1070001";"1077778";"ITC41";"S11BI32";"7503685";""
"2018-01-31";"1070001";"1077778";"ITC41";"S1313";"446168";""
"2018-01-31";"1070001";"1077778";"IT";"S124";"15349123";""
"2018-01-31";"1070001";"1077778";"IT";"S12BI7";"142007544";""
"2018-01-31";"1070001";"1077778";"IT";"S13";"264313151";""
"2018-01-31";"1070001";"1077778";"ITC4";"450";"73891";""
"2018-01-31";"1070001";"1077778";"ITC4";"S12BI7";"77890416";""
"2018-01-31";"1070001";"1077778";"ITC41";"S127";"79066";""
"2018-01-31";"1070001";"1077778";"ITC41";"S128";"1";""
"2018-01-31";"1070001";"1077778";"ITC41";"S1314";"29";""
"2018-01-31";"1070001";"1077778";"ITC4";"S14";"134904591";""
"2018-01-31";"1070001";"1077778";"ITC4";"S14BI2";"16321665";""
"2018-01-31";"1070001";"1077778";"ITC41";"SBI59";"20328382";""
"2018-01-31";"1070001";"1077778";"IT";"S128";"4612549";""
"2018-01-31";"1070001";"1077778";"IT";"S11";"738802279";""
"2018-01-31";"1070001";"1077778";"IT";"S11BI32";"645419796";""
"2018-01-31";"1070001";"1077778";"IT";"S11BI7";"21212232";""
"2018-01-31";"1070001";"1077778";"IT";"S126";"11786478";""
"2018-01-31";"1070001";"1077778";"IT";"S1311";"197429373";""
"2018-01-31";"1070001";"1077778";"IT";"S129";"12706";""
"2018-01-31";"1070001";"1077778";"ITC4";"S11";"211227150";""
"2018-01-31";"1070001";"1077778";"ITC4";"SBI25";"227548816";""
"2018-01-31";"1070001";"1077778";"ITC41";"600";"10358196";""
"2018-01-31";"1070001";"1077778";"ITC41";"S12BI7";"96627";""
"2018-01-31";"1070001";"1077778";"ITC41";"S13";"446643";""
"2018-01-31";"1070001";"1077778";"ITC41";"S1311";"446";""
"2018-01-31";"1070001";"1077778";"ITC41";"S14BI2";"855684";""
"2018-01-31";"1070001";"1077778";"IT";"450";"592792";""
"2018-01-31";"1070001";"1077778";"ITC41";"S12BI66";"1861";""
"2018-01-31";"1070001";"1077778";"ITC4";"S1313";"8036293";""
"2018-01-31";"1070001";"1077778";"ITC4";"S15";"2375420";""
"2018-01-31";"1070001";"1077778";"ITC41";"S15";"69089";""
"2018-01-31";"1070001";"1077778";"ITC4";"S11BI7";"5046303";""
"2018-01-31";"1070001";"1077778";"ITC4";"SBI9";"148785";""
"2018-01-31";"1070001";"1077778";"ITC41";"S126";"15700";""
"2018-01-31";"1070001";"1077778";"IT";"S127";"13538609";""
"2018-01-31";"1070001";"1077778";"IT";"S1313";"66777041";""
"2018-01-31";"1070001";"1077778";"IT";"S1314";"106737";""
"2018-01-31";"1070001";"1077778";"IT";"S15";"8504595";""
"2018-01-31";"1070001";"1077778";"IT";"SBI59";"1774266836";""
"2018-01-31";"1070001";"1077778";"IT";"SBI9";"278538";""
"2018-01-31";"1070001";"1077778";"ITC4";"S11001";"2861724";""
"2018-01-31";"1070001";"1077778";"ITC4";"S127";"6374259";""
"2018-01-31";"1070001";"1077778";"ITC4";"S128";"693838";""
"2018-01-31";"1070001";"1077778";"ITC41";"S11";"8500843";""
"2018-01-31";"1070001";"1077778";"ITC41";"S11001";"64133";""
"2018-01-31";"1070001";"1077778";"ITC41";"SBI9";"1299";""
"2018-01-31";"1070001";"1077778";"IT";"600";"533990027";""
"2018-01-31";"1070001";"1077778";"IT";"S12BI66";"96708078";""
"2018-01-31";"1070001";"1077778";"IT";"S14";"620360729";""
"2018-01-31";"1070001";"1077778";"IT";"S14BI2";"86370703";""
"2018-01-31";"1070001";"1077778";"ITC4";"600";"118582926";""
"2018-01-31";"1070001";"1077778";"ITC4";"S129";"8410";""
"2018-01-31";"1070001";"1077778";"ITC4";"SBI59";"434637727";""
"2018-01-31";"1070001";"1077778";"ITC41";"S11BI7";"361811";""
"2018-01-31";"1070001";"1077778";"ITC41";"SBI25";"9356528";""
"2018-01-31";"1070001";"1077778";"IT";"S11BI8";"51072508";""
"2018-01-31";"1070001";"1077778";"ITC4";"S11BI8";"9238707";""
"2018-01-31";"1070001";"1077778";"ITC4";"S124";"9127405";""
"2018-01-31";"1070001";"1077778";"ITC4";"S126";"1845377";""
"2018-01-31";"1070001";"1077778";"ITC4";"S12BI66";"59841127";""
"2018-01-31";"1070001";"1077778";"ITC41";"450";"962";""
"2017-12-31";"1070001";"1077778";"ITC41";"S1311";"403";""
"2017-12-31";"1070001";"1077778";"IT";"S11";"722757147";""
"2017-12-31";"1070001";"1077778";"IT";"S11BI8";"50733626";""
"2017-12-31";"1070001";"1077778";"IT";"S124";"14998049";""
"2017-12-31";"1070001";"1077778";"IT";"S12BI66";"103055883";""
"2017-12-31";"1070001";"1077778";"IT";"S1311";"194105682";""
"2017-12-31";"1070001";"1077778";"IT";"S14";"620141493";""
"2017-12-31";"1070001";"1077778";"IT";"SBI9";"281988";""
"2017-12-31";"1070001";"1077778";"ITC4";"450";"72140";""
"2017-12-31";"1070001";"1077778";"ITC4";"S1311";"61251";""
"2017-12-31";"1070001";"1077778";"ITC4";"S14";"134902854";""
"2017-12-31";"1070001";"1077778";"ITC41";"SBI59";"20075015";""
"2017-12-31";"1070001";"1077778";"ITC41";"S11BI32";"7294115";""
"2017-12-31";"1070001";"1077778";"IT";"S11BI7";"20901670";""
"2017-12-31";"1070001";"1077778";"IT";"S129";"197444";""
"2017-12-31";"1070001";"1077778";"IT";"S12BI7";"149283876";""
"2017-12-31";"1070001";"1077778";"ITC4";"S15";"2377602";""
"2017-12-31";"1070001";"1077778";"ITC41";"S12BI66";"1872";""
"2017-12-31";"1070001";"1077778";"IT";"SBI25";"808989656";""
"2017-12-31";"1070001";"1077778";"IT";"SBI59";"1761471722";""
"2017-12-31";"1070001";"1077778";"ITC41";"S1314";"33";""
"2017-12-31";"1070001";"1077778";"ITC4";"S11BI32";"190090063";""
"2017-12-31";"1070001";"1077778";"ITC4";"S11BI8";"9151547";""
"2017-12-31";"1070001";"1077778";"ITC4";"S127";"6672125";""
"2017-12-31";"1070001";"1077778";"ITC4";"SBI25";"223296887";""
"2017-12-31";"1070001";"1077778";"ITC41";"600";"10363620";""
"2017-12-31";"1070001";"1077778";"ITC41";"S11";"8282681";""
"2017-12-31";"1070001";"1077778";"ITC41";"S12BI7";"61229";""
"2017-12-31";"1070001";"1077778";"IT";"450";"572253";""
"2017-12-31";"1070001";"1077778";"IT";"600";"533908983";""
"2017-12-31";"1070001";"1077778";"IT";"S127";"13965329";""
"2017-12-31";"1070001";"1077778";"ITC4";"S124";"8778754";""
"2017-12-31";"1070001";"1077778";"ITC4";"S126";"1857301";""
"2017-12-31";"1070001";"1077778";"ITC4";"S12BI66";"63595301";""
"2017-12-31";"1070001";"1077778";"ITC4";"S13";"8084148";""
"2017-12-31";"1070001";"1077778";"ITC41";"S14";"11217343";""
"2017-12-31";"1070001";"1077778";"ITC4";"SBI59";"434234518";""
"2017-12-31";"1070001";"1077778";"ITC41";"S11BI7";"356966";""
"2017-12-31";"1070001";"1077778";"ITC41";"S11BI8";"566481";""
"2017-12-31";"1070001";"1077778";"IT";"S11001";"18309770";""
"2017-12-31";"1070001";"1077778";"IT";"S1314";"117743";""
"2017-12-31";"1070001";"1077778";"ITC4";"S12BI7";"81747254";""
"2017-12-31";"1070001";"1077778";"ITC4";"S1314";"11084";""
"2017-12-31";"1070001";"1077778";"ITC4";"S14BI2";"16311118";""
"2017-12-31";"1070001";"1077778";"ITC41";"SBI25";"9136404";""
"2017-12-31";"1070001";"1077778";"ITC41";"S126";"15869";""
"2017-12-31";"1070001";"1077778";"ITC41";"S128";"2";""
"2017-12-31";"1070001";"1077778";"IT";"S11BI32";"632239828";""
"2017-12-31";"1070001";"1077778";"IT";"S126";"12441162";""
"2017-12-31";"1070001";"1077778";"IT";"S1313";"66332043";""
"2017-12-31";"1070001";"1077778";"ITC41";"S15";"68180";""
"2017-12-31";"1070001";"1077778";"ITC4";"S11";"206985770";""
"2017-12-31";"1070001";"1077778";"ITC4";"S11001";"2716135";""
"2017-12-31";"1070001";"1077778";"ITC4";"S1313";"8011813";""
"2017-12-31";"1070001";"1077778";"ITC4";"600";"118591737";""
"2017-12-31";"1070001";"1077778";"IT";"S128";"4626008";""
"2017-12-31";"1070001";"1077778";"IT";"S13";"260555469";""
"2017-12-31";"1070001";"1077778";"IT";"S14BI2";"86232509";""
"2017-12-31";"1070001";"1077778";"ITC4";"SBI9";"136889";""
"2017-12-31";"1070001";"1077778";"ITC41";"S13";"444285";""
"2017-12-31";"1070001";"1077778";"ITC41";"S1313";"443849";""
"2017-12-31";"1070001";"1077778";"ITC41";"S14BI2";"853723";""
"2017-12-31";"1070001";"1077778";"ITC41";"450";"1032";""
"2017-12-31";"1070001";"1077778";"ITC41";"S11001";"64086";""
"2017-12-31";"1070001";"1077778";"ITC41";"S127";"43487";""
"2017-12-31";"1070001";"1077778";"IT";"S15";"8451749";""
"2017-12-31";"1070001";"1077778";"ITC4";"S11BI7";"4955884";""
"2017-12-31";"1070001";"1077778";"ITC4";"S128";"720977";""
"2017-12-31";"1070001";"1077778";"ITC4";"S129";"122796";""
"2017-12-31";"1070001";"1077778";"ITC41";"SBI9";"1297";""
"2017-11-30";"1070001";"1077778";"ITC4";"SBI9";"139554";""
"2017-11-30";"1070001";"1077778";"ITC4";"S1311";"65273";""
"2017-11-30";"1070001";"1077778";"ITC4";"S128";"657234";""
"2017-11-30";"1070001";"1077778";"ITC41";"S13";"449481";""
"2017-11-30";"1070001";"1077778";"ITC41";"S15";"68460";""
"2017-11-30";"1070001";"1077778";"IT";"S1314";"89448";""
"2017-11-30";"1070001";"1077778";"IT";"S14";"621226121";""
"2017-11-30";"1070001";"1077778";"IT";"S14BI2";"86495014";""
"2017-11-30";"1070001";"1077778";"IT";"S15";"8675256";""
"2017-11-30";"1070001";"1077778";"IT";"S126";"11548371";""
"2017-11-30";"1070001";"1077778";"ITC41";"600";"10360866";""
"2017-11-30";"1070001";"1077778";"ITC4";"S1314";"7899";""
"2017-11-30";"1070001";"1077778";"ITC4";"S11001";"2574457";""
"2017-11-30";"1070001";"1077778";"ITC41";"S127";"45574";""
"2017-11-30";"1070001";"1077778";"ITC41";"S128";"2";""
"2017-11-30";"1070001";"1077778";"ITC41";"S12BI7";"62979";""
"2017-11-30";"1070001";"1077778";"ITC41";"SBI25";"9256349";""
"2017-11-30";"1070001";"1077778";"IT";"S1313";"67727293";""
"2017-11-30";"1070001";"1077778";"ITC41";"S11001";"65319";""
"2017-11-30";"1070001";"1077778";"ITC41";"S11BI7";"364445";""
"2017-11-30";"1070001";"1077778";"ITC4";"S124";"8957215";""
"2017-11-30";"1070001";"1077778";"ITC4";"S12BI7";"75254419";""
"2017-11-30";"1070001";"1077778";"ITC41";"450";"1029";""
"2017-11-30";"1070001";"1077778";"ITC41";"S11";"8405557";""
"2017-11-30";"1070001";"1077778";"ITC4";"S11BI7";"5091189";""
"2017-11-30";"1070001";"1077778";"ITC4";"S11BI8";"9353647";""
"2017-11-30";"1070001";"1077778";"ITC4";"S12BI66";"57968669";""
"2017-11-30";"1070001";"1077778";"ITC4";"SBI25";"226261022";""
"2017-11-30";"1070001";"1077778";"IT";"S13";"269057256";""
"2017-11-30";"1070001";"1077778";"IT";"S1311";"201240515";""
"2017-11-30";"1070001";"1077778";"IT";"SBI9";"303124";""
"2017-11-30";"1070001";"1077778";"IT";"S11";"736674147";""
"2017-11-30";"1070001";"1077778";"IT";"S11BI32";"643000188";""
"2017-11-30";"1070001";"1077778";"IT";"S11BI8";"51800905";""
"2017-11-30";"1070001";"1077778";"IT";"S124";"14232181";""
"2017-11-30";"1070001";"1077778";"ITC41";"S12BI66";"1869";""
"2017-11-30";"1070001";"1077778";"ITC4";"600";"118594092";""
"2017-11-30";"1070001";"1077778";"ITC4";"S11";"209887559";""
"2017-11-30";"1070001";"1077778";"ITC4";"S11BI32";"192800204";""
"2017-11-30";"1070001";"1077778";"ITC4";"S129";"706";""
"2017-11-30";"1070001";"1077778";"ITC4";"S13";"8511152";""
"2017-11-30";"1070001";"1077778";"IT";"600";"534731107";""
"2017-11-30";"1070001";"1077778";"ITC41";"S14";"11211657";""
"2017-11-30";"1070001";"1077778";"ITC41";"SBI9";"1291";""
"2017-11-30";"1070001";"1077778";"ITC4";"S127";"6348042";""
"2017-11-30";"1070001";"1077778";"ITC41";"S11BI32";"7400979";""
"2017-11-30";"1070001";"1077778";"ITC41";"S126";"15534";""
"2017-11-30";"1070001";"1077778";"ITC4";"S1313";"8437980";""
"2017-11-30";"1070001";"1077778";"ITC4";"S14";"134967555";""
"2017-11-30";"1070001";"1077778";"ITC4";"S14BI2";"16373463";""
"2017-11-30";"1070001";"1077778";"ITC4";"S15";"2497628";""
"2017-11-30";"1070001";"1077778";"ITC4";"SBI59";"431257867";""
"2017-11-30";"1070001";"1077778";"ITC41";"S1311";"375";""
"2017-11-30";"1070001";"1077778";"ITC41";"S1314";"33";""
"2017-11-30";"1070001";"1077778";"ITC41";"SBI59";"20199426";""
"2017-11-30";"1070001";"1077778";"IT";"S129";"5553";""
"2017-11-30";"1070001";"1077778";"IT";"450";"586742";""
"2017-11-30";"1070001";"1077778";"IT";"S127";"13669798";""
"2017-11-30";"1070001";"1077778";"IT";"S128";"5443444";""
"2017-11-30";"1070001";"1077778";"ITC41";"S11BI8";"573786";""
"2017-11-30";"1070001";"1077778";"IT";"SBI25";"823169161";""
"2017-11-30";"1070001";"1077778";"IT";"SBI59";"1769206281";""
"2017-11-30";"1070001";"1077778";"IT";"S11001";"19797957";""
"2017-11-30";"1070001";"1077778";"ITC41";"S1313";"449074";""
"2017-11-30";"1070001";"1077778";"IT";"S12BI7";"133270377";""
"2017-11-30";"1070001";"1077778";"ITC4";"S126";"1322552";""
"2017-11-30";"1070001";"1077778";"ITC4";"450";"68062";""
"2017-11-30";"1070001";"1077778";"IT";"S12BI66";"88371030";""
"2017-11-30";"1070001";"1077778";"IT";"S11BI7";"21488354";""
"2017-11-30";"1070001";"1077778";"ITC41";"S14BI2";"850792";""
"2017-10-31";"1070001";"1077778";"ITC41";"S12BI66";"1874";""
"2017-10-31";"1070001";"1077778";"ITC41";"S13";"448843";""
"2017-10-31";"1070001";"1077778";"ITC4";"S127";"6304816";""
"2017-10-31";"1070001";"1077778";"ITC4";"S1314";"9055";""
"2017-10-31";"1070001";"1077778";"ITC4";"S14BI2";"16339917";""
"2017-10-31";"1070001";"1077778";"ITC4";"SBI25";"222430364";""
"2017-10-31";"1070001";"1077778";"IT";"S11BI7";"21286784";""
"2017-10-31";"1070001";"1077778";"IT";"S12BI7";"133405911";""
"2017-10-31";"1070001";"1077778";"ITC41";"S12BI7";"63306";""
"2017-10-31";"1070001";"1077778";"ITC41";"S11BI7";"364394";""
"2017-10-31";"1070001";"1077778";"ITC4";"S129";"1150";""
"2017-10-31";"1070001";"1077778";"ITC4";"S13";"8126834";""
"2017-10-31";"1070001";"1077778";"ITC4";"S15";"2473173";""
"2017-10-31";"1070001";"1077778";"ITC41";"S11";"8313023";""
"2017-10-31";"1070001";"1077778";"IT";"S11";"728301745";""
"2017-10-31";"1070001";"1077778";"IT";"S128";"5317733";""
"2017-10-31";"1070001";"1077778";"ITC41";"SBI59";"20087857";""
"2017-10-31";"1070001";"1077778";"ITC4";"S11BI32";"188938864";""
"2017-10-31";"1070001";"1077778";"ITC4";"S128";"720156";""
"2017-10-31";"1070001";"1077778";"ITC4";"S12BI66";"58531223";""
"2017-10-31";"1070001";"1077778";"ITC4";"S1313";"8061642";""
"2017-10-31";"1070001";"1077778";"ITC4";"S14";"134572742";""
"2017-10-31";"1070001";"1077778";"ITC41";"450";"1025";""
"2017-10-31";"1070001";"1077778";"IT";"S11001";"19197131";""
"2017-10-31";"1070001";"1077778";"IT";"S127";"13637349";""
"2017-10-31";"1070001";"1077778";"IT";"S13";"269322139";""
"2017-10-31";"1070001";"1077778";"IT";"S14BI2";"86196058";""
"2017-10-31";"1070001";"1077778";"IT";"450";"571741";""
"2017-10-31";"1070001";"1077778";"IT";"600";"533390983";""
"2017-10-31";"1070001";"1077778";"ITC4";"S11BI7";"5020109";""
"2017-10-31";"1070001";"1077778";"ITC4";"S11BI8";"9363830";""
"2017-10-31";"1070001";"1077778";"ITC41";"S1311";"416";""
"2017-10-31";"1070001";"1077778";"ITC41";"SBI25";"9162315";""
"2017-10-31";"1070001";"1077778";"IT";"SBI25";"814497802";""
"2017-10-31";"1070001";"1077778";"IT";"SBI59";"1759493614";""
"2017-10-31";"1070001";"1077778";"ITC4";"600";"118232825";""
"2017-10-31";"1070001";"1077778";"ITC4";"S11001";"2701163";""
"2017-10-31";"1070001";"1077778";"ITC4";"S126";"1471956";""
"2017-10-31";"1070001";"1077778";"ITC4";"S1311";"56136";""
"2017-10-31";"1070001";"1077778";"ITC41";"600";"10343011";""
"2017-10-31";"1070001";"1077778";"IT";"SBI9";"286055";""
"2017-10-31";"1070001";"1077778";"IT";"S11BI8";"51548467";""
"2017-10-31";"1070001";"1077778";"IT";"S124";"14383317";""
"2017-10-31";"1070001";"1077778";"IT";"S129";"4083";""
"2017-10-31";"1070001";"1077778";"IT";"S14";"619587040";""
"2017-10-31";"1070001";"1077778";"IT";"S15";"8590724";""
"2017-10-31";"1070001";"1077778";"ITC41";"S127";"45498";""
"2017-10-31";"1070001";"1077778";"ITC41";"S14BI2";"849292";""
"2017-10-31";"1070001";"1077778";"ITC41";"SBI9";"1325";""
"2017-10-31";"1070001";"1077778";"ITC4";"S12BI7";"76116652";""
"2017-10-31";"1070001";"1077778";"ITC4";"SBI59";"427528588";""
"2017-10-31";"1070001";"1077778";"ITC41";"S1313";"448394";""
"2017-10-31";"1070001";"1077778";"ITC41";"S1314";"33";""
"2017-10-31";"1070001";"1077778";"ITC41";"S14";"11192304";""
"2017-10-31";"1070001";"1077778";"ITC41";"S15";"69056";""
"2017-10-31";"1070001";"1077778";"IT";"S12BI66";"88174174";""
"2017-10-31";"1070001";"1077778";"ITC4";"S11";"206090447";""
"2017-10-31";"1070001";"1077778";"IT";"S126";"11889255";""
"2017-10-31";"1070001";"1077778";"IT";"S1313";"67287904";""
"2017-10-31";"1070001";"1077778";"ITC41";"S11BI8";"579299";""
"2017-10-31";"1070001";"1077778";"ITC41";"S126";"15935";""
"2017-10-31";"1070001";"1077778";"ITC4";"450";"66480";""
"2017-10-31";"1070001";"1077778";"ITC4";"S124";"9087350";""
"2017-10-31";"1070001";"1077778";"ITC4";"SBI9";"148741";""
"2017-10-31";"1070001";"1077778";"ITC41";"S11001";"64900";""
"2017-10-31";"1070001";"1077778";"ITC41";"S11BI32";"7303404";""
"2017-10-31";"1070001";"1077778";"IT";"S11BI32";"635697622";""
"2017-10-31";"1070001";"1077778";"IT";"S1314";"156465";""
"2017-10-31";"1070001";"1077778";"IT";"S1311";"201877769";""
"2017-09-30";"1070001";"1077778";"ITC4";"S11BI7";"4962610";""
"2017-09-30";"1070001";"1077778";"IT";"S1314";"169811";""
"2017-09-30";"1070001";"1077778";"IT";"SBI59";"1760890306";""
"2017-09-30";"1070001";"1077778";"IT";"SBI9";"330488";""
"2017-09-30";"1070001";"1077778";"IT";"S1311";"204268380";""
"2017-09-30";"1070001";"1077778";"ITC4";"S128";"643251";""
"2017-09-30";"1070001";"1077778";"IT";"S11";"726702503";""
"2017-09-30";"1070001";"1077778";"IT";"S11BI7";"21110137";""
"2017-09-30";"1070001";"1077778";"ITC4";"450";"61664";""
"2017-09-30";"1070001";"1077778";"ITC41";"S14";"11176393";""
"2017-09-30";"1070001";"1077778";"ITC4";"S11001";"2642471";""
"2017-09-30";"1070001";"1077778";"IT";"S14";"617773900";""
"2017-09-30";"1070001";"1077778";"ITC4";"S124";"8870885";""
"2017-09-30";"1070001";"1077778";"ITC41";"S11BI7";"363712";""
"2017-09-30";"1070001";"1077778";"ITC4";"S15";"2479540";""
"2017-09-30";"1070001";"1077778";"ITC4";"SBI25";"222471593";""
"2017-09-30";"1070001";"1077778";"ITC4";"S129";"5894";""
"2017-09-30";"1070001";"1077778";"ITC4";"S11BI8";"9321792";""
"2017-09-30";"1070001";"1077778";"ITC41";"600";"10330284";""
"2017-09-30";"1070001";"1077778";"IT";"S124";"14243663";""
"2017-09-30";"1070001";"1077778";"ITC41";"S14BI2";"846109";""
"2017-09-30";"1070001";"1077778";"ITC41";"SBI9";"1105";""
"2017-09-30";"1070001";"1077778";"ITC41";"S13";"455386";""
"2017-09-30";"1070001";"1077778";"ITC41";"S11001";"61611";""
"2017-09-30";"1070001";"1077778";"ITC41";"S126";"16224";""
"2017-09-30";"1070001";"1077778";"ITC41";"S1314";"35";""
"2017-09-30";"1070001";"1077778";"ITC4";"S1314";"11683";""
"2017-09-30";"1070001";"1077778";"ITC41";"450";"1095";""
"2017-09-30";"1070001";"1077778";"IT";"SBI25";"812992382";""
"2017-09-30";"1070001";"1077778";"ITC4";"S11";"206213586";""
"2017-09-30";"1070001";"1077778";"IT";"S12BI7";"135552701";""
"2017-09-30";"1070001";"1077778";"ITC4";"S127";"7067958";""
"2017-09-30";"1070001";"1077778";"IT";"600";"531484021";""
"2017-09-30";"1070001";"1077778";"ITC41";"S12BI7";"63947";""
"2017-09-30";"1070001";"1077778";"ITC41";"S11BI32";"7290691";""
"2017-09-30";"1070001";"1077778";"ITC41";"S11BI8";"575908";""
"2017-09-30";"1070001";"1077778";"ITC4";"S14BI2";"16258007";""
"2017-09-30";"1070001";"1077778";"ITC4";"600";"117883289";""
"2017-09-30";"1070001";"1077778";"IT";"S11BI8";"51284521";""
"2017-09-30";"1070001";"1077778";"ITC41";"SBI25";"9139126";""
"2017-09-30";"1070001";"1077778";"ITC41";"SBI59";"20057618";""
"2017-09-30";"1070001";"1077778";"IT";"S11BI32";"634700844";""
"2017-09-30";"1070001";"1077778";"IT";"S13";"271944468";""
"2017-09-30";"1070001";"1077778";"ITC41";"S12BI66";"4484";""
"2017-09-30";"1070001";"1077778";"ITC41";"S1311";"379";""
"2017-09-30";"1070001";"1077778";"ITC4";"SBI59";"429273472";""
"2017-09-30";"1070001";"1077778";"ITC4";"S13";"8194099";""
"2017-09-30";"1070001";"1077778";"ITC4";"S1311";"70483";""
"2017-09-30";"1070001";"1077778";"IT";"450";"572569";""
"2017-09-30";"1070001";"1077778";"IT";"S129";"30637";""
"2017-09-30";"1070001";"1077778";"ITC41";"S15";"67769";""
"2017-09-30";"1070001";"1077778";"ITC4";"S1313";"8111933";""
"2017-09-30";"1070001";"1077778";"ITC4";"S14";"134141296";""
"2017-09-30";"1070001";"1077778";"IT";"S1313";"67506277";""
"2017-09-30";"1070001";"1077778";"IT";"S14BI2";"86289879";""
"2017-09-30";"1070001";"1077778";"IT";"S15";"8586246";""
"2017-09-30";"1070001";"1077778";"ITC4";"S11BI32";"189225049";""
"2017-09-30";"1070001";"1077778";"ITC41";"S127";"43238";""
"2017-09-30";"1070001";"1077778";"IT";"S126";"10961767";""
"2017-09-30";"1070001";"1077778";"ITC41";"S11";"8293017";""
"2017-09-30";"1070001";"1077778";"IT";"S12BI66";"90987664";""
"2017-09-30";"1070001";"1077778";"ITC41";"S1313";"454972";""
"2017-09-30";"1070001";"1077778";"ITC4";"S12BI66";"60041842";""
"2017-09-30";"1070001";"1077778";"ITC4";"S12BI7";"78044430";""
"2017-09-30";"1070001";"1077778";"ITC4";"SBI9";"200521";""
"2017-09-30";"1070001";"1077778";"ITC4";"S126";"1414600";""
"2017-09-30";"1070001";"1077778";"IT";"S11001";"19034432";""
"2017-09-30";"1070001";"1077778";"IT";"S127";"14143324";""
"2017-09-30";"1070001";"1077778";"IT";"S128";"5185646";""
"2017-08-31";"1070001";"1077778";"ITC41";"S1313";"451671";""
"2017-08-31";"1070001";"1077778";"ITC41";"SBI9";"1111";""
"2017-08-31";"1070001";"1077778";"ITC41";"S12BI66";"4485";""
"2017-08-31";"1070001";"1077778";"ITC4";"S11001";"2513687";""
"2017-08-31";"1070001";"1077778";"ITC4";"S11BI32";"190431217";""
"2017-08-31";"1070001";"1077778";"IT";"S14BI2";"86534447";""
"2017-08-31";"1070001";"1077778";"ITC4";"S127";"6998288";""
"2017-08-31";"1070001";"1077778";"IT";"S11BI7";"21586983";""
"2017-08-31";"1070001";"1077778";"IT";"S126";"10786601";""
"2017-08-31";"1070001";"1077778";"IT";"S128";"5304280";""
"2017-08-31";"1070001";"1077778";"ITC41";"S11001";"60832";""
"2017-08-31";"1070001";"1077778";"ITC41";"S11BI32";"7362906";""
"2017-08-31";"1070001";"1077778";"ITC4";"S11BI8";"9442223";""
"2017-08-31";"1070001";"1077778";"IT";"S11";"730984348";""
"2017-08-31";"1070001";"1077778";"IT";"S11BI32";"638563913";""
"2017-08-31";"1070001";"1077778";"ITC41";"SBI25";"9232607";""
"2017-08-31";"1070001";"1077778";"ITC4";"SBI59";"426839260";""
"2017-08-31";"1070001";"1077778";"ITC4";"SBI9";"183867";""
"2017-08-31";"1070001";"1077778";"ITC41";"600";"10315304";""
"2017-08-31";"1070001";"1077778";"ITC41";"S11";"8383252";""
"2017-08-31";"1070001";"1077778";"ITC41";"S11BI8";"585451";""
"2017-08-31";"1070001";"1077778";"ITC4";"S13";"8163724";""
"2017-08-31";"1070001";"1077778";"IT";"S14";"616401781";""
"2017-08-31";"1070001";"1077778";"IT";"S15";"8557466";""
"2017-08-31";"1070001";"1077778";"ITC4";"S128";"640561";""
"2017-08-31";"1070001";"1077778";"IT";"600";"529867335";""
"2017-08-31";"1070001";"1077778";"ITC41";"S13";"452149";""
"2017-08-31";"1070001";"1077778";"ITC41";"S1311";"443";""
"2017-08-31";"1070001";"1077778";"ITC41";"S15";"68928";""
"2017-08-31";"1070001";"1077778";"ITC4";"S1314";"7470";""
"2017-08-31";"1070001";"1077778";"ITC4";"S15";"2492403";""
"2017-08-31";"1070001";"1077778";"ITC4";"S11";"207544131";""
"2017-08-31";"1070001";"1077778";"ITC4";"S12BI66";"56655125";""
"2017-08-31";"1070001";"1077778";"IT";"S127";"14244840";""
"2017-08-31";"1070001";"1077778";"IT";"S12BI7";"131112414";""
"2017-08-31";"1070001";"1077778";"ITC4";"SBI25";"223883791";""
"2017-08-31";"1070001";"1077778";"ITC41";"450";"1114";""
"2017-08-31";"1070001";"1077778";"ITC4";"S14";"133928375";""
"2017-08-31";"1070001";"1077778";"IT";"S12BI66";"86672537";""
"2017-08-31";"1070001";"1077778";"ITC4";"S126";"1505171";""
"2017-08-31";"1070001";"1077778";"IT";"S11001";"18467315";""
"2017-08-31";"1070001";"1077778";"IT";"S11BI8";"51799420";""
"2017-08-31";"1070001";"1077778";"ITC41";"S12BI7";"75043";""
"2017-08-31";"1070001";"1077778";"ITC41";"S1314";"35";""
"2017-08-31";"1070001";"1077778";"ITC41";"SBI59";"20145141";""
"2017-08-31";"1070001";"1077778";"ITC4";"S1311";"71727";""
"2017-08-31";"1070001";"1077778";"ITC4";"S1313";"8084527";""
"2017-08-31";"1070001";"1077778";"ITC4";"S14BI2";"16339660";""
"2017-08-31";"1070001";"1077778";"ITC4";"S124";"8727294";""
"2017-08-31";"1070001";"1077778";"ITC4";"450";"58407";""
"2017-08-31";"1070001";"1077778";"ITC4";"S11BI7";"5098597";""
"2017-08-31";"1070001";"1077778";"IT";"SBI9";"282072";""
"2017-08-31";"1070001";"1077778";"ITC4";"S12BI7";"74526760";""
"2017-08-31";"1070001";"1077778";"IT";"S1314";"162679";""
"2017-08-31";"1070001";"1077778";"IT";"SBI25";"817518794";""
"2017-08-31";"1070001";"1077778";"ITC41";"S11BI7";"372949";""
"2017-08-31";"1070001";"1077778";"ITC41";"S126";"16023";""
"2017-08-31";"1070001";"1077778";"ITC41";"S127";"54535";""
"2017-08-31";"1070001";"1077778";"ITC4";"600";"117588715";""
"2017-08-31";"1070001";"1077778";"IT";"S129";"29181";""
"2017-08-31";"1070001";"1077778";"IT";"S13";"270420391";""
"2017-08-31";"1070001";"1077778";"IT";"S1311";"202855017";""
"2017-08-31";"1070001";"1077778";"ITC41";"S14";"11164659";""
"2017-08-31";"1070001";"1077778";"ITC41";"S14BI2";"849355";""
"2017-08-31";"1070001";"1077778";"IT";"SBI59";"1757758472";""
"2017-08-31";"1070001";"1077778";"IT";"S1313";"67402695";""
"2017-08-31";"1070001";"1077778";"ITC4";"S129";"320";""
"2017-08-31";"1070001";"1077778";"IT";"450";"566717";""
"2017-08-31";"1070001";"1077778";"IT";"S124";"14074975";""
"2017-07-31";"1070001";"1077778";"IT";"S126";"12652446";""
"2017-07-31";"1070001";"1077778";"ITC41";"S1311";"344";""
"2017-07-31";"1070001";"1077778";"ITC4";"S11";"210865523";""
"2017-07-31";"1070001";"1077778";"ITC4";"S11BI8";"9518615";""
"2017-07-31";"1070001";"1077778";"ITC4";"S1311";"66809";""
"2017-07-31";"1070001";"1077778";"ITC41";"450";"1076";""
"2017-07-31";"1070001";"1077778";"ITC41";"S15";"69859";""
"2017-07-31";"1070001";"1077778";"IT";"S13";"268306789";""
"2017-07-31";"1070001";"1077778";"IT";"S1313";"67403380";""
"2017-07-31";"1070001";"1077778";"IT";"600";"530963804";""
"2017-07-31";"1070001";"1077778";"IT";"S11";"740768712";""
"2017-07-31";"1070001";"1077778";"IT";"S11001";"17377403";""
"2017-07-31";"1070001";"1077778";"IT";"S14";"617776346";""
"2017-07-31";"1070001";"1077778";"IT";"S15";"8607765";""
"2017-07-31";"1070001";"1077778";"ITC41";"S1314";"35";""
"2017-07-31";"1070001";"1077778";"ITC4";"S128";"636143";""
"2017-07-31";"1070001";"1077778";"ITC4";"S13";"8184372";""
"2017-07-31";"1070001";"1077778";"IT";"S127";"14320440";""
"2017-07-31";"1070001";"1077778";"ITC4";"S11BI7";"5167018";""
"2017-07-31";"1070001";"1077778";"ITC4";"S127";"7146731";""
"2017-07-31";"1070001";"1077778";"ITC4";"S1314";"7897";""
"2017-07-31";"1070001";"1077778";"ITC41";"600";"10358482";""
"2017-07-31";"1070001";"1077778";"ITC41";"S1313";"452472";""
"2017-07-31";"1070001";"1077778";"ITC41";"S14BI2";"850290";""
"2017-07-31";"1070001";"1077778";"ITC41";"S12BI66";"4490";""
"2017-07-31";"1070001";"1077778";"ITC41";"S127";"57181";""
"2017-07-31";"1070001";"1077778";"IT";"S12BI66";"90191444";""
"2017-07-31";"1070001";"1077778";"ITC4";"450";"60193";""
"2017-07-31";"1070001";"1077778";"ITC4";"S11BI32";"193667181";""
"2017-07-31";"1070001";"1077778";"ITC4";"S129";"7735";""
"2017-07-31";"1070001";"1077778";"ITC4";"SBI9";"126572";""
"2017-07-31";"1070001";"1077778";"ITC41";"S11001";"59483";""
"2017-07-31";"1070001";"1077778";"IT";"S11BI32";"648636955";""
"2017-07-31";"1070001";"1077778";"IT";"S1311";"200663949";""
"2017-07-31";"1070001";"1077778";"IT";"S11BI7";"21811868";""
"2017-07-31";"1070001";"1077778";"ITC41";"S11BI32";"7500825";""
"2017-07-31";"1070001";"1077778";"ITC41";"S11BI7";"378199";""
"2017-07-31";"1070001";"1077778";"ITC41";"S14";"11208772";""
"2017-07-31";"1070001";"1077778";"ITC41";"SBI59";"20340918";""
"2017-07-31";"1070001";"1077778";"ITC4";"S11001";"2452515";""
"2017-07-31";"1070001";"1077778";"ITC4";"S14";"134376131";""
"2017-07-31";"1070001";"1077778";"IT";"S12BI7";"136459184";""
"2017-07-31";"1070001";"1077778";"IT";"S14BI2";"86812543";""
"2017-07-31";"1070001";"1077778";"ITC41";"S12BI7";"77548";""
"2017-07-31";"1070001";"1077778";"IT";"SBI59";"1772165583";""
"2017-07-31";"1070001";"1077778";"ITC41";"S126";"15876";""
"2017-07-31";"1070001";"1077778";"ITC4";"S126";"1472574";""
"2017-07-31";"1070001";"1077778";"ITC4";"S14BI2";"16411295";""
"2017-07-31";"1070001";"1077778";"ITC4";"SBI59";"433321371";""
"2017-07-31";"1070001";"1077778";"IT";"S128";"5224787";""
"2017-07-31";"1070001";"1077778";"IT";"S129";"16719";""
"2017-07-31";"1070001";"1077778";"ITC4";"S12BI66";"59343370";""
"2017-07-31";"1070001";"1077778";"ITC4";"S1313";"8109666";""
"2017-07-31";"1070001";"1077778";"ITC4";"SBI25";"227276818";""
"2017-07-31";"1070001";"1077778";"ITC41";"S13";"452850";""
"2017-07-31";"1070001";"1077778";"ITC41";"S11BI8";"591178";""
"2017-07-31";"1070001";"1077778";"ITC4";"600";"117964836";""
"2017-07-31";"1070001";"1077778";"IT";"S11BI8";"52341401";""
"2017-07-31";"1070001";"1077778";"IT";"S124";"14053348";""
"2017-07-31";"1070001";"1077778";"IT";"450";"601085";""
"2017-07-31";"1070001";"1077778";"IT";"SBI9";"246788";""
"2017-07-31";"1070001";"1077778";"ITC4";"S124";"8652444";""
"2017-07-31";"1070001";"1077778";"ITC4";"S12BI7";"77258996";""
"2017-07-31";"1070001";"1077778";"ITC4";"S15";"2509777";""
"2017-07-31";"1070001";"1077778";"ITC41";"S11";"8530762";""
"2017-07-31";"1070001";"1077778";"ITC41";"SBI25";"9381052";""
"2017-07-31";"1070001";"1077778";"ITC41";"SBI9";"1126";""
"2017-07-31";"1070001";"1077778";"IT";"S1314";"239460";""
"2017-07-31";"1070001";"1077778";"IT";"SBI25";"827581254";""
"2017-06-30";"1070001";"1077778";"ITC41";"SBI25";"9502023";""
"2017-06-30";"1070001";"1077778";"IT";"S14";"619275210";""
"2017-06-30";"1070001";"1077778";"IT";"S14BI2";"88340775";""
"2017-06-30";"1070001";"1077778";"IT";"S124";"14021693";""
"2017-06-30";"1070001";"1077778";"IT";"S13";"270097520";""
"2017-06-30";"1070001";"1077778";"IT";"S1311";"201811495";""
"2017-06-30";"1070001";"1077778";"ITC41";"S126";"15682";""
"2017-06-30";"1070001";"1077778";"ITC41";"S127";"58792";""
"2017-06-30";"1070001";"1077778";"ITC4";"S129";"6854";""
"2017-06-30";"1070001";"1077778";"ITC4";"SBI25";"230334521";""
"2017-06-30";"1070001";"1077778";"IT";"S11BI7";"22396873";""
"2017-06-30";"1070001";"1077778";"IT";"S126";"14063732";""
"2017-06-30";"1070001";"1077778";"IT";"S128";"4555194";""
"2017-06-30";"1070001";"1077778";"ITC41";"S12BI7";"83982";""
"2017-06-30";"1070001";"1077778";"ITC4";"S128";"639609";""
"2017-06-30";"1070001";"1077778";"ITC4";"S14";"134366974";""
"2017-06-30";"1070001";"1077778";"ITC4";"SBI59";"438961120";""
"2017-06-30";"1070001";"1077778";"ITC41";"450";"1023";""
"2017-06-30";"1070001";"1077778";"ITC41";"600";"10384322";""
"2017-06-30";"1070001";"1077778";"ITC41";"S14";"11234909";""
"2017-06-30";"1070001";"1077778";"ITC41";"S15";"70160";""
"2017-06-30";"1070001";"1077778";"ITC41";"SBI9";"1162";""
"2017-06-30";"1070001";"1077778";"IT";"S15";"8626071";""
"2017-06-30";"1070001";"1077778";"ITC4";"600";"117900309";""
"2017-06-30";"1070001";"1077778";"ITC41";"S11";"8651436";""
"2017-06-30";"1070001";"1077778";"ITC41";"S11BI8";"607262";""
"2017-06-30";"1070001";"1077778";"IT";"S1314";"294100";""
"2017-06-30";"1070001";"1077778";"IT";"SBI9";"267721";""
"2017-06-30";"1070001";"1077778";"IT";"600";"530934435";""
"2017-06-30";"1070001";"1077778";"IT";"S12BI7";"140952099";""
"2017-06-30";"1070001";"1077778";"ITC4";"S15";"2500881";""
"2017-06-30";"1070001";"1077778";"ITC4";"S124";"8751252";""
"2017-06-30";"1070001";"1077778";"ITC4";"S126";"1308010";""
"2017-06-30";"1070001";"1077778";"ITC4";"S12BI7";"79783625";""
"2017-06-30";"1070001";"1077778";"ITC41";"S1311";"432";""
"2017-06-30";"1070001";"1077778";"ITC41";"S1314";"37";""
"2017-06-30";"1070001";"1077778";"IT";"S1313";"67991925";""
"2017-06-30";"1070001";"1077778";"IT";"SBI25";"846108341";""
"2017-06-30";"1070001";"1077778";"IT";"S11BI32";"663735777";""
"2017-06-30";"1070001";"1077778";"IT";"S11BI8";"54107044";""
"2017-06-30";"1070001";"1077778";"IT";"S129";"20526";""
"2017-06-30";"1070001";"1077778";"ITC4";"S11";"213867855";""
"2017-06-30";"1070001";"1077778";"ITC41";"S11BI7";"385067";""
"2017-06-30";"1070001";"1077778";"ITC41";"S12BI66";"9508";""
"2017-06-30";"1070001";"1077778";"ITC4";"S1311";"88892";""
"2017-06-30";"1070001";"1077778";"ITC4";"S1313";"8170790";""
"2017-06-30";"1070001";"1077778";"ITC4";"S14BI2";"16466665";""
"2017-06-30";"1070001";"1077778";"ITC4";"S11BI32";"196220370";""
"2017-06-30";"1070001";"1077778";"IT";"450";"620015";""
"2017-06-30";"1070001";"1077778";"IT";"S11001";"16907856";""
"2017-06-30";"1070001";"1077778";"IT";"S127";"14311270";""
"2017-06-30";"1070001";"1077778";"IT";"S12BI66";"93979684";""
"2017-06-30";"1070001";"1077778";"ITC4";"450";"63957";""
"2017-06-30";"1070001";"1077778";"ITC41";"S11001";"59675";""
"2017-06-30";"1070001";"1077778";"ITC41";"S11BI32";"7598409";""
"2017-06-30";"1070001";"1077778";"ITC4";"S127";"7192458";""
"2017-06-30";"1070001";"1077778";"ITC4";"S12BI66";"61885442";""
"2017-06-30";"1070001";"1077778";"ITC4";"SBI9";"173624";""
"2017-06-30";"1070001";"1077778";"ITC41";"S13";"451547";""
"2017-06-30";"1070001";"1077778";"ITC41";"S1313";"451079";""
"2017-06-30";"1070001";"1077778";"ITC41";"S14BI2";"850587";""
"2017-06-30";"1070001";"1077778";"ITC4";"S11BI7";"5298257";""
"2017-06-30";"1070001";"1077778";"IT";"SBI59";"1796986188";""
"2017-06-30";"1070001";"1077778";"IT";"S11";"757767565";""
"2017-06-30";"1070001";"1077778";"ITC4";"S11BI8";"9743590";""
"2017-06-30";"1070001";"1077778";"ITC4";"S13";"8268160";""
"2017-06-30";"1070001";"1077778";"ITC4";"S1314";"8478";""
"2017-06-30";"1070001";"1077778";"ITC41";"SBI59";"20493197";""
"2017-06-30";"1070001";"1077778";"ITC4";"S11001";"2541680";""
"2017-05-31";"1070001";"1077778";"ITC4";"S1313";"8369912";""
"2017-05-31";"1070001";"1077778";"ITC41";"S11001";"61657";""
"2017-05-31";"1070001";"1077778";"ITC41";"S11BI32";"7872443";""
"2017-05-31";"1070001";"1077778";"ITC41";"S126";"15875";""
"2017-05-31";"1070001";"1077778";"ITC41";"S1311";"422";""
"2017-05-31";"1070001";"1077778";"ITC41";"SBI25";"9807441";""
"2017-05-31";"1070001";"1077778";"IT";"SBI59";"1802144798";""
"2017-05-31";"1070001";"1077778";"IT";"S124";"14023819";""
"2017-05-31";"1070001";"1077778";"IT";"S126";"13644949";""
"2017-05-31";"1070001";"1077778";"ITC4";"S12BI7";"74713394";""
"2017-05-31";"1070001";"1077778";"ITC4";"S14";"134751183";""
"2017-05-31";"1070001";"1077778";"ITC4";"SBI25";"230974811";""
"2017-05-31";"1070001";"1077778";"ITC4";"S124";"9059072";""
"2017-05-31";"1070001";"1077778";"ITC4";"S128";"630131";""
"2017-05-31";"1070001";"1077778";"ITC41";"S15";"70807";""
"2017-05-31";"1070001";"1077778";"ITC41";"SBI59";"20876391";""
"2017-05-31";"1070001";"1077778";"ITC4";"S11BI7";"5322593";""
"2017-05-31";"1070001";"1077778";"IT";"S12BI66";"88605884";""
"2017-05-31";"1070001";"1077778";"IT";"S14BI2";"88777817";""
"2017-05-31";"1070001";"1077778";"ITC4";"S127";"6081106";""
"2017-05-31";"1070001";"1077778";"ITC4";"S15";"2473641";""
"2017-05-31";"1070001";"1077778";"ITC41";"450";"1089";""
"2017-05-31";"1070001";"1077778";"ITC41";"S11BI7";"391987";""
"2017-05-31";"1070001";"1077778";"ITC41";"S1313";"465574";""
"2017-05-31";"1070001";"1077778";"ITC41";"S1314";"37";""
"2017-05-31";"1070001";"1077778";"ITC41";"S14BI2";"864434";""
"2017-05-31";"1070001";"1077778";"ITC4";"S11BI32";"196862745";""
"2017-05-31";"1070001";"1077778";"IT";"S11BI8";"55113610";""
"2017-05-31";"1070001";"1077778";"IT";"S128";"4555762";""
"2017-05-31";"1070001";"1077778";"IT";"S13";"267436142";""
"2017-05-31";"1070001";"1077778";"ITC41";"S11BI8";"615832";""
"2017-05-31";"1070001";"1077778";"ITC41";"S13";"466033";""
"2017-05-31";"1070001";"1077778";"ITC41";"SBI9";"1172";""
"2017-05-31";"1070001";"1077778";"ITC4";"S11";"214399702";""
"2017-05-31";"1070001";"1077778";"IT";"S129";"3872";""
"2017-05-31";"1070001";"1077778";"IT";"S1311";"197533744";""
"2017-05-31";"1070001";"1077778";"IT";"S1313";"69636075";""
"2017-05-31";"1070001";"1077778";"IT";"600";"533201965";""
"2017-05-31";"1070001";"1077778";"IT";"S11001";"16619771";""
"2017-05-31";"1070001";"1077778";"ITC4";"S126";"1393987";""
"2017-05-31";"1070001";"1077778";"ITC4";"S129";"452";""
"2017-05-31";"1070001";"1077778";"IT";"S1314";"266323";""
"2017-05-31";"1070001";"1077778";"ITC4";"S13";"8451997";""
"2017-05-31";"1070001";"1077778";"ITC4";"SBI59";"434955166";""
"2017-05-31";"1070001";"1077778";"ITC41";"S127";"59598";""
"2017-05-31";"1070001";"1077778";"ITC41";"S12BI7";"84522";""
"2017-05-31";"1070001";"1077778";"ITC4";"600";"118176074";""
"2017-05-31";"1070001";"1077778";"ITC4";"S11001";"2249415";""
"2017-05-31";"1070001";"1077778";"IT";"S14";"621979782";""
"2017-05-31";"1070001";"1077778";"IT";"SBI9";"282362";""
"2017-05-31";"1070001";"1077778";"IT";"S11";"769213165";""
"2017-05-31";"1070001";"1077778";"ITC4";"S1314";"6267";""
"2017-05-31";"1070001";"1077778";"ITC4";"S12BI66";"57548647";""
"2017-05-31";"1070001";"1077778";"ITC41";"S11";"8943008";""
"2017-05-31";"1070001";"1077778";"IT";"S12BI7";"134584732";""
"2017-05-31";"1070001";"1077778";"IT";"S15";"8648615";""
"2017-05-31";"1070001";"1077778";"IT";"S11BI7";"22684766";""
"2017-05-31";"1070001";"1077778";"ITC4";"S14BI2";"16575109";""
"2017-05-31";"1070001";"1077778";"ITC41";"S12BI66";"9049";""
"2017-05-31";"1070001";"1077778";"ITC41";"S14";"11310849";""
"2017-05-31";"1070001";"1077778";"ITC4";"450";"63655";""
"2017-05-31";"1070001";"1077778";"IT";"450";"668920";""
"2017-05-31";"1070001";"1077778";"IT";"S127";"13750444";""
"2017-05-31";"1070001";"1077778";"ITC4";"S1311";"75817";""
"2017-05-31";"1070001";"1077778";"ITC4";"SBI9";"165249";""
"2017-05-31";"1070001";"1077778";"ITC41";"600";"10446416";""
"2017-05-31";"1070001";"1077778";"ITC4";"S11BI8";"9901295";""
"2017-05-31";"1070001";"1077778";"IT";"S11BI32";"674126099";""
"2017-05-31";"1070001";"1077778";"IT";"SBI25";"857990982";""
"2017-04-30";"1070001";"1077778";"ITC4";"450";"63977";""
"2017-04-30";"1070001";"1077778";"ITC4";"S11BI32";"194295113";""
"2017-04-30";"1070001";"1077778";"ITC4";"S129";"521";""
"2017-04-30";"1070001";"1077778";"ITC4";"S1314";"36274";""
"2017-04-30";"1070001";"1077778";"ITC4";"S15";"2511927";""
"2017-04-30";"1070001";"1077778";"ITC4";"SBI25";"228288347";""
"2017-04-30";"1070001";"1077778";"ITC41";"450";"972";""
"2017-04-30";"1070001";"1077778";"IT";"S1311";"197461190";""
"2017-04-30";"1070001";"1077778";"IT";"450";"666321";""
"2017-04-30";"1070001";"1077778";"IT";"S11";"767322750";""
"2017-04-30";"1070001";"1077778";"IT";"SBI59";"1798380765";""
"2017-04-30";"1070001";"1077778";"ITC4";"S127";"6331498";""
"2017-04-30";"1070001";"1077778";"ITC41";"600";"10418287";""
"2017-04-30";"1070001";"1077778";"ITC41";"S14BI2";"859963";""
"2017-04-30";"1070001";"1077778";"IT";"S14";"619606282";""
"2017-04-30";"1070001";"1077778";"ITC41";"S12BI66";"9052";""
"2017-04-30";"1070001";"1077778";"ITC41";"S12BI7";"85351";""
"2017-04-30";"1070001";"1077778";"ITC41";"S14";"11278251";""
"2017-04-30";"1070001";"1077778";"ITC4";"S1311";"85191";""
"2017-04-30";"1070001";"1077778";"ITC4";"SBI9";"130317";""
"2017-04-30";"1070001";"1077778";"ITC41";"S11001";"62207";""
"2017-04-30";"1070001";"1077778";"ITC41";"S11BI7";"387404";""
"2017-04-30";"1070001";"1077778";"ITC41";"S127";"61269";""
"2017-04-30";"1070001";"1077778";"IT";"S126";"14047600";""
"2017-04-30";"1070001";"1077778";"IT";"S128";"4519352";""
"2017-04-30";"1070001";"1077778";"IT";"S15";"8683029";""
"2017-04-30";"1070001";"1077778";"ITC4";"S13";"8500793";""
"2017-04-30";"1070001";"1077778";"ITC41";"S15";"70018";""
"2017-04-30";"1070001";"1077778";"ITC4";"S11";"211776229";""
"2017-04-30";"1070001";"1077778";"ITC4";"S11001";"2308138";""
"2017-04-30";"1070001";"1077778";"IT";"S12BI7";"135380028";""
"2017-04-30";"1070001";"1077778";"IT";"S127";"13931693";""
"2017-04-30";"1070001";"1077778";"IT";"SBI25";"855850346";""
"2017-04-30";"1070001";"1077778";"ITC41";"S126";"15030";""
"2017-04-30";"1070001";"1077778";"ITC41";"S1314";"37";""
"2017-04-30";"1070001";"1077778";"ITC4";"S126";"1440519";""
"2017-04-30";"1070001";"1077778";"ITC4";"S12BI66";"57706792";""
"2017-04-30";"1070001";"1077778";"ITC41";"SBI9";"1430";""
"2017-04-30";"1070001";"1077778";"ITC41";"S11";"8819998";""
"2017-04-30";"1070001";"1077778";"ITC41";"S11BI32";"7749844";""
"2017-04-30";"1070001";"1077778";"IT";"S11BI7";"22521989";""
"2017-04-30";"1070001";"1077778";"IT";"S11BI8";"55046146";""
"2017-04-30";"1070001";"1077778";"IT";"SBI9";"252717";""
"2017-04-30";"1070001";"1077778";"IT";"S1313";"69403943";""
"2017-04-30";"1070001";"1077778";"ITC41";"S1313";"464463";""
"2017-04-30";"1070001";"1077778";"ITC41";"SBI25";"9679961";""
"2017-04-30";"1070001";"1077778";"ITC4";"600";"117771284";""
"2017-04-30";"1070001";"1077778";"ITC4";"S1313";"8379328";""
"2017-04-30";"1070001";"1077778";"ITC4";"S14";"134283402";""
"2017-04-30";"1070001";"1077778";"ITC4";"S14BI2";"16512118";""
"2017-04-30";"1070001";"1077778";"ITC4";"SBI59";"431958498";""
"2017-04-30";"1070001";"1077778";"ITC41";"S13";"464916";""
"2017-04-30";"1070001";"1077778";"IT";"S13";"267135959";""
"2017-04-30";"1070001";"1077778";"IT";"600";"531078687";""
"2017-04-30";"1070001";"1077778";"IT";"S11001";"16588626";""
"2017-04-30";"1070001";"1077778";"IT";"S14BI2";"88527595";""
"2017-04-30";"1070001";"1077778";"ITC41";"S11BI8";"619571";""
"2017-04-30";"1070001";"1077778";"ITC4";"S11BI7";"5245748";""
"2017-04-30";"1070001";"1077778";"ITC4";"S11BI8";"9863254";""
"2017-04-30";"1070001";"1077778";"ITC4";"S128";"608346";""
"2017-04-30";"1070001";"1077778";"IT";"S12BI66";"89140803";""
"2017-04-30";"1070001";"1077778";"ITC41";"S1311";"417";""
"2017-04-30";"1070001";"1077778";"ITC41";"SBI59";"20719964";""
"2017-04-30";"1070001";"1077778";"ITC4";"S124";"8668153";""
"2017-04-30";"1070001";"1077778";"ITC4";"S12BI7";"74755830";""
"2017-04-30";"1070001";"1077778";"IT";"S1314";"270825";""
"2017-04-30";"1070001";"1077778";"IT";"S11BI32";"672499668";""
"2017-04-30";"1070001";"1077778";"IT";"S124";"13616774";""
"2017-04-30";"1070001";"1077778";"IT";"S129";"123805";""
"2017-03-31";"1070001";"1077778";"ITC41";"SBI9";"1433";""
"2017-03-31";"1070001";"1077778";"ITC4";"SBI9";"128262";""
"2017-03-31";"1070001";"1077778";"ITC41";"S12BI7";"82963";""
"2017-03-31";"1070001";"1077778";"IT";"S1311";"197663491";""
"2017-03-31";"1070001";"1077778";"IT";"S14";"619241717";""
"2017-03-31";"1070001";"1077778";"IT";"S14BI2";"89241709";""
"2017-03-31";"1070001";"1077778";"ITC4";"S128";"619048";""
"2017-03-31";"1070001";"1077778";"ITC4";"S1313";"8334366";""
"2017-03-31";"1070001";"1077778";"ITC4";"SBI59";"435552386";""
"2017-03-31";"1070001";"1077778";"ITC41";"S126";"15259";""
"2017-03-31";"1070001";"1077778";"ITC41";"S1313";"458770";""
"2017-03-31";"1070001";"1077778";"ITC41";"S1314";"12";""
"2017-03-31";"1070001";"1077778";"ITC41";"S14";"11273450";""
"2017-03-31";"1070001";"1077778";"IT";"S11001";"16876504";""
"2017-03-31";"1070001";"1077778";"IT";"S11BI7";"22977398";""
"2017-03-31";"1070001";"1077778";"IT";"S129";"6766";""
"2017-03-31";"1070001";"1077778";"IT";"S13";"266874278";""
"2017-03-31";"1070001";"1077778";"IT";"S1314";"233635";""
"2017-03-31";"1070001";"1077778";"ITC4";"S1314";"38760";""
"2017-03-31";"1070001";"1077778";"ITC4";"S124";"8572075";""
"2017-03-31";"1070001";"1077778";"ITC41";"SBI59";"20831144";""
"2017-03-31";"1070001";"1077778";"ITC41";"450";"948";""
"2017-03-31";"1070001";"1077778";"ITC41";"S1311";"436";""
"2017-03-31";"1070001";"1077778";"ITC41";"S15";"71758";""
"2017-03-31";"1070001";"1077778";"IT";"450";"660559";""
"2017-03-31";"1070001";"1077778";"ITC4";"S11BI8";"10044362";""
"2017-03-31";"1070001";"1077778";"ITC4";"S12BI7";"76454096";""
"2017-03-31";"1070001";"1077778";"ITC4";"450";"66297";""
"2017-03-31";"1070001";"1077778";"ITC41";"600";"10402027";""
"2017-03-31";"1070001";"1077778";"IT";"S126";"13491422";""
"2017-03-31";"1070001";"1077778";"ITC4";"S126";"1518347";""
"2017-03-31";"1070001";"1077778";"ITC4";"S13";"8452284";""
"2017-03-31";"1070001";"1077778";"ITC4";"S1311";"79158";""
"2017-03-31";"1070001";"1077778";"ITC4";"600";"117786278";""
"2017-03-31";"1070001";"1077778";"ITC4";"S11";"213514415";""
"2017-03-31";"1070001";"1077778";"IT";"S15";"8819815";""
"2017-03-31";"1070001";"1077778";"IT";"SBI9";"254120";""
"2017-03-31";"1070001";"1077778";"ITC41";"SBI25";"9813746";""
"2017-03-31";"1070001";"1077778";"ITC4";"S12BI66";"60491768";""
"2017-03-31";"1070001";"1077778";"ITC4";"S14";"134484639";""
"2017-03-31";"1070001";"1077778";"ITC4";"S11001";"2449729";""
"2017-03-31";"1070001";"1077778";"ITC4";"S14BI2";"16698361";""
"2017-03-31";"1070001";"1077778";"ITC4";"SBI25";"230212776";""
"2017-03-31";"1070001";"1077778";"ITC41";"S11001";"63119";""
"2017-03-31";"1070001";"1077778";"ITC41";"S11BI8";"633502";""
"2017-03-31";"1070001";"1077778";"ITC41";"S127";"58554";""
"2017-03-31";"1070001";"1077778";"ITC41";"S12BI66";"9150";""
"2017-03-31";"1070001";"1077778";"IT";"S11BI32";"676710388";""
"2017-03-31";"1070001";"1077778";"IT";"S124";"13570414";""
"2017-03-31";"1070001";"1077778";"IT";"S12BI7";"139115735";""
"2017-03-31";"1070001";"1077778";"IT";"S1313";"68977152";""
"2017-03-31";"1070001";"1077778";"IT";"SBI59";"1807240656";""
"2017-03-31";"1070001";"1077778";"ITC4";"S129";"1856";""
"2017-03-31";"1070001";"1077778";"IT";"S128";"4532075";""
"2017-03-31";"1070001";"1077778";"IT";"S12BI66";"94566640";""
"2017-03-31";"1070001";"1077778";"ITC41";"S11BI32";"7848097";""
"2017-03-31";"1070001";"1077778";"ITC41";"S14BI2";"871423";""
"2017-03-31";"1070001";"1077778";"IT";"600";"530000008";""
"2017-03-31";"1070001";"1077778";"IT";"S11";"772934991";""
"2017-03-31";"1070001";"1077778";"IT";"S11BI8";"55710142";""
"2017-03-31";"1070001";"1077778";"IT";"S127";"12948417";""
"2017-03-31";"1070001";"1077778";"ITC4";"S11BI32";"195568316";""
"2017-03-31";"1070001";"1077778";"ITC4";"S11BI7";"5385710";""
"2017-03-31";"1070001";"1077778";"ITC4";"S15";"2518690";""
"2017-03-31";"1070001";"1077778";"ITC41";"S11";"8942322";""
"2017-03-31";"1070001";"1077778";"ITC41";"S11BI7";"396657";""
"2017-03-31";"1070001";"1077778";"ITC41";"S13";"459217";""
"2017-03-31";"1070001";"1077778";"IT";"SBI25";"862176700";""
"2017-03-31";"1070001";"1077778";"ITC4";"S127";"5251001";""
"2017-02-28";"1070001";"1077778";"IT";"S124";"14659549";""
"2017-02-28";"1070001";"1077778";"IT";"SBI59";"1800016222";""
"2017-02-28";"1070001";"1077778";"ITC4";"S1311";"88015";""
"2017-02-28";"1070001";"1077778";"ITC4";"S1314";"38691";""
"2017-02-28";"1070001";"1077778";"ITC4";"S15";"2531378";""
"2017-02-28";"1070001";"1077778";"ITC41";"S14BI2";"872655";""
"2017-02-28";"1070001";"1077778";"ITC41";"SBI9";"8480";""
"2017-02-28";"1070001";"1077778";"ITC41";"S12BI66";"9439";""
"2017-02-28";"1070001";"1077778";"IT";"S11BI7";"23157515";""
"2017-02-28";"1070001";"1077778";"ITC4";"S126";"1607484";""
"2017-02-28";"1070001";"1077778";"IT";"SBI25";"863815073";""
"2017-02-28";"1070001";"1077778";"ITC4";"S11BI7";"5438874";""
"2017-02-28";"1070001";"1077778";"IT";"SBI9";"266480";""
"2017-02-28";"1070001";"1077778";"ITC41";"S11BI8";"638326";""
"2017-02-28";"1070001";"1077778";"ITC41";"600";"10356383";""
"2017-02-28";"1070001";"1077778";"ITC41";"S1311";"387";""
"2017-02-28";"1070001";"1077778";"IT";"S129";"173795";""
"2017-02-28";"1070001";"1077778";"IT";"S13";"265067676";""
"2017-02-28";"1070001";"1077778";"IT";"S1311";"195649699";""
"2017-02-28";"1070001";"1077778";"ITC4";"450";"67894";""
"2017-02-28";"1070001";"1077778";"IT";"S1313";"69181949";""
"2017-02-28";"1070001";"1077778";"ITC41";"S13";"456039";""
"2017-02-28";"1070001";"1077778";"ITC4";"S129";"102303";""
"2017-02-28";"1070001";"1077778";"ITC4";"S12BI7";"75437320";""
"2017-02-28";"1070001";"1077778";"ITC41";"S11";"8940599";""
"2017-02-28";"1070001";"1077778";"ITC41";"S11BI7";"399359";""
"2017-02-28";"1070001";"1077778";"ITC41";"S126";"15255";""
"2017-02-28";"1070001";"1077778";"IT";"S11001";"16628886";""
"2017-02-28";"1070001";"1077778";"IT";"S128";"4488981";""
"2017-02-28";"1070001";"1077778";"ITC4";"S11";"213954560";""
"2017-02-28";"1070001";"1077778";"IT";"S14";"616554076";""
"2017-02-28";"1070001";"1077778";"IT";"S11BI32";"678288324";""
"2017-02-28";"1070001";"1077778";"ITC4";"S127";"5617328";""
"2017-02-28";"1070001";"1077778";"ITC4";"S14";"133805783";""
"2017-02-28";"1070001";"1077778";"ITC4";"SBI59";"434482526";""
"2017-02-28";"1070001";"1077778";"ITC41";"S14";"11229038";""
"2017-02-28";"1070001";"1077778";"IT";"S1314";"236028";""
"2017-02-28";"1070001";"1077778";"ITC41";"S15";"71870";""
"2017-02-28";"1070001";"1077778";"ITC41";"S11BI32";"7839898";""
"2017-02-28";"1070001";"1077778";"ITC41";"S127";"58595";""
"2017-02-28";"1070001";"1077778";"IT";"450";"714647";""
"2017-02-28";"1070001";"1077778";"IT";"600";"527475654";""
"2017-02-28";"1070001";"1077778";"IT";"S126";"13052560";""
"2017-02-28";"1070001";"1077778";"ITC4";"S14BI2";"16715713";""
"2017-02-28";"1070001";"1077778";"ITC4";"S11BI8";"10086588";""
"2017-02-28";"1070001";"1077778";"ITC4";"S124";"9423596";""
"2017-02-28";"1070001";"1077778";"ITC4";"600";"117090070";""
"2017-02-28";"1070001";"1077778";"IT";"S11BI8";"55947280";""
"2017-02-28";"1070001";"1077778";"ITC4";"S13";"8606604";""
"2017-02-28";"1070001";"1077778";"ITC4";"S1313";"8479898";""
"2017-02-28";"1070001";"1077778";"ITC4";"SBI25";"230670273";""
"2017-02-28";"1070001";"1077778";"IT";"S12BI66";"89029500";""
"2017-02-28";"1070001";"1077778";"ITC4";"S11001";"2478719";""
"2017-02-28";"1070001";"1077778";"ITC41";"S12BI7";"83289";""
"2017-02-28";"1070001";"1077778";"IT";"S11";"774736651";""
"2017-02-28";"1070001";"1077778";"IT";"S14BI2";"89078422";""
"2017-02-28";"1070001";"1077778";"ITC41";"S1314";"8";""
"2017-02-28";"1070001";"1077778";"ITC41";"SBI59";"20789316";""
"2017-02-28";"1070001";"1077778";"ITC4";"S128";"600553";""
"2017-02-28";"1070001";"1077778";"ITC4";"S12BI66";"58086057";""
"2017-02-28";"1070001";"1077778";"ITC4";"SBI9";"146879";""
"2017-02-28";"1070001";"1077778";"ITC41";"450";"1011";""
"2017-02-28";"1070001";"1077778";"ITC41";"SBI25";"9813254";""
"2017-02-28";"1070001";"1077778";"IT";"S12BI7";"134566025";""
"2017-02-28";"1070001";"1077778";"ITC4";"S11BI32";"195882484";""
"2017-02-28";"1070001";"1077778";"ITC41";"S11001";"62005";""
"2017-02-28";"1070001";"1077778";"IT";"S15";"8825314";""
"2017-02-28";"1070001";"1077778";"ITC41";"S1313";"455644";""
"2017-02-28";"1070001";"1077778";"IT";"S127";"13161640";""
"2017-01-31";"1070001";"1077778";"ITC41";"S1313";"452128";""
"2017-01-31";"1070001";"1077778";"IT";"S1314";"223643";""
"2017-01-31";"1070001";"1077778";"ITC4";"S129";"6404";""
"2017-01-31";"1070001";"1077778";"ITC4";"S14BI2";"16737403";""
"2017-01-31";"1070001";"1077778";"ITC41";"S11BI32";"7854552";""
"2017-01-31";"1070001";"1077778";"ITC41";"S1314";"8";""
"2017-01-31";"1070001";"1077778";"ITC41";"S14";"11222592";""
"2017-01-31";"1070001";"1077778";"IT";"S11BI32";"678191715";""
"2017-01-31";"1070001";"1077778";"ITC41";"S11BI7";"402071";""
"2017-01-31";"1070001";"1077778";"IT";"S1313";"68170659";""
"2017-01-31";"1070001";"1077778";"ITC4";"S127";"5500529";""
"2017-01-31";"1070001";"1077778";"ITC4";"S13";"8411993";""
"2017-01-31";"1070001";"1077778";"ITC4";"SBI59";"435347350";""
"2017-01-31";"1070001";"1077778";"ITC4";"SBI9";"109033";""
"2017-01-31";"1070001";"1077778";"IT";"S128";"4443645";""
"2017-01-31";"1070001";"1077778";"IT";"SBI9";"294059";""
"2017-01-31";"1070001";"1077778";"ITC41";"S126";"14942";""
"2017-01-31";"1070001";"1077778";"ITC41";"S1311";"388";""
"2017-01-31";"1070001";"1077778";"ITC4";"S11BI8";"10158672";""
"2017-01-31";"1070001";"1077778";"ITC4";"S128";"598968";""
"2017-01-31";"1070001";"1077778";"ITC41";"SBI59";"20806477";""
"2017-01-31";"1070001";"1077778";"IT";"S11BI7";"23327065";""
"2017-01-31";"1070001";"1077778";"IT";"S12BI66";"91591008";""
"2017-01-31";"1070001";"1077778";"IT";"S12BI7";"137214285";""
"2017-01-31";"1070001";"1077778";"IT";"S14";"614796150";""
"2017-01-31";"1070001";"1077778";"IT";"S14BI2";"89099450";""
"2017-01-31";"1070001";"1077778";"ITC4";"600";"116844216";""
"2017-01-31";"1070001";"1077778";"ITC4";"S124";"8985039";""
"2017-01-31";"1070001";"1077778";"ITC41";"S11001";"62819";""
"2017-01-31";"1070001";"1077778";"IT";"S124";"14193048";""
"2017-01-31";"1070001";"1077778";"IT";"S129";"9462";""
"2017-01-31";"1070001";"1077778";"IT";"S13";"264698259";""
"2017-01-31";"1070001";"1077778";"ITC41";"S13";"452524";""
"2017-01-31";"1070001";"1077778";"ITC4";"S12BI7";"76282833";""
"2017-01-31";"1070001";"1077778";"ITC4";"S15";"2560255";""
"2017-01-31";"1070001";"1077778";"ITC41";"450";"1068";""
"2017-01-31";"1070001";"1077778";"ITC41";"S11";"8966599";""
"2017-01-31";"1070001";"1077778";"IT";"S11";"775037826";""
"2017-01-31";"1070001";"1077778";"IT";"S126";"13980745";""
"2017-01-31";"1070001";"1077778";"ITC41";"SBI25";"9840052";""
"2017-01-31";"1070001";"1077778";"IT";"SBI59";"1800937950";""
"2017-01-31";"1070001";"1077778";"ITC41";"S127";"59374";""
"2017-01-31";"1070001";"1077778";"ITC4";"S11001";"2421810";""
"2017-01-31";"1070001";"1077778";"ITC4";"S1311";"99140";""
"2017-01-31";"1070001";"1077778";"ITC4";"S1314";"37846";""
"2017-01-31";"1070001";"1077778";"ITC41";"600";"10349139";""
"2017-01-31";"1070001";"1077778";"ITC41";"S14BI2";"873453";""
"2017-01-31";"1070001";"1077778";"IT";"S11001";"16667838";""
"2017-01-31";"1070001";"1077778";"IT";"S127";"12996378";""
"2017-01-31";"1070001";"1077778";"IT";"S15";"8897370";""
"2017-01-31";"1070001";"1077778";"ITC41";"S11BI8";"646089";""
"2017-01-31";"1070001";"1077778";"ITC41";"S12BI66";"9442";""
"2017-01-31";"1070001";"1077778";"ITC4";"S11BI32";"196264840";""
"2017-01-31";"1070001";"1077778";"ITC4";"S126";"1582178";""
"2017-01-31";"1070001";"1077778";"ITC4";"S12BI66";"59609714";""
"2017-01-31";"1070001";"1077778";"ITC4";"S1313";"8275006";""
"2017-01-31";"1070001";"1077778";"ITC4";"S14";"133581619";""
"2017-01-31";"1070001";"1077778";"ITC41";"S15";"72475";""
"2017-01-31";"1070001";"1077778";"ITC41";"SBI9";"8528";""
"2017-01-31";"1070001";"1077778";"IT";"450";"698118";""
"2017-01-31";"1070001";"1077778";"IT";"600";"525696701";""
"2017-01-31";"1070001";"1077778";"IT";"S11BI8";"56153090";""
"2017-01-31";"1070001";"1077778";"IT";"S1311";"196303956";""
"2017-01-31";"1070001";"1077778";"IT";"SBI25";"864137276";""
"2017-01-31";"1070001";"1077778";"ITC41";"S12BI7";"83758";""
"2017-01-31";"1070001";"1077778";"ITC4";"SBI25";"231139019";""
"2017-01-31";"1070001";"1077778";"ITC4";"450";"68590";""
"2017-01-31";"1070001";"1077778";"ITC4";"S11";"214401617";""
"2017-01-31";"1070001";"1077778";"ITC4";"S11BI7";"5487705";""
"2016-12-31";"1070001";"1077778";"IT";"S11001";"17325125";""
"2016-12-31";"1070001";"1077778";"IT";"S11BI32";"674238293";""
"2016-12-31";"1070001";"1077778";"IT";"S14";"615038880";""
"2016-12-31";"1070001";"1077778";"ITC4";"SBI9";"76774";""
"2016-12-31";"1070001";"1077778";"ITC41";"S11BI7";"397993";""
"2016-12-31";"1070001";"1077778";"ITC4";"S14BI2";"16750296";""
"2016-12-31";"1070001";"1077778";"ITC4";"S14";"133618974";""
"2016-12-31";"1070001";"1077778";"ITC4";"S11";"213703489";""
"2016-12-31";"1070001";"1077778";"ITC4";"S11BI32";"195631852";""
"2016-12-31";"1070001";"1077778";"ITC4";"S127";"6725291";""
"2016-12-31";"1070001";"1077778";"IT";"S1314";"134048";""
"2016-12-31";"1070001";"1077778";"ITC41";"S12BI7";"91528";""
"2016-12-31";"1070001";"1077778";"ITC41";"S1313";"453737";""
"2016-12-31";"1070001";"1077778";"ITC41";"S126";"15667";""
"2016-12-31";"1070001";"1077778";"IT";"S124";"13802814";""
"2016-12-31";"1070001";"1077778";"IT";"600";"525890788";""
"2016-12-31";"1070001";"1077778";"IT";"S12BI7";"145865423";""
"2016-12-31";"1070001";"1077778";"ITC4";"SBI25";"230453785";""
"2016-12-31";"1070001";"1077778";"ITC4";"S1314";"36776";""
"2016-12-31";"1070001";"1077778";"ITC4";"S124";"8646519";""
"2016-12-31";"1070001";"1077778";"ITC4";"S12BI66";"63509497";""
"2016-12-31";"1070001";"1077778";"ITC41";"SBI9";"674";""
"2016-12-31";"1070001";"1077778";"IT";"450";"682606";""
"2016-12-31";"1070001";"1077778";"IT";"S11BI8";"55928105";""
"2016-12-31";"1070001";"1077778";"IT";"S129";"16891";""
"2016-12-31";"1070001";"1077778";"ITC41";"S12BI66";"9498";""
"2016-12-31";"1070001";"1077778";"ITC41";"600";"10362879";""
"2016-12-31";"1070001";"1077778";"ITC41";"S11001";"62043";""
"2016-12-31";"1070001";"1077778";"ITC41";"SBI59";"20700122";""
"2016-12-31";"1070001";"1077778";"ITC4";"S12BI7";"81212149";""
"2016-12-31";"1070001";"1077778";"ITC41";"S1314";"8";""
"2016-12-31";"1070001";"1077778";"ITC41";"S15";"70916";""
"2016-12-31";"1070001";"1077778";"IT";"S126";"14379419";""
"2016-12-31";"1070001";"1077778";"ITC41";"S11BI8";"645424";""
"2016-12-31";"1070001";"1077778";"IT";"SBI9";"246323";""
"2016-12-31";"1070001";"1077778";"IT";"S13";"262202880";""
"2016-12-31";"1070001";"1077778";"IT";"S1311";"193703268";""
"2016-12-31";"1070001";"1077778";"ITC4";"S126";"1722958";""
"2016-12-31";"1070001";"1077778";"ITC41";"S127";"66363";""
"2016-12-31";"1070001";"1077778";"ITC41";"S13";"454249";""
"2016-12-31";"1070001";"1077778";"IT";"S11";"771290397";""
"2016-12-31";"1070001";"1077778";"ITC41";"450";"1109";""
"2016-12-31";"1070001";"1077778";"IT";"S15";"8786537";""
"2016-12-31";"1070001";"1077778";"IT";"SBI59";"1803430439";""
"2016-12-31";"1070001";"1077778";"ITC4";"S1311";"124311";""
"2016-12-31";"1070001";"1077778";"ITC4";"450";"65435";""
"2016-12-31";"1070001";"1077778";"ITC4";"S11BI7";"5405232";""
"2016-12-31";"1070001";"1077778";"ITC4";"S11BI8";"10077167";""
"2016-12-31";"1070001";"1077778";"IT";"S1313";"68365564";""
"2016-12-31";"1070001";"1077778";"ITC41";"S14";"11233636";""
"2016-12-31";"1070001";"1077778";"ITC41";"S14BI2";"870757";""
"2016-12-31";"1070001";"1077778";"IT";"S11BI7";"23116268";""
"2016-12-31";"1070001";"1077778";"ITC4";"S11001";"2523803";""
"2016-12-31";"1070001";"1077778";"ITC4";"S13";"8399199";""
"2016-12-31";"1070001";"1077778";"ITC4";"SBI59";"439530092";""
"2016-12-31";"1070001";"1077778";"IT";"S12BI66";"98896755";""
"2016-12-31";"1070001";"1077778";"ITC41";"S11BI32";"7742551";""
"2016-12-31";"1070001";"1077778";"IT";"S14BI2";"89148092";""
"2016-12-31";"1070001";"1077778";"IT";"S127";"14368107";""
"2016-12-31";"1070001";"1077778";"ITC41";"SBI25";"9719877";""
"2016-12-31";"1070001";"1077778";"ITC4";"S15";"2519508";""
"2016-12-31";"1070001";"1077778";"ITC4";"S1313";"8238112";""
"2016-12-31";"1070001";"1077778";"ITC4";"S128";"607259";""
"2016-12-31";"1070001";"1077778";"ITC41";"S1311";"504";""
"2016-12-31";"1070001";"1077778";"ITC41";"S11";"8849119";""
"2016-12-31";"1070001";"1077778";"IT";"S128";"4401436";""
"2016-12-31";"1070001";"1077778";"ITC4";"600";"116868678";""
"2016-12-31";"1070001";"1077778";"IT";"SBI25";"860438489";""
"2016-12-31";"1070001";"1077778";"ITC4";"S129";"625";""
"2016-11-30";"1070001";"1077778";"ITC4";"S12BI7";"76722423";""
"2016-11-30";"1070001";"1077778";"ITC4";"S14BI2";"16893665";""
"2016-11-30";"1070001";"1077778";"ITC41";"S11001";"64235";""
"2016-11-30";"1070001";"1077778";"ITC41";"S12BI7";"97051";""
"2016-11-30";"1070001";"1077778";"ITC41";"S13";"467607";""
"2016-11-30";"1070001";"1077778";"IT";"S124";"13060904";""
"2016-11-30";"1070001";"1077778";"IT";"S126";"13905380";""
"2016-11-30";"1070001";"1077778";"ITC4";"S124";"8178540";""
"2016-11-30";"1070001";"1077778";"ITC4";"S15";"2603235";""
"2016-11-30";"1070001";"1077778";"ITC41";"600";"10340962";""
"2016-11-30";"1070001";"1077778";"ITC41";"S11BI7";"404554";""
"2016-11-30";"1070001";"1077778";"ITC41";"S1314";"8";""
"2016-11-30";"1070001";"1077778";"ITC41";"S14";"11215977";""
"2016-11-30";"1070001";"1077778";"IT";"S12BI7";"137044484";""
"2016-11-30";"1070001";"1077778";"ITC4";"S1313";"8528397";""
"2016-11-30";"1070001";"1077778";"IT";"600";"525360053";""
"2016-11-30";"1070001";"1077778";"IT";"S11";"780878536";""
"2016-11-30";"1070001";"1077778";"ITC41";"S14BI2";"875015";""
"2016-11-30";"1070001";"1077778";"ITC41";"SBI59";"20786465";""
"2016-11-30";"1070001";"1077778";"ITC41";"SBI9";"675";""
"2016-11-30";"1070001";"1077778";"ITC41";"S11BI8";"652708";""
"2016-11-30";"1070001";"1077778";"IT";"S11BI7";"23560187";""
"2016-11-30";"1070001";"1077778";"IT";"S128";"4254374";""
"2016-11-30";"1070001";"1077778";"ITC4";"S129";"1144";""
"2016-11-30";"1070001";"1077778";"ITC4";"SBI9";"76673";""
"2016-11-30";"1070001";"1077778";"ITC4";"SBI25";"233652637";""
"2016-11-30";"1070001";"1077778";"ITC41";"S127";"70198";""
"2016-11-30";"1070001";"1077778";"ITC41";"S1311";"456";""
"2016-11-30";"1070001";"1077778";"ITC41";"S1313";"467143";""
"2016-11-30";"1070001";"1077778";"IT";"S11BI32";"683606850";""
"2016-11-30";"1070001";"1077778";"IT";"S1311";"190463998";""
"2016-11-30";"1070001";"1077778";"IT";"S129";"23602";""
"2016-11-30";"1070001";"1077778";"IT";"S1313";"68373437";""
"2016-11-30";"1070001";"1077778";"IT";"S1314";"109403";""
"2016-11-30";"1070001";"1077778";"IT";"SBI59";"1801071462";""
"2016-11-30";"1070001";"1077778";"ITC4";"S126";"1623056";""
"2016-11-30";"1070001";"1077778";"ITC4";"S127";"7028929";""
"2016-11-30";"1070001";"1077778";"ITC4";"S128";"583697";""
"2016-11-30";"1070001";"1077778";"ITC4";"S14";"133616489";""
"2016-11-30";"1070001";"1077778";"ITC4";"SBI59";"438401613";""
"2016-11-30";"1070001";"1077778";"ITC41";"S11";"8935471";""
"2016-11-30";"1070001";"1077778";"ITC4";"S11001";"2351958";""
"2016-11-30";"1070001";"1077778";"IT";"450";"714170";""
"2016-11-30";"1070001";"1077778";"IT";"S11001";"16346785";""
"2016-11-30";"1070001";"1077778";"ITC41";"SBI25";"9810486";""
"2016-11-30";"1070001";"1077778";"IT";"SBI25";"870547821";""
"2016-11-30";"1070001";"1077778";"IT";"S14BI2";"89669285";""
"2016-11-30";"1070001";"1077778";"IT";"S11BI8";"56650544";""
"2016-11-30";"1070001";"1077778";"ITC4";"S11BI7";"5518645";""
"2016-11-30";"1070001";"1077778";"ITC4";"S13";"8623821";""
"2016-11-30";"1070001";"1077778";"ITC41";"S15";"69684";""
"2016-11-30";"1070001";"1077778";"IT";"S12BI66";"90924701";""
"2016-11-30";"1070001";"1077778";"IT";"S14";"615029338";""
"2016-11-30";"1070001";"1077778";"IT";"S15";"8922844";""
"2016-11-30";"1070001";"1077778";"IT";"S13";"258946838";""
"2016-11-30";"1070001";"1077778";"ITC4";"S12BI66";"59307058";""
"2016-11-30";"1070001";"1077778";"ITC4";"600";"116722824";""
"2016-11-30";"1070001";"1077778";"ITC4";"S11";"216758972";""
"2016-11-30";"1070001";"1077778";"ITC4";"S11BI32";"198574121";""
"2016-11-30";"1070001";"1077778";"ITC4";"S11BI8";"10244689";""
"2016-11-30";"1070001";"1077778";"ITC41";"S11BI32";"7812884";""
"2016-11-30";"1070001";"1077778";"ITC41";"S126";"16213";""
"2016-11-30";"1070001";"1077778";"ITC41";"450";"1090";""
"2016-11-30";"1070001";"1077778";"ITC4";"S1311";"90284";""
"2016-11-30";"1070001";"1077778";"ITC4";"S1314";"5141";""
"2016-11-30";"1070001";"1077778";"ITC4";"450";"69558";""
"2016-11-30";"1070001";"1077778";"ITC41";"S12BI66";"10640";""
"2016-11-30";"1070001";"1077778";"IT";"S127";"14875523";""
"2016-11-30";"1070001";"1077778";"IT";"SBI9";"249422";""
"2016-10-31";"1070001";"1077778";"ITC4";"SBI25";"233887061";""
"2016-10-31";"1070001";"1077778";"ITC4";"S11";"217098900";""
"2016-10-31";"1070001";"1077778";"IT";"S11BI7";"23362867";""
"2016-10-31";"1070001";"1077778";"IT";"S124";"13127537";""
"2016-10-31";"1070001";"1077778";"ITC4";"S127";"5363180";""
"2016-10-31";"1070001";"1077778";"ITC4";"S12BI7";"76777498";""
"2016-10-31";"1070001";"1077778";"ITC4";"S1313";"8434363";""
"2016-10-31";"1070001";"1077778";"IT";"S129";"6537";""
"2016-10-31";"1070001";"1077778";"IT";"S12BI7";"136184418";""
"2016-10-31";"1070001";"1077778";"IT";"S13";"260531138";""
"2016-10-31";"1070001";"1077778";"IT";"S1311";"191988626";""
"2016-10-31";"1070001";"1077778";"IT";"S14BI2";"89368379";""
"2016-10-31";"1070001";"1077778";"ITC41";"S11001";"64933";""
"2016-10-31";"1070001";"1077778";"ITC41";"S1313";"467686";""
"2016-10-31";"1070001";"1077778";"IT";"S127";"13087627";""
"2016-10-31";"1070001";"1077778";"IT";"SBI9";"239776";""
"2016-10-31";"1070001";"1077778";"ITC4";"S11BI7";"5462736";""
"2016-10-31";"1070001";"1077778";"ITC4";"S129";"1567";""
"2016-10-31";"1070001";"1077778";"ITC4";"S12BI66";"61018273";""
"2016-10-31";"1070001";"1077778";"ITC41";"S11";"8891237";""
"2016-10-31";"1070001";"1077778";"ITC41";"S14BI2";"869324";""
"2016-10-31";"1070001";"1077778";"ITC41";"SBI9";"688";""
"2016-10-31";"1070001";"1077778";"IT";"S11";"778057599";""
"2016-10-31";"1070001";"1077778";"IT";"S1314";"110961";""
"2016-10-31";"1070001";"1077778";"IT";"S1313";"68431551";""
"2016-10-31";"1070001";"1077778";"ITC4";"S126";"1530381";""
"2016-10-31";"1070001";"1077778";"ITC41";"SBI59";"20707605";""
"2016-10-31";"1070001";"1077778";"ITC41";"600";"10317131";""
"2016-10-31";"1070001";"1077778";"ITC41";"SBI25";"9760561";""
"2016-10-31";"1070001";"1077778";"IT";"SBI25";"867425978";""
"2016-10-31";"1070001";"1077778";"ITC4";"600";"116448045";""
"2016-10-31";"1070001";"1077778";"IT";"S128";"4371110";""
"2016-10-31";"1070001";"1077778";"ITC4";"S14BI2";"16788160";""
"2016-10-31";"1070001";"1077778";"ITC4";"450";"57593";""
"2016-10-31";"1070001";"1077778";"IT";"S11001";"16096122";""
"2016-10-31";"1070001";"1077778";"IT";"S11BI32";"681229505";""
"2016-10-31";"1070001";"1077778";"IT";"S14";"613344799";""
"2016-10-31";"1070001";"1077778";"IT";"S15";"8901201";""
"2016-10-31";"1070001";"1077778";"IT";"SBI59";"1797258931";""
"2016-10-31";"1070001";"1077778";"ITC4";"S1311";"86893";""
"2016-10-31";"1070001";"1077778";"ITC41";"S11BI8";"649251";""
"2016-10-31";"1070001";"1077778";"ITC41";"S14";"11186455";""
"2016-10-31";"1070001";"1077778";"IT";"600";"523976420";""
"2016-10-31";"1070001";"1077778";"IT";"S126";"14095436";""
"2016-10-31";"1070001";"1077778";"ITC4";"S124";"8266147";""
"2016-10-31";"1070001";"1077778";"ITC4";"S13";"8526462";""
"2016-10-31";"1070001";"1077778";"ITC4";"SBI59";"438307464";""
"2016-10-31";"1070001";"1077778";"ITC41";"S127";"64498";""
"2016-10-31";"1070001";"1077778";"ITC41";"S12BI66";"10662";""
"2016-10-31";"1070001";"1077778";"ITC41";"S12BI7";"91655";""
"2016-10-31";"1070001";"1077778";"ITC41";"S1311";"444";""
"2016-10-31";"1070001";"1077778";"ITC41";"S15";"69432";""
"2016-10-31";"1070001";"1077778";"ITC4";"S1314";"5206";""
"2016-10-31";"1070001";"1077778";"ITC4";"S14";"133236205";""
"2016-10-31";"1070001";"1077778";"ITC41";"450";"1110";""
"2016-10-31";"1070001";"1077778";"ITC41";"S126";"16495";""
"2016-10-31";"1070001";"1077778";"ITC41";"S13";"468138";""
"2016-10-31";"1070001";"1077778";"IT";"S12BI66";"91496171";""
"2016-10-31";"1070001";"1077778";"IT";"450";"683011";""
"2016-10-31";"1070001";"1077778";"IT";"S11BI8";"56686094";""
"2016-10-31";"1070001";"1077778";"ITC4";"S11001";"2336201";""
"2016-10-31";"1070001";"1077778";"ITC4";"S11BI32";"198990002";""
"2016-10-31";"1070001";"1077778";"ITC4";"S11BI8";"10252369";""
"2016-10-31";"1070001";"1077778";"ITC4";"S128";"597950";""
"2016-10-31";"1070001";"1077778";"ITC4";"S15";"2594513";""
"2016-10-31";"1070001";"1077778";"ITC4";"SBI9";"73886";""
"2016-10-31";"1070001";"1077778";"ITC41";"S11BI32";"7776841";""
"2016-10-31";"1070001";"1077778";"ITC41";"S11BI7";"399102";""
"2016-10-31";"1070001";"1077778";"ITC41";"S1314";"8";""
"2016-09-30";"1070001";"1077778";"ITC4";"SBI25";"232896674";""
"2016-09-30";"1070001";"1077778";"ITC41";"S14";"11173779";""
"2016-09-30";"1070001";"1077778";"ITC4";"S1313";"8771783";""
"2016-09-30";"1070001";"1077778";"ITC41";"SBI59";"20729980";""
"2016-09-30";"1070001";"1077778";"ITC41";"SBI9";"679";""
"2016-09-30";"1070001";"1077778";"ITC4";"S11BI32";"197818955";""
"2016-09-30";"1070001";"1077778";"ITC4";"S11BI8";"10342397";""
"2016-09-30";"1070001";"1077778";"ITC4";"S128";"576224";""
"2016-09-30";"1070001";"1077778";"ITC4";"S129";"2025";""
"2016-09-30";"1070001";"1077778";"ITC4";"S12BI7";"79565334";""
"2016-09-30";"1070001";"1077778";"ITC4";"S14";"133082178";""
"2016-09-30";"1070001";"1077778";"ITC41";"600";"10299566";""
"2016-09-30";"1070001";"1077778";"ITC41";"S11BI32";"7792930";""
"2016-09-30";"1070001";"1077778";"ITC41";"S13";"475197";""
"2016-09-30";"1070001";"1077778";"IT";"450";"694372";""
"2016-09-30";"1070001";"1077778";"IT";"600";"523573753";""
"2016-09-30";"1070001";"1077778";"IT";"S126";"13830589";""
"2016-09-30";"1070001";"1077778";"ITC41";"S15";"69041";""
"2016-09-30";"1070001";"1077778";"ITC4";"600";"116232769";""
"2016-09-30";"1070001";"1077778";"ITC41";"S1314";"9";""
"2016-09-30";"1070001";"1077778";"ITC41";"S1311";"517";""
"2016-09-30";"1070001";"1077778";"IT";"S11BI32";"680947971";""
"2016-09-30";"1070001";"1077778";"IT";"SBI25";"867918769";""
"2016-09-30";"1070001";"1077778";"ITC4";"S12BI66";"62194190";""
"2016-09-30";"1070001";"1077778";"ITC41";"450";"1134";""
"2016-09-30";"1070001";"1077778";"ITC41";"S11BI7";"403813";""
"2016-09-30";"1070001";"1077778";"ITC41";"S12BI66";"10670";""
"2016-09-30";"1070001";"1077778";"IT";"S11BI8";"56966677";""
"2016-09-30";"1070001";"1077778";"ITC41";"S14BI2";"874213";""
"2016-09-30";"1070001";"1077778";"IT";"S13";"261923172";""
"2016-09-30";"1070001";"1077778";"ITC4";"S124";"9581042";""
"2016-09-30";"1070001";"1077778";"ITC41";"S11";"8919428";""
"2016-09-30";"1070001";"1077778";"ITC41";"S11BI8";"657024";""
"2016-09-30";"1070001";"1077778";"ITC41";"S126";"16655";""
"2016-09-30";"1070001";"1077778";"IT";"S127";"13089745";""
"2016-09-30";"1070001";"1077778";"IT";"S128";"4347229";""
"2016-09-30";"1070001";"1077778";"IT";"S129";"8285";""
"2016-09-30";"1070001";"1077778";"IT";"S12BI66";"94080338";""
"2016-09-30";"1070001";"1077778";"IT";"S14BI2";"89840582";""
"2016-09-30";"1070001";"1077778";"IT";"SBI9";"246186";""
"2016-09-30";"1070001";"1077778";"IT";"S12BI7";"139873182";""
"2016-09-30";"1070001";"1077778";"ITC4";"S1311";"78919";""
"2016-09-30";"1070001";"1077778";"ITC4";"S11001";"2306371";""
"2016-09-30";"1070001";"1077778";"ITC4";"S126";"1728159";""
"2016-09-30";"1070001";"1077778";"ITC4";"S1314";"5870";""
"2016-09-30";"1070001";"1077778";"ITC41";"S11001";"64527";""
"2016-09-30";"1070001";"1077778";"ITC41";"S12BI7";"91855";""
"2016-09-30";"1070001";"1077778";"IT";"S1313";"69174477";""
"2016-09-30";"1070001";"1077778";"IT";"S14";"613414335";""
"2016-09-30";"1070001";"1077778";"IT";"SBI59";"1802480923";""
"2016-09-30";"1070001";"1077778";"ITC4";"S127";"5483694";""
"2016-09-30";"1070001";"1077778";"ITC41";"S127";"64531";""
"2016-09-30";"1070001";"1077778";"ITC4";"S13";"8856571";""
"2016-09-30";"1070001";"1077778";"IT";"S11";"778078187";""
"2016-09-30";"1070001";"1077778";"IT";"S11001";"15868998";""
"2016-09-30";"1070001";"1077778";"IT";"S1311";"192618159";""
"2016-09-30";"1070001";"1077778";"IT";"S1314";"130536";""
"2016-09-30";"1070001";"1077778";"ITC41";"SBI25";"9793641";""
"2016-09-30";"1070001";"1077778";"ITC4";"450";"59450";""
"2016-09-30";"1070001";"1077778";"ITC4";"S11";"216047265";""
"2016-09-30";"1070001";"1077778";"ITC4";"S11BI7";"5520091";""
"2016-09-30";"1070001";"1077778";"ITC4";"S14BI2";"16849410";""
"2016-09-30";"1070001";"1077778";"ITC4";"S15";"2621075";""
"2016-09-30";"1070001";"1077778";"ITC4";"SBI59";"440247136";""
"2016-09-30";"1070001";"1077778";"ITC4";"SBI9";"74712";""
"2016-09-30";"1070001";"1077778";"ITC41";"S1313";"474671";""
"2016-09-30";"1070001";"1077778";"IT";"S11BI7";"23600168";""
"2016-09-30";"1070001";"1077778";"IT";"S124";"14516995";""
"2016-09-30";"1070001";"1077778";"IT";"S15";"8945862";""
"2016-08-31";"1070001";"1077778";"ITC4";"S124";"8083357";""
"2016-08-31";"1070001";"1077778";"ITC4";"SBI59";"438481331";""
"2016-08-31";"1070001";"1077778";"ITC41";"450";"1181";""
"2016-08-31";"1070001";"1077778";"IT";"S11BI7";"23618290";""
"2016-08-31";"1070001";"1077778";"IT";"SBI59";"1799870826";""
"2016-08-31";"1070001";"1077778";"IT";"S15";"8867634";""
"2016-08-31";"1070001";"1077778";"ITC41";"S11001";"68259";""
"2016-08-31";"1070001";"1077778";"IT";"S1314";"172133";""
"2016-08-31";"1070001";"1077778";"ITC4";"S11";"216755379";""
"2016-08-31";"1070001";"1077778";"ITC4";"S13";"8510038";""
"2016-08-31";"1070001";"1077778";"ITC4";"S1311";"81382";""
"2016-08-31";"1070001";"1077778";"IT";"600";"522445302";""
"2016-08-31";"1070001";"1077778";"ITC41";"S15";"68967";""
"2016-08-31";"1070001";"1077778";"ITC41";"S12BI7";"92649";""
"2016-08-31";"1070001";"1077778";"ITC4";"S11BI8";"10367942";""
"2016-08-31";"1070001";"1077778";"ITC4";"S126";"1861045";""
"2016-08-31";"1070001";"1077778";"ITC4";"S129";"1366";""
"2016-08-31";"1070001";"1077778";"ITC41";"S126";"16681";""
"2016-08-31";"1070001";"1077778";"IT";"S124";"13042745";""
"2016-08-31";"1070001";"1077778";"ITC41";"SBI9";"704";""
"2016-08-31";"1070001";"1077778";"ITC41";"SBI25";"9763718";""
"2016-08-31";"1070001";"1077778";"ITC41";"S1313";"469226";""
"2016-08-31";"1070001";"1077778";"ITC4";"S15";"2598208";""
"2016-08-31";"1070001";"1077778";"ITC4";"SBI9";"74156";""
"2016-08-31";"1070001";"1077778";"ITC4";"S12BI7";"77702062";""
"2016-08-31";"1070001";"1077778";"ITC41";"S127";"65302";""
"2016-08-31";"1070001";"1077778";"IT";"SBI9";"249974";""
"2016-08-31";"1070001";"1077778";"IT";"S12BI7";"136626679";""
"2016-08-31";"1070001";"1077778";"IT";"S13";"262765484";""
"2016-08-31";"1070001";"1077778";"ITC41";"S1311";"433";""
"2016-08-31";"1070001";"1077778";"ITC41";"S14";"11142253";""
"2016-08-31";"1070001";"1077778";"ITC4";"S127";"5608272";""
"2016-08-31";"1070001";"1077778";"ITC41";"S11BI8";"655342";""
"2016-08-31";"1070001";"1077778";"IT";"450";"720002";""
"2016-08-31";"1070001";"1077778";"IT";"S11";"779256605";""
"2016-08-31";"1070001";"1077778";"IT";"S127";"13323311";""
"2016-08-31";"1070001";"1077778";"IT";"S128";"4363796";""
"2016-08-31";"1070001";"1077778";"IT";"S129";"4271";""
"2016-08-31";"1070001";"1077778";"IT";"S12BI66";"92384381";""
"2016-08-31";"1070001";"1077778";"IT";"S14BI2";"89659148";""
"2016-08-31";"1070001";"1077778";"ITC41";"S1314";"9";""
"2016-08-31";"1070001";"1077778";"ITC4";"600";"116036700";""
"2016-08-31";"1070001";"1077778";"ITC4";"S11BI32";"198486997";""
"2016-08-31";"1070001";"1077778";"ITC4";"S11BI7";"5504409";""
"2016-08-31";"1070001";"1077778";"ITC4";"S1314";"4966";""
"2016-08-31";"1070001";"1077778";"ITC4";"S14BI2";"16804789";""
"2016-08-31";"1070001";"1077778";"ITC41";"S11BI7";"403803";""
"2016-08-31";"1070001";"1077778";"IT";"S11BI32";"682205963";""
"2016-08-31";"1070001";"1077778";"IT";"SBI25";"868915753";""
"2016-08-31";"1070001";"1077778";"ITC41";"SBI59";"20668452";""
"2016-08-31";"1070001";"1077778";"ITC41";"S14BI2";"869508";""
"2016-08-31";"1070001";"1077778";"ITC4";"S11001";"2335627";""
"2016-08-31";"1070001";"1077778";"ITC4";"S128";"559748";""
"2016-08-31";"1070001";"1077778";"ITC4";"S12BI66";"61588275";""
"2016-08-31";"1070001";"1077778";"ITC4";"S1313";"8423690";""
"2016-08-31";"1070001";"1077778";"ITC4";"S14";"132841488";""
"2016-08-31";"1070001";"1077778";"ITC41";"S11BI32";"7765625";""
"2016-08-31";"1070001";"1077778";"ITC4";"SBI25";"233560167";""
"2016-08-31";"1070001";"1077778";"ITC41";"S12BI66";"10666";""
"2016-08-31";"1070001";"1077778";"ITC41";"S13";"469668";""
"2016-08-31";"1070001";"1077778";"ITC4";"450";"60404";""
"2016-08-31";"1070001";"1077778";"ITC41";"600";"10272745";""
"2016-08-31";"1070001";"1077778";"ITC41";"S11";"8894210";""
"2016-08-31";"1070001";"1077778";"IT";"S11001";"15651334";""
"2016-08-31";"1070001";"1077778";"IT";"S11BI8";"57061016";""
"2016-08-31";"1070001";"1077778";"IT";"S126";"13508174";""
"2016-08-31";"1070001";"1077778";"IT";"S1311";"193676408";""
"2016-08-31";"1070001";"1077778";"IT";"S1313";"68916944";""
"2016-08-31";"1070001";"1077778";"IT";"S14";"612104450";""
"2016-07-31";"1070001";"1077778";"ITC4";"S1313";"8581122";""
"2016-07-31";"1070001";"1077778";"ITC4";"S14";"133128277";""
"2016-07-31";"1070001";"1077778";"ITC41";"SBI59";"20805379";""
"2016-07-31";"1070001";"1077778";"IT";"S11001";"15496204";""
"2016-07-31";"1070001";"1077778";"IT";"S11BI32";"685646920";""
"2016-07-31";"1070001";"1077778";"IT";"S124";"13156852";""
"2016-07-31";"1070001";"1077778";"IT";"S127";"13401019";""
"2016-07-31";"1070001";"1077778";"ITC4";"S11BI32";"199902964";""
"2016-07-31";"1070001";"1077778";"ITC41";"S11";"8987448";""
"2016-07-31";"1070001";"1077778";"ITC41";"S1314";"9";""
"2016-07-31";"1070001";"1077778";"ITC41";"S14BI2";"864222";""
"2016-07-31";"1070001";"1077778";"IT";"S12BI66";"95844457";""
"2016-07-31";"1070001";"1077778";"ITC4";"S11BI7";"5465370";""
"2016-07-31";"1070001";"1077778";"ITC4";"S124";"8113583";""
"2016-07-31";"1070001";"1077778";"ITC4";"S12BI7";"79123807";""
"2016-07-31";"1070001";"1077778";"ITC41";"S11BI8";"651660";""
"2016-07-31";"1070001";"1077778";"ITC41";"S127";"65405";""
"2016-07-31";"1070001";"1077778";"ITC41";"SBI25";"9851670";""
"2016-07-31";"1070001";"1077778";"IT";"S14";"612825421";""
"2016-07-31";"1070001";"1077778";"IT";"S12BI7";"140476129";""
"2016-07-31";"1070001";"1077778";"IT";"S1311";"195586669";""
"2016-07-31";"1070001";"1077778";"ITC41";"S13";"468242";""
"2016-07-31";"1070001";"1077778";"ITC41";"S1311";"429";""
"2016-07-31";"1070001";"1077778";"ITC4";"S129";"590";""
"2016-07-31";"1070001";"1077778";"ITC41";"600";"10324044";""
"2016-07-31";"1070001";"1077778";"ITC41";"S126";"16172";""
"2016-07-31";"1070001";"1077778";"ITC41";"S12BI66";"10678";""
"2016-07-31";"1070001";"1077778";"ITC4";"S1314";"5048";""
"2016-07-31";"1070001";"1077778";"IT";"S126";"13674641";""
"2016-07-31";"1070001";"1077778";"IT";"S128";"4388872";""
"2016-07-31";"1070001";"1077778";"ITC41";"S1313";"467804";""
"2016-07-31";"1070001";"1077778";"ITC4";"S11001";"2345129";""
"2016-07-31";"1070001";"1077778";"ITC4";"S128";"580743";""
"2016-07-31";"1070001";"1077778";"ITC4";"SBI9";"91679";""
"2016-07-31";"1070001";"1077778";"ITC4";"S15";"2583712";""
"2016-07-31";"1070001";"1077778";"ITC4";"SBI25";"234857630";""
"2016-07-31";"1070001";"1077778";"IT";"S15";"8905754";""
"2016-07-31";"1070001";"1077778";"IT";"S11BI7";"23402588";""
"2016-07-31";"1070001";"1077778";"IT";"S13";"265023035";""
"2016-07-31";"1070001";"1077778";"ITC41";"SBI9";"703";""
"2016-07-31";"1070001";"1077778";"ITC4";"S12BI66";"63023858";""
"2016-07-31";"1070001";"1077778";"ITC4";"S13";"8668559";""
"2016-07-31";"1070001";"1077778";"ITC4";"S1311";"82389";""
"2016-07-31";"1070001";"1077778";"IT";"SBI59";"1809701158";""
"2016-07-31";"1070001";"1077778";"IT";"S14BI2";"89442930";""
"2016-07-31";"1070001";"1077778";"ITC4";"S14BI2";"16758242";""
"2016-07-31";"1070001";"1077778";"IT";"600";"523382491";""
"2016-07-31";"1070001";"1077778";"IT";"S1314";"230255";""
"2016-07-31";"1070001";"1077778";"ITC4";"S126";"1773843";""
"2016-07-31";"1070001";"1077778";"ITC41";"S11001";"68669";""
"2016-07-31";"1070001";"1077778";"ITC41";"S11BI32";"7863462";""
"2016-07-31";"1070001";"1077778";"ITC41";"S12BI7";"92255";""
"2016-07-31";"1070001";"1077778";"ITC41";"450";"1272";""
"2016-07-31";"1070001";"1077778";"ITC41";"S11BI7";"402385";""
"2016-07-31";"1070001";"1077778";"ITC41";"S15";"68465";""
"2016-07-31";"1070001";"1077778";"IT";"450";"694985";""
"2016-07-31";"1070001";"1077778";"IT";"S11";"782199629";""
"2016-07-31";"1070001";"1077778";"IT";"S11BI8";"56958931";""
"2016-07-31";"1070001";"1077778";"ITC4";"S11BI8";"10330170";""
"2016-07-31";"1070001";"1077778";"ITC4";"S127";"5631190";""
"2016-07-31";"1070001";"1077778";"IT";"SBI25";"871642559";""
"2016-07-31";"1070001";"1077778";"IT";"SBI9";"271191";""
"2016-07-31";"1070001";"1077778";"ITC41";"S14";"11188265";""
"2016-07-31";"1070001";"1077778";"IT";"S129";"10288";""
"2016-07-31";"1070001";"1077778";"IT";"S1313";"69206111";""
"2016-07-31";"1070001";"1077778";"ITC4";"450";"55755";""
"2016-07-31";"1070001";"1077778";"ITC4";"600";"116370035";""
"2016-07-31";"1070001";"1077778";"ITC4";"S11";"218099388";""
"2016-07-31";"1070001";"1077778";"ITC4";"SBI59";"441695423";""
"2016-06-30";"1070001";"1077778";"ITC41";"S126";"16569";""
"2016-06-30";"1070001";"1077778";"ITC41";"S12BI66";"14526";""
"2016-06-30";"1070001";"1077778";"ITC4";"450";"61621";""
"2016-06-30";"1070001";"1077778";"ITC4";"S11";"218307954";""
"2016-06-30";"1070001";"1077778";"ITC4";"S11BI8";"10486338";""
"2016-06-30";"1070001";"1077778";"ITC4";"S128";"562936";""
"2016-06-30";"1070001";"1077778";"IT";"S127";"13306964";""
"2016-06-30";"1070001";"1077778";"IT";"SBI9";"256260";""
"2016-06-30";"1070001";"1077778";"ITC41";"S14BI2";"877068";""
"2016-06-30";"1070001";"1077778";"ITC41";"S15";"66052";""
"2016-06-30";"1070001";"1077778";"ITC41";"600";"10282062";""
"2016-06-30";"1070001";"1077778";"ITC41";"S11";"9116993";""
"2016-06-30";"1070001";"1077778";"ITC41";"S1313";"465989";""
"2016-06-30";"1070001";"1077778";"ITC4";"600";"115862558";""
"2016-06-30";"1070001";"1077778";"IT";"S11001";"15803604";""
"2016-06-30";"1070001";"1077778";"IT";"S124";"13213388";""
"2016-06-30";"1070001";"1077778";"ITC41";"450";"1270";""
"2016-06-30";"1070001";"1077778";"ITC41";"S11001";"68516";""
"2016-06-30";"1070001";"1077778";"ITC41";"S11BI7";"414691";""
"2016-06-30";"1070001";"1077778";"ITC41";"S13";"466386";""
"2016-06-30";"1070001";"1077778";"ITC41";"S1311";"387";""
"2016-06-30";"1070001";"1077778";"ITC4";"S126";"1926173";""
"2016-06-30";"1070001";"1077778";"ITC4";"S12BI66";"64527920";""
"2016-06-30";"1070001";"1077778";"ITC4";"S11BI32";"199736076";""
"2016-06-30";"1070001";"1077778";"IT";"S129";"12578";""
"2016-06-30";"1070001";"1077778";"ITC41";"SBI59";"20913931";""
"2016-06-30";"1070001";"1077778";"ITC4";"S1311";"140360";""
"2016-06-30";"1070001";"1077778";"ITC4";"S124";"8173639";""
"2016-06-30";"1070001";"1077778";"ITC4";"SBI9";"76269";""
"2016-06-30";"1070001";"1077778";"IT";"S1313";"69292763";""
"2016-06-30";"1070001";"1077778";"IT";"S14";"611975992";""
"2016-06-30";"1070001";"1077778";"IT";"S14BI2";"90392307";""
"2016-06-30";"1070001";"1077778";"IT";"S15";"8903937";""
"2016-06-30";"1070001";"1077778";"ITC41";"S11BI8";"659938";""
"2016-06-30";"1070001";"1077778";"ITC4";"S12BI7";"81015715";""
"2016-06-30";"1070001";"1077778";"ITC4";"S1313";"8590315";""
"2016-06-30";"1070001";"1077778";"ITC4";"S11BI7";"5650142";""
"2016-06-30";"1070001";"1077778";"ITC4";"S127";"5821236";""
"2016-06-30";"1070001";"1077778";"IT";"S12BI66";"98663487";""
"2016-06-30";"1070001";"1077778";"IT";"S1311";"196199354";""
"2016-06-30";"1070001";"1077778";"IT";"S11BI7";"24013126";""
"2016-06-30";"1070001";"1077778";"IT";"S126";"13531322";""
"2016-06-30";"1070001";"1077778";"ITC41";"SBI9";"737";""
"2016-06-30";"1070001";"1077778";"ITC4";"S14BI2";"16944673";""
"2016-06-30";"1070001";"1077778";"IT";"SBI25";"876693254";""
"2016-06-30";"1070001";"1077778";"ITC4";"S15";"2608260";""
"2016-06-30";"1070001";"1077778";"IT";"S128";"4407143";""
"2016-06-30";"1070001";"1077778";"IT";"S13";"265722071";""
"2016-06-30";"1070001";"1077778";"IT";"SBI59";"1816294089";""
"2016-06-30";"1070001";"1077778";"IT";"S11BI8";"57924576";""
"2016-06-30";"1070001";"1077778";"ITC4";"S11001";"2373778";""
"2016-06-30";"1070001";"1077778";"ITC4";"S129";"3811";""
"2016-06-30";"1070001";"1077778";"ITC4";"SBI25";"235252628";""
"2016-06-30";"1070001";"1077778";"ITC41";"SBI25";"9994061";""
"2016-06-30";"1070001";"1077778";"IT";"S12BI7";"143134882";""
"2016-06-30";"1070001";"1077778";"IT";"600";"521583685";""
"2016-06-30";"1070001";"1077778";"IT";"S11BI32";"687861876";""
"2016-06-30";"1070001";"1077778";"ITC41";"S11BI32";"7972577";""
"2016-06-30";"1070001";"1077778";"ITC41";"S127";"73539";""
"2016-06-30";"1070001";"1077778";"ITC41";"S12BI7";"104634";""
"2016-06-30";"1070001";"1077778";"ITC41";"S1314";"9";""
"2016-06-30";"1070001";"1077778";"ITC4";"S13";"8735705";""
"2016-06-30";"1070001";"1077778";"ITC4";"S1314";"5029";""
"2016-06-30";"1070001";"1077778";"ITC4";"S14";"132807231";""
"2016-06-30";"1070001";"1077778";"ITC4";"SBI59";"443551135";""
"2016-06-30";"1070001";"1077778";"IT";"S1314";"229955";""
"2016-06-30";"1070001";"1077778";"IT";"450";"697764";""
"2016-06-30";"1070001";"1077778";"IT";"S11";"786300946";""
"2016-06-30";"1070001";"1077778";"ITC41";"S14";"11159130";""
"2016-05-31";"1070001";"1077778";"ITC41";"S11BI7";"417328";""
"2016-05-31";"1070001";"1077778";"ITC41";"S11BI8";"661503";""
"2016-05-31";"1070001";"1077778";"ITC41";"S127";"45051";""
"2016-05-31";"1070001";"1077778";"ITC41";"S12BI66";"14531";""
"2016-05-31";"1070001";"1077778";"IT";"SBI59";"1817299836";""
"2016-05-31";"1070001";"1077778";"IT";"S127";"15172567";""
"2016-05-31";"1070001";"1077778";"ITC41";"S14BI2";"876946";""
"2016-05-31";"1070001";"1077778";"ITC41";"SBI9";"743";""
"2016-05-31";"1070001";"1077778";"ITC4";"450";"52789";""
"2016-05-31";"1070001";"1077778";"ITC4";"S11";"215567112";""
"2016-05-31";"1070001";"1077778";"ITC4";"S11BI32";"196948157";""
"2016-05-31";"1070001";"1077778";"ITC4";"S11BI7";"5684227";""
"2016-05-31";"1070001";"1077778";"ITC4";"S11BI8";"10546021";""
"2016-05-31";"1070001";"1077778";"ITC4";"S127";"7436312";""
"2016-05-31";"1070001";"1077778";"IT";"S12BI7";"141201701";""
"2016-05-31";"1070001";"1077778";"IT";"S124";"13152286";""
"2016-05-31";"1070001";"1077778";"IT";"S126";"13500892";""
"2016-05-31";"1070001";"1077778";"IT";"S11BI8";"58180467";""
"2016-05-31";"1070001";"1077778";"ITC41";"S15";"66278";""
"2016-05-31";"1070001";"1077778";"ITC41";"S126";"16510";""
"2016-05-31";"1070001";"1077778";"ITC41";"SBI25";"9946825";""
"2016-05-31";"1070001";"1077778";"ITC4";"S13";"8876708";""
"2016-05-31";"1070001";"1077778";"IT";"S129";"30389";""
"2016-05-31";"1070001";"1077778";"IT";"S1311";"198807264";""
"2016-05-31";"1070001";"1077778";"IT";"450";"730670";""
"2016-05-31";"1070001";"1077778";"ITC41";"S1311";"426";""
"2016-05-31";"1070001";"1077778";"ITC41";"S1314";"9";""
"2016-05-31";"1070001";"1077778";"ITC4";"SBI25";"232559287";""
"2016-05-31";"1070001";"1077778";"ITC4";"S14BI2";"16992175";""
"2016-05-31";"1070001";"1077778";"ITC41";"600";"10231703";""
"2016-05-31";"1070001";"1077778";"ITC4";"600";"115694548";""
"2016-05-31";"1070001";"1077778";"ITC4";"S124";"8054941";""
"2016-05-31";"1070001";"1077778";"IT";"S11001";"15436542";""
"2016-05-31";"1070001";"1077778";"IT";"S11BI7";"24157106";""
"2016-05-31";"1070001";"1077778";"IT";"S13";"270283564";""
"2016-05-31";"1070001";"1077778";"IT";"S1314";"251691";""
"2016-05-31";"1070001";"1077778";"IT";"SBI9";"258447";""
"2016-05-31";"1070001";"1077778";"IT";"SBI25";"875691616";""
"2016-05-31";"1070001";"1077778";"ITC41";"SBI59";"20807768";""
"2016-05-31";"1070001";"1077778";"ITC4";"SBI59";"439548016";""
"2016-05-31";"1070001";"1077778";"ITC4";"S11001";"2335918";""
"2016-05-31";"1070001";"1077778";"IT";"S11";"784897534";""
"2016-05-31";"1070001";"1077778";"ITC41";"S1313";"485693";""
"2016-05-31";"1070001";"1077778";"IT";"S128";"4314556";""
"2016-05-31";"1070001";"1077778";"IT";"S12BI66";"95031010";""
"2016-05-31";"1070001";"1077778";"ITC41";"S14";"11108649";""
"2016-05-31";"1070001";"1077778";"ITC4";"S15";"2648913";""
"2016-05-31";"1070001";"1077778";"IT";"S1313";"71224608";""
"2016-05-31";"1070001";"1077778";"IT";"S15";"8984482";""
"2016-05-31";"1070001";"1077778";"IT";"S11BI32";"686392748";""
"2016-05-31";"1070001";"1077778";"ITC41";"S11";"9069878";""
"2016-05-31";"1070001";"1077778";"ITC4";"S1314";"4788";""
"2016-05-31";"1070001";"1077778";"ITC41";"S13";"486128";""
"2016-05-31";"1070001";"1077778";"ITC41";"S11BI32";"7921614";""
"2016-05-31";"1070001";"1077778";"ITC4";"S1311";"130321";""
"2016-05-31";"1070001";"1077778";"ITC4";"SBI9";"78462";""
"2016-05-31";"1070001";"1077778";"ITC41";"S11001";"68222";""
"2016-05-31";"1070001";"1077778";"ITC4";"S12BI66";"61541094";""
"2016-05-31";"1070001";"1077778";"IT";"S14";"611674109";""
"2016-05-31";"1070001";"1077778";"IT";"S14BI2";"90794082";""
"2016-05-31";"1070001";"1077778";"IT";"600";"520880026";""
"2016-05-31";"1070001";"1077778";"ITC41";"S12BI7";"76091";""
"2016-05-31";"1070001";"1077778";"ITC4";"S1313";"8741599";""
"2016-05-31";"1070001";"1077778";"ITC4";"S14";"132686723";""
"2016-05-31";"1070001";"1077778";"ITC41";"450";"1211";""
"2016-05-31";"1070001";"1077778";"ITC4";"S126";"2105767";""
"2016-05-31";"1070001";"1077778";"ITC4";"S128";"551404";""
"2016-05-31";"1070001";"1077778";"ITC4";"S129";"580";""
"2016-05-31";"1070001";"1077778";"ITC4";"S12BI7";"79690099";""
"2016-04-30";"1070001";"1077778";"IT";"S11";"779233855";""
"2016-04-30";"1070001";"1077778";"IT";"S11BI7";"23693275";""
"2016-04-30";"1070001";"1077778";"IT";"S12BI66";"97673127";""
"2016-04-30";"1070001";"1077778";"IT";"SBI25";"869648549";""
"2016-04-30";"1070001";"1077778";"ITC4";"450";"55868";""
"2016-04-30";"1070001";"1077778";"ITC4";"600";"115281701";""
"2016-04-30";"1070001";"1077778";"ITC4";"S11";"212666390";""
"2016-04-30";"1070001";"1077778";"IT";"SBI59";"1811942601";""
"2016-04-30";"1070001";"1077778";"IT";"SBI9";"244876";""
"2016-04-30";"1070001";"1077778";"ITC4";"S1311";"135825";""
"2016-04-30";"1070001";"1077778";"ITC4";"S14BI2";"16854561";""
"2016-04-30";"1070001";"1077778";"ITC41";"S127";"30472";""
"2016-04-30";"1070001";"1077778";"ITC41";"SBI59";"20524710";""
"2016-04-30";"1070001";"1077778";"ITC4";"S11BI7";"5506121";""
"2016-04-30";"1070001";"1077778";"IT";"S11BI8";"57604734";""
"2016-04-30";"1070001";"1077778";"ITC41";"S1311";"436";""
"2016-04-30";"1070001";"1077778";"ITC41";"S11";"8842424";""
"2016-04-30";"1070001";"1077778";"IT";"S1311";"198840272";""
"2016-04-30";"1070001";"1077778";"ITC4";"SBI25";"229520950";""
"2016-04-30";"1070001";"1077778";"ITC41";"SBI25";"9708734";""
"2016-04-30";"1070001";"1077778";"ITC4";"S128";"551164";""
"2016-04-30";"1070001";"1077778";"ITC41";"S1314";"9";""
"2016-04-30";"1070001";"1077778";"ITC4";"S13";"8885176";""
"2016-04-30";"1070001";"1077778";"ITC4";"SBI59";"436998688";""
"2016-04-30";"1070001";"1077778";"ITC4";"SBI9";"78668";""
"2016-04-30";"1070001";"1077778";"ITC41";"450";"1207";""
"2016-04-30";"1070001";"1077778";"ITC41";"S124";"1";""
"2016-04-30";"1070001";"1077778";"ITC41";"S12BI66";"2568";""
"2016-04-30";"1070001";"1077778";"ITC4";"S12BI66";"62535143";""
"2016-04-30";"1070001";"1077778";"ITC41";"S15";"65735";""
"2016-04-30";"1070001";"1077778";"ITC4";"S11BI8";"10361764";""
"2016-04-30";"1070001";"1077778";"ITC4";"S126";"2128423";""
"2016-04-30";"1070001";"1077778";"ITC4";"S127";"7280364";""
"2016-04-30";"1070001";"1077778";"IT";"S14BI2";"90414694";""
"2016-04-30";"1070001";"1077778";"ITC4";"S129";"1255";""
"2016-04-30";"1070001";"1077778";"IT";"600";"518988239";""
"2016-04-30";"1070001";"1077778";"IT";"S128";"4328202";""
"2016-04-30";"1070001";"1077778";"IT";"S14";"609402933";""
"2016-04-30";"1070001";"1077778";"ITC41";"S12BI7";"48988";""
"2016-04-30";"1070001";"1077778";"ITC41";"S1313";"493668";""
"2016-04-30";"1070001";"1077778";"ITC41";"600";"10206403";""
"2016-04-30";"1070001";"1077778";"ITC41";"S11BI7";"401635";""
"2016-04-30";"1070001";"1077778";"IT";"S129";"9437";""
"2016-04-30";"1070001";"1077778";"IT";"S13";"269805058";""
"2016-04-30";"1070001";"1077778";"ITC4";"S11BI32";"194407280";""
"2016-04-30";"1070001";"1077778";"IT";"S11001";"14921985";""
"2016-04-30";"1070001";"1077778";"IT";"S1314";"227515";""
"2016-04-30";"1070001";"1077778";"ITC4";"S1313";"8744887";""
"2016-04-30";"1070001";"1077778";"ITC4";"S14";"132136262";""
"2016-04-30";"1070001";"1077778";"ITC41";"S11BI8";"649290";""
"2016-04-30";"1070001";"1077778";"ITC41";"S126";"15947";""
"2016-04-30";"1070001";"1077778";"ITC4";"S124";"8088856";""
"2016-04-30";"1070001";"1077778";"IT";"450";"722470";""
"2016-04-30";"1070001";"1077778";"IT";"S124";"13206795";""
"2016-04-30";"1070001";"1077778";"IT";"S12BI7";"144212526";""
"2016-04-30";"1070001";"1077778";"IT";"S1313";"70737271";""
"2016-04-30";"1070001";"1077778";"ITC4";"S1314";"4464";""
"2016-04-30";"1070001";"1077778";"ITC4";"S15";"2646987";""
"2016-04-30";"1070001";"1077778";"ITC41";"S11001";"68246";""
"2016-04-30";"1070001";"1077778";"ITC41";"S11BI32";"7722047";""
"2016-04-30";"1070001";"1077778";"ITC41";"S13";"494113";""
"2016-04-30";"1070001";"1077778";"ITC4";"S12BI7";"80585205";""
"2016-04-30";"1070001";"1077778";"IT";"S11BI32";"682291391";""
"2016-04-30";"1070001";"1077778";"IT";"S126";"13938137";""
"2016-04-30";"1070001";"1077778";"IT";"S127";"15056828";""
"2016-04-30";"1070001";"1077778";"ITC41";"S14";"11072713";""
"2016-04-30";"1070001";"1077778";"ITC41";"S14BI2";"866310";""
"2016-04-30";"1070001";"1077778";"ITC41";"SBI9";"738";""
"2016-04-30";"1070001";"1077778";"ITC4";"S11001";"2335357";""
"2016-04-30";"1070001";"1077778";"IT";"S15";"9043353";""
"2016-03-31";"1070001";"1077778";"ITC4";"S126";"2190586";""
"2016-03-31";"1070001";"1077778";"ITC4";"SBI25";"230791211";""
"2016-03-31";"1070001";"1077778";"ITC41";"S12BI7";"47543";""
"2016-03-31";"1070001";"1077778";"ITC4";"S14BI2";"17078779";""
"2016-03-31";"1070001";"1077778";"IT";"S15";"9148272";""
"2016-03-31";"1070001";"1077778";"ITC41";"600";"10184175";""
"2016-03-31";"1070001";"1077778";"ITC4";"S11001";"2272047";""
"2016-03-31";"1070001";"1077778";"IT";"S11BI7";"24127059";""
"2016-03-31";"1070001";"1077778";"IT";"S11BI8";"58198619";""
"2016-03-31";"1070001";"1077778";"IT";"SBI59";"1819695100";""
"2016-03-31";"1070001";"1077778";"ITC4";"S15";"2656424";""
"2016-03-31";"1070001";"1077778";"ITC4";"600";"115137511";""
"2016-03-31";"1070001";"1077778";"ITC4";"S11BI8";"10517742";""
"2016-03-31";"1070001";"1077778";"IT";"S11BI32";"686211203";""
"2016-03-31";"1070001";"1077778";"ITC41";"S12BI66";"2569";""
"2016-03-31";"1070001";"1077778";"ITC41";"S1311";"409";""
"2016-03-31";"1070001";"1077778";"ITC4";"S1313";"8667957";""
"2016-03-31";"1070001";"1077778";"ITC4";"S1314";"4480";""
"2016-03-31";"1070001";"1077778";"ITC4";"SBI59";"437988636";""
"2016-03-31";"1070001";"1077778";"ITC4";"SBI9";"66046";""
"2016-03-31";"1070001";"1077778";"IT";"S126";"13314935";""
"2016-03-31";"1070001";"1077778";"IT";"S129";"14864";""
"2016-03-31";"1070001";"1077778";"ITC41";"450";"1184";""
"2016-03-31";"1070001";"1077778";"ITC4";"S11BI32";"195225177";""
"2016-03-31";"1070001";"1077778";"ITC4";"S124";"7653830";""
"2016-03-31";"1070001";"1077778";"IT";"S127";"14797984";""
"2016-03-31";"1070001";"1077778";"IT";"SBI25";"874939792";""
"2016-03-31";"1070001";"1077778";"ITC41";"SBI25";"9832935";""
"2016-03-31";"1070001";"1077778";"IT";"S1311";"201300869";""
"2016-03-31";"1070001";"1077778";"IT";"S128";"4297446";""
"2016-03-31";"1070001";"1077778";"ITC41";"S13";"481596";""
"2016-03-31";"1070001";"1077778";"ITC4";"S12BI7";"80539077";""
"2016-03-31";"1070001";"1077778";"ITC41";"S11BI32";"7812249";""
"2016-03-31";"1070001";"1077778";"ITC4";"450";"57596";""
"2016-03-31";"1070001";"1077778";"ITC4";"S11BI7";"5639870";""
"2016-03-31";"1070001";"1077778";"ITC4";"S129";"1865";""
"2016-03-31";"1070001";"1077778";"IT";"S11";"783646538";""
"2016-03-31";"1070001";"1077778";"IT";"S11001";"14378869";""
"2016-03-31";"1070001";"1077778";"ITC41";"S14";"11067950";""
"2016-03-31";"1070001";"1077778";"ITC4";"S1311";"125931";""
"2016-03-31";"1070001";"1077778";"IT";"S14";"609457614";""
"2016-03-31";"1070001";"1077778";"ITC41";"S11BI7";"406912";""
"2016-03-31";"1070001";"1077778";"ITC41";"S126";"16441";""
"2016-03-31";"1070001";"1077778";"IT";"S124";"12736555";""
"2016-03-31";"1070001";"1077778";"ITC4";"S11";"213712432";""
"2016-03-31";"1070001";"1077778";"ITC4";"S128";"548214";""
"2016-03-31";"1070001";"1077778";"IT";"S14BI2";"91293255";""
"2016-03-31";"1070001";"1077778";"ITC41";"SBI59";"20612013";""
"2016-03-31";"1070001";"1077778";"ITC41";"SBI9";"754";""
"2016-03-31";"1070001";"1077778";"ITC41";"S11";"8949159";""
"2016-03-31";"1070001";"1077778";"ITC4";"S127";"7092386";""
"2016-03-31";"1070001";"1077778";"IT";"600";"518164360";""
"2016-03-31";"1070001";"1077778";"ITC4";"S13";"8798368";""
"2016-03-31";"1070001";"1077778";"ITC4";"S14";"132216290";""
"2016-03-31";"1070001";"1077778";"IT";"S12BI66";"100291740";""
"2016-03-31";"1070001";"1077778";"IT";"S12BI7";"145453524";""
"2016-03-31";"1070001";"1077778";"IT";"S1313";"70273254";""
"2016-03-31";"1070001";"1077778";"IT";"S1314";"181219";""
"2016-03-31";"1070001";"1077778";"ITC41";"S1314";"10";""
"2016-03-31";"1070001";"1077778";"ITC41";"S14BI2";"883776";""
"2016-03-31";"1070001";"1077778";"ITC41";"S11BI8";"661998";""
"2016-03-31";"1070001";"1077778";"ITC41";"S127";"28532";""
"2016-03-31";"1070001";"1077778";"ITC41";"S128";"0";""
"2016-03-31";"1070001";"1077778";"IT";"450";"730788";""
"2016-03-31";"1070001";"1077778";"ITC41";"S1313";"481177";""
"2016-03-31";"1070001";"1077778";"ITC41";"S15";"65010";""
"2016-03-31";"1070001";"1077778";"ITC4";"S12BI66";"63052195";""
"2016-03-31";"1070001";"1077778";"IT";"S13";"271755341";""
"2016-03-31";"1070001";"1077778";"IT";"SBI9";"233810";""
"2016-03-31";"1070001";"1077778";"ITC41";"S11001";"66816";""
"2016-02-29";"1070001";"1077778";"ITC41";"SBI59";"20651545";""
"2016-02-29";"1070001";"1077778";"IT";"S11";"785391404";""
"2016-02-29";"1070001";"1077778";"IT";"S1313";"70372965";""
"2016-02-29";"1070001";"1077778";"IT";"S14";"608004346";""
"2016-02-29";"1070001";"1077778";"IT";"S15";"9268294";""
"2016-02-29";"1070001";"1077778";"ITC41";"S126";"16859";""
"2016-02-29";"1070001";"1077778";"IT";"S11BI32";"687615849";""
"2016-02-29";"1070001";"1077778";"IT";"S11BI7";"24315935";""
"2016-02-29";"1070001";"1077778";"IT";"S127";"14740160";""
"2016-02-29";"1070001";"1077778";"IT";"S12BI7";"142149619";""
"2016-02-29";"1070001";"1077778";"ITC4";"S1314";"5402";""
"2016-02-29";"1070001";"1077778";"ITC41";"600";"10163526";""
"2016-02-29";"1070001";"1077778";"ITC41";"S11BI7";"410170";""
"2016-02-29";"1070001";"1077778";"ITC41";"S11BI8";"671422";""
"2016-02-29";"1070001";"1077778";"ITC4";"S15";"2678695";""
"2016-02-29";"1070001";"1077778";"ITC41";"S12BI66";"2652";""
"2016-02-29";"1070001";"1077778";"ITC41";"S1311";"407";""
"2016-02-29";"1070001";"1077778";"ITC4";"S11001";"2324434";""
"2016-02-29";"1070001";"1077778";"ITC4";"S128";"538458";""
"2016-02-29";"1070001";"1077778";"ITC4";"S14";"131883288";""
"2016-02-29";"1070001";"1077778";"IT";"S128";"4372137";""
"2016-02-29";"1070001";"1077778";"IT";"S129";"23615";""
"2016-02-29";"1070001";"1077778";"IT";"S1314";"140692";""
"2016-02-29";"1070001";"1077778";"IT";"SBI9";"244196";""
"2016-02-29";"1070001";"1077778";"ITC41";"S127";"29452";""
"2016-02-29";"1070001";"1077778";"ITC4";"SBI9";"117111";""
"2016-02-29";"1070001";"1077778";"ITC41";"450";"1237";""
"2016-02-29";"1070001";"1077778";"ITC41";"S12BI7";"48967";""
"2016-02-29";"1070001";"1077778";"IT";"600";"516773217";""
"2016-02-29";"1070001";"1077778";"IT";"S11BI8";"58489274";""
"2016-02-29";"1070001";"1077778";"IT";"S12BI66";"95833352";""
"2016-02-29";"1070001";"1077778";"IT";"S13";"273030345";""
"2016-02-29";"1070001";"1077778";"ITC4";"S11BI32";"196548123";""
"2016-02-29";"1070001";"1077778";"ITC4";"S13";"8793962";""
"2016-02-29";"1070001";"1077778";"IT";"SBI25";"876622533";""
"2016-02-29";"1070001";"1077778";"ITC41";"SBI25";"9889119";""
"2016-02-29";"1070001";"1077778";"ITC4";"S12BI7";"78722983";""
"2016-02-29";"1070001";"1077778";"IT";"S1311";"202516688";""
"2016-02-29";"1070001";"1077778";"ITC41";"S11";"9005089";""
"2016-02-29";"1070001";"1077778";"ITC41";"S11001";"68235";""
"2016-02-29";"1070001";"1077778";"ITC4";"S14BI2";"17088421";""
"2016-02-29";"1070001";"1077778";"ITC4";"SBI59";"437443262";""
"2016-02-29";"1070001";"1077778";"IT";"S14BI2";"91231129";""
"2016-02-29";"1070001";"1077778";"IT";"SBI59";"1818088204";""
"2016-02-29";"1070001";"1077778";"ITC4";"600";"114794867";""
"2016-02-29";"1070001";"1077778";"ITC4";"S127";"6759095";""
"2016-02-29";"1070001";"1077778";"ITC4";"S1311";"135244";""
"2016-02-29";"1070001";"1077778";"IT";"S11001";"14249779";""
"2016-02-29";"1070001";"1077778";"ITC41";"S124";"3";""
"2016-02-29";"1070001";"1077778";"ITC41";"S1313";"484207";""
"2016-02-29";"1070001";"1077778";"ITC41";"S13";"484623";""
"2016-02-29";"1070001";"1077778";"ITC41";"S15";"64564";""
"2016-02-29";"1070001";"1077778";"ITC41";"SBI9";"746";""
"2016-02-29";"1070001";"1077778";"ITC4";"450";"55838";""
"2016-02-29";"1070001";"1077778";"ITC4";"S11BI7";"5691253";""
"2016-02-29";"1070001";"1077778";"ITC4";"S124";"7565340";""
"2016-02-29";"1070001";"1077778";"ITC4";"S129";"2941";""
"2016-02-29";"1070001";"1077778";"ITC4";"S12BI66";"61359997";""
"2016-02-29";"1070001";"1077778";"ITC4";"S1313";"8653315";""
"2016-02-29";"1070001";"1077778";"IT";"S124";"12637225";""
"2016-02-29";"1070001";"1077778";"IT";"S126";"14543130";""
"2016-02-29";"1070001";"1077778";"ITC41";"S14";"11047556";""
"2016-02-29";"1070001";"1077778";"ITC41";"S14BI2";"884031";""
"2016-02-29";"1070001";"1077778";"IT";"450";"720566";""
"2016-02-29";"1070001";"1077778";"ITC4";"SBI25";"232335644";""
"2016-02-29";"1070001";"1077778";"ITC41";"S1314";"10";""
"2016-02-29";"1070001";"1077778";"ITC4";"S11";"215247223";""
"2016-02-29";"1070001";"1077778";"ITC4";"S11BI8";"10627576";""
"2016-02-29";"1070001";"1077778";"ITC4";"S126";"2497152";""
"2016-02-29";"1070001";"1077778";"ITC41";"S11BI32";"7854024";""
"2016-01-31";"1070001";"1077778";"IT";"S11BI8";"58597932";""
"2016-01-31";"1070001";"1077778";"IT";"S128";"4390974";""
"2016-01-31";"1070001";"1077778";"IT";"S1311";"202437116";""
"2016-01-31";"1070001";"1077778";"IT";"S1313";"70122269";""
"2016-01-31";"1070001";"1077778";"IT";"SBI59";"1821067038";""
"2016-01-31";"1070001";"1077778";"ITC4";"S1314";"6071";""
"2016-01-31";"1070001";"1077778";"ITC41";"S11BI32";"7797546";""
"2016-01-31";"1070001";"1077778";"ITC41";"S11BI7";"408064";""
"2016-01-31";"1070001";"1077778";"ITC41";"S1313";"500745";""
"2016-01-31";"1070001";"1077778";"ITC4";"S128";"548741";""
"2016-01-31";"1070001";"1077778";"ITC4";"S13";"9001475";""
"2016-01-31";"1070001";"1077778";"ITC4";"SBI25";"231502617";""
"2016-01-31";"1070001";"1077778";"ITC41";"SBI25";"9821378";""
"2016-01-31";"1070001";"1077778";"ITC4";"S11BI32";"196314968";""
"2016-01-31";"1070001";"1077778";"ITC4";"S124";"7789618";""
"2016-01-31";"1070001";"1077778";"ITC41";"S14";"11017460";""
"2016-01-31";"1070001";"1077778";"ITC4";"S12BI66";"63018617";""
"2016-01-31";"1070001";"1077778";"ITC4";"S12BI7";"80058596";""
"2016-01-31";"1070001";"1077778";"IT";"S11";"787426127";""
"2016-01-31";"1070001";"1077778";"IT";"S11001";"13777724";""
"2016-01-31";"1070001";"1077778";"ITC41";"450";"1246";""
"2016-01-31";"1070001";"1077778";"ITC41";"S11BI8";"670648";""
"2016-01-31";"1070001";"1077778";"ITC41";"S1311";"408";""
"2016-01-31";"1070001";"1077778";"ITC4";"S126";"2278734";""
"2016-01-31";"1070001";"1077778";"IT";"S126";"14058567";""
"2016-01-31";"1070001";"1077778";"IT";"S1314";"95085";""
"2016-01-31";"1070001";"1077778";"ITC41";"SBI59";"20574774";""
"2016-01-31";"1070001";"1077778";"ITC4";"450";"59991";""
"2016-01-31";"1070001";"1077778";"ITC4";"S11001";"1889826";""
"2016-01-31";"1070001";"1077778";"ITC4";"S11BI8";"10567496";""
"2016-01-31";"1070001";"1077778";"IT";"S11BI32";"690019775";""
"2016-01-31";"1070001";"1077778";"IT";"S12BI66";"96861350";""
"2016-01-31";"1070001";"1077778";"ITC4";"S129";"622";""
"2016-01-31";"1070001";"1077778";"ITC4";"S15";"2684764";""
"2016-01-31";"1070001";"1077778";"ITC41";"600";"10137530";""
"2016-01-31";"1070001";"1077778";"ITC41";"S12BI7";"47851";""
"2016-01-31";"1070001";"1077778";"IT";"450";"737618";""
"2016-01-31";"1070001";"1077778";"ITC4";"S1313";"8859993";""
"2016-01-31";"1070001";"1077778";"ITC41";"S11";"8941447";""
"2016-01-31";"1070001";"1077778";"ITC41";"S127";"29009";""
"2016-01-31";"1070001";"1077778";"ITC41";"S12BI66";"2523";""
"2016-01-31";"1070001";"1077778";"ITC41";"S13";"501163";""
"2016-01-31";"1070001";"1077778";"IT";"S13";"272654470";""
"2016-01-31";"1070001";"1077778";"IT";"S14BI2";"91643184";""
"2016-01-31";"1070001";"1077778";"IT";"SBI9";"251052";""
"2016-01-31";"1070001";"1077778";"IT";"600";"517299246";""
"2016-01-31";"1070001";"1077778";"ITC4";"600";"114781618";""
"2016-01-31";"1070001";"1077778";"ITC41";"S14BI2";"879930";""
"2016-01-31";"1070001";"1077778";"ITC4";"SBI9";"126270";""
"2016-01-31";"1070001";"1077778";"ITC4";"S127";"6422263";""
"2016-01-31";"1070001";"1077778";"ITC4";"S1311";"135411";""
"2016-01-31";"1070001";"1077778";"IT";"S124";"12854877";""
"2016-01-31";"1070001";"1077778";"IT";"S129";"8368";""
"2016-01-31";"1070001";"1077778";"IT";"S12BI7";"142563438";""
"2016-01-31";"1070001";"1077778";"IT";"S14";"608942430";""
"2016-01-31";"1070001";"1077778";"ITC4";"S14BI2";"17034630";""
"2016-01-31";"1070001";"1077778";"ITC41";"S1314";"11";""
"2016-01-31";"1070001";"1077778";"ITC41";"S15";"66100";""
"2016-01-31";"1070001";"1077778";"ITC41";"SBI9";"753";""
"2016-01-31";"1070001";"1077778";"IT";"SBI25";"879069311";""
"2016-01-31";"1070001";"1077778";"IT";"S127";"14389303";""
"2016-01-31";"1070001";"1077778";"ITC41";"S126";"16319";""
"2016-01-31";"1070001";"1077778";"ITC4";"S11BI7";"5635707";""
"2016-01-31";"1070001";"1077778";"IT";"S11BI7";"24293078";""
"2016-01-31";"1070001";"1077778";"IT";"S15";"9229522";""
"2016-01-31";"1070001";"1077778";"ITC4";"S14";"131816248";""
"2016-01-31";"1070001";"1077778";"ITC4";"SBI59";"438155340";""
"2016-01-31";"1070001";"1077778";"ITC41";"S11001";"63945";""
"2016-01-31";"1070001";"1077778";"ITC4";"S11";"214467988";""
"2015-12-31";"1070001";"1077778";"ITC41";"S14BI2";"873017";""
"2015-12-31";"1070001";"1077778";"IT";"S14BI2";"92331745";""
"2015-12-31";"1070001";"1077778";"IT";"600";"517812319";""
"2015-12-31";"1070001";"1077778";"ITC4";"S124";"7679697";""
"2015-12-31";"1070001";"1077778";"ITC4";"S13";"8661958";""
"2015-12-31";"1070001";"1077778";"ITC4";"S14";"132159091";""
"2015-12-31";"1070001";"1077778";"ITC4";"SBI59";"440037704";""
"2015-12-31";"1070001";"1077778";"ITC41";"SBI9";"583";""
"2015-12-31";"1070001";"1077778";"ITC41";"S1313";"475213";""
"2015-12-31";"1070001";"1077778";"IT";"S11BI32";"689454943";""
"2015-12-31";"1070001";"1077778";"ITC4";"S12BI66";"65579073";""
"2015-12-31";"1070001";"1077778";"ITC4";"S12BI7";"82536965";""
"2015-12-31";"1070001";"1077778";"ITC4";"S1313";"8532372";""
"2015-12-31";"1070001";"1077778";"IT";"S1313";"69637593";""
"2015-12-31";"1070001";"1077778";"IT";"SBI59";"1824272225";""
"2015-12-31";"1070001";"1077778";"ITC41";"450";"1290";""
"2015-12-31";"1070001";"1077778";"IT";"450";"736171";""
"2015-12-31";"1070001";"1077778";"IT";"S13";"271532945";""
"2015-12-31";"1070001";"1077778";"IT";"S1311";"201832311";""
"2015-12-31";"1070001";"1077778";"ITC4";"S11BI7";"5730699";""
"2015-12-31";"1070001";"1077778";"ITC4";"S127";"6560619";""
"2015-12-31";"1070001";"1077778";"ITC4";"S128";"539817";""
"2015-12-31";"1070001";"1077778";"ITC4";"S129";"850";""
"2015-12-31";"1070001";"1077778";"ITC41";"600";"10185090";""
"2015-12-31";"1070001";"1077778";"IT";"S15";"9182569";""
"2015-12-31";"1070001";"1077778";"ITC4";"S11";"213881028";""
"2015-12-31";"1070001";"1077778";"ITC4";"S11001";"1807122";""
"2015-12-31";"1070001";"1077778";"ITC41";"SBI25";"9847163";""
"2015-12-31";"1070001";"1077778";"IT";"S12BI7";"144728641";""
"2015-12-31";"1070001";"1077778";"IT";"S14";"610144064";""
"2015-12-31";"1070001";"1077778";"ITC41";"S15";"64631";""
"2015-12-31";"1070001";"1077778";"ITC41";"S12BI7";"50330";""
"2015-12-31";"1070001";"1077778";"ITC41";"S13";"475553";""
"2015-12-31";"1070001";"1077778";"ITC41";"S14";"11058108";""
"2015-12-31";"1070001";"1077778";"ITC4";"S11BI32";"195592700";""
"2015-12-31";"1070001";"1077778";"ITC4";"S11BI8";"10691333";""
"2015-12-31";"1070001";"1077778";"IT";"S11";"788435570";""
"2015-12-31";"1070001";"1077778";"IT";"S11001";"14486010";""
"2015-12-31";"1070001";"1077778";"IT";"S126";"13004238";""
"2015-12-31";"1070001";"1077778";"IT";"S129";"2430";""
"2015-12-31";"1070001";"1077778";"ITC4";"S14BI2";"17173324";""
"2015-12-31";"1070001";"1077778";"ITC41";"S11001";"64614";""
"2015-12-31";"1070001";"1077778";"ITC4";"SBI25";"231054352";""
"2015-12-31";"1070001";"1077778";"IT";"S11BI7";"24601917";""
"2015-12-31";"1070001";"1077778";"IT";"S124";"12827312";""
"2015-12-31";"1070001";"1077778";"IT";"S128";"4409715";""
"2015-12-31";"1070001";"1077778";"IT";"S1314";"63041";""
"2015-12-31";"1070001";"1077778";"ITC41";"S127";"29230";""
"2015-12-31";"1070001";"1077778";"ITC4";"SBI9";"121129";""
"2015-12-31";"1070001";"1077778";"ITC41";"S12BI66";"4179";""
"2015-12-31";"1070001";"1077778";"ITC41";"S1314";"10";""
"2015-12-31";"1070001";"1077778";"ITC4";"450";"59174";""
"2015-12-31";"1070001";"1077778";"ITC4";"600";"114985767";""
"2015-12-31";"1070001";"1077778";"IT";"S12BI66";"99979364";""
"2015-12-31";"1070001";"1077778";"ITC4";"S15";"2677533";""
"2015-12-31";"1070001";"1077778";"ITC41";"S11";"8974146";""
"2015-12-31";"1070001";"1077778";"ITC41";"S11BI32";"7818307";""
"2015-12-31";"1070001";"1077778";"ITC41";"S11BI7";"412494";""
"2015-12-31";"1070001";"1077778";"IT";"SBI25";"880767314";""
"2015-12-31";"1070001";"1077778";"ITC41";"SBI59";"20623351";""
"2015-12-31";"1070001";"1077778";"ITC41";"S11BI8";"677441";""
"2015-12-31";"1070001";"1077778";"ITC41";"S1311";"330";""
"2015-12-31";"1070001";"1077778";"ITC4";"S126";"2176910";""
"2015-12-31";"1070001";"1077778";"ITC4";"S1311";"123562";""
"2015-12-31";"1070001";"1077778";"ITC4";"S1314";"6025";""
"2015-12-31";"1070001";"1077778";"IT";"S11BI8";"59156528";""
"2015-12-31";"1070001";"1077778";"IT";"S127";"14505582";""
"2015-12-31";"1070001";"1077778";"IT";"SBI9";"248437";""
"2015-12-31";"1070001";"1077778";"ITC41";"S126";"16921";""
"2015-11-30";"1070001";"1077778";"IT";"S124";"13142270";""
"2015-11-30";"1070001";"1077778";"ITC4";"S1313";"8719282";""
"2015-11-30";"1070001";"1077778";"ITC41";"S13";"492949";""
"2015-11-30";"1070001";"1077778";"ITC41";"S1311";"323";""
"2015-11-30";"1070001";"1077778";"IT";"S11";"799484858";""
"2015-11-30";"1070001";"1077778";"IT";"S11001";"15454300";""
"2015-11-30";"1070001";"1077778";"IT";"S1313";"70677105";""
"2015-11-30";"1070001";"1077778";"IT";"SBI59";"1830805149";""
"2015-11-30";"1070001";"1077778";"IT";"S126";"15894635";""
"2015-11-30";"1070001";"1077778";"ITC4";"S129";"2741";""
"2015-11-30";"1070001";"1077778";"ITC4";"S12BI7";"80716508";""
"2015-11-30";"1070001";"1077778";"ITC41";"450";"1264";""
"2015-11-30";"1070001";"1077778";"ITC41";"S11BI8";"682996";""
"2015-11-30";"1070001";"1077778";"ITC41";"S128";"11";""
"2015-11-30";"1070001";"1077778";"ITC41";"S1313";"492615";""
"2015-11-30";"1070001";"1077778";"IT";"600";"517727865";""
"2015-11-30";"1070001";"1077778";"IT";"S128";"4176459";""
"2015-11-30";"1070001";"1077778";"ITC4";"S1314";"5950";""
"2015-11-30";"1070001";"1077778";"ITC4";"S15";"2743906";""
"2015-11-30";"1070001";"1077778";"ITC4";"S124";"7622516";""
"2015-11-30";"1070001";"1077778";"ITC41";"S12BI7";"49341";""
"2015-11-30";"1070001";"1077778";"ITC4";"SBI25";"233851303";""
"2015-11-30";"1070001";"1077778";"ITC4";"S11BI32";"198265686";""
"2015-11-30";"1070001";"1077778";"ITC4";"S12BI66";"63169585";""
"2015-11-30";"1070001";"1077778";"ITC4";"S1311";"87535";""
"2015-11-30";"1070001";"1077778";"ITC4";"S14";"132009438";""
"2015-11-30";"1070001";"1077778";"ITC4";"SBI9";"118205";""
"2015-11-30";"1070001";"1077778";"ITC41";"S14";"11044198";""
"2015-11-30";"1070001";"1077778";"ITC41";"S15";"64172";""
"2015-11-30";"1070001";"1077778";"IT";"S11BI7";"24847959";""
"2015-11-30";"1070001";"1077778";"IT";"S14BI2";"92557708";""
"2015-11-30";"1070001";"1077778";"IT";"SBI9";"287550";""
"2015-11-30";"1070001";"1077778";"ITC4";"S11001";"1754873";""
"2015-11-30";"1070001";"1077778";"ITC4";"S11BI8";"10775986";""
"2015-11-30";"1070001";"1077778";"ITC41";"S14BI2";"874855";""
"2015-11-30";"1070001";"1077778";"ITC41";"S11001";"67912";""
"2015-11-30";"1070001";"1077778";"ITC41";"S127";"27941";""
"2015-11-30";"1070001";"1077778";"IT";"S12BI66";"96008654";""
"2015-11-30";"1070001";"1077778";"ITC4";"S127";"6637196";""
"2015-11-30";"1070001";"1077778";"ITC4";"S128";"539061";""
"2015-11-30";"1070001";"1077778";"ITC4";"S13";"8812767";""
"2015-11-30";"1070001";"1077778";"IT";"S1314";"90672";""
"2015-11-30";"1070001";"1077778";"IT";"S11BI8";"59731571";""
"2015-11-30";"1070001";"1077778";"IT";"S13";"267631185";""
"2015-11-30";"1070001";"1077778";"ITC4";"S126";"2745408";""
"2015-11-30";"1070001";"1077778";"ITC4";"S14BI2";"17208097";""
"2015-11-30";"1070001";"1077778";"ITC41";"S11";"9085850";""
"2015-11-30";"1070001";"1077778";"ITC41";"S11BI32";"7923256";""
"2015-11-30";"1070001";"1077778";"ITC4";"S11BI7";"5785996";""
"2015-11-30";"1070001";"1077778";"ITC41";"SBI9";"556";""
"2015-11-30";"1070001";"1077778";"IT";"S11BI32";"698706779";""
"2015-11-30";"1070001";"1077778";"IT";"S15";"9386583";""
"2015-11-30";"1070001";"1077778";"ITC41";"600";"10169343";""
"2015-11-30";"1070001";"1077778";"ITC41";"SBI59";"20737066";""
"2015-11-30";"1070001";"1077778";"IT";"S127";"14492902";""
"2015-11-30";"1070001";"1077778";"IT";"S129";"14482";""
"2015-11-30";"1070001";"1077778";"ITC41";"SBI25";"9960705";""
"2015-11-30";"1070001";"1077778";"IT";"SBI25";"892042566";""
"2015-11-30";"1070001";"1077778";"ITC4";"SBI59";"441044029";""
"2015-11-30";"1070001";"1077778";"ITC41";"S11BI7";"410423";""
"2015-11-30";"1070001";"1077778";"ITC41";"S126";"17200";""
"2015-11-30";"1070001";"1077778";"ITC41";"S12BI66";"4189";""
"2015-11-30";"1070001";"1077778";"IT";"S12BI7";"143729402";""
"2015-11-30";"1070001";"1077778";"ITC4";"600";"114801341";""
"2015-11-30";"1070001";"1077778";"ITC41";"S1314";"10";""
"2015-11-30";"1070001";"1077778";"IT";"450";"744249";""
"2015-11-30";"1070001";"1077778";"IT";"S1311";"196863408";""
"2015-11-30";"1070001";"1077778";"IT";"S14";"610285573";""
"2015-11-30";"1070001";"1077778";"ITC4";"450";"60665";""
"2015-11-30";"1070001";"1077778";"ITC4";"S11";"216643206";""
"2015-10-31";"1070001";"1077778";"ITC41";"S126";"16519";""
"2015-10-31";"1070001";"1077778";"ITC41";"S128";"15";""
"2015-10-31";"1070001";"1077778";"ITC4";"S12BI7";"79851278";""
"2015-10-31";"1070001";"1077778";"ITC4";"S13";"8850791";""
"2015-10-31";"1070001";"1077778";"ITC4";"S14BI2";"17081992";""
"2015-10-31";"1070001";"1077778";"IT";"S11BI32";"690138150";""
"2015-10-31";"1070001";"1077778";"ITC41";"S127";"28586";""
"2015-10-31";"1070001";"1077778";"ITC41";"450";"1299";""
"2015-10-31";"1070001";"1077778";"ITC41";"S13";"483322";""
"2015-10-31";"1070001";"1077778";"ITC4";"S14";"131672447";""
"2015-10-31";"1070001";"1077778";"ITC4";"S128";"513364";""
"2015-10-31";"1070001";"1077778";"IT";"S11";"789320746";""
"2015-10-31";"1070001";"1077778";"IT";"SBI25";"881090748";""
"2015-10-31";"1070001";"1077778";"IT";"S128";"4135492";""
"2015-10-31";"1070001";"1077778";"IT";"S12BI66";"95610950";""
"2015-10-31";"1070001";"1077778";"ITC41";"S1313";"482988";""
"2015-10-31";"1070001";"1077778";"ITC41";"S1314";"10";""
"2015-10-31";"1070001";"1077778";"ITC4";"S1311";"151703";""
"2015-10-31";"1070001";"1077778";"ITC4";"S127";"6081313";""
"2015-10-31";"1070001";"1077778";"ITC4";"SBI25";"230607967";""
"2015-10-31";"1070001";"1077778";"IT";"450";"725504";""
"2015-10-31";"1070001";"1077778";"IT";"S11BI8";"58938270";""
"2015-10-31";"1070001";"1077778";"IT";"S124";"13168468";""
"2015-10-31";"1070001";"1077778";"IT";"S1311";"196472004";""
"2015-10-31";"1070001";"1077778";"ITC4";"450";"53303";""
"2015-10-31";"1070001";"1077778";"ITC4";"600";"114590455";""
"2015-10-31";"1070001";"1077778";"ITC41";"S11BI7";"396482";""
"2015-10-31";"1070001";"1077778";"ITC41";"S11BI8";"675147";""
"2015-10-31";"1070001";"1077778";"ITC41";"600";"10166982";""
"2015-10-31";"1070001";"1077778";"ITC41";"S14";"11031148";""
"2015-10-31";"1070001";"1077778";"ITC4";"S1313";"8693468";""
"2015-10-31";"1070001";"1077778";"IT";"S11001";"15302564";""
"2015-10-31";"1070001";"1077778";"IT";"S126";"11593215";""
"2015-10-31";"1070001";"1077778";"IT";"S15";"9307058";""
"2015-10-31";"1070001";"1077778";"IT";"SBI59";"1812550509";""
"2015-10-31";"1070001";"1077778";"ITC41";"S11001";"66167";""
"2015-10-31";"1070001";"1077778";"ITC4";"S12BI66";"62893292";""
"2015-10-31";"1070001";"1077778";"ITC4";"S1314";"5620";""
"2015-10-31";"1070001";"1077778";"ITC4";"S11BI32";"195431493";""
"2015-10-31";"1070001";"1077778";"ITC4";"S11BI7";"5599088";""
"2015-10-31";"1070001";"1077778";"ITC41";"S12BI7";"49358";""
"2015-10-31";"1070001";"1077778";"ITC41";"S11";"8905302";""
"2015-10-31";"1070001";"1077778";"IT";"S11BI7";"24216258";""
"2015-10-31";"1070001";"1077778";"IT";"S14BI2";"91770001";""
"2015-10-31";"1070001";"1077778";"IT";"SBI9";"353999";""
"2015-10-31";"1070001";"1077778";"ITC4";"SBI59";"436834253";""
"2015-10-31";"1070001";"1077778";"ITC41";"SBI59";"20535063";""
"2015-10-31";"1070001";"1077778";"ITC41";"SBI9";"564";""
"2015-10-31";"1070001";"1077778";"ITC4";"S15";"2745999";""
"2015-10-31";"1070001";"1077778";"ITC4";"S124";"7687466";""
"2015-10-31";"1070001";"1077778";"ITC4";"S11";"213525975";""
"2015-10-31";"1070001";"1077778";"ITC41";"SBI25";"9769468";""
"2015-10-31";"1070001";"1077778";"IT";"S13";"266643839";""
"2015-10-31";"1070001";"1077778";"ITC4";"S11001";"1814203";""
"2015-10-31";"1070001";"1077778";"ITC4";"SBI9";"187762";""
"2015-10-31";"1070001";"1077778";"ITC41";"S1311";"324";""
"2015-10-31";"1070001";"1077778";"ITC41";"S14BI2";"864167";""
"2015-10-31";"1070001";"1077778";"ITC4";"S129";"4158";""
"2015-10-31";"1070001";"1077778";"IT";"S127";"13845729";""
"2015-10-31";"1070001";"1077778";"IT";"S129";"9203";""
"2015-10-31";"1070001";"1077778";"IT";"S1313";"70081926";""
"2015-10-31";"1070001";"1077778";"IT";"S1314";"89909";""
"2015-10-31";"1070001";"1077778";"IT";"S14";"608561810";""
"2015-10-31";"1070001";"1077778";"IT";"600";"516791809";""
"2015-10-31";"1070001";"1077778";"ITC41";"S15";"65369";""
"2015-10-31";"1070001";"1077778";"ITC4";"S11BI8";"10627889";""
"2015-10-31";"1070001";"1077778";"ITC4";"S126";"2671684";""
"2015-10-31";"1070001";"1077778";"ITC41";"S11BI32";"7766207";""
"2015-10-31";"1070001";"1077778";"ITC41";"S12BI66";"4239";""
"2015-10-31";"1070001";"1077778";"IT";"S12BI7";"138363056";""
"2015-09-30";"1070001";"1077778";"ITC4";"S14";"130556002";""
"2015-09-30";"1070001";"1077778";"ITC4";"S11";"216514398";""
"2015-09-30";"1070001";"1077778";"ITC4";"S11001";"1826997";""
"2015-09-30";"1070001";"1077778";"ITC4";"S128";"515611";""
"2015-09-30";"1070001";"1077778";"ITC4";"S129";"1944";""
"2015-09-30";"1070001";"1077778";"ITC4";"SBI9";"134280";""
"2015-09-30";"1070001";"1077778";"ITC41";"S11";"9100855";""
"2015-09-30";"1070001";"1077778";"IT";"SBI9";"300317";""
"2015-09-30";"1070001";"1077778";"ITC41";"SBI25";"9986612";""
"2015-09-30";"1070001";"1077778";"IT";"S124";"13597144";""
"2015-09-30";"1070001";"1077778";"ITC41";"S11BI32";"7918856";""
"2015-09-30";"1070001";"1077778";"ITC4";"S1311";"152582";""
"2015-09-30";"1070001";"1077778";"ITC4";"S15";"2754106";""
"2015-09-30";"1070001";"1077778";"ITC4";"S11BI7";"5833170";""
"2015-09-30";"1070001";"1077778";"ITC41";"S1313";"487837";""
"2015-09-30";"1070001";"1077778";"IT";"S128";"4247020";""
"2015-09-30";"1070001";"1077778";"ITC4";"S1313";"8675536";""
"2015-09-30";"1070001";"1077778";"ITC4";"S11BI32";"197937154";""
"2015-09-30";"1070001";"1077778";"ITC4";"S12BI66";"66917914";""
"2015-09-30";"1070001";"1077778";"ITC41";"S11BI7";"412470";""
"2015-09-30";"1070001";"1077778";"ITC41";"S126";"17998";""
"2015-09-30";"1070001";"1077778";"ITC41";"S128";"17";""
"2015-09-30";"1070001";"1077778";"ITC41";"SBI9";"560";""
"2015-09-30";"1070001";"1077778";"ITC41";"S13";"488313";""
"2015-09-30";"1070001";"1077778";"IT";"S1313";"70329592";""
"2015-09-30";"1070001";"1077778";"IT";"S14BI2";"92910500";""
"2015-09-30";"1070001";"1077778";"IT";"S12BI66";"102772175";""
"2015-09-30";"1070001";"1077778";"IT";"S13";"268681126";""
"2015-09-30";"1070001";"1077778";"ITC41";"450";"1289";""
"2015-09-30";"1070001";"1077778";"ITC4";"S12BI7";"82149890";""
"2015-09-30";"1070001";"1077778";"IT";"S15";"9340344";""
"2015-09-30";"1070001";"1077778";"ITC4";"S13";"8838220";""
"2015-09-30";"1070001";"1077778";"ITC41";"S12BI66";"4262";""
"2015-09-30";"1070001";"1077778";"ITC41";"600";"10024935";""
"2015-09-30";"1070001";"1077778";"ITC4";"S124";"7872109";""
"2015-09-30";"1070001";"1077778";"ITC4";"S127";"4431085";""
"2015-09-30";"1070001";"1077778";"IT";"S1311";"198239808";""
"2015-09-30";"1070001";"1077778";"IT";"S11";"798706727";""
"2015-09-30";"1070001";"1077778";"IT";"S11001";"14894191";""
"2015-09-30";"1070001";"1077778";"IT";"S11BI7";"25037694";""
"2015-09-30";"1070001";"1077778";"ITC4";"S11BI8";"10861125";""
"2015-09-30";"1070001";"1077778";"ITC41";"S11BI8";"700112";""
"2015-09-30";"1070001";"1077778";"IT";"S14";"599048984";""
"2015-09-30";"1070001";"1077778";"IT";"SBI59";"1820945800";""
"2015-09-30";"1070001";"1077778";"ITC4";"600";"113184092";""
"2015-09-30";"1070001";"1077778";"ITC4";"S14BI2";"17371910";""
"2015-09-30";"1070001";"1077778";"IT";"S11BI32";"698158384";""
"2015-09-30";"1070001";"1077778";"IT";"S126";"11976707";""
"2015-09-30";"1070001";"1077778";"IT";"S127";"12252601";""
"2015-09-30";"1070001";"1077778";"IT";"S129";"22654";""
"2015-09-30";"1070001";"1077778";"IT";"S12BI7";"144868302";""
"2015-09-30";"1070001";"1077778";"ITC41";"S12BI7";"47124";""
"2015-09-30";"1070001";"1077778";"ITC41";"S14";"10910693";""
"2015-09-30";"1070001";"1077778";"ITC41";"S15";"65984";""
"2015-09-30";"1070001";"1077778";"IT";"SBI25";"891617227";""
"2015-09-30";"1070001";"1077778";"ITC4";"SBI25";"233886308";""
"2015-09-30";"1070001";"1077778";"ITC41";"S127";"24846";""
"2015-09-30";"1070001";"1077778";"IT";"450";"719292";""
"2015-09-30";"1070001";"1077778";"ITC41";"S11001";"68128";""
"2015-09-30";"1070001";"1077778";"ITC4";"S126";"2411228";""
"2015-09-30";"1070001";"1077778";"IT";"600";"506138485";""
"2015-09-30";"1070001";"1077778";"ITC41";"S14BI2";"885757";""
"2015-09-30";"1070001";"1077778";"IT";"S1314";"111726";""
"2015-09-30";"1070001";"1077778";"ITC4";"S1314";"10102";""
"2015-09-30";"1070001";"1077778";"ITC4";"SBI59";"440946896";""
"2015-09-30";"1070001";"1077778";"ITC4";"450";"55953";""
"2015-09-30";"1070001";"1077778";"ITC41";"SBI59";"20613528";""
"2015-09-30";"1070001";"1077778";"IT";"S11BI8";"59897165";""
"2015-09-30";"1070001";"1077778";"ITC41";"S1311";"465";""
"2015-09-30";"1070001";"1077778";"ITC41";"S1314";"11";""
"2015-08-31";"1070001";"1077778";"ITC4";"S129";"4089";""
"2015-08-31";"1070001";"1077778";"ITC4";"S1313";"8693342";""
"2015-08-31";"1070001";"1077778";"IT";"S126";"12728094";""
"2015-08-31";"1070001";"1077778";"IT";"S129";"11434";""
"2015-08-31";"1070001";"1077778";"ITC41";"600";"10013968";""
"2015-08-31";"1070001";"1077778";"ITC41";"S11001";"68640";""
"2015-08-31";"1070001";"1077778";"ITC41";"SBI25";"9941524";""
"2015-08-31";"1070001";"1077778";"ITC41";"S126";"18491";""
"2015-08-31";"1070001";"1077778";"ITC41";"S127";"23611";""
"2015-08-31";"1070001";"1077778";"ITC41";"S13";"486386";""
"2015-08-31";"1070001";"1077778";"IT";"S1314";"119562";""
"2015-08-31";"1070001";"1077778";"IT";"S15";"9307340";""
"2015-08-31";"1070001";"1077778";"ITC4";"S127";"4389519";""
"2015-08-31";"1070001";"1077778";"ITC4";"S11BI32";"196923842";""
"2015-08-31";"1070001";"1077778";"ITC4";"600";"112962693";""
"2015-08-31";"1070001";"1077778";"ITC4";"S11";"215283612";""
"2015-08-31";"1070001";"1077778";"IT";"S12BI66";"101354545";""
"2015-08-31";"1070001";"1077778";"IT";"S1311";"199835346";""
"2015-08-31";"1070001";"1077778";"ITC4";"S12BI7";"81924734";""
"2015-08-31";"1070001";"1077778";"ITC4";"S1314";"7954";""
"2015-08-31";"1070001";"1077778";"ITC4";"SBI59";"439668063";""
"2015-08-31";"1070001";"1077778";"ITC41";"S12BI66";"4309";""
"2015-08-31";"1070001";"1077778";"ITC4";"S11BI7";"5808519";""
"2015-08-31";"1070001";"1077778";"IT";"600";"504980820";""
"2015-08-31";"1070001";"1077778";"IT";"S11BI8";"59785207";""
"2015-08-31";"1070001";"1077778";"ITC41";"S14";"10896594";""
"2015-08-31";"1070001";"1077778";"ITC41";"SBI9";"620";""
"2015-08-31";"1070001";"1077778";"IT";"SBI9";"289655";""
"2015-08-31";"1070001";"1077778";"ITC4";"S1311";"157546";""
"2015-08-31";"1070001";"1077778";"ITC4";"SBI25";"232645017";""
"2015-08-31";"1070001";"1077778";"ITC4";"S124";"7630553";""
"2015-08-31";"1070001";"1077778";"ITC4";"S15";"3148964";""
"2015-08-31";"1070001";"1077778";"IT";"450";"768008";""
"2015-08-31";"1070001";"1077778";"IT";"S11BI7";"25002758";""
"2015-08-31";"1070001";"1077778";"ITC41";"S1314";"18";""
"2015-08-31";"1070001";"1077778";"ITC41";"SBI59";"20555908";""
"2015-08-31";"1070001";"1077778";"ITC41";"S11BI32";"7873239";""
"2015-08-31";"1070001";"1077778";"ITC41";"S12BI7";"46427";""
"2015-08-31";"1070001";"1077778";"IT";"S14";"597623683";""
"2015-08-31";"1070001";"1077778";"IT";"S12BI7";"143761483";""
"2015-08-31";"1070001";"1077778";"IT";"S13";"270503074";""
"2015-08-31";"1070001";"1077778";"IT";"SBI59";"1818324299";""
"2015-08-31";"1070001";"1077778";"ITC4";"S12BI66";"66527243";""
"2015-08-31";"1070001";"1077778";"ITC4";"S14BI2";"17361405";""
"2015-08-31";"1070001";"1077778";"ITC4";"SBI9";"127813";""
"2015-08-31";"1070001";"1077778";"IT";"S127";"12083500";""
"2015-08-31";"1070001";"1077778";"ITC4";"S11BI8";"10835653";""
"2015-08-31";"1070001";"1077778";"IT";"S11";"796839065";""
"2015-08-31";"1070001";"1077778";"ITC41";"S14BI2";"882626";""
"2015-08-31";"1070001";"1077778";"ITC41";"S11BI7";"412093";""
"2015-08-31";"1070001";"1077778";"ITC41";"S11BI8";"703656";""
"2015-08-31";"1070001";"1077778";"ITC41";"S128";"17";""
"2015-08-31";"1070001";"1077778";"ITC41";"S1311";"429";""
"2015-08-31";"1070001";"1077778";"ITC4";"S126";"2859427";""
"2015-08-31";"1070001";"1077778";"ITC4";"S14";"130324098";""
"2015-08-31";"1070001";"1077778";"IT";"S11BI32";"696078970";""
"2015-08-31";"1070001";"1077778";"ITC41";"450";"1270";""
"2015-08-31";"1070001";"1077778";"IT";"S14BI2";"92642862";""
"2015-08-31";"1070001";"1077778";"ITC4";"S11001";"1656192";""
"2015-08-31";"1070001";"1077778";"IT";"S124";"13336979";""
"2015-08-31";"1070001";"1077778";"IT";"S128";"4246931";""
"2015-08-31";"1070001";"1077778";"IT";"S1313";"70548166";""
"2015-08-31";"1070001";"1077778";"ITC4";"S128";"513903";""
"2015-08-31";"1070001";"1077778";"ITC4";"S13";"8858841";""
"2015-08-31";"1070001";"1077778";"IT";"S11001";"15204121";""
"2015-08-31";"1070001";"1077778";"ITC41";"S15";"66983";""
"2015-08-31";"1070001";"1077778";"ITC41";"S11";"9058897";""
"2015-08-31";"1070001";"1077778";"ITC41";"S1313";"485939";""
"2015-08-31";"1070001";"1077778";"ITC4";"450";"59407";""
"2015-08-31";"1070001";"1077778";"IT";"SBI25";"889481927";""
"2015-07-31";"1070001";"1077778";"ITC4";"S1313";"8736459";""
"2015-07-31";"1070001";"1077778";"ITC41";"S11BI32";"8040691";""
"2015-07-31";"1070001";"1077778";"ITC4";"S11BI32";"199380773";""
"2015-07-31";"1070001";"1077778";"ITC4";"S12BI7";"83132038";""
"2015-07-31";"1070001";"1077778";"ITC4";"S126";"2624023";""
"2015-07-31";"1070001";"1077778";"IT";"450";"769852";""
"2015-07-31";"1070001";"1077778";"ITC4";"S11";"217955686";""
"2015-07-31";"1070001";"1077778";"ITC41";"S14BI2";"882481";""
"2015-07-31";"1070001";"1077778";"ITC4";"S127";"4189547";""
"2015-07-31";"1070001";"1077778";"ITC41";"600";"10068029";""
"2015-07-31";"1070001";"1077778";"IT";"S11BI32";"703696908";""
"2015-07-31";"1070001";"1077778";"IT";"S14BI2";"92866816";""
"2015-07-31";"1070001";"1077778";"IT";"S14";"599541369";""
"2015-07-31";"1070001";"1077778";"ITC4";"SBI25";"235339571";""
"2015-07-31";"1070001";"1077778";"ITC4";"S14";"130806445";""
"2015-07-31";"1070001";"1077778";"ITC41";"S126";"17633";""
"2015-07-31";"1070001";"1077778";"ITC41";"S11BI8";"711685";""
"2015-07-31";"1070001";"1077778";"ITC4";"SBI9";"136533";""
"2015-07-31";"1070001";"1077778";"ITC4";"S124";"7733573";""
"2015-07-31";"1070001";"1077778";"ITC41";"S12BI7";"43484";""
"2015-07-31";"1070001";"1077778";"IT";"S12BI66";"102997763";""
"2015-07-31";"1070001";"1077778";"ITC41";"S12BI66";"4011";""
"2015-07-31";"1070001";"1077778";"ITC4";"S11001";"1722596";""
"2015-07-31";"1070001";"1077778";"ITC41";"S1314";"16";""
"2015-07-31";"1070001";"1077778";"ITC41";"S13";"485562";""
"2015-07-31";"1070001";"1077778";"ITC4";"SBI59";"444078614";""
"2015-07-31";"1070001";"1077778";"ITC4";"S14BI2";"17383885";""
"2015-07-31";"1070001";"1077778";"IT";"S11BI7";"25177922";""
"2015-07-31";"1070001";"1077778";"ITC41";"SBI25";"10115724";""
"2015-07-31";"1070001";"1077778";"IT";"S11BI8";"60358217";""
"2015-07-31";"1070001";"1077778";"IT";"S13";"271157417";""
"2015-07-31";"1070001";"1077778";"ITC4";"S12BI66";"68068124";""
"2015-07-31";"1070001";"1077778";"IT";"S11001";"15264760";""
"2015-07-31";"1070001";"1077778";"ITC41";"S14";"10950511";""
"2015-07-31";"1070001";"1077778";"ITC4";"450";"58399";""
"2015-07-31";"1070001";"1077778";"ITC41";"SBI59";"20781055";""
"2015-07-31";"1070001";"1077778";"ITC4";"S13";"8902555";""
"2015-07-31";"1070001";"1077778";"IT";"S126";"11779328";""
"2015-07-31";"1070001";"1077778";"ITC41";"S1311";"400";""
"2015-07-31";"1070001";"1077778";"ITC4";"S1314";"9170";""
"2015-07-31";"1070001";"1077778";"IT";"S1313";"70946425";""
"2015-07-31";"1070001";"1077778";"ITC41";"S127";"21823";""
"2015-07-31";"1070001";"1077778";"IT";"S12BI7";"144342730";""
"2015-07-31";"1070001";"1077778";"ITC4";"S11BI8";"10914237";""
"2015-07-31";"1070001";"1077778";"IT";"600";"506674553";""
"2015-07-31";"1070001";"1077778";"IT";"S1314";"121276";""
"2015-07-31";"1070001";"1077778";"ITC41";"S128";"17";""
"2015-07-31";"1070001";"1077778";"ITC41";"S11001";"60925";""
"2015-07-31";"1070001";"1077778";"IT";"S128";"4195219";""
"2015-07-31";"1070001";"1077778";"ITC41";"S11BI7";"418644";""
"2015-07-31";"1070001";"1077778";"IT";"SBI25";"898134476";""
"2015-07-31";"1070001";"1077778";"ITC41";"S11";"9233243";""
"2015-07-31";"1070001";"1077778";"ITC41";"450";"1298";""
"2015-07-31";"1070001";"1077778";"ITC4";"S15";"3145356";""
"2015-07-31";"1070001";"1077778";"ITC41";"S1313";"485146";""
"2015-07-31";"1070001";"1077778";"ITC4";"S1311";"156927";""
"2015-07-31";"1070001";"1077778";"ITC4";"600";"113422560";""
"2015-07-31";"1070001";"1077778";"IT";"S11";"805267659";""
"2015-07-31";"1070001";"1077778";"ITC4";"S128";"516457";""
"2015-07-31";"1070001";"1077778";"IT";"S15";"9299411";""
"2015-07-31";"1070001";"1077778";"IT";"SBI9";"302962";""
"2015-07-31";"1070001";"1077778";"ITC41";"SBI9";"633";""
"2015-07-31";"1070001";"1077778";"IT";"S127";"11777607";""
"2015-07-31";"1070001";"1077778";"ITC4";"S11BI7";"5879683";""
"2015-07-31";"1070001";"1077778";"IT";"S124";"13585451";""
"2015-07-31";"1070001";"1077778";"ITC41";"S15";"67623";""
"2015-07-31";"1070001";"1077778";"IT";"S129";"7363";""
"2015-07-31";"1070001";"1077778";"IT";"SBI59";"1829911549";""
"2015-07-31";"1070001";"1077778";"ITC4";"S129";"313";""
"2015-07-31";"1070001";"1077778";"IT";"S1311";"200089716";""
"2015-06-30";"1070001";"1077778";"IT";"S128";"4379743";""
"2015-06-30";"1070001";"1077778";"ITC4";"600";"112837571";""
"2015-06-30";"1070001";"1077778";"IT";"600";"505138853";""
"2015-06-30";"1070001";"1077778";"ITC41";"S11BI32";"8024317";""
"2015-06-30";"1070001";"1077778";"IT";"S11";"805197755";""
"2015-06-30";"1070001";"1077778";"ITC41";"SBI59";"20733875";""
"2015-06-30";"1070001";"1077778";"ITC4";"S11001";"1764612";""
"2015-06-30";"1070001";"1077778";"IT";"S11BI32";"703708657";""
"2015-06-30";"1070001";"1077778";"IT";"S1314";"113072";""
"2015-06-30";"1070001";"1077778";"ITC41";"S127";"19224";""
"2015-06-30";"1070001";"1077778";"IT";"S129";"10746";""
"2015-06-30";"1070001";"1077778";"IT";"SBI59";"1838088786";""
"2015-06-30";"1070001";"1077778";"ITC4";"S128";"531663";""
"2015-06-30";"1070001";"1077778";"IT";"S1311";"203987787";""
"2015-06-30";"1070001";"1077778";"IT";"SBI9";"339676";""
"2015-06-30";"1070001";"1077778";"IT";"SBI25";"898617830";""
"2015-06-30";"1070001";"1077778";"IT";"S15";"9386801";""
"2015-06-30";"1070001";"1077778";"IT";"S13";"276074568";""
"2015-06-30";"1070001";"1077778";"ITC4";"SBI59";"445205886";""
"2015-06-30";"1070001";"1077778";"ITC4";"SBI9";"165862";""
"2015-06-30";"1070001";"1077778";"ITC4";"S1313";"8768776";""
"2015-06-30";"1070001";"1077778";"ITC41";"S11BI7";"419469";""
"2015-06-30";"1070001";"1077778";"ITC4";"S14BI2";"17493769";""
"2015-06-30";"1070001";"1077778";"ITC4";"S11BI32";"199259512";""
"2015-06-30";"1070001";"1077778";"ITC41";"SBI25";"10107543";""
"2015-06-30";"1070001";"1077778";"ITC41";"S12BI66";"3996";""
"2015-06-30";"1070001";"1077778";"ITC41";"S11001";"58589";""
"2015-06-30";"1070001";"1077778";"ITC41";"S1313";"486577";""
"2015-06-30";"1070001";"1077778";"ITC41";"S1311";"377";""
"2015-06-30";"1070001";"1077778";"IT";"450";"756015";""
"2015-06-30";"1070001";"1077778";"ITC4";"S14";"130331340";""
"2015-06-30";"1070001";"1077778";"ITC41";"600";"10031451";""
"2015-06-30";"1070001";"1077778";"ITC4";"S127";"4048720";""
"2015-06-30";"1070001";"1077778";"ITC41";"450";"1297";""
"2015-06-30";"1070001";"1077778";"ITC41";"S126";"17871";""
"2015-06-30";"1070001";"1077778";"IT";"S12BI7";"148531057";""
"2015-06-30";"1070001";"1077778";"IT";"S11BI7";"25402692";""
"2015-06-30";"1070001";"1077778";"ITC4";"S129";"172";""
"2015-06-30";"1070001";"1077778";"IT";"S127";"11464004";""
"2015-06-30";"1070001";"1077778";"IT";"S12BI66";"105915065";""
"2015-06-30";"1070001";"1077778";"ITC4";"S11";"217957037";""
"2015-06-30";"1070001";"1077778";"ITC4";"S11BI7";"5920944";""
"2015-06-30";"1070001";"1077778";"ITC41";"SBI9";"646";""
"2015-06-30";"1070001";"1077778";"ITC41";"S11BI8";"712682";""
"2015-06-30";"1070001";"1077778";"ITC4";"S126";"2595048";""
"2015-06-30";"1070001";"1077778";"ITC41";"S12BI7";"41108";""
"2015-06-30";"1070001";"1077778";"ITC4";"SBI25";"235450806";""
"2015-06-30";"1070001";"1077778";"IT";"S1313";"71973709";""
"2015-06-30";"1070001";"1077778";"ITC4";"S11BI8";"10953290";""
"2015-06-30";"1070001";"1077778";"ITC41";"S128";"16";""
"2015-06-30";"1070001";"1077778";"ITC4";"S12BI66";"69585917";""
"2015-06-30";"1070001";"1077778";"ITC4";"S13";"8945429";""
"2015-06-30";"1070001";"1077778";"IT";"S11BI8";"60806515";""
"2015-06-30";"1070001";"1077778";"IT";"S14";"598558929";""
"2015-06-30";"1070001";"1077778";"ITC41";"S1314";"32";""
"2015-06-30";"1070001";"1077778";"ITC4";"S1314";"9490";""
"2015-06-30";"1070001";"1077778";"IT";"S14BI2";"93420076";""
"2015-06-30";"1070001";"1077778";"ITC4";"S15";"3134968";""
"2015-06-30";"1070001";"1077778";"IT";"S11001";"14523875";""
"2015-06-30";"1070001";"1077778";"ITC4";"S12BI7";"84671250";""
"2015-06-30";"1070001";"1077778";"ITC41";"S15";"66141";""
"2015-06-30";"1070001";"1077778";"ITC4";"S124";"7909730";""
"2015-06-30";"1070001";"1077778";"ITC41";"S14BI2";"891189";""
"2015-06-30";"1070001";"1077778";"ITC4";"S1311";"167163";""
"2015-06-30";"1070001";"1077778";"IT";"S126";"12934268";""
"2015-06-30";"1070001";"1077778";"ITC4";"450";"58680";""
"2015-06-30";"1070001";"1077778";"ITC41";"S14";"10922639";""
"2015-06-30";"1070001";"1077778";"ITC41";"S13";"486986";""
"2015-06-30";"1070001";"1077778";"IT";"S124";"13827231";""
"2015-06-30";"1070001";"1077778";"ITC41";"S11";"9216354";""
"2015-05-31";"1070001";"1077778";"ITC41";"600";"9920265";""
"2015-05-31";"1070001";"1077778";"ITC4";"S15";"3190861";""
"2015-05-31";"1070001";"1077778";"IT";"S11BI7";"25042999";""
"2015-05-31";"1070001";"1077778";"IT";"S128";"4195716";""
"2015-05-31";"1070001";"1077778";"ITC4";"SBI25";"232200839";""
"2015-05-31";"1070001";"1077778";"ITC4";"S14BI2";"17290986";""
"2015-05-31";"1070001";"1077778";"IT";"S1314";"166444";""
"2015-05-31";"1070001";"1077778";"ITC41";"S11001";"66409";""
"2015-05-31";"1070001";"1077778";"ITC4";"S12BI7";"80189668";""
"2015-05-31";"1070001";"1077778";"IT";"S129";"48617";""
"2015-05-31";"1070001";"1077778";"IT";"S124";"13647743";""
"2015-05-31";"1070001";"1077778";"ITC4";"S11";"214909854";""
"2015-05-31";"1070001";"1077778";"ITC4";"450";"60817";""
"2015-05-31";"1070001";"1077778";"IT";"S14";"589379508";""
"2015-05-31";"1070001";"1077778";"ITC4";"S14";"128930748";""
"2015-05-31";"1070001";"1077778";"ITC4";"SBI9";"58202";""
"2015-05-31";"1070001";"1077778";"IT";"S11001";"12537581";""
"2015-05-31";"1070001";"1077778";"IT";"S14BI2";"92285718";""
"2015-05-31";"1070001";"1077778";"ITC41";"S12BI66";"4015";""
"2015-05-31";"1070001";"1077778";"ITC41";"S15";"65559";""
"2015-05-31";"1070001";"1077778";"IT";"S15";"9430651";""
"2015-05-31";"1070001";"1077778";"IT";"SBI59";"1818138064";""
"2015-05-31";"1070001";"1077778";"IT";"SBI9";"192532";""
"2015-05-31";"1070001";"1077778";"IT";"S1313";"74104710";""
"2015-05-31";"1070001";"1077778";"IT";"S12BI66";"106499292";""
"2015-05-31";"1070001";"1077778";"ITC4";"S12BI66";"65254095";""
"2015-05-31";"1070001";"1077778";"ITC4";"SBI59";"436614325";""
"2015-05-31";"1070001";"1077778";"IT";"S12BI7";"148538131";""
"2015-05-31";"1070001";"1077778";"IT";"SBI25";"889549908";""
"2015-05-31";"1070001";"1077778";"ITC41";"S127";"18739";""
"2015-05-31";"1070001";"1077778";"ITC41";"SBI9";"606";""
"2015-05-31";"1070001";"1077778";"ITC41";"450";"1269";""
"2015-05-31";"1070001";"1077778";"ITC41";"S11BI32";"7850233";""
"2015-05-31";"1070001";"1077778";"ITC41";"S11BI7";"414165";""
"2015-05-31";"1070001";"1077778";"ITC4";"S127";"3988312";""
"2015-05-31";"1070001";"1077778";"ITC4";"S129";"1548";""
"2015-05-31";"1070001";"1077778";"ITC4";"S13";"9334992";""
"2015-05-31";"1070001";"1077778";"ITC4";"S1311";"153330";""
"2015-05-31";"1070001";"1077778";"IT";"450";"773653";""
"2015-05-31";"1070001";"1077778";"IT";"S11BI8";"60382919";""
"2015-05-31";"1070001";"1077778";"ITC4";"600";"111639762";""
"2015-05-31";"1070001";"1077778";"ITC4";"S11001";"1662210";""
"2015-05-31";"1070001";"1077778";"ITC41";"S1314";"21";""
"2015-05-31";"1070001";"1077778";"ITC41";"S1311";"275";""
"2015-05-31";"1070001";"1077778";"ITC41";"S14BI2";"876532";""
"2015-05-31";"1070001";"1077778";"ITC4";"S128";"494204";""
"2015-05-31";"1070001";"1077778";"ITC4";"S126";"2710021";""
"2015-05-31";"1070001";"1077778";"IT";"S11";"797264190";""
"2015-05-31";"1070001";"1077778";"IT";"S11BI32";"698527037";""
"2015-05-31";"1070001";"1077778";"IT";"S126";"12744305";""
"2015-05-31";"1070001";"1077778";"IT";"S127";"11402459";""
"2015-05-31";"1070001";"1077778";"IT";"S1311";"199061898";""
"2015-05-31";"1070001";"1077778";"ITC4";"S1314";"9295";""
"2015-05-31";"1070001";"1077778";"ITC4";"S124";"7741489";""
"2015-05-31";"1070001";"1077778";"IT";"S13";"273333052";""
"2015-05-31";"1070001";"1077778";"IT";"600";"497093790";""
"2015-05-31";"1070001";"1077778";"ITC41";"SBI25";"9909860";""
"2015-05-31";"1070001";"1077778";"ITC41";"S126";"17930";""
"2015-05-31";"1070001";"1077778";"ITC41";"S128";"16";""
"2015-05-31";"1070001";"1077778";"ITC41";"S11BI8";"701253";""
"2015-05-31";"1070001";"1077778";"ITC41";"S14";"10796796";""
"2015-05-31";"1070001";"1077778";"ITC41";"S1313";"499846";""
"2015-05-31";"1070001";"1077778";"ITC4";"S1313";"9172367";""
"2015-05-31";"1070001";"1077778";"ITC41";"S11";"9033329";""
"2015-05-31";"1070001";"1077778";"ITC4";"S11BI7";"5808747";""
"2015-05-31";"1070001";"1077778";"ITC4";"S11BI8";"10855499";""
"2015-05-31";"1070001";"1077778";"ITC41";"S12BI7";"40700";""
"2015-05-31";"1070001";"1077778";"ITC41";"S13";"500143";""
"2015-05-31";"1070001";"1077778";"ITC4";"S11BI32";"196522581";""
"2015-05-31";"1070001";"1077778";"ITC41";"SBI59";"20437133";""
"2015-04-30";"1070001";"1077778";"ITC4";"600";"111428184";""
"2015-04-30";"1070001";"1077778";"IT";"S128";"4172200";""
"2015-04-30";"1070001";"1077778";"ITC41";"S13";"498461";""
"2015-04-30";"1070001";"1077778";"ITC4";"S1313";"8959252";""
"2015-04-30";"1070001";"1077778";"ITC41";"S126";"19866";""
"2015-04-30";"1070001";"1077778";"ITC4";"SBI9";"79878";""
"2015-04-30";"1070001";"1077778";"IT";"S1311";"197472684";""
"2015-04-30";"1070001";"1077778";"IT";"SBI25";"894074309";""
"2015-04-30";"1070001";"1077778";"ITC4";"S11BI7";"5977860";""
"2015-04-30";"1070001";"1077778";"ITC41";"S11BI32";"7979518";""
"2015-04-30";"1070001";"1077778";"IT";"450";"791261";""
"2015-04-30";"1070001";"1077778";"IT";"S11001";"12756474";""
"2015-04-30";"1070001";"1077778";"IT";"S12BI7";"148159349";""
"2015-04-30";"1070001";"1077778";"ITC4";"S12BI66";"65446616";""
"2015-04-30";"1070001";"1077778";"ITC4";"S14BI2";"17421757";""
"2015-04-30";"1070001";"1077778";"ITC4";"S11BI32";"196977266";""
"2015-04-30";"1070001";"1077778";"ITC41";"S11BI7";"425333";""
"2015-04-30";"1070001";"1077778";"ITC41";"S11001";"68084";""
"2015-04-30";"1070001";"1077778";"IT";"S11BI7";"25616299";""
"2015-04-30";"1070001";"1077778";"ITC41";"S128";"18";""
"2015-04-30";"1070001";"1077778";"ITC41";"S12BI7";"42365";""
"2015-04-30";"1070001";"1077778";"ITC41";"SBI9";"578";""
"2015-04-30";"1070001";"1077778";"IT";"600";"496366608";""
"2015-04-30";"1070001";"1077778";"ITC4";"S1314";"9639";""
"2015-04-30";"1070001";"1077778";"ITC4";"450";"60794";""
"2015-04-30";"1070001";"1077778";"ITC41";"S127";"18445";""
"2015-04-30";"1070001";"1077778";"ITC4";"SBI25";"233141400";""
"2015-04-30";"1070001";"1077778";"ITC41";"SBI59";"20586113";""
"2015-04-30";"1070001";"1077778";"ITC4";"S124";"7699648";""
"2015-04-30";"1070001";"1077778";"ITC4";"S11001";"1698022";""
"2015-04-30";"1070001";"1077778";"IT";"S1314";"129241";""
"2015-04-30";"1070001";"1077778";"IT";"SBI59";"1819444105";""
"2015-04-30";"1070001";"1077778";"ITC4";"S14";"128849941";""
"2015-04-30";"1070001";"1077778";"ITC41";"S12BI66";"4037";""
"2015-04-30";"1070001";"1077778";"IT";"S14BI2";"92711018";""
"2015-04-30";"1070001";"1077778";"ITC4";"S15";"3262802";""
"2015-04-30";"1070001";"1077778";"IT";"S11BI8";"61140855";""
"2015-04-30";"1070001";"1077778";"ITC41";"S14";"10791812";""
"2015-04-30";"1070001";"1077778";"ITC4";"S11BI8";"11005702";""
"2015-04-30";"1070001";"1077778";"ITC4";"S128";"543556";""
"2015-04-30";"1070001";"1077778";"ITC4";"S129";"8623";""
"2015-04-30";"1070001";"1077778";"ITC4";"S12BI7";"79899417";""
"2015-04-30";"1070001";"1077778";"ITC4";"S1311";"158065";""
"2015-04-30";"1070001";"1077778";"IT";"S127";"11954390";""
"2015-04-30";"1070001";"1077778";"IT";"S11BI32";"701058402";""
"2015-04-30";"1070001";"1077778";"ITC41";"S15";"65413";""
"2015-04-30";"1070001";"1077778";"ITC41";"S14BI2";"885872";""
"2015-04-30";"1070001";"1077778";"IT";"S13";"271141952";""
"2015-04-30";"1070001";"1077778";"IT";"S1313";"73540027";""
"2015-04-30";"1070001";"1077778";"IT";"S14";"589077626";""
"2015-04-30";"1070001";"1077778";"ITC4";"S11";"215719643";""
"2015-04-30";"1070001";"1077778";"ITC4";"S127";"3890736";""
"2015-04-30";"1070001";"1077778";"ITC41";"S1311";"247";""
"2015-04-30";"1070001";"1077778";"ITC41";"S11BI8";"713279";""
"2015-04-30";"1070001";"1077778";"ITC41";"S11";"9187484";""
"2015-04-30";"1070001";"1077778";"IT";"S129";"12411";""
"2015-04-30";"1070001";"1077778";"IT";"S126";"12601437";""
"2015-04-30";"1070001";"1077778";"IT";"S12BI66";"105751835";""
"2015-04-30";"1070001";"1077778";"IT";"SBI9";"254062";""
"2015-04-30";"1070001";"1077778";"ITC4";"S13";"9126957";""
"2015-04-30";"1070001";"1077778";"ITC4";"S126";"2310238";""
"2015-04-30";"1070001";"1077778";"ITC41";"SBI25";"10073357";""
"2015-04-30";"1070001";"1077778";"ITC4";"SBI59";"436938639";""
"2015-04-30";"1070001";"1077778";"ITC41";"450";"1270";""
"2015-04-30";"1070001";"1077778";"ITC41";"600";"9905939";""
"2015-04-30";"1070001";"1077778";"IT";"S124";"13667076";""
"2015-04-30";"1070001";"1077778";"ITC41";"S1313";"498198";""
"2015-04-30";"1070001";"1077778";"ITC41";"S1314";"16";""
"2015-04-30";"1070001";"1077778";"IT";"S15";"9447824";""
"2015-04-30";"1070001";"1077778";"IT";"S11";"801363291";""
"2015-03-31";"1070001";"1077778";"IT";"S15";"9528433";""
"2015-03-31";"1070001";"1077778";"ITC4";"S12BI7";"82269736";""
"2015-03-31";"1070001";"1077778";"ITC41";"S11BI7";"426714";""
"2015-03-31";"1070001";"1077778";"IT";"S14";"588876220";""
"2015-03-31";"1070001";"1077778";"IT";"S129";"21007";""
"2015-03-31";"1070001";"1077778";"ITC4";"SBI25";"233896027";""
"2015-03-31";"1070001";"1077778";"ITC4";"S14BI2";"17477059";""
"2015-03-31";"1070001";"1077778";"IT";"600";"495798567";""
"2015-03-31";"1070001";"1077778";"IT";"S11001";"12262188";""
"2015-03-31";"1070001";"1077778";"ITC41";"S126";"17524";""
"2015-03-31";"1070001";"1077778";"IT";"S1314";"133099";""
"2015-03-31";"1070001";"1077778";"ITC4";"S128";"505064";""
"2015-03-31";"1070001";"1077778";"ITC41";"S127";"18054";""
"2015-03-31";"1070001";"1077778";"ITC4";"450";"71890";""
"2015-03-31";"1070001";"1077778";"ITC4";"600";"111353074";""
"2015-03-31";"1070001";"1077778";"IT";"SBI9";"223205";""
"2015-03-31";"1070001";"1077778";"IT";"S127";"12120983";""
"2015-03-31";"1070001";"1077778";"IT";"S11";"804166360";""
"2015-03-31";"1070001";"1077778";"ITC4";"SBI9";"37173";""
"2015-03-31";"1070001";"1077778";"ITC41";"S1314";"13";""
"2015-03-31";"1070001";"1077778";"ITC41";"S14BI2";"892313";""
"2015-03-31";"1070001";"1077778";"IT";"S128";"4157639";""
"2015-03-31";"1070001";"1077778";"ITC41";"S12BI7";"39909";""
"2015-03-31";"1070001";"1077778";"ITC4";"S124";"7608513";""
"2015-03-31";"1070001";"1077778";"ITC4";"S127";"3809135";""
"2015-03-31";"1070001";"1077778";"IT";"SBI25";"897244014";""
"2015-03-31";"1070001";"1077778";"ITC41";"600";"9890940";""
"2015-03-31";"1070001";"1077778";"ITC4";"S1313";"8994935";""
"2015-03-31";"1070001";"1077778";"ITC4";"S1314";"9643";""
"2015-03-31";"1070001";"1077778";"ITC4";"S129";"4083";""
"2015-03-31";"1070001";"1077778";"ITC4";"S15";"3220155";""
"2015-03-31";"1070001";"1077778";"ITC4";"S11";"216418968";""
"2015-03-31";"1070001";"1077778";"ITC41";"S11001";"64930";""
"2015-03-31";"1070001";"1077778";"ITC41";"S1313";"498007";""
"2015-03-31";"1070001";"1077778";"ITC41";"S14";"10783253";""
"2015-03-31";"1070001";"1077778";"IT";"S126";"12003323";""
"2015-03-31";"1070001";"1077778";"IT";"S12BI7";"152523713";""
"2015-03-31";"1070001";"1077778";"IT";"S11BI32";"703890466";""
"2015-03-31";"1070001";"1077778";"ITC4";"S14";"128830134";""
"2015-03-31";"1070001";"1077778";"IT";"S13";"270916774";""
"2015-03-31";"1070001";"1077778";"ITC4";"S1311";"153267";""
"2015-03-31";"1070001";"1077778";"ITC4";"S13";"9157846";""
"2015-03-31";"1070001";"1077778";"IT";"S1313";"73249991";""
"2015-03-31";"1070001";"1077778";"ITC41";"S128";"17";""
"2015-03-31";"1070001";"1077778";"ITC41";"S12BI66";"4314";""
"2015-03-31";"1070001";"1077778";"IT";"S14BI2";"93077653";""
"2015-03-31";"1070001";"1077778";"ITC4";"S11001";"1802969";""
"2015-03-31";"1070001";"1077778";"ITC4";"SBI59";"439934011";""
"2015-03-31";"1070001";"1077778";"IT";"S12BI66";"110596308";""
"2015-03-31";"1070001";"1077778";"IT";"S11BI7";"25836829";""
"2015-03-31";"1070001";"1077778";"ITC41";"SBI9";"592";""
"2015-03-31";"1070001";"1077778";"ITC4";"S12BI66";"68089044";""
"2015-03-31";"1070001";"1077778";"IT";"S124";"13624453";""
"2015-03-31";"1070001";"1077778";"ITC41";"SBI25";"10099720";""
"2015-03-31";"1070001";"1077778";"ITC4";"S11BI7";"6000164";""
"2015-03-31";"1070001";"1077778";"ITC41";"S11BI32";"7995497";""
"2015-03-31";"1070001";"1077778";"ITC41";"S11BI8";"718989";""
"2015-03-31";"1070001";"1077778";"ITC41";"450";"1276";""
"2015-03-31";"1070001";"1077778";"ITC41";"S13";"498254";""
"2015-03-31";"1070001";"1077778";"ITC41";"S15";"66076";""
"2015-03-31";"1070001";"1077778";"IT";"S1311";"197533684";""
"2015-03-31";"1070001";"1077778";"IT";"SBI59";"1826234707";""
"2015-03-31";"1070001";"1077778";"ITC41";"SBI59";"20595491";""
"2015-03-31";"1070001";"1077778";"ITC41";"S11";"9207407";""
"2015-03-31";"1070001";"1077778";"ITC41";"S1311";"234";""
"2015-03-31";"1070001";"1077778";"IT";"450";"772165";""
"2015-03-31";"1070001";"1077778";"ITC4";"S11BI32";"197466472";""
"2015-03-31";"1070001";"1077778";"ITC4";"S11BI8";"11077473";""
"2015-03-31";"1070001";"1077778";"ITC4";"S126";"2253897";""
"2015-03-31";"1070001";"1077778";"IT";"S11BI8";"61404712";""
"2015-02-28";"1070001";"1077778";"ITC41";"SBI9";"621";""
"2015-02-28";"1070001";"1077778";"ITC41";"S14BI2";"889118";""
"2015-02-28";"1070001";"1077778";"IT";"SBI25";"892468870";""
"2015-02-28";"1070001";"1077778";"IT";"S126";"12109849";""
"2015-02-28";"1070001";"1077778";"ITC41";"S126";"19350";""
"2015-02-28";"1070001";"1077778";"ITC41";"S1311";"284";""
"2015-02-28";"1070001";"1077778";"ITC4";"S12BI7";"79145922";""
"2015-02-28";"1070001";"1077778";"IT";"S128";"4192119";""
"2015-02-28";"1070001";"1077778";"ITC4";"S11BI8";"11009141";""
"2015-02-28";"1070001";"1077778";"IT";"600";"494961512";""
"2015-02-28";"1070001";"1077778";"ITC41";"S11001";"65378";""
"2015-02-28";"1070001";"1077778";"IT";"S11BI8";"61084027";""
"2015-02-28";"1070001";"1077778";"ITC41";"S1314";"13";""
"2015-02-28";"1070001";"1077778";"ITC4";"S12BI66";"65417891";""
"2015-02-28";"1070001";"1077778";"ITC4";"S13";"9162055";""
"2015-02-28";"1070001";"1077778";"ITC4";"450";"74720";""
"2015-02-28";"1070001";"1077778";"ITC4";"S128";"495971";""
"2015-02-28";"1070001";"1077778";"IT";"S1314";"114516";""
"2015-02-28";"1070001";"1077778";"ITC4";"SBI9";"44469";""
"2015-02-28";"1070001";"1077778";"ITC41";"SBI25";"9988446";""
"2015-02-28";"1070001";"1077778";"IT";"S127";"11691491";""
"2015-02-28";"1070001";"1077778";"IT";"S12BI66";"106456041";""
"2015-02-28";"1070001";"1077778";"ITC4";"S11BI7";"5929648";""
"2015-02-28";"1070001";"1077778";"ITC4";"S1311";"234751";""
"2015-02-28";"1070001";"1077778";"IT";"S11BI32";"699982198";""
"2015-02-28";"1070001";"1077778";"ITC4";"S14BI2";"17414593";""
"2015-02-28";"1070001";"1077778";"ITC4";"S1314";"9804";""
"2015-02-28";"1070001";"1077778";"ITC41";"S128";"17";""
"2015-02-28";"1070001";"1077778";"ITC41";"S14";"10754282";""
"2015-02-28";"1070001";"1077778";"ITC4";"S129";"2677";""
"2015-02-28";"1070001";"1077778";"IT";"S12BI7";"147931243";""
"2015-02-28";"1070001";"1077778";"IT";"S11BI7";"25621105";""
"2015-02-28";"1070001";"1077778";"ITC41";"S127";"18141";""
"2015-02-28";"1070001";"1077778";"ITC4";"S124";"7435149";""
"2015-02-28";"1070001";"1077778";"ITC41";"S15";"65326";""
"2015-02-28";"1070001";"1077778";"ITC41";"SBI59";"20466353";""
"2015-02-28";"1070001";"1077778";"IT";"S14BI2";"92651549";""
"2015-02-28";"1070001";"1077778";"ITC41";"S1313";"505019";""
"2015-02-28";"1070001";"1077778";"ITC4";"SBI59";"435540283";""
"2015-02-28";"1070001";"1077778";"ITC41";"S12BI7";"41480";""
"2015-02-28";"1070001";"1077778";"IT";"S129";"16688";""
"2015-02-28";"1070001";"1077778";"IT";"S124";"13465055";""
"2015-02-28";"1070001";"1077778";"IT";"SBI9";"235359";""
"2015-02-28";"1070001";"1077778";"ITC4";"S11BI32";"196674030";""
"2015-02-28";"1070001";"1077778";"ITC4";"S126";"2208672";""
"2015-02-28";"1070001";"1077778";"IT";"S1311";"196737718";""
"2015-02-28";"1070001";"1077778";"IT";"S1313";"72258843";""
"2015-02-28";"1070001";"1077778";"ITC4";"600";"111103370";""
"2015-02-28";"1070001";"1077778";"ITC4";"S11";"215469071";""
"2015-02-28";"1070001";"1077778";"ITC4";"S11001";"1781532";""
"2015-02-28";"1070001";"1077778";"IT";"S11001";"12258939";""
"2015-02-28";"1070001";"1077778";"ITC41";"600";"9865165";""
"2015-02-28";"1070001";"1077778";"ITC41";"S11BI32";"7895924";""
"2015-02-28";"1070001";"1077778";"ITC41";"S11BI7";"421043";""
"2015-02-28";"1070001";"1077778";"ITC41";"S12BI66";"3971";""
"2015-02-28";"1070001";"1077778";"IT";"S14";"587613061";""
"2015-02-28";"1070001";"1077778";"ITC4";"S127";"3585562";""
"2015-02-28";"1070001";"1077778";"IT";"450";"871052";""
"2015-02-28";"1070001";"1077778";"IT";"S11";"799817321";""
"2015-02-28";"1070001";"1077778";"ITC4";"SBI25";"232883665";""
"2015-02-28";"1070001";"1077778";"ITC4";"S1313";"8917500";""
"2015-02-28";"1070001";"1077778";"ITC4";"S14";"128517963";""
"2015-02-28";"1070001";"1077778";"ITC4";"S15";"3200804";""
"2015-02-28";"1070001";"1077778";"ITC41";"450";"1248";""
"2015-02-28";"1070001";"1077778";"ITC41";"S11";"9099328";""
"2015-02-28";"1070001";"1077778";"ITC41";"S11BI8";"715734";""
"2015-02-28";"1070001";"1077778";"ITC41";"S13";"505316";""
"2015-02-28";"1070001";"1077778";"IT";"S13";"269111077";""
"2015-02-28";"1070001";"1077778";"IT";"S15";"9544113";""
"2015-02-28";"1070001";"1077778";"IT";"SBI59";"1814252175";""
"2015-01-31";"1070001";"1077778";"IT";"600";"495480423";""
"2015-01-31";"1070001";"1077778";"ITC41";"S128";"17";""
"2015-01-31";"1070001";"1077778";"IT";"S14BI2";"92909743";""
"2015-01-31";"1070001";"1077778";"IT";"SBI25";"897249185";""
"2015-01-31";"1070001";"1077778";"ITC4";"SBI59";"440366800";""
"2015-01-31";"1070001";"1077778";"ITC41";"450";"1241";""
"2015-01-31";"1070001";"1077778";"ITC4";"S12BI66";"67075305";""
"2015-01-31";"1070001";"1077778";"IT";"S1313";"72491963";""
"2015-01-31";"1070001";"1077778";"IT";"S14";"588390166";""
"2015-01-31";"1070001";"1077778";"ITC41";"SBI9";"621";""
"2015-01-31";"1070001";"1077778";"ITC41";"S11BI7";"430480";""
"2015-01-31";"1070001";"1077778";"ITC41";"SBI25";"9984348";""
"2015-01-31";"1070001";"1077778";"ITC4";"S1313";"8891592";""
"2015-01-31";"1070001";"1077778";"IT";"S1314";"121854";""
"2015-01-31";"1070001";"1077778";"ITC41";"S1311";"295";""
"2015-01-31";"1070001";"1077778";"IT";"S11BI32";"702704001";""
"2015-01-31";"1070001";"1077778";"ITC4";"S11";"217872368";""
"2015-01-31";"1070001";"1077778";"ITC4";"S124";"7614173";""
"2015-01-31";"1070001";"1077778";"IT";"S11";"804339442";""
"2015-01-31";"1070001";"1077778";"ITC4";"SBI9";"38888";""
"2015-01-31";"1070001";"1077778";"IT";"S15";"9623889";""
"2015-01-31";"1070001";"1077778";"ITC41";"S15";"66131";""
"2015-01-31";"1070001";"1077778";"ITC4";"S11001";"1742724";""
"2015-01-31";"1070001";"1077778";"ITC41";"S12BI7";"38670";""
"2015-01-31";"1070001";"1077778";"ITC4";"S1311";"150212";""
"2015-01-31";"1070001";"1077778";"IT";"S12BI66";"108159439";""
"2015-01-31";"1070001";"1077778";"ITC41";"S11001";"61545";""
"2015-01-31";"1070001";"1077778";"IT";"S11BI8";"61301203";""
"2015-01-31";"1070001";"1077778";"ITC4";"S127";"3292115";""
"2015-01-31";"1070001";"1077778";"IT";"S11001";"13692347";""
"2015-01-31";"1070001";"1077778";"ITC41";"S13";"492917";""
"2015-01-31";"1070001";"1077778";"ITC41";"S11BI32";"7875434";""
"2015-01-31";"1070001";"1077778";"ITC4";"S1314";"10927";""
"2015-01-31";"1070001";"1077778";"ITC4";"S14";"128752739";""
"2015-01-31";"1070001";"1077778";"IT";"S124";"13631202";""
"2015-01-31";"1070001";"1077778";"IT";"S127";"11112471";""
"2015-01-31";"1070001";"1077778";"ITC4";"SBI25";"235371172";""
"2015-01-31";"1070001";"1077778";"ITC4";"S11BI8";"11059810";""
"2015-01-31";"1070001";"1077778";"ITC4";"S126";"2909751";""
"2015-01-31";"1070001";"1077778";"IT";"S13";"269103485";""
"2015-01-31";"1070001";"1077778";"IT";"SBI59";"1821391322";""
"2015-01-31";"1070001";"1077778";"IT";"SBI9";"261697";""
"2015-01-31";"1070001";"1077778";"ITC41";"S14";"10775688";""
"2015-01-31";"1070001";"1077778";"ITC41";"SBI59";"20464482";""
"2015-01-31";"1070001";"1077778";"ITC41";"S1314";"6";""
"2015-01-31";"1070001";"1077778";"ITC41";"S14BI2";"893894";""
"2015-01-31";"1070001";"1077778";"IT";"S129";"57103";""
"2015-01-31";"1070001";"1077778";"IT";"S126";"12444161";""
"2015-01-31";"1070001";"1077778";"IT";"450";"851775";""
"2015-01-31";"1070001";"1077778";"ITC41";"S12BI66";"4025";""
"2015-01-31";"1070001";"1077778";"ITC41";"600";"9881795";""
"2015-01-31";"1070001";"1077778";"ITC41";"S11";"9090454";""
"2015-01-31";"1070001";"1077778";"ITC4";"S12BI7";"81398843";""
"2015-01-31";"1070001";"1077778";"ITC4";"S14BI2";"17498804";""
"2015-01-31";"1070001";"1077778";"ITC4";"600";"111253935";""
"2015-01-31";"1070001";"1077778";"ITC4";"S11BI32";"199003920";""
"2015-01-31";"1070001";"1077778";"ITC4";"S11BI7";"5987654";""
"2015-01-31";"1070001";"1077778";"ITC4";"S128";"500360";""
"2015-01-31";"1070001";"1077778";"ITC4";"S129";"7139";""
"2015-01-31";"1070001";"1077778";"IT";"S128";"4268267";""
"2015-01-31";"1070001";"1077778";"ITC41";"S126";"19419";""
"2015-01-31";"1070001";"1077778";"ITC41";"S127";"15209";""
"2015-01-31";"1070001";"1077778";"ITC41";"S1313";"492615";""
"2015-01-31";"1070001";"1077778";"ITC4";"450";"78260";""
"2015-01-31";"1070001";"1077778";"IT";"S12BI7";"149672643";""
"2015-01-31";"1070001";"1077778";"ITC41";"S11BI8";"721755";""
"2015-01-31";"1070001";"1077778";"IT";"S11BI7";"25790116";""
"2015-01-31";"1070001";"1077778";"IT";"S1311";"196489668";""
"2015-01-31";"1070001";"1077778";"ITC4";"S15";"3251231";""
"2015-01-31";"1070001";"1077778";"ITC4";"S13";"9052731";""
"2014-12-31";"1070001";"1077778";"IT";"S11BI32";"700878409";""
"2014-12-31";"1070001";"1077778";"ITC41";"S1313";"493781";""
"2014-12-31";"1070001";"1077778";"ITC41";"S14";"10671337";""
"2014-12-31";"1070001";"1077778";"ITC41";"S11001";"57509";""
"2014-12-31";"1070001";"1077778";"ITC41";"S11BI7";"435360";""
"2014-12-31";"1070001";"1077778";"ITC4";"450";"80319";""
"2014-12-31";"1070001";"1077778";"ITC4";"SBI25";"234992980";""
"2014-12-31";"1070001";"1077778";"IT";"600";"493286517";""
"2014-12-31";"1070001";"1077778";"IT";"S14BI2";"93242054";""
"2014-12-31";"1070001";"1077778";"ITC41";"S126";"19765";""
"2014-12-31";"1070001";"1077778";"ITC41";"S12BI7";"41120";""
"2014-12-31";"1070001";"1077778";"ITC4";"S11BI7";"6054130";""
"2014-12-31";"1070001";"1077778";"ITC4";"S128";"487796";""
"2014-12-31";"1070001";"1077778";"IT";"S13";"270490416";""
"2014-12-31";"1070001";"1077778";"ITC41";"S14BI2";"899820";""
"2014-12-31";"1070001";"1077778";"IT";"SBI9";"333940";""
"2014-12-31";"1070001";"1077778";"ITC41";"S1311";"257";""
"2014-12-31";"1070001";"1077778";"ITC41";"SBI59";"20333550";""
"2014-12-31";"1070001";"1077778";"IT";"S11BI7";"26024475";""
"2014-12-31";"1070001";"1077778";"IT";"S129";"3562";""
"2014-12-31";"1070001";"1077778";"IT";"S12BI66";"116683701";""
"2014-12-31";"1070001";"1077778";"ITC4";"S15";"3255091";""
"2014-12-31";"1070001";"1077778";"IT";"S1311";"198151340";""
"2014-12-31";"1070001";"1077778";"ITC4";"S12BI66";"70826954";""
"2014-12-31";"1070001";"1077778";"ITC4";"S1313";"8913805";""
"2014-12-31";"1070001";"1077778";"IT";"S11001";"12528343";""
"2014-12-31";"1070001";"1077778";"IT";"S126";"9900722";""
"2014-12-31";"1070001";"1077778";"IT";"S1313";"72193747";""
"2014-12-31";"1070001";"1077778";"ITC41";"S13";"494044";""
"2014-12-31";"1070001";"1077778";"ITC4";"SBI9";"98352";""
"2014-12-31";"1070001";"1077778";"ITC41";"S11BI32";"7834630";""
"2014-12-31";"1070001";"1077778";"ITC4";"S11BI32";"198463628";""
"2014-12-31";"1070001";"1077778";"ITC4";"S129";"183";""
"2014-12-31";"1070001";"1077778";"IT";"S11BI8";"61715510";""
"2014-12-31";"1070001";"1077778";"ITC41";"S1314";"6";""
"2014-12-31";"1070001";"1077778";"ITC41";"SBI9";"897";""
"2014-12-31";"1070001";"1077778";"ITC41";"450";"1221";""
"2014-12-31";"1070001";"1077778";"ITC4";"600";"110775349";""
"2014-12-31";"1070001";"1077778";"ITC41";"S128";"15";""
"2014-12-31";"1070001";"1077778";"ITC4";"S11BI8";"11136117";""
"2014-12-31";"1070001";"1077778";"ITC4";"S14";"128366420";""
"2014-12-31";"1070001";"1077778";"ITC41";"S11BI8";"732896";""
"2014-12-31";"1070001";"1077778";"ITC4";"S12BI7";"84518287";""
"2014-12-31";"1070001";"1077778";"IT";"S127";"11515946";""
"2014-12-31";"1070001";"1077778";"ITC41";"600";"9771517";""
"2014-12-31";"1070001";"1077778";"IT";"450";"863589";""
"2014-12-31";"1070001";"1077778";"ITC4";"S124";"7267145";""
"2014-12-31";"1070001";"1077778";"ITC4";"S127";"3662165";""
"2014-12-31";"1070001";"1077778";"ITC4";"S1311";"153873";""
"2014-12-31";"1070001";"1077778";"IT";"SBI25";"895252380";""
"2014-12-31";"1070001";"1077778";"ITC4";"S14BI2";"17591070";""
"2014-12-31";"1070001";"1077778";"IT";"SBI59";"1824436559";""
"2014-12-31";"1070001";"1077778";"ITC41";"S12BI66";"4513";""
"2014-12-31";"1070001";"1077778";"IT";"S12BI7";"155588484";""
"2014-12-31";"1070001";"1077778";"IT";"S1314";"145328";""
"2014-12-31";"1070001";"1077778";"IT";"S14";"586528571";""
"2014-12-31";"1070001";"1077778";"IT";"S15";"9471782";""
"2014-12-31";"1070001";"1077778";"IT";"S124";"13316579";""
"2014-12-31";"1070001";"1077778";"IT";"S128";"4167974";""
"2014-12-31";"1070001";"1077778";"ITC4";"SBI59";"442718919";""
"2014-12-31";"1070001";"1077778";"IT";"S11";"802010326";""
"2014-12-31";"1070001";"1077778";"ITC4";"S126";"2274043";""
"2014-12-31";"1070001";"1077778";"ITC41";"S11";"9061616";""
"2014-12-31";"1070001";"1077778";"ITC41";"S127";"16826";""
"2014-12-31";"1070001";"1077778";"ITC41";"S15";"64537";""
"2014-12-31";"1070001";"1077778";"ITC41";"SBI25";"9961435";""
"2014-12-31";"1070001";"1077778";"ITC4";"S11";"217401910";""
"2014-12-31";"1070001";"1077778";"ITC4";"S11001";"1667716";""
"2014-12-31";"1070001";"1077778";"ITC4";"S13";"9078861";""
"2014-12-31";"1070001";"1077778";"ITC4";"S1314";"11182";""
"2014-11-30";"1070001";"1077778";"IT";"600";"493363719";""
"2014-11-30";"1070001";"1077778";"ITC41";"600";"9777347";""
"2014-11-30";"1070001";"1077778";"ITC41";"S126";"16714";""
"2014-11-30";"1070001";"1077778";"IT";"S12BI7";"138291034";""
"2014-11-30";"1070001";"1077778";"IT";"S1314";"151428";""
"2014-11-30";"1070001";"1077778";"IT";"S14BI2";"92821393";""
"2014-11-30";"1070001";"1077778";"ITC4";"S15";"3323754";""
"2014-11-30";"1070001";"1077778";"ITC41";"450";"1195";""
"2014-11-30";"1070001";"1077778";"IT";"S15";"9719345";""
"2014-11-30";"1070001";"1077778";"ITC41";"S12BI7";"26111";""
"2014-11-30";"1070001";"1077778";"ITC41";"SBI59";"20255126";""
"2014-11-30";"1070001";"1077778";"ITC41";"S14BI2";"896537";""
"2014-11-30";"1070001";"1077778";"ITC4";"S14BI2";"17491919";""
"2014-11-30";"1070001";"1077778";"ITC41";"SBI9";"630";""
"2014-11-30";"1070001";"1077778";"ITC4";"S1314";"12024";""
"2014-11-30";"1070001";"1077778";"IT";"S1313";"74018183";""
"2014-11-30";"1070001";"1077778";"IT";"S14";"586185111";""
"2014-11-30";"1070001";"1077778";"ITC4";"600";"110707439";""
"2014-11-30";"1070001";"1077778";"ITC4";"S11";"219966256";""
"2014-11-30";"1070001";"1077778";"ITC4";"S11BI7";"5953831";""
"2014-11-30";"1070001";"1077778";"IT";"S11001";"12393047";""
"2014-11-30";"1070001";"1077778";"ITC41";"S11";"8981021";""
"2014-11-30";"1070001";"1077778";"ITC41";"S11BI31";"7789308";""
"2014-11-30";"1070001";"1077778";"ITC41";"S11BI8";"723882";""
"2014-11-30";"1070001";"1077778";"ITC4";"S12I";"464252";""
"2014-11-30";"1070001";"1077778";"ITC41";"S13";"508898";""
"2014-11-30";"1070001";"1077778";"IT";"450";"855576";""
"2014-11-30";"1070001";"1077778";"IT";"S12BI6";"126680491";""
"2014-11-30";"1070001";"1077778";"ITC41";"S11001";"42165";""
"2014-11-30";"1070001";"1077778";"ITC41";"S12BI6";"9378";""
"2014-11-30";"1070001";"1077778";"ITC4";"S1311";"188928";""
"2014-11-30";"1070001";"1077778";"IT";"S11BI8";"61222023";""
"2014-11-30";"1070001";"1077778";"IT";"S1311";"191416489";""
"2014-11-30";"1070001";"1077778";"ITC41";"S11BI7";"424471";""
"2014-11-30";"1070001";"1077778";"ITC4";"S12BI7";"77378705";""
"2014-11-30";"1070001";"1077778";"ITC4";"450";"72543";""
"2014-11-30";"1070001";"1077778";"ITC4";"S11001";"1335602";""
"2014-11-30";"1070001";"1077778";"ITC4";"S126";"1345200";""
"2014-11-30";"1070001";"1077778";"IT";"S12I";"4164862";""
"2014-11-30";"1070001";"1077778";"IT";"S11BI31";"711420757";""
"2014-11-30";"1070001";"1077778";"ITC41";"S1311";"314";""
"2014-11-30";"1070001";"1077778";"ITC41";"S1314";"6";""
"2014-11-30";"1070001";"1077778";"ITC4";"S12BI6";"75569253";""
"2014-11-30";"1070001";"1077778";"ITC4";"SBI9";"68770";""
"2014-11-30";"1070001";"1077778";"IT";"S11BI7";"25733055";""
"2014-11-30";"1070001";"1077778";"IT";"S13";"265586100";""
"2014-11-30";"1070001";"1077778";"IT";"SBI59";"1811602136";""
"2014-11-30";"1070001";"1077778";"IT";"SBI25";"904445850";""
"2014-11-30";"1070001";"1077778";"ITC4";"SBI25";"237458176";""
"2014-11-30";"1070001";"1077778";"ITC41";"S1313";"508577";""
"2014-11-30";"1070001";"1077778";"ITC4";"S1313";"9027874";""
"2014-11-30";"1070001";"1077778";"ITC4";"S14";"128199358";""
"2014-11-30";"1070001";"1077778";"ITC4";"SBI59";"438165669";""
"2014-11-30";"1070001";"1077778";"IT";"S126";"7445681";""
"2014-11-30";"1070001";"1077778";"IT";"SBI9";"196050";""
"2014-11-30";"1070001";"1077778";"IT";"S11";"811624457";""
"2014-11-30";"1070001";"1077778";"ITC41";"S12I";"19";""
"2014-11-30";"1070001";"1077778";"ITC41";"S14";"10673884";""
"2014-11-30";"1070001";"1077778";"ITC41";"S15";"64584";""
"2014-11-30";"1070001";"1077778";"ITC4";"S11BI31";"201578479";""
"2014-11-30";"1070001";"1077778";"ITC4";"S11BI8";"11025801";""
"2014-11-30";"1070001";"1077778";"ITC41";"SBI25";"9877558";""
"2014-11-30";"1070001";"1077778";"ITC4";"S13";"9228826";""
"2014-10-31";"1070001";"1077778";"ITC41";"S11BI8";"732340";""
"2014-10-31";"1070001";"1077778";"ITC41";"600";"9785696";""
"2014-10-31";"1070001";"1077778";"ITC41";"S11BI7";"430470";""
"2014-10-31";"1070001";"1077778";"IT";"S11001";"12491369";""
"2014-10-31";"1070001";"1077778";"IT";"S1314";"130140";""
"2014-10-31";"1070001";"1077778";"IT";"S14BI2";"93155750";""
"2014-10-31";"1070001";"1077778";"ITC41";"S12BI6";"8949";""
"2014-10-31";"1070001";"1077778";"ITC41";"S1313";"510801";""
"2014-10-31";"1070001";"1077778";"ITC4";"S1314";"12857";""
"2014-10-31";"1070001";"1077778";"IT";"S1313";"73479987";""
"2014-10-31";"1070001";"1077778";"IT";"S11BI7";"26113794";""
"2014-10-31";"1070001";"1077778";"ITC4";"SBI25";"238929044";""
"2014-10-31";"1070001";"1077778";"ITC4";"S11001";"1324409";""
"2014-10-31";"1070001";"1077778";"ITC4";"S15";"3297657";""
"2014-10-31";"1070001";"1077778";"IT";"S11";"814007654";""
"2014-10-31";"1070001";"1077778";"IT";"S11BI31";"713001396";""
"2014-10-31";"1070001";"1077778";"ITC41";"S126";"16632";""
"2014-10-31";"1070001";"1077778";"IT";"S12BI7";"135629690";""
"2014-10-31";"1070001";"1077778";"IT";"S1311";"186855128";""
"2014-10-31";"1070001";"1077778";"ITC41";"S13";"511131";""
"2014-10-31";"1070001";"1077778";"ITC41";"SBI59";"20318758";""
"2014-10-31";"1070001";"1077778";"ITC4";"450";"70036";""
"2014-10-31";"1070001";"1077778";"ITC4";"S11BI31";"202727367";""
"2014-10-31";"1070001";"1077778";"ITC4";"S12BI7";"77170760";""
"2014-10-31";"1070001";"1077778";"IT";"S11BI8";"61585702";""
"2014-10-31";"1070001";"1077778";"IT";"S126";"6761514";""
"2014-10-31";"1070001";"1077778";"IT";"S15";"9667804";""
"2014-10-31";"1070001";"1077778";"IT";"SBI9";"182728";""
"2014-10-31";"1070001";"1077778";"IT";"SBI25";"907163404";""
"2014-10-31";"1070001";"1077778";"ITC4";"S11";"221342731";""
"2014-10-31";"1070001";"1077778";"ITC4";"S14BI2";"17586313";""
"2014-10-31";"1070001";"1077778";"ITC41";"S11001";"42151";""
"2014-10-31";"1070001";"1077778";"ITC41";"S11BI31";"7823606";""
"2014-10-31";"1070001";"1077778";"IT";"450";"815393";""
"2014-10-31";"1070001";"1077778";"ITC41";"S12BI7";"25599";""
"2014-10-31";"1070001";"1077778";"ITC41";"S12I";"18";""
"2014-10-31";"1070001";"1077778";"ITC41";"S1311";"323";""
"2014-10-31";"1070001";"1077778";"ITC41";"S1314";"6";""
"2014-10-31";"1070001";"1077778";"ITC41";"SBI25";"9931412";""
"2014-10-31";"1070001";"1077778";"ITC4";"600";"110710727";""
"2014-10-31";"1070001";"1077778";"ITC4";"S11BI8";"11154575";""
"2014-10-31";"1070001";"1077778";"ITC41";"S11";"9029774";""
"2014-10-31";"1070001";"1077778";"IT";"S13";"260465255";""
"2014-10-31";"1070001";"1077778";"ITC41";"S14BI2";"901638";""
"2014-10-31";"1070001";"1077778";"ITC41";"S14";"10687333";""
"2014-10-31";"1070001";"1077778";"ITC41";"S15";"64274";""
"2014-10-31";"1070001";"1077778";"ITC4";"S12BI6";"75294835";""
"2014-10-31";"1070001";"1077778";"ITC4";"S12I";"450197";""
"2014-10-31";"1070001";"1077778";"ITC4";"S1313";"9034144";""
"2014-10-31";"1070001";"1077778";"ITC4";"S14";"128297040";""
"2014-10-31";"1070001";"1077778";"ITC4";"SBI9";"59091";""
"2014-10-31";"1070001";"1077778";"IT";"S14";"586747837";""
"2014-10-31";"1070001";"1077778";"IT";"S12BI6";"124790407";""
"2014-10-31";"1070001";"1077778";"IT";"S12I";"4077769";""
"2014-10-31";"1070001";"1077778";"IT";"600";"493592087";""
"2014-10-31";"1070001";"1077778";"IT";"SBI59";"1806700970";""
"2014-10-31";"1070001";"1077778";"ITC41";"SBI9";"647";""
"2014-10-31";"1070001";"1077778";"ITC4";"S13";"9230264";""
"2014-10-31";"1070001";"1077778";"ITC4";"S1311";"183263";""
"2014-10-31";"1070001";"1077778";"ITC4";"S11BI7";"6066343";""
"2014-10-31";"1070001";"1077778";"ITC4";"S126";"1425728";""
"2014-10-31";"1070001";"1077778";"ITC4";"SBI59";"439397542";""
"2014-10-31";"1070001";"1077778";"ITC41";"450";"1207";""
"2014-09-30";"1070001";"1077778";"ITC41";"S11BI8";"739731";""
"2014-09-30";"1070001";"1077778";"ITC41";"S12BI7";"25922";""
"2014-09-30";"1070001";"1077778";"ITC41";"S14";"10689723";""
"2014-09-30";"1070001";"1077778";"ITC41";"SBI59";"20376263";""
"2014-09-30";"1070001";"1077778";"ITC4";"600";"110653380";""
"2014-09-30";"1070001";"1077778";"ITC4";"S11";"223443826";""
"2014-09-30";"1070001";"1077778";"ITC41";"SBI25";"9999424";""
"2014-09-30";"1070001";"1077778";"IT";"S11BI8";"61873755";""
"2014-09-30";"1070001";"1077778";"IT";"S1314";"137827";""
"2014-09-30";"1070001";"1077778";"IT";"450";"816493";""
"2014-09-30";"1070001";"1077778";"ITC4";"S12BI7";"77067064";""
"2014-09-30";"1070001";"1077778";"ITC4";"S1313";"9062152";""
"2014-09-30";"1070001";"1077778";"ITC4";"SBI9";"71064";""
"2014-09-30";"1070001";"1077778";"ITC41";"S11BI7";"435488";""
"2014-09-30";"1070001";"1077778";"ITC41";"S12BI6";"9476";""
"2014-09-30";"1070001";"1077778";"ITC41";"S1313";"505239";""
"2014-09-30";"1070001";"1077778";"ITC41";"SBI9";"652";""
"2014-09-30";"1070001";"1077778";"ITC4";"450";"77592";""
"2014-09-30";"1070001";"1077778";"IT";"S11";"818849045";""
"2014-09-30";"1070001";"1077778";"IT";"S14";"586925568";""
"2014-09-30";"1070001";"1077778";"ITC4";"S1314";"17672";""
"2014-09-30";"1070001";"1077778";"ITC41";"450";"1211";""
"2014-09-30";"1070001";"1077778";"ITC41";"S15";"64941";""
"2014-09-30";"1070001";"1077778";"ITC4";"SBI25";"241139054";""
"2014-09-30";"1070001";"1077778";"IT";"S11001";"12758085";""
"2014-09-30";"1070001";"1077778";"IT";"S126";"6391191";""
"2014-09-30";"1070001";"1077778";"IT";"S12BI7";"136183982";""
"2014-09-30";"1070001";"1077778";"IT";"S13";"263651742";""
"2014-09-30";"1070001";"1077778";"ITC4";"S13";"9264236";""
"2014-09-30";"1070001";"1077778";"ITC4";"S14";"128348608";""
"2014-09-30";"1070001";"1077778";"ITC4";"SBI59";"441583033";""
"2014-09-30";"1070001";"1077778";"ITC41";"S12I";"17";""
"2014-09-30";"1070001";"1077778";"IT";"S12I";"3812703";""
"2014-09-30";"1070001";"1077778";"ITC4";"S11BI7";"6164554";""
"2014-09-30";"1070001";"1077778";"IT";"S1311";"188922438";""
"2014-09-30";"1070001";"1077778";"IT";"S15";"9812250";""
"2014-09-30";"1070001";"1077778";"IT";"SBI59";"1815622649";""
"2014-09-30";"1070001";"1077778";"ITC41";"S14BI2";"909962";""
"2014-09-30";"1070001";"1077778";"ITC4";"S12BI6";"75405258";""
"2014-09-30";"1070001";"1077778";"ITC41";"S1311";"324";""
"2014-09-30";"1070001";"1077778";"ITC4";"S11001";"1330930";""
"2014-09-30";"1070001";"1077778";"IT";"S11BI7";"26530715";""
"2014-09-30";"1070001";"1077778";"IT";"S1313";"74591477";""
"2014-09-30";"1070001";"1077778";"ITC41";"600";"9779761";""
"2014-09-30";"1070001";"1077778";"ITC41";"S11";"9089462";""
"2014-09-30";"1070001";"1077778";"ITC41";"S126";"16430";""
"2014-09-30";"1070001";"1077778";"ITC41";"S1314";"0";""
"2014-09-30";"1070001";"1077778";"ITC41";"S11001";"47454";""
"2014-09-30";"1070001";"1077778";"ITC41";"S11BI31";"7865578";""
"2014-09-30";"1070001";"1077778";"ITC4";"S11BI31";"204615781";""
"2014-09-30";"1070001";"1077778";"ITC4";"S11BI8";"11254969";""
"2014-09-30";"1070001";"1077778";"ITC4";"S126";"1222947";""
"2014-09-30";"1070001";"1077778";"ITC4";"S12I";"438859";""
"2014-09-30";"1070001";"1077778";"ITC4";"S15";"3388235";""
"2014-09-30";"1070001";"1077778";"IT";"600";"493339942";""
"2014-09-30";"1070001";"1077778";"IT";"S14BI2";"93585626";""
"2014-09-30";"1070001";"1077778";"IT";"SBI9";"200061";""
"2014-09-30";"1070001";"1077778";"IT";"S12BI6";"125980088";""
"2014-09-30";"1070001";"1077778";"ITC4";"S1311";"184413";""
"2014-09-30";"1070001";"1077778";"ITC41";"S13";"505563";""
"2014-09-30";"1070001";"1077778";"ITC4";"S14BI2";"17695228";""
"2014-09-30";"1070001";"1077778";"IT";"SBI25";"912434672";""
"2014-09-30";"1070001";"1077778";"IT";"S11BI31";"716869998";""
"2014-08-31";"1070001";"1077778";"IT";"S14BI2";"93097860";""
"2014-08-31";"1070001";"1077778";"IT";"S1313";"75127844";""
"2014-08-31";"1070001";"1077778";"IT";"SBI9";"192072";""
"2014-08-31";"1070001";"1077778";"ITC4";"S11BI8";"11182337";""
"2014-08-31";"1070001";"1077778";"ITC4";"S1311";"190678";""
"2014-08-31";"1070001";"1077778";"IT";"S12BI7";"134233839";""
"2014-08-31";"1070001";"1077778";"IT";"S13";"263648293";""
"2014-08-31";"1070001";"1077778";"IT";"S1314";"134861";""
"2014-08-31";"1070001";"1077778";"ITC4";"S11BI7";"6059887";""
"2014-08-31";"1070001";"1077778";"ITC4";"S12I";"404060";""
"2014-08-31";"1070001";"1077778";"ITC4";"S14";"128251838";""
"2014-08-31";"1070001";"1077778";"ITC41";"600";"9774116";""
"2014-08-31";"1070001";"1077778";"ITC41";"S126";"16566";""
"2014-08-31";"1070001";"1077778";"ITC41";"S1313";"511620";""
"2014-08-31";"1070001";"1077778";"ITC41";"S15";"65160";""
"2014-08-31";"1070001";"1077778";"ITC41";"SBI9";"603";""
"2014-08-31";"1070001";"1077778";"IT";"S11001";"12247087";""
"2014-08-31";"1070001";"1077778";"ITC4";"450";"76526";""
"2014-08-31";"1070001";"1077778";"ITC4";"S11";"223101358";""
"2014-08-31";"1070001";"1077778";"ITC4";"SBI9";"67454";""
"2014-08-31";"1070001";"1077778";"IT";"S12BI6";"123633151";""
"2014-08-31";"1070001";"1077778";"IT";"S15";"9794437";""
"2014-08-31";"1070001";"1077778";"ITC41";"S1314";"9";""
"2014-08-31";"1070001";"1077778";"IT";"S11BI31";"713666240";""
"2014-08-31";"1070001";"1077778";"ITC4";"SBI25";"240694369";""
"2014-08-31";"1070001";"1077778";"IT";"S12I";"3580465";""
"2014-08-31";"1070001";"1077778";"IT";"S14";"586257681";""
"2014-08-31";"1070001";"1077778";"ITC4";"S11BI31";"204551661";""
"2014-08-31";"1070001";"1077778";"ITC4";"S126";"1965886";""
"2014-08-31";"1070001";"1077778";"ITC41";"S12BI6";"10977";""
"2014-08-31";"1070001";"1077778";"ITC41";"S12BI7";"27549";""
"2014-08-31";"1070001";"1077778";"IT";"450";"801913";""
"2014-08-31";"1070001";"1077778";"IT";"S11";"814308000";""
"2014-08-31";"1070001";"1077778";"ITC41";"S12I";"6";""
"2014-08-31";"1070001";"1077778";"ITC41";"S13";"511806";""
"2014-08-31";"1070001";"1077778";"ITC4";"S11001";"1230947";""
"2014-08-31";"1070001";"1077778";"ITC41";"450";"1285";""
"2014-08-31";"1070001";"1077778";"ITC41";"S11BI7";"431050";""
"2014-08-31";"1070001";"1077778";"ITC41";"S11BI8";"736320";""
"2014-08-31";"1070001";"1077778";"IT";"S11BI7";"26173384";""
"2014-08-31";"1070001";"1077778";"IT";"S11BI8";"61419376";""
"2014-08-31";"1070001";"1077778";"ITC4";"S14BI2";"17593011";""
"2014-08-31";"1070001";"1077778";"IT";"SBI59";"1808434323";""
"2014-08-31";"1070001";"1077778";"ITC4";"600";"110658827";""
"2014-08-31";"1070001";"1077778";"ITC4";"SBI59";"440244087";""
"2014-08-31";"1070001";"1077778";"ITC41";"SBI25";"10006138";""
"2014-08-31";"1070001";"1077778";"IT";"S1311";"188385588";""
"2014-08-31";"1070001";"1077778";"ITC4";"S1313";"8999700";""
"2014-08-31";"1070001";"1077778";"ITC4";"S15";"3366942";""
"2014-08-31";"1070001";"1077778";"ITC41";"S11";"9100913";""
"2014-08-31";"1070001";"1077778";"ITC41";"S1311";"177";""
"2014-08-31";"1070001";"1077778";"ITC41";"SBI59";"20385373";""
"2014-08-31";"1070001";"1077778";"ITC41";"S14BI2";"905225";""
"2014-08-31";"1070001";"1077778";"IT";"600";"493159822";""
"2014-08-31";"1070001";"1077778";"IT";"S126";"7020223";""
"2014-08-31";"1070001";"1077778";"IT";"SBI25";"907405860";""
"2014-08-31";"1070001";"1077778";"ITC4";"S12BI6";"73883766";""
"2014-08-31";"1070001";"1077778";"ITC4";"S12BI7";"76253712";""
"2014-08-31";"1070001";"1077778";"ITC4";"S13";"9202784";""
"2014-08-31";"1070001";"1077778";"ITC4";"S1314";"12405";""
"2014-08-31";"1070001";"1077778";"ITC41";"S11001";"29375";""
"2014-08-31";"1070001";"1077778";"ITC41";"S11BI31";"7902883";""
"2014-08-31";"1070001";"1077778";"ITC41";"S14";"10679342";""
"2014-07-31";"1070001";"1077778";"ITC41";"S126";"15983";""
"2014-07-31";"1070001";"1077778";"ITC41";"S15";"65335";""
"2014-07-31";"1070001";"1077778";"ITC4";"600";"111122215";""
"2014-07-31";"1070001";"1077778";"ITC41";"SBI25";"10527128";""
"2014-07-31";"1070001";"1077778";"IT";"S14";"588595556";""
"2014-07-31";"1070001";"1077778";"ITC41";"S1313";"514767";""
"2014-07-31";"1070001";"1077778";"ITC4";"S1313";"9259402";""
"2014-07-31";"1070001";"1077778";"ITC4";"S14";"128767132";""
"2014-07-31";"1070001";"1077778";"ITC41";"S11";"9619620";""
"2014-07-31";"1070001";"1077778";"IT";"S15";"9812824";""
"2014-07-31";"1070001";"1077778";"ITC4";"450";"77390";""
"2014-07-31";"1070001";"1077778";"ITC4";"S11BI8";"11366801";""
"2014-07-31";"1070001";"1077778";"ITC4";"S126";"1378910";""
"2014-07-31";"1070001";"1077778";"ITC4";"S12BI6";"75653010";""
"2014-07-31";"1070001";"1077778";"ITC4";"S1311";"184436";""
"2014-07-31";"1070001";"1077778";"ITC4";"S15";"3365836";""
"2014-07-31";"1070001";"1077778";"ITC41";"S11BI8";"755587";""
"2014-07-31";"1070001";"1077778";"ITC41";"S1311";"137";""
"2014-07-31";"1070001";"1077778";"ITC41";"S14";"10716134";""
"2014-07-31";"1070001";"1077778";"ITC41";"SBI9";"952";""
"2014-07-31";"1070001";"1077778";"IT";"600";"495014587";""
"2014-07-31";"1070001";"1077778";"IT";"S13";"265592561";""
"2014-07-31";"1070001";"1077778";"IT";"S1314";"140566";""
"2014-07-31";"1070001";"1077778";"ITC4";"S11001";"1275823";""
"2014-07-31";"1070001";"1077778";"ITC4";"SBI9";"63057";""
"2014-07-31";"1070001";"1077778";"ITC41";"450";"1271";""
"2014-07-31";"1070001";"1077778";"ITC41";"S12BI6";"11106";""
"2014-07-31";"1070001";"1077778";"ITC41";"S14BI2";"907508";""
"2014-07-31";"1070001";"1077778";"IT";"S12I";"3633098";""
"2014-07-31";"1070001";"1077778";"IT";"S1311";"189925741";""
"2014-07-31";"1070001";"1077778";"ITC41";"SBI59";"20944045";""
"2014-07-31";"1070001";"1077778";"ITC4";"S11BI31";"209102867";""
"2014-07-31";"1070001";"1077778";"ITC4";"S11BI7";"6209627";""
"2014-07-31";"1070001";"1077778";"ITC41";"S12BI7";"27100";""
"2014-07-31";"1070001";"1077778";"ITC4";"S14BI2";"17644917";""
"2014-07-31";"1070001";"1077778";"IT";"S12BI7";"134365905";""
"2014-07-31";"1070001";"1077778";"IT";"S11BI31";"722799461";""
"2014-07-31";"1070001";"1077778";"ITC4";"S13";"9455404";""
"2014-07-31";"1070001";"1077778";"ITC41";"S11001";"29789";""
"2014-07-31";"1070001";"1077778";"ITC41";"S11BI31";"8392639";""
"2014-07-31";"1070001";"1077778";"ITC41";"S12I";"11";""
"2014-07-31";"1070001";"1077778";"IT";"S14BI2";"93580969";""
"2014-07-31";"1070001";"1077778";"ITC4";"SBI25";"245677425";""
"2014-07-31";"1070001";"1077778";"IT";"450";"813671";""
"2014-07-31";"1070001";"1077778";"IT";"S126";"5811454";""
"2014-07-31";"1070001";"1077778";"IT";"S12BI6";"124921354";""
"2014-07-31";"1070001";"1077778";"IT";"S1313";"75526255";""
"2014-07-31";"1070001";"1077778";"IT";"SBI59";"1824405356";""
"2014-07-31";"1070001";"1077778";"IT";"SBI9";"189074";""
"2014-07-31";"1070001";"1077778";"ITC4";"S11";"228032507";""
"2014-07-31";"1070001";"1077778";"ITC4";"SBI59";"447129435";""
"2014-07-31";"1070001";"1077778";"IT";"SBI25";"919430405";""
"2014-07-31";"1070001";"1077778";"IT";"S11BI7";"26648113";""
"2014-07-31";"1070001";"1077778";"ITC4";"S12BI7";"77445498";""
"2014-07-31";"1070001";"1077778";"ITC4";"S12I";"413577";""
"2014-07-31";"1070001";"1077778";"ITC4";"S1314";"11567";""
"2014-07-31";"1070001";"1077778";"ITC41";"600";"9808626";""
"2014-07-31";"1070001";"1077778";"ITC41";"S11BI7";"440334";""
"2014-07-31";"1070001";"1077778";"ITC41";"S13";"514905";""
"2014-07-31";"1070001";"1077778";"IT";"S11001";"13210859";""
"2014-07-31";"1070001";"1077778";"IT";"S11BI8";"62377331";""
"2014-07-31";"1070001";"1077778";"IT";"S11";"825849436";""
"2014-06-30";"1070001";"1077778";"IT";"S1313";"75219962";""
"2014-06-30";"1070001";"1077778";"ITC41";"SBI9";"910";""
"2014-06-30";"1070001";"1077778";"ITC41";"S1311";"159";""
"2014-06-30";"1070001";"1077778";"ITC4";"S11BI7";"6255127";""
"2014-06-30";"1070001";"1077778";"ITC41";"S14BI2";"911750";""
"2014-06-30";"1070001";"1077778";"ITC4";"SBI25";"244843108";""
"2014-06-30";"1070001";"1077778";"ITC4";"S1314";"4343";""
"2014-06-30";"1070001";"1077778";"ITC41";"450";"1261";""
"2014-06-30";"1070001";"1077778";"ITC41";"S11";"9691059";""
"2014-06-30";"1070001";"1077778";"ITC41";"S11BI8";"763383";""
"2014-06-30";"1070001";"1077778";"ITC4";"S11";"227113392";""
"2014-06-30";"1070001";"1077778";"IT";"S11BI7";"26870551";""
"2014-06-30";"1070001";"1077778";"IT";"S12I";"3652927";""
"2014-06-30";"1070001";"1077778";"IT";"S1311";"192562397";""
"2014-06-30";"1070001";"1077778";"IT";"S15";"9817058";""
"2014-06-30";"1070001";"1077778";"ITC4";"S11BI31";"208088695";""
"2014-06-30";"1070001";"1077778";"ITC41";"S14";"10706230";""
"2014-06-30";"1070001";"1077778";"ITC4";"SBI9";"65658";""
"2014-06-30";"1070001";"1077778";"ITC41";"S12BI6";"10004";""
"2014-06-30";"1070001";"1077778";"ITC4";"S12BI6";"87347935";""
"2014-06-30";"1070001";"1077778";"IT";"450";"845385";""
"2014-06-30";"1070001";"1077778";"IT";"S12BI7";"147827965";""
"2014-06-30";"1070001";"1077778";"IT";"SBI59";"1836512705";""
"2014-06-30";"1070001";"1077778";"ITC4";"S11BI8";"11430285";""
"2014-06-30";"1070001";"1077778";"ITC41";"SBI25";"10602809";""
"2014-06-30";"1070001";"1077778";"ITC4";"SBI59";"457290236";""
"2014-06-30";"1070001";"1077778";"ITC41";"S11001";"30021";""
"2014-06-30";"1070001";"1077778";"ITC41";"S11BI7";"445609";""
"2014-06-30";"1070001";"1077778";"ITC41";"S126";"16149";""
"2014-06-30";"1070001";"1077778";"ITC4";"S12BI7";"88835136";""
"2014-06-30";"1070001";"1077778";"ITC4";"S1311";"201388";""
"2014-06-30";"1070001";"1077778";"ITC4";"S15";"3350731";""
"2014-06-30";"1070001";"1077778";"IT";"600";"494658436";""
"2014-06-30";"1070001";"1077778";"IT";"S12BI6";"139057760";""
"2014-06-30";"1070001";"1077778";"IT";"SBI9";"166538";""
"2014-06-30";"1070001";"1077778";"IT";"S14BI2";"93794141";""
"2014-06-30";"1070001";"1077778";"IT";"SBI25";"916143014";""
"2014-06-30";"1070001";"1077778";"ITC41";"S11BI31";"8450786";""
"2014-06-30";"1070001";"1077778";"IT";"S126";"5117279";""
"2014-06-30";"1070001";"1077778";"IT";"S14";"588452577";""
"2014-06-30";"1070001";"1077778";"ITC4";"600";"110949960";""
"2014-06-30";"1070001";"1077778";"IT";"S11001";"12998028";""
"2014-06-30";"1070001";"1077778";"IT";"S11BI31";"718937143";""
"2014-06-30";"1070001";"1077778";"ITC41";"S12BI7";"26164";""
"2014-06-30";"1070001";"1077778";"ITC41";"S13";"514677";""
"2014-06-30";"1070001";"1077778";"ITC41";"S1314";"0";""
"2014-06-30";"1070001";"1077778";"ITC4";"S14BI2";"17729715";""
"2014-06-30";"1070001";"1077778";"ITC41";"SBI59";"21004096";""
"2014-06-30";"1070001";"1077778";"ITC4";"S12I";"398705";""
"2014-06-30";"1070001";"1077778";"ITC4";"S13";"9245644";""
"2014-06-30";"1070001";"1077778";"ITC4";"S1313";"9039913";""
"2014-06-30";"1070001";"1077778";"IT";"S11BI8";"62697767";""
"2014-06-30";"1070001";"1077778";"IT";"S13";"267899694";""
"2014-06-30";"1070001";"1077778";"ITC41";"S12I";"11";""
"2014-06-30";"1070001";"1077778";"ITC41";"S15";"65055";""
"2014-06-30";"1070001";"1077778";"ITC4";"S11001";"1267902";""
"2014-06-30";"1070001";"1077778";"ITC4";"S126";"1088495";""
"2014-06-30";"1070001";"1077778";"ITC4";"S14";"128679676";""
"2014-06-30";"1070001";"1077778";"ITC41";"600";"9794480";""
"2014-06-30";"1070001";"1077778";"ITC41";"S1313";"514518";""
"2014-06-30";"1070001";"1077778";"ITC4";"450";"71383";""
"2014-06-30";"1070001";"1077778";"IT";"S11";"822348874";""
"2014-06-30";"1070001";"1077778";"IT";"S1314";"117334";""
"2014-05-31";"1070001";"1077778";"ITC41";"S12I";"13";""
"2014-05-31";"1070001";"1077778";"IT";"SBI59";"1826179521";""
"2014-05-31";"1070001";"1077778";"IT";"S11001";"12869670";""
"2014-05-31";"1070001";"1077778";"ITC41";"450";"1237";""
"2014-05-31";"1070001";"1077778";"ITC41";"S126";"15816";""
"2014-05-31";"1070001";"1077778";"ITC41";"S11";"9526693";""
"2014-05-31";"1070001";"1077778";"ITC41";"S11BI8";"758138";""
"2014-05-31";"1070001";"1077778";"ITC4";"S1314";"4583";""
"2014-05-31";"1070001";"1077778";"ITC4";"S126";"1268534";""
"2014-05-31";"1070001";"1077778";"ITC4";"600";"110942709";""
"2014-05-31";"1070001";"1077778";"IT";"S1311";"189524004";""
"2014-05-31";"1070001";"1077778";"ITC41";"S13";"526730";""
"2014-05-31";"1070001";"1077778";"ITC4";"S11BI8";"11322760";""
"2014-05-31";"1070001";"1077778";"ITC41";"S11BI31";"8297552";""
"2014-05-31";"1070001";"1077778";"ITC4";"S13";"9421497";""
"2014-05-31";"1070001";"1077778";"ITC4";"SBI59";"452328127";""
"2014-05-31";"1070001";"1077778";"ITC4";"450";"83782";""
"2014-05-31";"1070001";"1077778";"IT";"SBI9";"165336";""
"2014-05-31";"1070001";"1077778";"ITC4";"S14BI2";"17636229";""
"2014-05-31";"1070001";"1077778";"IT";"S15";"9832483";""
"2014-05-31";"1070001";"1077778";"ITC4";"S14";"128578938";""
"2014-05-31";"1070001";"1077778";"ITC41";"S1313";"526557";""
"2014-05-31";"1070001";"1077778";"IT";"600";"494369002";""
"2014-05-31";"1070001";"1077778";"ITC4";"S1311";"181447";""
"2014-05-31";"1070001";"1077778";"IT";"S12I";"4378370";""
"2014-05-31";"1070001";"1077778";"ITC41";"S1311";"172";""
"2014-05-31";"1070001";"1077778";"IT";"S11BI7";"26484860";""
"2014-05-31";"1070001";"1077778";"ITC4";"SBI25";"242613554";""
"2014-05-31";"1070001";"1077778";"ITC4";"S15";"3338953";""
"2014-05-31";"1070001";"1077778";"IT";"S11BI31";"714282583";""
"2014-05-31";"1070001";"1077778";"ITC41";"S11BI7";"438867";""
"2014-05-31";"1070001";"1077778";"ITC41";"S12BI7";"25867";""
"2014-05-31";"1070001";"1077778";"ITC4";"S12BI6";"84214206";""
"2014-05-31";"1070001";"1077778";"ITC41";"S12BI6";"10039";""
"2014-05-31";"1070001";"1077778";"ITC4";"S11BI31";"206154181";""
"2014-05-31";"1070001";"1077778";"ITC41";"S14";"10700369";""
"2014-05-31";"1070001";"1077778";"ITC41";"SBI25";"10434236";""
"2014-05-31";"1070001";"1077778";"ITC41";"S15";"65374";""
"2014-05-31";"1070001";"1077778";"ITC4";"S12I";"460596";""
"2014-05-31";"1070001";"1077778";"ITC4";"S11001";"1276489";""
"2014-05-31";"1070001";"1077778";"IT";"S12BI7";"144322153";""
"2014-05-31";"1070001";"1077778";"IT";"S1314";"114159";""
"2014-05-31";"1070001";"1077778";"ITC4";"S1313";"9235467";""
"2014-05-31";"1070001";"1077778";"IT";"S14BI2";"93525410";""
"2014-05-31";"1070001";"1077778";"IT";"S1313";"77524374";""
"2014-05-31";"1070001";"1077778";"ITC4";"S12BI7";"85943337";""
"2014-05-31";"1070001";"1077778";"IT";"S11";"816802601";""
"2014-05-31";"1070001";"1077778";"IT";"450";"871834";""
"2014-05-31";"1070001";"1077778";"ITC41";"SBI59";"20845917";""
"2014-05-31";"1070001";"1077778";"ITC4";"S11";"224977325";""
"2014-05-31";"1070001";"1077778";"ITC4";"S11BI7";"6140114";""
"2014-05-31";"1070001";"1077778";"ITC41";"SBI9";"884";""
"2014-05-31";"1070001";"1077778";"IT";"S13";"267162537";""
"2014-05-31";"1070001";"1077778";"IT";"S14";"587894412";""
"2014-05-31";"1070001";"1077778";"ITC41";"600";"9792826";""
"2014-05-31";"1070001";"1077778";"IT";"S12BI6";"135558508";""
"2014-05-31";"1070001";"1077778";"ITC4";"SBI9";"68076";""
"2014-05-31";"1070001";"1077778";"ITC41";"S14BI2";"907543";""
"2014-05-31";"1070001";"1077778";"IT";"SBI25";"910328010";""
"2014-05-31";"1070001";"1077778";"ITC41";"S11001";"30899";""
"2014-05-31";"1070001";"1077778";"IT";"S11BI8";"62293654";""
"2014-05-31";"1070001";"1077778";"IT";"S126";"4385275";""
"2014-04-30";"1070001";"1077778";"ITC4";"450";"84983";""
"2014-04-30";"1070001";"1077778";"ITC41";"SBI59";"21045518";""
"2014-04-30";"1070001";"1077778";"IT";"600";"494170241";""
"2014-04-30";"1070001";"1077778";"ITC4";"S15";"3369661";""
"2014-04-30";"1070001";"1077778";"IT";"S1314";"77147";""
"2014-04-30";"1070001";"1077778";"ITC4";"S1313";"9194184";""
"2014-04-30";"1070001";"1077778";"IT";"S12BI6";"135219102";""
"2014-04-30";"1070001";"1077778";"ITC4";"S1314";"4587";""
"2014-04-30";"1070001";"1077778";"ITC41";"SBI25";"10639561";""
"2014-04-30";"1070001";"1077778";"IT";"S14BI2";"94403387";""
"2014-04-30";"1070001";"1077778";"IT";"S11001";"12976836";""
"2014-04-30";"1070001";"1077778";"ITC41";"S13";"525676";""
"2014-04-30";"1070001";"1077778";"ITC41";"S1313";"525527";""
"2014-04-30";"1070001";"1077778";"ITC4";"S11BI7";"6315321";""
"2014-04-30";"1070001";"1077778";"IT";"SBI59";"1833125428";""
"2014-04-30";"1070001";"1077778";"ITC4";"600";"110826663";""
"2014-04-30";"1070001";"1077778";"IT";"S11BI8";"63071478";""
"2014-04-30";"1070001";"1077778";"ITC4";"S12BI6";"85102589";""
"2014-04-30";"1070001";"1077778";"ITC4";"S13";"9378662";""
"2014-04-30";"1070001";"1077778";"IT";"S14";"588573628";""
"2014-04-30";"1070001";"1077778";"IT";"S1313";"78389258";""
"2014-04-30";"1070001";"1077778";"IT";"S1311";"187715289";""
"2014-04-30";"1070001";"1077778";"ITC41";"S12BI6";"10625";""
"2014-04-30";"1070001";"1077778";"ITC41";"S11BI7";"447412";""
"2014-04-30";"1070001";"1077778";"ITC41";"S15";"66038";""
"2014-04-30";"1070001";"1077778";"IT";"S13";"266181693";""
"2014-04-30";"1070001";"1077778";"ITC41";"S11";"9722458";""
"2014-04-30";"1070001";"1077778";"IT";"S11BI31";"719857233";""
"2014-04-30";"1070001";"1077778";"ITC41";"S11BI8";"771697";""
"2014-04-30";"1070001";"1077778";"ITC4";"S11BI8";"11477673";""
"2014-04-30";"1070001";"1077778";"ITC4";"SBI9";"65366";""
"2014-04-30";"1070001";"1077778";"ITC4";"S14BI2";"17804526";""
"2014-04-30";"1070001";"1077778";"IT";"S11BI7";"27067026";""
"2014-04-30";"1070001";"1077778";"IT";"SBI9";"166299";""
"2014-04-30";"1070001";"1077778";"ITC4";"S11BI31";"207137230";""
"2014-04-30";"1070001";"1077778";"ITC41";"450";"1269";""
"2014-04-30";"1070001";"1077778";"ITC4";"S14";"128631188";""
"2014-04-30";"1070001";"1077778";"ITC41";"S12I";"17";""
"2014-04-30";"1070001";"1077778";"IT";"S12I";"4285513";""
"2014-04-30";"1070001";"1077778";"ITC41";"S14";"10703625";""
"2014-04-30";"1070001";"1077778";"ITC4";"SBI25";"244116260";""
"2014-04-30";"1070001";"1077778";"ITC41";"S12BI7";"26631";""
"2014-04-30";"1070001";"1077778";"ITC4";"S12I";"467335";""
"2014-04-30";"1070001";"1077778";"IT";"S11";"823868617";""
"2014-04-30";"1070001";"1077778";"ITC4";"S1311";"179890";""
"2014-04-30";"1070001";"1077778";"IT";"S126";"5009446";""
"2014-04-30";"1070001";"1077778";"ITC41";"S11BI31";"8469923";""
"2014-04-30";"1070001";"1077778";"ITC4";"S12BI7";"86835623";""
"2014-04-30";"1070001";"1077778";"ITC41";"SBI9";"1089";""
"2014-04-30";"1070001";"1077778";"ITC4";"S11001";"1296528";""
"2014-04-30";"1070001";"1077778";"ITC41";"S126";"15989";""
"2014-04-30";"1070001";"1077778";"ITC4";"S11";"226311734";""
"2014-04-30";"1070001";"1077778";"ITC4";"SBI59";"454592235";""
"2014-04-30";"1070001";"1077778";"IT";"SBI25";"918272004";""
"2014-04-30";"1070001";"1077778";"ITC41";"S1311";"150";""
"2014-04-30";"1070001";"1077778";"IT";"450";"896044";""
"2014-04-30";"1070001";"1077778";"ITC41";"S11001";"32157";""
"2014-04-30";"1070001";"1077778";"ITC4";"S126";"1265699";""
"2014-04-30";"1070001";"1077778";"IT";"S12BI7";"144514062";""
"2014-04-30";"1070001";"1077778";"IT";"S15";"9821128";""
"2014-04-30";"1070001";"1077778";"ITC41";"S14BI2";"917103";""
"2014-04-30";"1070001";"1077778";"ITC41";"600";"9786522";""
"2014-03-31";"1070001";"1077778";"IT";"S13";"267990075";""
"2014-03-31";"1070001";"1077778";"IT";"S11BI7";"27314302";""
"2014-03-31";"1070001";"1077778";"ITC4";"S12BI7";"78653137";""
"2014-03-31";"1070001";"1077778";"ITC41";"S1313";"525669";""
"2014-03-31";"1070001";"1077778";"ITC4";"S11BI31";"208529526";""
"2014-03-31";"1070001";"1077778";"ITC4";"S15";"3373400";""
"2014-03-31";"1070001";"1077778";"IT";"S11";"826874706";""
"2014-03-31";"1070001";"1077778";"ITC41";"S12I";"16";""
"2014-03-31";"1070001";"1077778";"IT";"S1313";"78140410";""
"2014-03-31";"1070001";"1077778";"ITC4";"600";"110626779";""
"2014-03-31";"1070001";"1077778";"ITC41";"S12BI7";"25426";""
"2014-03-31";"1070001";"1077778";"IT";"S12BI6";"139679833";""
"2014-03-31";"1070001";"1077778";"ITC4";"S12I";"488501";""
"2014-03-31";"1070001";"1077778";"ITC41";"S11001";"30345";""
"2014-03-31";"1070001";"1077778";"ITC4";"S11001";"1276662";""
"2014-03-31";"1070001";"1077778";"IT";"S1311";"189710468";""
"2014-03-31";"1070001";"1077778";"ITC41";"S11BI8";"778169";""
"2014-03-31";"1070001";"1077778";"IT";"600";"493573269";""
"2014-03-31";"1070001";"1077778";"IT";"SBI59";"1844010950";""
"2014-03-31";"1070001";"1077778";"IT";"S14BI2";"95541516";""
"2014-03-31";"1070001";"1077778";"ITC4";"S11BI7";"6371850";""
"2014-03-31";"1070001";"1077778";"ITC4";"S1314";"4592";""
"2014-03-31";"1070001";"1077778";"ITC41";"S11BI7";"450940";""
"2014-03-31";"1070001";"1077778";"IT";"S12BI7";"149914667";""
"2014-03-31";"1070001";"1077778";"ITC41";"SBI59";"21101933";""
"2014-03-31";"1070001";"1077778";"IT";"S11BI31";"722291328";""
"2014-03-31";"1070001";"1077778";"ITC41";"S13";"525842";""
"2014-03-31";"1070001";"1077778";"ITC41";"S1311";"173";""
"2014-03-31";"1070001";"1077778";"ITC4";"S13";"9354066";""
"2014-03-31";"1070001";"1077778";"ITC4";"SBI59";"447994002";""
"2014-03-31";"1070001";"1077778";"ITC41";"S15";"66437";""
"2014-03-31";"1070001";"1077778";"ITC41";"S14";"10698384";""
"2014-03-31";"1070001";"1077778";"ITC4";"S11";"227816839";""
"2014-03-31";"1070001";"1077778";"ITC41";"600";"9755633";""
"2014-03-31";"1070001";"1077778";"ITC41";"S12BI6";"8718";""
"2014-03-31";"1070001";"1077778";"ITC4";"450";"87603";""
"2014-03-31";"1070001";"1077778";"ITC4";"SBI9";"85532";""
"2014-03-31";"1070001";"1077778";"ITC41";"S11BI31";"8524039";""
"2014-03-31";"1070001";"1077778";"ITC41";"SBI25";"10727519";""
"2014-03-31";"1070001";"1077778";"IT";"SBI9";"189820";""
"2014-03-31";"1070001";"1077778";"IT";"S14";"589114785";""
"2014-03-31";"1070001";"1077778";"ITC4";"SBI25";"245901087";""
"2014-03-31";"1070001";"1077778";"ITC4";"S12BI6";"76661981";""
"2014-03-31";"1070001";"1077778";"ITC41";"S11";"9784769";""
"2014-03-31";"1070001";"1077778";"IT";"450";"933962";""
"2014-03-31";"1070001";"1077778";"IT";"S12I";"4996253";""
"2014-03-31";"1070001";"1077778";"ITC41";"S14BI2";"942751";""
"2014-03-31";"1070001";"1077778";"ITC41";"SBI9";"1077";""
"2014-03-31";"1070001";"1077778";"IT";"S126";"5238580";""
"2014-03-31";"1070001";"1077778";"ITC41";"450";"1276";""
"2014-03-31";"1070001";"1077778";"IT";"S15";"9926897";""
"2014-03-31";"1070001";"1077778";"ITC4";"S1311";"178717";""
"2014-03-31";"1070001";"1077778";"ITC4";"S11BI8";"11551198";""
"2014-03-31";"1070001";"1077778";"ITC4";"S14";"128711028";""
"2014-03-31";"1070001";"1077778";"IT";"S11BI8";"63447279";""
"2014-03-31";"1070001";"1077778";"IT";"S1314";"139197";""
"2014-03-31";"1070001";"1077778";"IT";"S11001";"12887836";""
"2014-03-31";"1070001";"1077778";"ITC4";"S126";"1502655";""
"2014-03-31";"1070001";"1077778";"IT";"SBI25";"922416222";""
"2014-03-31";"1070001";"1077778";"ITC4";"S1313";"9170757";""
"2014-03-31";"1070001";"1077778";"ITC41";"S1314";"0";""
"2014-03-31";"1070001";"1077778";"ITC4";"S14BI2";"18084249";""
"2014-03-31";"1070001";"1077778";"ITC41";"S126";"16692";""
"2014-02-28";"1070001";"1077778";"IT";"S11BI31";"725787606";""
"2014-02-28";"1070001";"1077778";"ITC4";"S14BI2";"18114576";""
"2014-02-28";"1070001";"1077778";"ITC4";"S11001";"1247398";""
"2014-02-28";"1070001";"1077778";"ITC41";"S11";"9852962";""
"2014-02-28";"1070001";"1077778";"ITC4";"S126";"1590670";""
"2014-02-28";"1070001";"1077778";"ITC41";"S12BI7";"24887";""
"2014-02-28";"1070001";"1077778";"IT";"S1311";"186162718";""
"2014-02-28";"1070001";"1077778";"ITC4";"S12I";"452003";""
"2014-02-28";"1070001";"1077778";"IT";"S12I";"4954736";""
"2014-02-28";"1070001";"1077778";"IT";"S11BI7";"27504196";""
"2014-02-28";"1070001";"1077778";"ITC41";"S15";"66762";""
"2014-02-28";"1070001";"1077778";"IT";"S12BI7";"146532503";""
"2014-02-28";"1070001";"1077778";"IT";"S11001";"12305613";""
"2014-02-28";"1070001";"1077778";"ITC4";"S1314";"4599";""
"2014-02-28";"1070001";"1077778";"ITC41";"S12I";"17";""
"2014-02-28";"1070001";"1077778";"ITC4";"S12BI6";"73575044";""
"2014-02-28";"1070001";"1077778";"ITC41";"S126";"16670";""
"2014-02-28";"1070001";"1077778";"ITC41";"S14";"10709509";""
"2014-02-28";"1070001";"1077778";"ITC4";"SBI9";"87135";""
"2014-02-28";"1070001";"1077778";"ITC4";"600";"110630668";""
"2014-02-28";"1070001";"1077778";"ITC4";"S11BI7";"6426268";""
"2014-02-28";"1070001";"1077778";"ITC41";"S12BI6";"8200";""
"2014-02-28";"1070001";"1077778";"IT";"SBI9";"198034";""
"2014-02-28";"1070001";"1077778";"ITC4";"S11BI31";"209967059";""
"2014-02-28";"1070001";"1077778";"IT";"SBI59";"1840706083";""
"2014-02-28";"1070001";"1077778";"ITC4";"S11";"229351305";""
"2014-02-28";"1070001";"1077778";"IT";"S11BI8";"63625592";""
"2014-02-28";"1070001";"1077778";"IT";"S1314";"83111";""
"2014-02-28";"1070001";"1077778";"ITC41";"S1314";"3";""
"2014-02-28";"1070001";"1077778";"ITC4";"SBI59";"446665231";""
"2014-02-28";"1070001";"1077778";"ITC41";"S11BI7";"453100";""
"2014-02-28";"1070001";"1077778";"IT";"S12BI6";"136046269";""
"2014-02-28";"1070001";"1077778";"ITC41";"SBI59";"21182656";""
"2014-02-28";"1070001";"1077778";"ITC41";"S11001";"31433";""
"2014-02-28";"1070001";"1077778";"IT";"S13";"264723723";""
"2014-02-28";"1070001";"1077778";"ITC41";"450";"1304";""
"2014-02-28";"1070001";"1077778";"IT";"S11";"830136990";""
"2014-02-28";"1070001";"1077778";"ITC4";"S15";"3366027";""
"2014-02-28";"1070001";"1077778";"ITC41";"S11BI31";"8580173";""
"2014-02-28";"1070001";"1077778";"ITC41";"600";"9766089";""
"2014-02-28";"1070001";"1077778";"ITC4";"S1313";"9285083";""
"2014-02-28";"1070001";"1077778";"IT";"S126";"5531498";""
"2014-02-28";"1070001";"1077778";"IT";"450";"913983";""
"2014-02-28";"1070001";"1077778";"IT";"SBI25";"925735630";""
"2014-02-28";"1070001";"1077778";"ITC4";"S1311";"208122";""
"2014-02-28";"1070001";"1077778";"IT";"S15";"9927699";""
"2014-02-28";"1070001";"1077778";"ITC41";"S14BI2";"943420";""
"2014-02-28";"1070001";"1077778";"ITC41";"S13";"527487";""
"2014-02-28";"1070001";"1077778";"ITC4";"S11BI8";"11626687";""
"2014-02-28";"1070001";"1077778";"ITC4";"S13";"9497804";""
"2014-02-28";"1070001";"1077778";"ITC41";"S1313";"527306";""
"2014-02-28";"1070001";"1077778";"ITC41";"SBI25";"10796382";""
"2014-02-28";"1070001";"1077778";"ITC41";"S11BI8";"786953";""
"2014-02-28";"1070001";"1077778";"IT";"S1313";"78477894";""
"2014-02-28";"1070001";"1077778";"IT";"S14";"589187134";""
"2014-02-28";"1070001";"1077778";"ITC4";"S12BI7";"75617716";""
"2014-02-28";"1070001";"1077778";"IT";"600";"493588494";""
"2014-02-28";"1070001";"1077778";"IT";"S14BI2";"95598640";""
"2014-02-28";"1070001";"1077778";"ITC41";"S1311";"178";""
"2014-02-28";"1070001";"1077778";"ITC4";"SBI25";"247465881";""
"2014-02-28";"1070001";"1077778";"ITC41";"SBI9";"1049";""
"2014-02-28";"1070001";"1077778";"ITC4";"450";"83893";""
"2014-02-28";"1070001";"1077778";"ITC4";"S14";"128745244";""
"2014-01-31";"1070001";"1077778";"IT";"S14BI2";"95971387";""
"2014-01-31";"1070001";"1077778";"ITC4";"S13";"9382967";""
"2014-01-31";"1070001";"1077778";"ITC4";"S12BI7";"77388287";""
"2014-01-31";"1070001";"1077778";"ITC4";"S12BI6";"75624546";""
"2014-01-31";"1070001";"1077778";"ITC41";"S1313";"523376";""
"2014-01-31";"1070001";"1077778";"IT";"SBI25";"929769770";""
"2014-01-31";"1070001";"1077778";"ITC41";"S14BI2";"951783";""
"2014-01-31";"1070001";"1077778";"ITC41";"600";"9781299";""
"2014-01-31";"1070001";"1077778";"ITC4";"600";"111008133";""
"2014-01-31";"1070001";"1077778";"ITC4";"S15";"3362194";""
"2014-01-31";"1070001";"1077778";"ITC41";"S14";"10733082";""
"2014-01-31";"1070001";"1077778";"ITC41";"S15";"65977";""
"2014-01-31";"1070001";"1077778";"IT";"SBI59";"1846528581";""
"2014-01-31";"1070001";"1077778";"IT";"S13";"264721461";""
"2014-01-31";"1070001";"1077778";"ITC4";"S1311";"191880";""
"2014-01-31";"1070001";"1077778";"ITC4";"S11001";"1260247";""
"2014-01-31";"1070001";"1077778";"ITC41";"S13";"523538";""
"2014-01-31";"1070001";"1077778";"ITC4";"S14";"129205148";""
"2014-01-31";"1070001";"1077778";"ITC41";"SBI59";"21283904";""
"2014-01-31";"1070001";"1077778";"IT";"S11BI31";"728660469";""
"2014-01-31";"1070001";"1077778";"ITC41";"S1314";"0";""
"2014-01-31";"1070001";"1077778";"IT";"450";"892881";""
"2014-01-31";"1070001";"1077778";"ITC4";"S1313";"9186487";""
"2014-01-31";"1070001";"1077778";"ITC4";"SBI59";"450164684";""
"2014-01-31";"1070001";"1077778";"ITC4";"S12I";"462458";""
"2014-01-31";"1070001";"1077778";"IT";"S12I";"4917374";""
"2014-01-31";"1070001";"1077778";"IT";"S1314";"100071";""
"2014-01-31";"1070001";"1077778";"IT";"S11001";"12547423";""
"2014-01-31";"1070001";"1077778";"ITC4";"450";"86456";""
"2014-01-31";"1070001";"1077778";"ITC4";"S11BI7";"6497936";""
"2014-01-31";"1070001";"1077778";"ITC4";"S1314";"4599";""
"2014-01-31";"1070001";"1077778";"ITC4";"SBI25";"248935974";""
"2014-01-31";"1070001";"1077778";"ITC41";"SBI25";"10880885";""
"2014-01-31";"1070001";"1077778";"ITC41";"S12BI7";"31161";""
"2014-01-31";"1070001";"1077778";"IT";"SBI9";"196392";""
"2014-01-31";"1070001";"1077778";"IT";"600";"495428697";""
"2014-01-31";"1070001";"1077778";"ITC4";"S14BI2";"18197015";""
"2014-01-31";"1070001";"1077778";"ITC41";"S126";"16670";""
"2014-01-31";"1070001";"1077778";"ITC41";"S11BI31";"8645278";""
"2014-01-31";"1070001";"1077778";"ITC4";"SBI9";"87130";""
"2014-01-31";"1070001";"1077778";"ITC41";"S11BI7";"459920";""
"2014-01-31";"1070001";"1077778";"ITC41";"SBI9";"1044";""
"2014-01-31";"1070001";"1077778";"ITC41";"S12I";"17";""
"2014-01-31";"1070001";"1077778";"IT";"S14";"591400084";""
"2014-01-31";"1070001";"1077778";"IT";"S126";"5015028";""
"2014-01-31";"1070001";"1077778";"IT";"S1311";"184949945";""
"2014-01-31";"1070001";"1077778";"ITC41";"S1311";"162";""
"2014-01-31";"1070001";"1077778";"ITC41";"S11";"9929102";""
"2014-01-31";"1070001";"1077778";"IT";"S11BI8";"63908211";""
"2014-01-31";"1070001";"1077778";"ITC41";"S12BI6";"14474";""
"2014-01-31";"1070001";"1077778";"IT";"S11";"833798383";""
"2014-01-31";"1070001";"1077778";"IT";"S11BI7";"27789399";""
"2014-01-31";"1070001";"1077778";"IT";"S12BI7";"146481164";""
"2014-01-31";"1070001";"1077778";"ITC41";"S11BI8";"791370";""
"2014-01-31";"1070001";"1077778";"ITC4";"S126";"1301283";""
"2014-01-31";"1070001";"1077778";"IT";"S15";"9931097";""
"2014-01-31";"1070001";"1077778";"ITC41";"S11001";"31190";""
"2014-01-31";"1070001";"1077778";"IT";"S12BI6";"136548762";""
"2014-01-31";"1070001";"1077778";"ITC4";"S11BI31";"211204671";""
"2014-01-31";"1070001";"1077778";"ITC4";"S11";"230738959";""
"2014-01-31";"1070001";"1077778";"ITC4";"S11BI8";"11689648";""
"2014-01-31";"1070001";"1077778";"IT";"S1313";"79671445";""
"2014-01-31";"1070001";"1077778";"ITC41";"450";"1344";""
"2013-12-31";"1070001";"1077778";"IT";"S12BI6";"161686660";""
"2013-12-31";"1070001";"1077778";"ITC41";"SBI9";"1063";""
"2013-12-31";"1070001";"1077778";"ITC41";"SBI25";"10340878";""
"2013-12-31";"1070001";"1077778";"ITC4";"SBI59";"462188795";""
"2013-12-31";"1070001";"1077778";"ITC41";"S1311";"145";""
"2013-12-31";"1070001";"1077778";"IT";"S126";"4804975";""
"2013-12-31";"1070001";"1077778";"IT";"S11001";"12578225";""
"2013-12-31";"1070001";"1077778";"ITC41";"450";"1562";""
"2013-12-31";"1070001";"1077778";"ITC41";"S11001";"31122";""
"2013-12-31";"1070001";"1077778";"ITC41";"S11BI8";"770443";""
"2013-12-31";"1070001";"1077778";"IT";"S1314";"96404";""
"2013-12-31";"1070001";"1077778";"ITC4";"SBI25";"241185570";""
"2013-12-31";"1070001";"1077778";"ITC4";"S126";"1294737";""
"2013-12-31";"1070001";"1077778";"IT";"S13";"262456029";""
"2013-12-31";"1070001";"1077778";"IT";"S11";"809853812";""
"2013-12-31";"1070001";"1077778";"ITC4";"S11BI31";"204181430";""
"2013-12-31";"1070001";"1077778";"ITC41";"S12BI7";"31445";""
"2013-12-31";"1070001";"1077778";"ITC41";"S14";"10743263";""
"2013-12-31";"1070001";"1077778";"IT";"S12I";"4539996";""
"2013-12-31";"1070001";"1077778";"ITC41";"S14BI2";"937874";""
"2013-12-31";"1070001";"1077778";"IT";"SBI9";"269586";""
"2013-12-31";"1070001";"1077778";"ITC4";"S15";"3362517";""
"2013-12-31";"1070001";"1077778";"IT";"S14";"591882808";""
"2013-12-31";"1070001";"1077778";"ITC4";"600";"111305874";""
"2013-12-31";"1070001";"1077778";"IT";"S11BI8";"62577250";""
"2013-12-31";"1070001";"1077778";"ITC4";"S11BI8";"11400047";""
"2013-12-31";"1070001";"1077778";"ITC4";"S12I";"574732";""
"2013-12-31";"1070001";"1077778";"ITC41";"S11BI7";"438297";""
"2013-12-31";"1070001";"1077778";"ITC41";"S11";"9403004";""
"2013-12-31";"1070001";"1077778";"IT";"S11BI7";"27146659";""
"2013-12-31";"1070001";"1077778";"ITC4";"S13";"9343813";""
"2013-12-31";"1070001";"1077778";"IT";"SBI59";"1845327624";""
"2013-12-31";"1070001";"1077778";"ITC4";"S12BI6";"95035700";""
"2013-12-31";"1070001";"1077778";"IT";"S15";"9833758";""
"2013-12-31";"1070001";"1077778";"ITC4";"S11BI7";"6239872";""
"2013-12-31";"1070001";"1077778";"ITC41";"S15";"66163";""
"2013-12-31";"1070001";"1077778";"IT";"SBI25";"905216525";""
"2013-12-31";"1070001";"1077778";"ITC4";"S1311";"185334";""
"2013-12-31";"1070001";"1077778";"ITC4";"S11";"223128031";""
"2013-12-31";"1070001";"1077778";"ITC41";"S11BI31";"8161581";""
"2013-12-31";"1070001";"1077778";"ITC4";"450";"81769";""
"2013-12-31";"1070001";"1077778";"ITC4";"S14BI2";"18057539";""
"2013-12-31";"1070001";"1077778";"ITC41";"600";"9805389";""
"2013-12-31";"1070001";"1077778";"ITC41";"SBI59";"20763578";""
"2013-12-31";"1070001";"1077778";"IT";"600";"496520094";""
"2013-12-31";"1070001";"1077778";"IT";"S1313";"77330784";""
"2013-12-31";"1070001";"1077778";"ITC4";"S11001";"1224914";""
"2013-12-31";"1070001";"1077778";"ITC41";"S12BI6";"14395";""
"2013-12-31";"1070001";"1077778";"ITC41";"S13";"518639";""
"2013-12-31";"1070001";"1077778";"ITC41";"S1313";"518494";""
"2013-12-31";"1070001";"1077778";"IT";"S12BI7";"171031631";""
"2013-12-31";"1070001";"1077778";"ITC4";"S12BI7";"96905169";""
"2013-12-31";"1070001";"1077778";"ITC41";"S12I";"11";""
"2013-12-31";"1070001";"1077778";"ITC4";"S14";"129363413";""
"2013-12-31";"1070001";"1077778";"ITC4";"SBI9";"85852";""
"2013-12-31";"1070001";"1077778";"IT";"S11BI31";"706652537";""
"2013-12-31";"1070001";"1077778";"IT";"450";"899141";""
"2013-12-31";"1070001";"1077778";"IT";"S14BI2";"95362713";""
"2013-12-31";"1070001";"1077778";"ITC4";"S1313";"9153797";""
"2013-12-31";"1070001";"1077778";"ITC4";"S1314";"4682";""
"2013-12-31";"1070001";"1077778";"IT";"S1311";"185028841";""
"2013-12-31";"1070001";"1077778";"ITC41";"S126";"17038";""
"2013-11-30";"1070001";"1077778";"IT";"S1311";"179319944";""
"2013-11-30";"1070001";"1077778";"IT";"450";"910207";""
"2013-11-30";"1070001";"1077778";"ITC41";"SBI9";"1070";""
"2013-11-30";"1070001";"1077778";"ITC4";"S126";"1260110";""
"2013-11-30";"1070001";"1077778";"IT";"S12I";"4665182";""
"2013-11-30";"1070001";"1077778";"ITC4";"S11BI31";"205532096";""
"2013-11-30";"1070001";"1077778";"ITC4";"S11001";"1198578";""
"2013-11-30";"1070001";"1077778";"ITC4";"S11BI7";"6160035";""
"2013-11-30";"1070001";"1077778";"ITC41";"S11BI31";"8116611";""
"2013-11-30";"1070001";"1077778";"IT";"S12BI7";"164003174";""
"2013-11-30";"1070001";"1077778";"ITC41";"SBI59";"20701778";""
"2013-11-30";"1070001";"1077778";"ITC41";"S11BI7";"434015";""
"2013-11-30";"1070001";"1077778";"IT";"S1314";"95637";""
"2013-11-30";"1070001";"1077778";"ITC41";"S1311";"95";""
"2013-11-30";"1070001";"1077778";"ITC4";"S1314";"4937";""
"2013-11-30";"1070001";"1077778";"ITC41";"S14BI2";"933118";""
"2013-11-30";"1070001";"1077778";"IT";"S11BI31";"709831228";""
"2013-11-30";"1070001";"1077778";"ITC41";"S11BI8";"762350";""
"2013-11-30";"1070001";"1077778";"IT";"S11001";"12796962";""
"2013-11-30";"1070001";"1077778";"ITC4";"S15";"3379948";""
"2013-11-30";"1070001";"1077778";"ITC4";"S14";"129089664";""
"2013-11-30";"1070001";"1077778";"IT";"SBI9";"185025";""
"2013-11-30";"1070001";"1077778";"ITC4";"S12BI7";"87874907";""
"2013-11-30";"1070001";"1077778";"ITC4";"450";"82636";""
"2013-11-30";"1070001";"1077778";"ITC41";"S12I";"13";""
"2013-11-30";"1070001";"1077778";"IT";"S14BI2";"95068816";""
"2013-11-30";"1070001";"1077778";"IT";"S14";"591648254";""
"2013-11-30";"1070001";"1077778";"IT";"S11";"812236794";""
"2013-11-30";"1070001";"1077778";"IT";"S11BI8";"61848194";""
"2013-11-30";"1070001";"1077778";"IT";"S11BI7";"26850203";""
"2013-11-30";"1070001";"1077778";"ITC41";"S12BI6";"14891";""
"2013-11-30";"1070001";"1077778";"ITC4";"S1311";"223903";""
"2013-11-30";"1070001";"1077778";"ITC4";"S12I";"537602";""
"2013-11-30";"1070001";"1077778";"ITC41";"S11";"9345234";""
"2013-11-30";"1070001";"1077778";"ITC41";"600";"9789126";""
"2013-11-30";"1070001";"1077778";"ITC41";"S11001";"30626";""
"2013-11-30";"1070001";"1077778";"IT";"SBI59";"1836180600";""
"2013-11-30";"1070001";"1077778";"IT";"SBI25";"907305611";""
"2013-11-30";"1070001";"1077778";"ITC41";"S15";"66192";""
"2013-11-30";"1070001";"1077778";"ITC4";"S13";"9685685";""
"2013-11-30";"1070001";"1077778";"ITC4";"S12BI6";"86077195";""
"2013-11-30";"1070001";"1077778";"ITC4";"S11";"224195832";""
"2013-11-30";"1070001";"1077778";"ITC4";"S11BI8";"11222486";""
"2013-11-30";"1070001";"1077778";"ITC4";"SBI25";"242158667";""
"2013-11-30";"1070001";"1077778";"ITC41";"S14";"10722244";""
"2013-11-30";"1070001";"1077778";"ITC4";"SBI9";"46307";""
"2013-11-30";"1070001";"1077778";"IT";"S15";"9948079";""
"2013-11-30";"1070001";"1077778";"IT";"S1313";"78743267";""
"2013-11-30";"1070001";"1077778";"ITC4";"S1313";"9456846";""
"2013-11-30";"1070001";"1077778";"ITC4";"600";"111126829";""
"2013-11-30";"1070001";"1077778";"ITC41";"S1313";"534483";""
"2013-11-30";"1070001";"1077778";"ITC41";"S12BI7";"32460";""
"2013-11-30";"1070001";"1077778";"ITC41";"S13";"534578";""
"2013-11-30";"1070001";"1077778";"ITC4";"SBI59";"454272343";""
"2013-11-30";"1070001";"1077778";"ITC4";"S14BI2";"17962835";""
"2013-11-30";"1070001";"1077778";"ITC41";"SBI25";"10278352";""
"2013-11-30";"1070001";"1077778";"IT";"S12BI6";"152930715";""
"2013-11-30";"1070001";"1077778";"IT";"S13";"258158848";""
"2013-11-30";"1070001";"1077778";"IT";"S126";"6407278";""
"2013-11-30";"1070001";"1077778";"ITC41";"S126";"17556";""
"2013-11-30";"1070001";"1077778";"ITC41";"450";"1632";""
"2013-11-30";"1070001";"1077778";"IT";"600";"496579438";""
"2013-10-31";"1070001";"1077778";"IT";"S11BI8";"62326972";""
"2013-10-31";"1070001";"1077778";"IT";"S15";"9890918";""
"2013-10-31";"1070001";"1077778";"ITC4";"S15";"3316257";""
"2013-10-31";"1070001";"1077778";"ITC41";"S12I";"25";""
"2013-10-31";"1070001";"1077778";"ITC41";"SBI59";"20821837";""
"2013-10-31";"1070001";"1077778";"ITC41";"SBI9";"1424";""
"2013-10-31";"1070001";"1077778";"ITC4";"S11001";"1199908";""
"2013-10-31";"1070001";"1077778";"ITC4";"S126";"1616654";""
"2013-10-31";"1070001";"1077778";"ITC4";"S1311";"216081";""
"2013-10-31";"1070001";"1077778";"IT";"S14BI2";"95653059";""
"2013-10-31";"1070001";"1077778";"IT";"S11";"818724293";""
"2013-10-31";"1070001";"1077778";"ITC41";"S14BI2";"945659";""
"2013-10-31";"1070001";"1077778";"ITC4";"S11";"226371387";""
"2013-10-31";"1070001";"1077778";"IT";"S12BI7";"164334755";""
"2013-10-31";"1070001";"1077778";"IT";"SBI9";"187126";""
"2013-10-31";"1070001";"1077778";"ITC4";"S14";"129346206";""
"2013-10-31";"1070001";"1077778";"ITC41";"SBI25";"10393326";""
"2013-10-31";"1070001";"1077778";"ITC4";"600";"111283097";""
"2013-10-31";"1070001";"1077778";"IT";"450";"817527";""
"2013-10-31";"1070001";"1077778";"IT";"S11BI31";"715568952";""
"2013-10-31";"1070001";"1077778";"IT";"S14";"592926061";""
"2013-10-31";"1070001";"1077778";"ITC41";"450";"2000";""
"2013-10-31";"1070001";"1077778";"ITC41";"S11BI31";"8201486";""
"2013-10-31";"1070001";"1077778";"ITC41";"S126";"17452";""
"2013-10-31";"1070001";"1077778";"ITC41";"S1313";"533539";""
"2013-10-31";"1070001";"1077778";"ITC4";"S11BI31";"207451330";""
"2013-10-31";"1070001";"1077778";"ITC4";"S13";"9656478";""
"2013-10-31";"1070001";"1077778";"ITC4";"S1313";"9435452";""
"2013-10-31";"1070001";"1077778";"ITC41";"600";"9791531";""
"2013-10-31";"1070001";"1077778";"ITC41";"S11";"9447668";""
"2013-10-31";"1070001";"1077778";"ITC41";"S11001";"30341";""
"2013-10-31";"1070001";"1077778";"IT";"S11001";"12730152";""
"2013-10-31";"1070001";"1077778";"IT";"SBI25";"914377352";""
"2013-10-31";"1070001";"1077778";"ITC4";"S12I";"575111";""
"2013-10-31";"1070001";"1077778";"ITC4";"SBI9";"37193";""
"2013-10-31";"1070001";"1077778";"ITC41";"S11BI7";"440625";""
"2013-10-31";"1070001";"1077778";"ITC41";"S12BI6";"18031";""
"2013-10-31";"1070001";"1077778";"IT";"600";"497273002";""
"2013-10-31";"1070001";"1077778";"IT";"S126";"6537509";""
"2013-10-31";"1070001";"1077778";"IT";"S12I";"4614036";""
"2013-10-31";"1070001";"1077778";"ITC41";"S1314";"6";""
"2013-10-31";"1070001";"1077778";"ITC4";"S14BI2";"18063109";""
"2013-10-31";"1070001";"1077778";"ITC4";"450";"80486";""
"2013-10-31";"1070001";"1077778";"ITC4";"S11BI8";"11342594";""
"2013-10-31";"1070001";"1077778";"IT";"S11BI7";"27280690";""
"2013-10-31";"1070001";"1077778";"IT";"S12BI6";"153183210";""
"2013-10-31";"1070001";"1077778";"IT";"S1311";"178745341";""
"2013-10-31";"1070001";"1077778";"IT";"S1314";"96320";""
"2013-10-31";"1070001";"1077778";"IT";"SBI59";"1843983593";""
"2013-10-31";"1070001";"1077778";"ITC4";"SBI25";"244434496";""
"2013-10-31";"1070001";"1077778";"ITC41";"S12BI7";"35508";""
"2013-10-31";"1070001";"1077778";"ITC41";"S13";"533637";""
"2013-10-31";"1070001";"1077778";"ITC41";"S1311";"92";""
"2013-10-31";"1070001";"1077778";"ITC4";"S12BI6";"87063318";""
"2013-10-31";"1070001";"1077778";"ITC4";"S12BI7";"89255083";""
"2013-10-31";"1070001";"1077778";"ITC4";"SBI59";"457982605";""
"2013-10-31";"1070001";"1077778";"ITC41";"S11BI8";"773214";""
"2013-10-31";"1070001";"1077778";"IT";"S13";"257920440";""
"2013-10-31";"1070001";"1077778";"IT";"S1313";"79078779";""
"2013-10-31";"1070001";"1077778";"ITC41";"S14";"10737190";""
"2013-10-31";"1070001";"1077778";"ITC41";"S15";"66411";""
"2013-10-31";"1070001";"1077778";"ITC4";"S11BI7";"6297069";""
"2013-10-31";"1070001";"1077778";"ITC4";"S1314";"4945";""
"2013-09-30";"1070001";"1077778";"ITC4";"S1313";"9450137";""
"2013-09-30";"1070001";"1077778";"ITC41";"S11BI31";"8349527";""
"2013-09-30";"1070001";"1077778";"IT";"S12BI6";"155673544";""
"2013-09-30";"1070001";"1077778";"IT";"S11BI31";"720026133";""
"2013-09-30";"1070001";"1077778";"ITC4";"S126";"1185765";""
"2013-09-30";"1070001";"1077778";"IT";"SBI59";"1855194292";""
"2013-09-30";"1070001";"1077778";"ITC41";"S12BI7";"36247";""
"2013-09-30";"1070001";"1077778";"ITC41";"S12I";"31";""
"2013-09-30";"1070001";"1077778";"ITC41";"S13";"550447";""
"2013-09-30";"1070001";"1077778";"ITC4";"S1314";"4954";""
"2013-09-30";"1070001";"1077778";"ITC4";"S14";"129479245";""
"2013-09-30";"1070001";"1077778";"ITC4";"SBI9";"38582";""
"2013-09-30";"1070001";"1077778";"IT";"S11BI7";"27758917";""
"2013-09-30";"1070001";"1077778";"ITC4";"S14BI2";"18168571";""
"2013-09-30";"1070001";"1077778";"IT";"S1314";"111192";""
"2013-09-30";"1070001";"1077778";"ITC41";"S11001";"30707";""
"2013-09-30";"1070001";"1077778";"IT";"S11BI8";"62685915";""
"2013-09-30";"1070001";"1077778";"IT";"S12BI7";"166814589";""
"2013-09-30";"1070001";"1077778";"IT";"600";"497442299";""
"2013-09-30";"1070001";"1077778";"ITC4";"S11";"229081543";""
"2013-09-30";"1070001";"1077778";"ITC4";"S11BI8";"11448848";""
"2013-09-30";"1070001";"1077778";"ITC41";"S12BI6";"18172";""
"2013-09-30";"1070001";"1077778";"ITC41";"S1313";"550303";""
"2013-09-30";"1070001";"1077778";"ITC41";"S14";"10747074";""
"2013-09-30";"1070001";"1077778";"ITC41";"S15";"67527";""
"2013-09-30";"1070001";"1077778";"ITC41";"SBI9";"1460";""
"2013-09-30";"1070001";"1077778";"ITC4";"SBI25";"247250114";""
"2013-09-30";"1070001";"1077778";"IT";"S13";"260051396";""
"2013-09-30";"1070001";"1077778";"IT";"S1311";"179549289";""
"2013-09-30";"1070001";"1077778";"IT";"S1313";"80390914";""
"2013-09-30";"1070001";"1077778";"IT";"SBI25";"920691629";""
"2013-09-30";"1070001";"1077778";"ITC4";"S13";"9664644";""
"2013-09-30";"1070001";"1077778";"ITC4";"S15";"3370714";""
"2013-09-30";"1070001";"1077778";"ITC41";"450";"2033";""
"2013-09-30";"1070001";"1077778";"ITC41";"S11BI7";"451551";""
"2013-09-30";"1070001";"1077778";"IT";"S126";"6530231";""
"2013-09-30";"1070001";"1077778";"IT";"450";"827664";""
"2013-09-30";"1070001";"1077778";"IT";"S11";"824673127";""
"2013-09-30";"1070001";"1077778";"ITC41";"SBI25";"10567542";""
"2013-09-30";"1070001";"1077778";"IT";"S14";"593460802";""
"2013-09-30";"1070001";"1077778";"IT";"S14BI2";"96018502";""
"2013-09-30";"1070001";"1077778";"ITC4";"S12BI6";"88708256";""
"2013-09-30";"1070001";"1077778";"ITC4";"S12BI7";"90416412";""
"2013-09-30";"1070001";"1077778";"ITC4";"SBI59";"462051139";""
"2013-09-30";"1070001";"1077778";"ITC41";"600";"9791349";""
"2013-09-30";"1070001";"1077778";"ITC41";"SBI59";"21014572";""
"2013-09-30";"1070001";"1077778";"ITC4";"450";"83233";""
"2013-09-30";"1070001";"1077778";"ITC41";"S14BI2";"955726";""
"2013-09-30";"1070001";"1077778";"IT";"S12I";"4610814";""
"2013-09-30";"1070001";"1077778";"IT";"S11001";"13374497";""
"2013-09-30";"1070001";"1077778";"ITC4";"600";"111310674";""
"2013-09-30";"1070001";"1077778";"ITC4";"S11001";"1233990";""
"2013-09-30";"1070001";"1077778";"ITC4";"S12I";"522391";""
"2013-09-30";"1070001";"1077778";"IT";"S15";"10011316";""
"2013-09-30";"1070001";"1077778";"ITC41";"S11BI8";"777998";""
"2013-09-30";"1070001";"1077778";"ITC41";"S126";"18044";""
"2013-09-30";"1070001";"1077778";"ITC41";"S1311";"142";""
"2013-09-30";"1070001";"1077778";"ITC41";"S1314";"2";""
"2013-09-30";"1070001";"1077778";"ITC4";"S11BI31";"209884369";""
"2013-09-30";"1070001";"1077778";"ITC4";"S11BI7";"6431103";""
"2013-09-30";"1070001";"1077778";"ITC4";"S1311";"209553";""
"2013-09-30";"1070001";"1077778";"ITC41";"S11";"9611816";""
"2013-09-30";"1070001";"1077778";"IT";"SBI9";"183063";""
"2013-08-31";"1070001";"1077778";"ITC41";"S12BI7";"35790";""
"2013-08-31";"1070001";"1077778";"ITC41";"S1314";"7";""
"2013-08-31";"1070001";"1077778";"ITC4";"S1314";"4962";""
"2013-08-31";"1070001";"1077778";"ITC4";"SBI59";"460330204";""
"2013-08-31";"1070001";"1077778";"IT";"SBI9";"182010";""
"2013-08-31";"1070001";"1077778";"ITC4";"600";"111404891";""
"2013-08-31";"1070001";"1077778";"ITC4";"S11BI31";"210127957";""
"2013-08-31";"1070001";"1077778";"ITC4";"S12I";"528293";""
"2013-08-31";"1070001";"1077778";"ITC41";"S1311";"55";""
"2013-08-31";"1070001";"1077778";"ITC41";"S14";"10738050";""
"2013-08-31";"1070001";"1077778";"ITC4";"S15";"3320223";""
"2013-08-31";"1070001";"1077778";"IT";"S11BI8";"62207689";""
"2013-08-31";"1070001";"1077778";"ITC4";"S11BI8";"11366359";""
"2013-08-31";"1070001";"1077778";"IT";"S1311";"179634379";""
"2013-08-31";"1070001";"1077778";"ITC4";"S12BI7";"88657864";""
"2013-08-31";"1070001";"1077778";"ITC41";"S12BI6";"18152";""
"2013-08-31";"1070001";"1077778";"ITC41";"S13";"538898";""
"2013-08-31";"1070001";"1077778";"ITC41";"S11BI31";"8265389";""
"2013-08-31";"1070001";"1077778";"ITC41";"S11BI7";"447248";""
"2013-08-31";"1070001";"1077778";"ITC4";"S1313";"9456779";""
"2013-08-31";"1070001";"1077778";"ITC4";"S11001";"1286910";""
"2013-08-31";"1070001";"1077778";"ITC4";"S12BI6";"86870371";""
"2013-08-31";"1070001";"1077778";"IT";"S12BI7";"164752807";""
"2013-08-31";"1070001";"1077778";"IT";"S1314";"101849";""
"2013-08-31";"1070001";"1077778";"ITC4";"S13";"9665939";""
"2013-08-31";"1070001";"1077778";"ITC41";"S14BI2";"950467";""
"2013-08-31";"1070001";"1077778";"ITC4";"SBI25";"247241361";""
"2013-08-31";"1070001";"1077778";"ITC4";"450";"86740";""
"2013-08-31";"1070001";"1077778";"IT";"S11001";"14812899";""
"2013-08-31";"1070001";"1077778";"IT";"S126";"6611707";""
"2013-08-31";"1070001";"1077778";"IT";"S12I";"4792809";""
"2013-08-31";"1070001";"1077778";"IT";"450";"895559";""
"2013-08-31";"1070001";"1077778";"ITC41";"SBI9";"1448";""
"2013-08-31";"1070001";"1077778";"ITC41";"600";"9787583";""
"2013-08-31";"1070001";"1077778";"ITC4";"S14BI2";"18060657";""
"2013-08-31";"1070001";"1077778";"ITC41";"SBI25";"10475822";""
"2013-08-31";"1070001";"1077778";"ITC4";"S11BI7";"6312738";""
"2013-08-31";"1070001";"1077778";"ITC41";"S1313";"538835";""
"2013-08-31";"1070001";"1077778";"ITC41";"S11BI8";"776183";""
"2013-08-31";"1070001";"1077778";"IT";"S11BI7";"27364767";""
"2013-08-31";"1070001";"1077778";"IT";"S1313";"80088763";""
"2013-08-31";"1070001";"1077778";"ITC4";"S1311";"204198";""
"2013-08-31";"1070001";"1077778";"IT";"S14BI2";"95663027";""
"2013-08-31";"1070001";"1077778";"ITC4";"S11";"229180704";""
"2013-08-31";"1070001";"1077778";"ITC41";"S11001";"34450";""
"2013-08-31";"1070001";"1077778";"ITC41";"S126";"17621";""
"2013-08-31";"1070001";"1077778";"IT";"600";"497668209";""
"2013-08-31";"1070001";"1077778";"IT";"S11BI31";"720576999";""
"2013-08-31";"1070001";"1077778";"ITC41";"SBI59";"20906984";""
"2013-08-31";"1070001";"1077778";"ITC4";"S14";"129465548";""
"2013-08-31";"1070001";"1077778";"ITC41";"450";"2085";""
"2013-08-31";"1070001";"1077778";"ITC41";"S11";"9525355";""
"2013-08-31";"1070001";"1077778";"IT";"SBI25";"921520940";""
"2013-08-31";"1070001";"1077778";"IT";"S11";"825857913";""
"2013-08-31";"1070001";"1077778";"IT";"S13";"259824991";""
"2013-08-31";"1070001";"1077778";"IT";"S14";"593331236";""
"2013-08-31";"1070001";"1077778";"ITC41";"S12I";"17";""
"2013-08-31";"1070001";"1077778";"ITC41";"S15";"67442";""
"2013-08-31";"1070001";"1077778";"ITC4";"SBI9";"39925";""
"2013-08-31";"1070001";"1077778";"IT";"SBI59";"1853887682";""
"2013-08-31";"1070001";"1077778";"ITC4";"S126";"1259201";""
"2013-08-31";"1070001";"1077778";"IT";"S12BI6";"153348291";""
"2013-08-31";"1070001";"1077778";"IT";"S15";"9938724";""
"2013-07-31";"1070001";"1077778";"IT";"S14BI2";"96210840";""
"2013-07-31";"1070001";"1077778";"ITC41";"S15";"68013";""
"2013-07-31";"1070001";"1077778";"ITC41";"SBI9";"1514";""
"2013-07-31";"1070001";"1077778";"IT";"S11";"838181975";""
"2013-07-31";"1070001";"1077778";"ITC4";"S12BI7";"91196612";""
"2013-07-31";"1070001";"1077778";"IT";"S1311";"180104193";""
"2013-07-31";"1070001";"1077778";"ITC4";"SBI59";"467225167";""
"2013-07-31";"1070001";"1077778";"ITC4";"SBI9";"37885";""
"2013-07-31";"1070001";"1077778";"IT";"SBI25";"934392815";""
"2013-07-31";"1070001";"1077778";"ITC41";"S12BI7";"39061";""
"2013-07-31";"1070001";"1077778";"IT";"S11BI31";"730325246";""
"2013-07-31";"1070001";"1077778";"ITC41";"S11BI7";"457837";""
"2013-07-31";"1070001";"1077778";"ITC4";"S11BI7";"6455179";""
"2013-07-31";"1070001";"1077778";"ITC4";"S11BI8";"11523586";""
"2013-07-31";"1070001";"1077778";"ITC4";"S126";"1291539";""
"2013-07-31";"1070001";"1077778";"IT";"S12BI7";"165821735";""
"2013-07-31";"1070001";"1077778";"IT";"S14";"595580807";""
"2013-07-31";"1070001";"1077778";"IT";"S12BI6";"154577052";""
"2013-07-31";"1070001";"1077778";"ITC41";"S14";"10779944";""
"2013-07-31";"1070001";"1077778";"ITC41";"S1313";"561945";""
"2013-07-31";"1070001";"1077778";"IT";"SBI59";"1869977750";""
"2013-07-31";"1070001";"1077778";"ITC4";"S14";"129894314";""
"2013-07-31";"1070001";"1077778";"ITC41";"S1314";"1";""
"2013-07-31";"1070001";"1077778";"IT";"450";"862881";""
"2013-07-31";"1070001";"1077778";"IT";"S11001";"15967199";""
"2013-07-31";"1070001";"1077778";"IT";"S126";"6679606";""
"2013-07-31";"1070001";"1077778";"ITC41";"S14BI2";"957961";""
"2013-07-31";"1070001";"1077778";"ITC41";"600";"9821982";""
"2013-07-31";"1070001";"1077778";"ITC4";"S11001";"1319159";""
"2013-07-31";"1070001";"1077778";"IT";"S1314";"92608";""
"2013-07-31";"1070001";"1077778";"ITC4";"SBI25";"251233551";""
"2013-07-31";"1070001";"1077778";"IT";"600";"499369967";""
"2013-07-31";"1070001";"1077778";"IT";"S12I";"4565077";""
"2013-07-31";"1070001";"1077778";"IT";"S13";"260262174";""
"2013-07-31";"1070001";"1077778";"IT";"SBI9";"185335";""
"2013-07-31";"1070001";"1077778";"ITC41";"S11001";"35261";""
"2013-07-31";"1070001";"1077778";"ITC41";"S11BI31";"8469578";""
"2013-07-31";"1070001";"1077778";"ITC41";"S11BI8";"787239";""
"2013-07-31";"1070001";"1077778";"ITC4";"S1313";"9471471";""
"2013-07-31";"1070001";"1077778";"IT";"S11BI8";"63132437";""
"2013-07-31";"1070001";"1077778";"ITC41";"SBI59";"21202530";""
"2013-07-31";"1070001";"1077778";"IT";"S1313";"80065373";""
"2013-07-31";"1070001";"1077778";"ITC41";"S12BI6";"21659";""
"2013-07-31";"1070001";"1077778";"ITC4";"S11BI31";"213671613";""
"2013-07-31";"1070001";"1077778";"ITC4";"S1311";"209599";""
"2013-07-31";"1070001";"1077778";"ITC41";"SBI25";"10710002";""
"2013-07-31";"1070001";"1077778";"ITC41";"S12I";"24";""
"2013-07-31";"1070001";"1077778";"ITC41";"S1311";"12";""
"2013-07-31";"1070001";"1077778";"ITC4";"S1314";"4962";""
"2013-07-31";"1070001";"1077778";"ITC4";"S15";"3354011";""
"2013-07-31";"1070001";"1077778";"ITC41";"450";"2126";""
"2013-07-31";"1070001";"1077778";"ITC4";"450";"86775";""
"2013-07-31";"1070001";"1077778";"ITC4";"600";"111717075";""
"2013-07-31";"1070001";"1077778";"ITC4";"S11";"233056313";""
"2013-07-31";"1070001";"1077778";"ITC4";"S12BI6";"89376789";""
"2013-07-31";"1070001";"1077778";"ITC4";"S12I";"528284";""
"2013-07-31";"1070001";"1077778";"IT";"S11BI7";"27894213";""
"2013-07-31";"1070001";"1077778";"ITC4";"S14BI2";"18177239";""
"2013-07-31";"1070001";"1077778";"ITC41";"S13";"561958";""
"2013-07-31";"1070001";"1077778";"ITC41";"S11";"9752041";""
"2013-07-31";"1070001";"1077778";"ITC41";"S126";"17378";""
"2013-07-31";"1070001";"1077778";"ITC4";"S13";"9686032";""
"2013-07-31";"1070001";"1077778";"IT";"S15";"9945724";""
"2013-06-30";"1070001";"1077778";"ITC41";"S11001";"33292";""
"2013-06-30";"1070001";"1077778";"ITC4";"S11BI8";"11453869";""
"2013-06-30";"1070001";"1077778";"ITC4";"S12BI6";"92225751";""
"2013-06-30";"1070001";"1077778";"ITC4";"SBI25";"250542894";""
"2013-06-30";"1070001";"1077778";"IT";"SBI9";"239604";""
"2013-06-30";"1070001";"1077778";"IT";"S11BI7";"27713315";""
"2013-06-30";"1070001";"1077778";"IT";"S12BI6";"159168346";""
"2013-06-30";"1070001";"1077778";"IT";"S12I";"4715298";""
"2013-06-30";"1070001";"1077778";"IT";"S14BI2";"96377892";""
"2013-06-30";"1070001";"1077778";"ITC4";"S14BI2";"18189227";""
"2013-06-30";"1070001";"1077778";"IT";"SBI25";"932198868";""
"2013-06-30";"1070001";"1077778";"IT";"S14";"595877745";""
"2013-06-30";"1070001";"1077778";"IT";"S11001";"15601239";""
"2013-06-30";"1070001";"1077778";"IT";"S1314";"90595";""
"2013-06-30";"1070001";"1077778";"ITC41";"S126";"18039";""
"2013-06-30";"1070001";"1077778";"ITC41";"SBI9";"1548";""
"2013-06-30";"1070001";"1077778";"ITC41";"SBI25";"10611440";""
"2013-06-30";"1070001";"1077778";"ITC41";"S14BI2";"956757";""
"2013-06-30";"1070001";"1077778";"IT";"S15";"9993088";""
"2013-06-30";"1070001";"1077778";"IT";"SBI59";"1875016910";""
"2013-06-30";"1070001";"1077778";"IT";"S11BI8";"63134576";""
"2013-06-30";"1070001";"1077778";"IT";"S12BI7";"170184933";""
"2013-06-30";"1070001";"1077778";"IT";"S1313";"81709271";""
"2013-06-30";"1070001";"1077778";"ITC41";"600";"9806946";""
"2013-06-30";"1070001";"1077778";"ITC41";"S11BI31";"8381573";""
"2013-06-30";"1070001";"1077778";"ITC41";"S11BI8";"784235";""
"2013-06-30";"1070001";"1077778";"ITC41";"S12BI7";"40271";""
"2013-06-30";"1070001";"1077778";"IT";"S1311";"181100697";""
"2013-06-30";"1070001";"1077778";"ITC41";"S11BI7";"453492";""
"2013-06-30";"1070001";"1077778";"ITC41";"S12I";"33";""
"2013-06-30";"1070001";"1077778";"ITC41";"S1313";"574592";""
"2013-06-30";"1070001";"1077778";"ITC41";"S11";"9654683";""
"2013-06-30";"1070001";"1077778";"ITC4";"S1314";"5041";""
"2013-06-30";"1070001";"1077778";"ITC4";"600";"111454522";""
"2013-06-30";"1070001";"1077778";"ITC4";"S126";"1403583";""
"2013-06-30";"1070001";"1077778";"ITC4";"S12I";"509110";""
"2013-06-30";"1070001";"1077778";"IT";"600";"499499853";""
"2013-06-30";"1070001";"1077778";"IT";"S126";"6301289";""
"2013-06-30";"1070001";"1077778";"ITC41";"SBI59";"21102342";""
"2013-06-30";"1070001";"1077778";"ITC4";"S15";"3330725";""
"2013-06-30";"1070001";"1077778";"ITC4";"SBI59";"469403379";""
"2013-06-30";"1070001";"1077778";"ITC4";"S11";"232353667";""
"2013-06-30";"1070001";"1077778";"ITC4";"S11001";"1313100";""
"2013-06-30";"1070001";"1077778";"ITC4";"S11BI31";"213129479";""
"2013-06-30";"1070001";"1077778";"ITC4";"S11BI7";"6370576";""
"2013-06-30";"1070001";"1077778";"ITC4";"S12BI7";"94138444";""
"2013-06-30";"1070001";"1077778";"ITC4";"S1313";"9605012";""
"2013-06-30";"1070001";"1077778";"IT";"S11";"835820976";""
"2013-06-30";"1070001";"1077778";"ITC41";"S12BI6";"22199";""
"2013-06-30";"1070001";"1077778";"ITC41";"S13";"574601";""
"2013-06-30";"1070001";"1077778";"ITC41";"S1311";"7";""
"2013-06-30";"1070001";"1077778";"ITC41";"S15";"67535";""
"2013-06-30";"1070001";"1077778";"ITC4";"450";"86643";""
"2013-06-30";"1070001";"1077778";"ITC4";"S13";"9897713";""
"2013-06-30";"1070001";"1077778";"ITC4";"S1311";"287661";""
"2013-06-30";"1070001";"1077778";"ITC41";"S1314";"2";""
"2013-06-30";"1070001";"1077778";"ITC41";"S14";"10763704";""
"2013-06-30";"1070001";"1077778";"ITC4";"S14";"129643749";""
"2013-06-30";"1070001";"1077778";"ITC4";"SBI9";"39081";""
"2013-06-30";"1070001";"1077778";"ITC41";"450";"2090";""
"2013-06-30";"1070001";"1077778";"IT";"450";"886957";""
"2013-06-30";"1070001";"1077778";"IT";"S11BI31";"728484890";""
"2013-06-30";"1070001";"1077778";"IT";"S13";"262900563";""
"2013-05-31";"1070001";"1077778";"ITC41";"SBI25";"10727690";""
"2013-05-31";"1070001";"1077778";"ITC41";"S15";"67362";""
"2013-05-31";"1070001";"1077778";"IT";"S11BI31";"732271861";""
"2013-05-31";"1070001";"1077778";"IT";"S11BI8";"63881983";""
"2013-05-31";"1070001";"1077778";"ITC41";"450";"2195";""
"2013-05-31";"1070001";"1077778";"ITC4";"S12BI6";"91002843";""
"2013-05-31";"1070001";"1077778";"ITC41";"S11001";"373459";""
"2013-05-31";"1070001";"1077778";"ITC41";"S12BI6";"25145";""
"2013-05-31";"1070001";"1077778";"ITC41";"S12BI7";"42514";""
"2013-05-31";"1070001";"1077778";"ITC41";"S14BI2";"968707";""
"2013-05-31";"1070001";"1077778";"IT";"S14BI2";"97011034";""
"2013-05-31";"1070001";"1077778";"IT";"600";"499641534";""
"2013-05-31";"1070001";"1077778";"IT";"S11001";"18343744";""
"2013-05-31";"1070001";"1077778";"IT";"S12BI6";"156056571";""
"2013-05-31";"1070001";"1077778";"ITC4";"S11BI31";"212600648";""
"2013-05-31";"1070001";"1077778";"ITC4";"S1314";"5289";""
"2013-05-31";"1070001";"1077778";"ITC4";"S14BI2";"18316949";""
"2013-05-31";"1070001";"1077778";"ITC41";"S1311";"24";""
"2013-05-31";"1070001";"1077778";"IT";"S126";"6294167";""
"2013-05-31";"1070001";"1077778";"IT";"S12I";"4827699";""
"2013-05-31";"1070001";"1077778";"IT";"S13";"266035223";""
"2013-05-31";"1070001";"1077778";"IT";"S1311";"183098688";""
"2013-05-31";"1070001";"1077778";"ITC4";"SBI59";"468725987";""
"2013-05-31";"1070001";"1077778";"ITC41";"S11";"9758983";""
"2013-05-31";"1070001";"1077778";"ITC4";"S12I";"488592";""
"2013-05-31";"1070001";"1077778";"ITC4";"S1313";"9760250";""
"2013-05-31";"1070001";"1077778";"IT";"SBI25";"940682732";""
"2013-05-31";"1070001";"1077778";"IT";"S1313";"82861914";""
"2013-05-31";"1070001";"1077778";"IT";"S14";"596652567";""
"2013-05-31";"1070001";"1077778";"ITC4";"SBI9";"38040";""
"2013-05-31";"1070001";"1077778";"ITC4";"S15";"3220644";""
"2013-05-31";"1070001";"1077778";"ITC41";"S11BI31";"8126452";""
"2013-05-31";"1070001";"1077778";"ITC41";"S11BI7";"463194";""
"2013-05-31";"1070001";"1077778";"ITC41";"S126";"17331";""
"2013-05-31";"1070001";"1077778";"IT";"S1314";"74620";""
"2013-05-31";"1070001";"1077778";"IT";"SBI9";"220073";""
"2013-05-31";"1070001";"1077778";"ITC4";"S11";"232841831";""
"2013-05-31";"1070001";"1077778";"ITC4";"S11001";"1969256";""
"2013-05-31";"1070001";"1077778";"ITC4";"S11BI8";"11632133";""
"2013-05-31";"1070001";"1077778";"ITC4";"S1311";"201065";""
"2013-05-31";"1070001";"1077778";"ITC4";"SBI25";"251158781";""
"2013-05-31";"1070001";"1077778";"ITC41";"S14";"10764322";""
"2013-05-31";"1070001";"1077778";"ITC41";"SBI59";"21209056";""
"2013-05-31";"1070001";"1077778";"IT";"S11";"843671698";""
"2013-05-31";"1070001";"1077778";"ITC41";"600";"9795615";""
"2013-05-31";"1070001";"1077778";"ITC4";"600";"111520935";""
"2013-05-31";"1070001";"1077778";"ITC4";"S11BI7";"6552564";""
"2013-05-31";"1070001";"1077778";"ITC4";"S126";"1329548";""
"2013-05-31";"1070001";"1077778";"ITC4";"S14";"129837885";""
"2013-05-31";"1070001";"1077778";"IT";"450";"860675";""
"2013-05-31";"1070001";"1077778";"ITC41";"S12I";"39";""
"2013-05-31";"1070001";"1077778";"ITC41";"S13";"574374";""
"2013-05-31";"1070001";"1077778";"IT";"S11BI7";"28313435";""
"2013-05-31";"1070001";"1077778";"ITC4";"450";"87231";""
"2013-05-31";"1070001";"1077778";"ITC4";"S13";"9966604";""
"2013-05-31";"1070001";"1077778";"IT";"S12BI7";"167178437";""
"2013-05-31";"1070001";"1077778";"IT";"S15";"9760056";""
"2013-05-31";"1070001";"1077778";"IT";"SBI59";"1883518054";""
"2013-05-31";"1070001";"1077778";"ITC4";"S12BI7";"92820982";""
"2013-05-31";"1070001";"1077778";"ITC41";"S11BI8";"793683";""
"2013-05-31";"1070001";"1077778";"ITC41";"S1313";"574350";""
"2013-05-31";"1070001";"1077778";"ITC41";"SBI9";"1500";""
"2013-04-30";"1070001";"1077778";"IT";"SBI25";"944503497";""
"2013-04-30";"1070001";"1077778";"ITC41";"S12BI6";"27564";""
"2013-04-30";"1070001";"1077778";"ITC41";"S1311";"6";""
"2013-04-30";"1070001";"1077778";"ITC41";"S15";"67146";""
"2013-04-30";"1070001";"1077778";"ITC4";"600";"111249601";""
"2013-04-30";"1070001";"1077778";"ITC4";"S11BI7";"6590220";""
"2013-04-30";"1070001";"1077778";"IT";"SBI9";"241120";""
"2013-04-30";"1070001";"1077778";"ITC41";"SBI59";"21254079";""
"2013-04-30";"1070001";"1077778";"IT";"450";"914634";""
"2013-04-30";"1070001";"1077778";"ITC41";"S11BI8";"802940";""
"2013-04-30";"1070001";"1077778";"ITC4";"S11";"234475546";""
"2013-04-30";"1070001";"1077778";"ITC4";"S14";"129408731";""
"2013-04-30";"1070001";"1077778";"ITC4";"S15";"3420139";""
"2013-04-30";"1070001";"1077778";"IT";"600";"498570514";""
"2013-04-30";"1070001";"1077778";"ITC41";"450";"2191";""
"2013-04-30";"1070001";"1077778";"ITC41";"S11BI31";"8200163";""
"2013-04-30";"1070001";"1077778";"ITC41";"S12I";"28";""
"2013-04-30";"1070001";"1077778";"ITC4";"S126";"1359209";""
"2013-04-30";"1070001";"1077778";"ITC4";"S12BI7";"93202377";""
"2013-04-30";"1070001";"1077778";"ITC41";"S14BI2";"948950";""
"2013-04-30";"1070001";"1077778";"IT";"S11BI31";"736142922";""
"2013-04-30";"1070001";"1077778";"IT";"S126";"6383351";""
"2013-04-30";"1070001";"1077778";"IT";"S12I";"4736779";""
"2013-04-30";"1070001";"1077778";"IT";"S1311";"182217871";""
"2013-04-30";"1070001";"1077778";"IT";"S11";"847975521";""
"2013-04-30";"1070001";"1077778";"IT";"S11001";"18245644";""
"2013-04-30";"1070001";"1077778";"ITC4";"S1313";"9666413";""
"2013-04-30";"1070001";"1077778";"ITC41";"SBI25";"10792776";""
"2013-04-30";"1070001";"1077778";"IT";"S11BI8";"64224158";""
"2013-04-30";"1070001";"1077778";"IT";"SBI59";"1885695472";""
"2013-04-30";"1070001";"1077778";"ITC41";"SBI9";"1573";""
"2013-04-30";"1070001";"1077778";"IT";"S14BI2";"96527976";""
"2013-04-30";"1070001";"1077778";"ITC4";"S11001";"2045519";""
"2013-04-30";"1070001";"1077778";"ITC4";"SBI9";"33426";""
"2013-04-30";"1070001";"1077778";"ITC4";"S14BI2";"18159130";""
"2013-04-30";"1070001";"1077778";"ITC41";"S11001";"373050";""
"2013-04-30";"1070001";"1077778";"IT";"S11BI7";"28448162";""
"2013-04-30";"1070001";"1077778";"ITC41";"S11";"9843826";""
"2013-04-30";"1070001";"1077778";"ITC41";"S126";"16841";""
"2013-04-30";"1070001";"1077778";"IT";"S12BI6";"156060019";""
"2013-04-30";"1070001";"1077778";"IT";"S12BI7";"167180149";""
"2013-04-30";"1070001";"1077778";"IT";"S13";"265091391";""
"2013-04-30";"1070001";"1077778";"IT";"S1313";"82805703";""
"2013-04-30";"1070001";"1077778";"IT";"S1314";"67817";""
"2013-04-30";"1070001";"1077778";"IT";"S14";"595098491";""
"2013-04-30";"1070001";"1077778";"IT";"S15";"10108801";""
"2013-04-30";"1070001";"1077778";"ITC41";"S12BI7";"44433";""
"2013-04-30";"1070001";"1077778";"ITC41";"S13";"572119";""
"2013-04-30";"1070001";"1077778";"ITC41";"S1313";"572113";""
"2013-04-30";"1070001";"1077778";"ITC41";"S14";"10724983";""
"2013-04-30";"1070001";"1077778";"ITC4";"S12BI6";"91296397";""
"2013-04-30";"1070001";"1077778";"ITC4";"SBI25";"252634677";""
"2013-04-30";"1070001";"1077778";"ITC41";"600";"9776033";""
"2013-04-30";"1070001";"1077778";"ITC41";"S11BI7";"465482";""
"2013-04-30";"1070001";"1077778";"ITC4";"450";"90110";""
"2013-04-30";"1070001";"1077778";"ITC4";"S11BI31";"214042892";""
"2013-04-30";"1070001";"1077778";"ITC4";"S11BI8";"11706805";""
"2013-04-30";"1070001";"1077778";"ITC4";"S12I";"546771";""
"2013-04-30";"1070001";"1077778";"ITC4";"S13";"9875651";""
"2013-04-30";"1070001";"1077778";"ITC4";"S1311";"203945";""
"2013-04-30";"1070001";"1077778";"ITC4";"S1314";"5293";""
"2013-04-30";"1070001";"1077778";"ITC4";"SBI59";"470415870";""
"2013-03-31";"1070001";"1077778";"ITC4";"SBI25";"256140614";""
"2013-03-31";"1070001";"1077778";"ITC4";"S13";"9885127";""
"2013-03-31";"1070001";"1077778";"ITC4";"S1314";"5297";""
"2013-03-31";"1070001";"1077778";"IT";"S12BI7";"174481275";""
"2013-03-31";"1070001";"1077778";"IT";"S13";"267677117";""
"2013-03-31";"1070001";"1077778";"IT";"S1314";"84021";""
"2013-03-31";"1070001";"1077778";"ITC41";"S12BI7";"44624";""
"2013-03-31";"1070001";"1077778";"ITC41";"S1311";"49";""
"2013-03-31";"1070001";"1077778";"ITC41";"S1313";"553228";""
"2013-03-31";"1070001";"1077778";"ITC41";"S14";"10736498";""
"2013-03-31";"1070001";"1077778";"ITC4";"S11001";"2366818";""
"2013-03-31";"1070001";"1077778";"ITC4";"S11BI7";"6518129";""
"2013-03-31";"1070001";"1077778";"IT";"S12BI6";"164197046";""
"2013-03-31";"1070001";"1077778";"IT";"S12I";"4799051";""
"2013-03-31";"1070001";"1077778";"ITC4";"S1313";"9642483";""
"2013-03-31";"1070001";"1077778";"ITC41";"450";"2172";""
"2013-03-31";"1070001";"1077778";"ITC41";"S11";"9796452";""
"2013-03-31";"1070001";"1077778";"ITC41";"S11BI31";"8183304";""
"2013-03-31";"1070001";"1077778";"ITC41";"S126";"17051";""
"2013-03-31";"1070001";"1077778";"ITC41";"S14BI2";"951411";""
"2013-03-31";"1070001";"1077778";"IT";"450";"893536";""
"2013-03-31";"1070001";"1077778";"ITC41";"SBI9";"1579";""
"2013-03-31";"1070001";"1077778";"ITC4";"SBI9";"46534";""
"2013-03-31";"1070001";"1077778";"ITC4";"S12BI7";"96245962";""
"2013-03-31";"1070001";"1077778";"IT";"S1311";"184846145";""
"2013-03-31";"1070001";"1077778";"ITC4";"S15";"3418512";""
"2013-03-31";"1070001";"1077778";"ITC41";"S12BI6";"27528";""
"2013-03-31";"1070001";"1077778";"ITC4";"600";"111333739";""
"2013-03-31";"1070001";"1077778";"IT";"600";"499173348";""
"2013-03-31";"1070001";"1077778";"ITC41";"S11BI8";"804708";""
"2013-03-31";"1070001";"1077778";"ITC4";"450";"92267";""
"2013-03-31";"1070001";"1077778";"IT";"SBI59";"1899407910";""
"2013-03-31";"1070001";"1077778";"ITC4";"S1311";"237347";""
"2013-03-31";"1070001";"1077778";"ITC4";"S14";"129495540";""
"2013-03-31";"1070001";"1077778";"ITC41";"600";"9785088";""
"2013-03-31";"1070001";"1077778";"ITC41";"S11BI7";"461258";""
"2013-03-31";"1070001";"1077778";"IT";"S11BI31";"738774757";""
"2013-03-31";"1070001";"1077778";"ITC4";"S11BI31";"217315414";""
"2013-03-31";"1070001";"1077778";"ITC4";"S12I";"483790";""
"2013-03-31";"1070001";"1077778";"ITC4";"S14BI2";"18161801";""
"2013-03-31";"1070001";"1077778";"ITC4";"SBI59";"477070487";""
"2013-03-31";"1070001";"1077778";"ITC41";"S15";"67425";""
"2013-03-31";"1070001";"1077778";"ITC4";"S11BI8";"11686185";""
"2013-03-31";"1070001";"1077778";"IT";"S126";"5485178";""
"2013-03-31";"1070001";"1077778";"IT";"S14";"595840007";""
"2013-03-31";"1070001";"1077778";"IT";"S11BI7";"28293912";""
"2013-03-31";"1070001";"1077778";"IT";"S14BI2";"96666658";""
"2013-03-31";"1070001";"1077778";"IT";"S11BI8";"64114497";""
"2013-03-31";"1070001";"1077778";"IT";"S1313";"82746951";""
"2013-03-31";"1070001";"1077778";"ITC4";"S12BI6";"94390839";""
"2013-03-31";"1070001";"1077778";"IT";"S15";"10210275";""
"2013-03-31";"1070001";"1077778";"IT";"S11001";"18866344";""
"2013-03-31";"1070001";"1077778";"ITC41";"S11001";"345011";""
"2013-03-31";"1070001";"1077778";"ITC41";"S12I";"45";""
"2013-03-31";"1070001";"1077778";"ITC41";"S13";"553277";""
"2013-03-31";"1070001";"1077778";"IT";"SBI25";"947609704";""
"2013-03-31";"1070001";"1077778";"IT";"S11";"850943046";""
"2013-03-31";"1070001";"1077778";"ITC41";"SBI25";"10747863";""
"2013-03-31";"1070001";"1077778";"ITC4";"S11";"237978813";""
"2013-03-31";"1070001";"1077778";"ITC4";"S126";"1371333";""
"2013-03-31";"1070001";"1077778";"IT";"SBI9";"256190";""
"2013-03-31";"1070001";"1077778";"ITC41";"SBI59";"21199856";""
"2013-02-28";"1070001";"1077778";"IT";"SBI25";"958098140";""
"2013-02-28";"1070001";"1077778";"IT";"S11";"860916151";""
"2013-02-28";"1070001";"1077778";"IT";"S11BI31";"747150407";""
"2013-02-28";"1070001";"1077778";"IT";"S1311";"182364788";""
"2013-02-28";"1070001";"1077778";"ITC4";"S1314";"5302";""
"2013-02-28";"1070001";"1077778";"ITC4";"S15";"3424276";""
"2013-02-28";"1070001";"1077778";"ITC4";"S11BI8";"11893037";""
"2013-02-28";"1070001";"1077778";"ITC4";"S12BI6";"89156091";""
"2013-02-28";"1070001";"1077778";"ITC4";"S12I";"485761";""
"2013-02-28";"1070001";"1077778";"ITC41";"S11BI31";"8300071";""
"2013-02-28";"1070001";"1077778";"ITC41";"S14BI2";"963863";""
"2013-02-28";"1070001";"1077778";"ITC41";"SBI59";"21425940";""
"2013-02-28";"1070001";"1077778";"IT";"S11BI7";"29008881";""
"2013-02-28";"1070001";"1077778";"IT";"S126";"5278904";""
"2013-02-28";"1070001";"1077778";"ITC4";"SBI9";"47876";""
"2013-02-28";"1070001";"1077778";"ITC41";"S126";"16479";""
"2013-02-28";"1070001";"1077778";"ITC41";"S12BI6";"25114";""
"2013-02-28";"1070001";"1077778";"ITC41";"S12I";"53";""
"2013-02-28";"1070001";"1077778";"ITC41";"S13";"621425";""
"2013-02-28";"1070001";"1077778";"ITC41";"SBI9";"1896";""
"2013-02-28";"1070001";"1077778";"IT";"S15";"10212600";""
"2013-02-28";"1070001";"1077778";"IT";"SBI59";"1900374835";""
"2013-02-28";"1070001";"1077778";"ITC41";"S11001";"346162";""
"2013-02-28";"1070001";"1077778";"ITC4";"600";"111231958";""
"2013-02-28";"1070001";"1077778";"ITC4";"S11BI7";"6731000";""
"2013-02-28";"1070001";"1077778";"ITC41";"S11";"9948028";""
"2013-02-28";"1070001";"1077778";"ITC4";"SBI25";"259657730";""
"2013-02-28";"1070001";"1077778";"IT";"S12BI7";"167803357";""
"2013-02-28";"1070001";"1077778";"IT";"S12I";"4733564";""
"2013-02-28";"1070001";"1077778";"ITC4";"S1313";"10027340";""
"2013-02-28";"1070001";"1077778";"ITC4";"S14";"129537281";""
"2013-02-28";"1070001";"1077778";"ITC41";"600";"9781123";""
"2013-02-28";"1070001";"1077778";"ITC41";"S11BI7";"474947";""
"2013-02-28";"1070001";"1077778";"ITC41";"S1314";"0";""
"2013-02-28";"1070001";"1077778";"ITC41";"S15";"67958";""
"2013-02-28";"1070001";"1077778";"IT";"S11001";"18860498";""
"2013-02-28";"1070001";"1077778";"ITC4";"S13";"10252928";""
"2013-02-28";"1070001";"1077778";"ITC4";"S11001";"2241399";""
"2013-02-28";"1070001";"1077778";"ITC4";"S11BI31";"220396520";""
"2013-02-28";"1070001";"1077778";"ITC4";"S12BI7";"91163076";""
"2013-02-28";"1070001";"1077778";"ITC41";"S12BI7";"41646";""
"2013-02-28";"1070001";"1077778";"ITC41";"S1311";"3";""
"2013-02-28";"1070001";"1077778";"ITC41";"S14";"10744986";""
"2013-02-28";"1070001";"1077778";"ITC4";"S14BI2";"18305323";""
"2013-02-28";"1070001";"1077778";"IT";"450";"1006508";""
"2013-02-28";"1070001";"1077778";"IT";"600";"499115800";""
"2013-02-28";"1070001";"1077778";"IT";"S1313";"82444719";""
"2013-02-28";"1070001";"1077778";"IT";"S1314";"77190";""
"2013-02-28";"1070001";"1077778";"IT";"S12BI6";"157790889";""
"2013-02-28";"1070001";"1077778";"IT";"S13";"264886698";""
"2013-02-28";"1070001";"1077778";"ITC4";"450";"90452";""
"2013-02-28";"1070001";"1077778";"ITC4";"S11";"241352408";""
"2013-02-28";"1070001";"1077778";"ITC4";"S1311";"220286";""
"2013-02-28";"1070001";"1077778";"IT";"S14BI2";"97181989";""
"2013-02-28";"1070001";"1077778";"ITC41";"S1313";"621422";""
"2013-02-28";"1070001";"1077778";"IT";"S14";"596297790";""
"2013-02-28";"1070001";"1077778";"ITC4";"SBI59";"475777844";""
"2013-02-28";"1070001";"1077778";"ITC41";"SBI25";"10911892";""
"2013-02-28";"1070001";"1077778";"IT";"S11BI8";"64889857";""
"2013-02-28";"1070001";"1077778";"IT";"SBI9";"258240";""
"2013-02-28";"1070001";"1077778";"ITC41";"450";"2213";""
"2013-02-28";"1070001";"1077778";"ITC41";"S11BI8";"824634";""
"2013-02-28";"1070001";"1077778";"ITC4";"S126";"1521223";""
"2013-01-31";"1070001";"1077778";"IT";"S1311";"184323307";""
"2013-01-31";"1070001";"1077778";"IT";"S15";"10226553";""
"2013-01-31";"1070001";"1077778";"IT";"SBI59";"1906049164";""
"2013-01-31";"1070001";"1077778";"ITC41";"S11BI7";"481560";""
"2013-01-31";"1070001";"1077778";"ITC41";"S12BI6";"23391";""
"2013-01-31";"1070001";"1077778";"ITC41";"S14";"10760816";""
"2013-01-31";"1070001";"1077778";"ITC41";"SBI59";"21498433";""
"2013-01-31";"1070001";"1077778";"ITC4";"S14";"129835301";""
"2013-01-31";"1070001";"1077778";"ITC4";"S11";"242203465";""
"2013-01-31";"1070001";"1077778";"ITC4";"S11BI7";"6810036";""
"2013-01-31";"1070001";"1077778";"IT";"S126";"5144840";""
"2013-01-31";"1070001";"1077778";"IT";"S1313";"82063357";""
"2013-01-31";"1070001";"1077778";"ITC41";"S13";"590201";""
"2013-01-31";"1070001";"1077778";"ITC41";"S11001";"347734";""
"2013-01-31";"1070001";"1077778";"ITC4";"600";"111441775";""
"2013-01-31";"1070001";"1077778";"ITC4";"S126";"1515019";""
"2013-01-31";"1070001";"1077778";"ITC41";"450";"2292";""
"2013-01-31";"1070001";"1077778";"ITC41";"S126";"17000";""
"2013-01-31";"1070001";"1077778";"ITC4";"450";"90844";""
"2013-01-31";"1070001";"1077778";"IT";"S11BI31";"748427658";""
"2013-01-31";"1070001";"1077778";"IT";"S11BI7";"29297903";""
"2013-01-31";"1070001";"1077778";"ITC41";"S1313";"590190";""
"2013-01-31";"1070001";"1077778";"ITC4";"S13";"9962066";""
"2013-01-31";"1070001";"1077778";"ITC4";"S1311";"227422";""
"2013-01-31";"1070001";"1077778";"ITC4";"S12BI7";"94008202";""
"2013-01-31";"1070001";"1077778";"ITC4";"S12I";"487775";""
"2013-01-31";"1070001";"1077778";"ITC41";"S14BI2";"969602";""
"2013-01-31";"1070001";"1077778";"IT";"S12BI7";"169790693";""
"2013-01-31";"1070001";"1077778";"ITC41";"S11BI31";"8362599";""
"2013-01-31";"1070001";"1077778";"ITC41";"S12BI7";"40452";""
"2013-01-31";"1070001";"1077778";"ITC41";"S1311";"11";""
"2013-01-31";"1070001";"1077778";"ITC4";"S11001";"2137432";""
"2013-01-31";"1070001";"1077778";"ITC4";"S11BI31";"221178113";""
"2013-01-31";"1070001";"1077778";"IT";"S11";"861475302";""
"2013-01-31";"1070001";"1077778";"IT";"S11001";"17550228";""
"2013-01-31";"1070001";"1077778";"ITC4";"S1313";"9729298";""
"2013-01-31";"1070001";"1077778";"ITC4";"S1314";"5346";""
"2013-01-31";"1070001";"1077778";"IT";"S14BI2";"97592783";""
"2013-01-31";"1070001";"1077778";"ITC4";"S15";"3435251";""
"2013-01-31";"1070001";"1077778";"ITC4";"S11BI8";"11987040";""
"2013-01-31";"1070001";"1077778";"IT";"S1314";"65572";""
"2013-01-31";"1070001";"1077778";"IT";"S14";"597832211";""
"2013-01-31";"1070001";"1077778";"ITC41";"S12I";"62";""
"2013-01-31";"1070001";"1077778";"ITC4";"SBI25";"260596991";""
"2013-01-31";"1070001";"1077778";"IT";"S13";"266452236";""
"2013-01-31";"1070001";"1077778";"ITC4";"SBI59";"479493360";""
"2013-01-31";"1070001";"1077778";"ITC41";"600";"9791215";""
"2013-01-31";"1070001";"1077778";"ITC41";"S15";"66716";""
"2013-01-31";"1070001";"1077778";"ITC4";"S12BI6";"92005408";""
"2013-01-31";"1070001";"1077778";"IT";"450";"971122";""
"2013-01-31";"1070001";"1077778";"IT";"600";"500239428";""
"2013-01-31";"1070001";"1077778";"IT";"SBI25";"959068085";""
"2013-01-31";"1070001";"1077778";"ITC4";"S14BI2";"18393526";""
"2013-01-31";"1070001";"1077778";"ITC4";"SBI9";"49074";""
"2013-01-31";"1070001";"1077778";"ITC41";"S11";"10037576";""
"2013-01-31";"1070001";"1077778";"ITC41";"S11BI8";"843391";""
"2013-01-31";"1070001";"1077778";"ITC41";"SBI9";"2672";""
"2013-01-31";"1070001";"1077778";"ITC41";"SBI25";"11007177";""
"2013-01-31";"1070001";"1077778";"IT";"S12I";"4635812";""
"2013-01-31";"1070001";"1077778";"IT";"SBI9";"272169";""
"2013-01-31";"1070001";"1077778";"IT";"S11BI8";"65228392";""
"2013-01-31";"1070001";"1077778";"IT";"S12BI6";"160010040";""
"2012-12-31";"1070001";"1077778";"IT";"S126";"5336630";""
"2012-12-31";"1070001";"1077778";"IT";"S12BI6";"169233841";""
"2012-12-31";"1070001";"1077778";"IT";"S12BI7";"179245092";""
"2012-12-31";"1070001";"1077778";"IT";"S1311";"186327160";""
"2012-12-31";"1070001";"1077778";"IT";"S15";"10133723";""
"2012-12-31";"1070001";"1077778";"ITC4";"S11";"241355131";""
"2012-12-31";"1070001";"1077778";"ITC41";"600";"9845810";""
"2012-12-31";"1070001";"1077778";"ITC41";"S11BI8";"842325";""
"2012-12-31";"1070001";"1077778";"ITC41";"S12BI7";"39961";""
"2012-12-31";"1070001";"1077778";"ITC41";"SBI9";"2540";""
"2012-12-31";"1070001";"1077778";"ITC4";"SBI25";"259784366";""
"2012-12-31";"1070001";"1077778";"ITC4";"S13";"9799997";""
"2012-12-31";"1070001";"1077778";"ITC4";"S1314";"5226";""
"2012-12-31";"1070001";"1077778";"ITC4";"600";"111841485";""
"2012-12-31";"1070001";"1077778";"ITC41";"S126";"17319";""
"2012-12-31";"1070001";"1077778";"ITC41";"S15";"64236";""
"2012-12-31";"1070001";"1077778";"ITC4";"S11BI31";"220184791";""
"2012-12-31";"1070001";"1077778";"IT";"S13";"267774750";""
"2012-12-31";"1070001";"1077778";"IT";"S14";"599440183";""
"2012-12-31";"1070001";"1077778";"IT";"SBI59";"1917356512";""
"2012-12-31";"1070001";"1077778";"IT";"S11";"860451640";""
"2012-12-31";"1070001";"1077778";"IT";"S11BI31";"745947570";""
"2012-12-31";"1070001";"1077778";"ITC41";"450";"2255";""
"2012-12-31";"1070001";"1077778";"ITC41";"S11BI31";"8220555";""
"2012-12-31";"1070001";"1077778";"ITC41";"S1311";"7";""
"2012-12-31";"1070001";"1077778";"IT";"SBI25";"958303770";""
"2012-12-31";"1070001";"1077778";"ITC4";"S11BI8";"11977989";""
"2012-12-31";"1070001";"1077778";"ITC4";"S126";"1635977";""
"2012-12-31";"1070001";"1077778";"ITC4";"S12I";"498762";""
"2012-12-31";"1070001";"1077778";"IT";"S1314";"66059";""
"2012-12-31";"1070001";"1077778";"ITC41";"SBI25";"10866176";""
"2012-12-31";"1070001";"1077778";"ITC4";"450";"93346";""
"2012-12-31";"1070001";"1077778";"IT";"450";"943648";""
"2012-12-31";"1070001";"1077778";"IT";"600";"501588053";""
"2012-12-31";"1070001";"1077778";"IT";"S11001";"19135333";""
"2012-12-31";"1070001";"1077778";"ITC41";"S14BI2";"970971";""
"2012-12-31";"1070001";"1077778";"ITC41";"S11BI7";"482801";""
"2012-12-31";"1070001";"1077778";"ITC4";"S11001";"2331408";""
"2012-12-31";"1070001";"1077778";"ITC4";"S12BI6";"98052261";""
"2012-12-31";"1070001";"1077778";"ITC4";"S12BI7";"100187000";""
"2012-12-31";"1070001";"1077778";"ITC4";"S1313";"9564480";""
"2012-12-31";"1070001";"1077778";"ITC4";"S14";"130270720";""
"2012-12-31";"1070001";"1077778";"ITC4";"S15";"3444295";""
"2012-12-31";"1070001";"1077778";"IT";"S14BI2";"97852129";""
"2012-12-31";"1070001";"1077778";"ITC41";"S11001";"347269";""
"2012-12-31";"1070001";"1077778";"ITC41";"S14";"10816781";""
"2012-12-31";"1070001";"1077778";"IT";"S11BI8";"65212769";""
"2012-12-31";"1070001";"1077778";"IT";"S1313";"81381531";""
"2012-12-31";"1070001";"1077778";"IT";"SBI9";"311125";""
"2012-12-31";"1070001";"1077778";"ITC4";"S14BI2";"18429235";""
"2012-12-31";"1070001";"1077778";"ITC41";"S1313";"554293";""
"2012-12-31";"1070001";"1077778";"ITC4";"S11BI7";"6767596";""
"2012-12-31";"1070001";"1077778";"ITC4";"S1311";"230291";""
"2012-12-31";"1070001";"1077778";"IT";"S11BI7";"29212320";""
"2012-12-31";"1070001";"1077778";"ITC41";"S11";"9895205";""
"2012-12-31";"1070001";"1077778";"ITC41";"S12I";"60";""
"2012-12-31";"1070001";"1077778";"ITC41";"SBI59";"21373022";""
"2012-12-31";"1070001";"1077778";"ITC4";"SBI59";"485105868";""
"2012-12-31";"1070001";"1077778";"ITC4";"SBI9";"48725";""
"2012-12-31";"1070001";"1077778";"IT";"S12I";"4674621";""
"2012-12-31";"1070001";"1077778";"ITC41";"S12BI6";"22582";""
"2012-12-31";"1070001";"1077778";"ITC41";"S13";"554300";""
"2012-11-30";"1070001";"1077778";"ITC41";"S14BI2";"976739";""
"2012-11-30";"1070001";"1077778";"ITC41";"S13";"590496";""
"2012-11-30";"1070001";"1077778";"ITC41";"S1314";"3";""
"2012-11-30";"1070001";"1077778";"ITC4";"S11001";"2168787";""
"2012-11-30";"1070001";"1077778";"ITC4";"S11BI31";"223004848";""
"2012-11-30";"1070001";"1077778";"ITC4";"S126";"1665934";""
"2012-11-30";"1070001";"1077778";"ITC41";"450";"2285";""
"2012-11-30";"1070001";"1077778";"IT";"S13";"266762368";""
"2012-11-30";"1070001";"1077778";"IT";"S1314";"62026";""
"2012-11-30";"1070001";"1077778";"IT";"SBI59";"1918427240";""
"2012-11-30";"1070001";"1077778";"ITC41";"S11BI8";"848712";""
"2012-11-30";"1070001";"1077778";"ITC41";"S12I";"70";""
"2012-11-30";"1070001";"1077778";"ITC4";"600";"111887122";""
"2012-11-30";"1070001";"1077778";"ITC4";"S13";"10225994";""
"2012-11-30";"1070001";"1077778";"ITC41";"S11001";"345130";""
"2012-11-30";"1070001";"1077778";"IT";"S1313";"83931259";""
"2012-11-30";"1070001";"1077778";"ITC4";"S11";"244039067";""
"2012-11-30";"1070001";"1077778";"ITC4";"S12I";"490243";""
"2012-11-30";"1070001";"1077778";"IT";"S11BI8";"65250688";""
"2012-11-30";"1070001";"1077778";"IT";"SBI9";"306954";""
"2012-11-30";"1070001";"1077778";"ITC41";"S11BI7";"485419";""
"2012-11-30";"1070001";"1077778";"ITC41";"S15";"66776";""
"2012-11-30";"1070001";"1077778";"ITC41";"SBI9";"2722";""
"2012-11-30";"1070001";"1077778";"ITC4";"S12BI6";"92909906";""
"2012-11-30";"1070001";"1077778";"ITC4";"SBI59";"483264536";""
"2012-11-30";"1070001";"1077778";"ITC4";"SBI9";"50753";""
"2012-11-30";"1070001";"1077778";"ITC41";"S11";"10077012";""
"2012-11-30";"1070001";"1077778";"ITC41";"S126";"16889";""
"2012-11-30";"1070001";"1077778";"ITC41";"S12BI6";"25591";""
"2012-11-30";"1070001";"1077778";"ITC41";"S12BI7";"42550";""
"2012-11-30";"1070001";"1077778";"ITC41";"S14";"10818826";""
"2012-11-30";"1070001";"1077778";"ITC41";"SBI59";"21598382";""
"2012-11-30";"1070001";"1077778";"ITC4";"SBI25";"262550618";""
"2012-11-30";"1070001";"1077778";"IT";"S12I";"4719247";""
"2012-11-30";"1070001";"1077778";"IT";"SBI25";"968178706";""
"2012-11-30";"1070001";"1077778";"ITC4";"S11BI7";"6814495";""
"2012-11-30";"1070001";"1077778";"ITC4";"S1313";"9943305";""
"2012-11-30";"1070001";"1077778";"ITC4";"S14BI2";"18511551";""
"2012-11-30";"1070001";"1077778";"IT";"S15";"10220241";""
"2012-11-30";"1070001";"1077778";"ITC41";"S1313";"590453";""
"2012-11-30";"1070001";"1077778";"ITC4";"S1311";"277222";""
"2012-11-30";"1070001";"1077778";"ITC4";"S14";"130398673";""
"2012-11-30";"1070001";"1077778";"IT";"450";"949403";""
"2012-11-30";"1070001";"1077778";"IT";"600";"501932269";""
"2012-11-30";"1070001";"1077778";"IT";"S11001";"20380508";""
"2012-11-30";"1070001";"1077778";"IT";"S12BI6";"161132242";""
"2012-11-30";"1070001";"1077778";"ITC41";"S1311";"40";""
"2012-11-30";"1070001";"1077778";"ITC41";"600";"9842087";""
"2012-11-30";"1070001";"1077778";"ITC41";"SBI25";"11053751";""
"2012-11-30";"1070001";"1077778";"IT";"S14BI2";"98490336";""
"2012-11-30";"1070001";"1077778";"IT";"S11";"869688370";""
"2012-11-30";"1070001";"1077778";"IT";"S1311";"182769082";""
"2012-11-30";"1070001";"1077778";"ITC4";"S15";"3483966";""
"2012-11-30";"1070001";"1077778";"ITC41";"S11BI31";"8395466";""
"2012-11-30";"1070001";"1077778";"ITC4";"450";"92892";""
"2012-11-30";"1070001";"1077778";"ITC4";"S11BI8";"11958045";""
"2012-11-30";"1070001";"1077778";"ITC4";"S12BI7";"95066083";""
"2012-11-30";"1070001";"1077778";"ITC4";"S1314";"5468";""
"2012-11-30";"1070001";"1077778";"IT";"S11BI31";"753690183";""
"2012-11-30";"1070001";"1077778";"IT";"S11BI7";"29417588";""
"2012-11-30";"1070001";"1077778";"IT";"S126";"5175212";""
"2012-11-30";"1070001";"1077778";"IT";"S12BI7";"171026702";""
"2012-11-30";"1070001";"1077778";"IT";"S14";"600422604";""
"2012-10-31";"1070001";"1077778";"IT";"S12BI6";"162706941";""
"2012-10-31";"1070001";"1077778";"IT";"S14BI2";"98221115";""
"2012-10-31";"1070001";"1077778";"ITC41";"S126";"16700";""
"2012-10-31";"1070001";"1077778";"IT";"S14";"599619540";""
"2012-10-31";"1070001";"1077778";"IT";"SBI59";"1918275244";""
"2012-10-31";"1070001";"1077778";"ITC41";"S1314";"0";""
"2012-10-31";"1070001";"1077778";"ITC41";"S14";"10803427";""
"2012-10-31";"1070001";"1077778";"ITC41";"S11";"10031826";""
"2012-10-31";"1070001";"1077778";"ITC4";"600";"111697175";""
"2012-10-31";"1070001";"1077778";"ITC4";"S12BI6";"93904554";""
"2012-10-31";"1070001";"1077778";"ITC4";"S14";"130114812";""
"2012-10-31";"1070001";"1077778";"IT";"S11BI7";"29173407";""
"2012-10-31";"1070001";"1077778";"IT";"S11BI8";"64880124";""
"2012-10-31";"1070001";"1077778";"ITC41";"S14BI2";"969960";""
"2012-10-31";"1070001";"1077778";"IT";"S1313";"83467121";""
"2012-10-31";"1070001";"1077778";"IT";"SBI25";"964466159";""
"2012-10-31";"1070001";"1077778";"ITC4";"S11BI8";"11887552";""
"2012-10-31";"1070001";"1077778";"ITC4";"S13";"10264293";""
"2012-10-31";"1070001";"1077778";"IT";"S13";"269416515";""
"2012-10-31";"1070001";"1077778";"IT";"S1311";"185880108";""
"2012-10-31";"1070001";"1077778";"IT";"S15";"10167765";""
"2012-10-31";"1070001";"1077778";"IT";"SBI9";"293029";""
"2012-10-31";"1070001";"1077778";"ITC41";"S11BI31";"8353482";""
"2012-10-31";"1070001";"1077778";"ITC4";"SBI9";"51426";""
"2012-10-31";"1070001";"1077778";"ITC4";"S1314";"5467";""
"2012-10-31";"1070001";"1077778";"ITC4";"S11";"244015905";""
"2012-10-31";"1070001";"1077778";"ITC4";"S11BI31";"223153867";""
"2012-10-31";"1070001";"1077778";"IT";"600";"501398425";""
"2012-10-31";"1070001";"1077778";"IT";"S126";"5132037";""
"2012-10-31";"1070001";"1077778";"IT";"S12BI7";"172533351";""
"2012-10-31";"1070001";"1077778";"ITC41";"SBI25";"11001786";""
"2012-10-31";"1070001";"1077778";"ITC41";"S11BI7";"478976";""
"2012-10-31";"1070001";"1077778";"ITC4";"450";"92516";""
"2012-10-31";"1070001";"1077778";"ITC4";"S12I";"532641";""
"2012-10-31";"1070001";"1077778";"IT";"450";"936753";""
"2012-10-31";"1070001";"1077778";"IT";"S11001";"19172140";""
"2012-10-31";"1070001";"1077778";"ITC41";"S11BI8";"850947";""
"2012-10-31";"1070001";"1077778";"ITC41";"S12I";"71";""
"2012-10-31";"1070001";"1077778";"IT";"S11";"866245043";""
"2012-10-31";"1070001";"1077778";"ITC4";"S14BI2";"18417637";""
"2012-10-31";"1070001";"1077778";"ITC41";"S11001";"346078";""
"2012-10-31";"1070001";"1077778";"ITC41";"S13";"628595";""
"2012-10-31";"1070001";"1077778";"ITC41";"S1311";"5";""
"2012-10-31";"1070001";"1077778";"IT";"S1314";"69287";""
"2012-10-31";"1070001";"1077778";"ITC41";"SBI59";"21575774";""
"2012-10-31";"1070001";"1077778";"ITC41";"SBI9";"2669";""
"2012-10-31";"1070001";"1077778";"ITC4";"S15";"3017310";""
"2012-10-31";"1070001";"1077778";"ITC4";"SBI59";"483496658";""
"2012-10-31";"1070001";"1077778";"ITC41";"600";"9833467";""
"2012-10-31";"1070001";"1077778";"ITC4";"S1313";"9998986";""
"2012-10-31";"1070001";"1077778";"ITC4";"SBI25";"262433543";""
"2012-10-31";"1070001";"1077778";"ITC41";"S15";"67900";""
"2012-10-31";"1070001";"1077778";"ITC41";"S12BI6";"24587";""
"2012-10-31";"1070001";"1077778";"ITC41";"S12BI7";"41357";""
"2012-10-31";"1070001";"1077778";"ITC4";"S126";"1595717";""
"2012-10-31";"1070001";"1077778";"ITC41";"450";"2344";""
"2012-10-31";"1070001";"1077778";"ITC4";"S12BI7";"96032913";""
"2012-10-31";"1070001";"1077778";"IT";"S11BI31";"752082619";""
"2012-10-31";"1070001";"1077778";"IT";"S12I";"4694373";""
"2012-10-31";"1070001";"1077778";"ITC41";"S1313";"628591";""
"2012-10-31";"1070001";"1077778";"ITC4";"S1311";"259841";""
"2012-10-31";"1070001";"1077778";"ITC4";"S11001";"2136056";""
"2012-10-31";"1070001";"1077778";"ITC4";"S11BI7";"6745915";""
"2012-09-30";"1070001";"1077778";"ITC41";"600";"9826022";""
"2012-09-30";"1070001";"1077778";"IT";"S11";"865562896";""
"2012-09-30";"1070001";"1077778";"ITC4";"450";"90851";""
"2012-09-30";"1070001";"1077778";"ITC4";"S12BI7";"100775265";""
"2012-09-30";"1070001";"1077778";"ITC4";"S12I";"1150924";""
"2012-09-30";"1070001";"1077778";"ITC4";"S1314";"9516";""
"2012-09-30";"1070001";"1077778";"ITC4";"S14";"129961471";""
"2012-09-30";"1070001";"1077778";"ITC41";"S1313";"599233";""
"2012-09-30";"1070001";"1077778";"IT";"S1314";"74151";""
"2012-09-30";"1070001";"1077778";"ITC4";"SBI9";"53595";""
"2012-09-30";"1070001";"1077778";"ITC41";"S11";"9988721";""
"2012-09-30";"1070001";"1077778";"ITC41";"S11BI31";"8311174";""
"2012-09-30";"1070001";"1077778";"ITC41";"S11BI7";"473917";""
"2012-09-30";"1070001";"1077778";"ITC41";"S11BI8";"853879";""
"2012-09-30";"1070001";"1077778";"IT";"S1313";"83556180";""
"2012-09-30";"1070001";"1077778";"IT";"450";"957822";""
"2012-09-30";"1070001";"1077778";"ITC4";"S11001";"2226239";""
"2012-09-30";"1070001";"1077778";"ITC4";"S13";"10188530";""
"2012-09-30";"1070001";"1077778";"IT";"S14BI2";"98218361";""
"2012-09-30";"1070001";"1077778";"ITC4";"SBI25";"262551390";""
"2012-09-30";"1070001";"1077778";"IT";"SBI59";"1924238290";""
"2012-09-30";"1070001";"1077778";"IT";"S12BI7";"178790732";""
"2012-09-30";"1070001";"1077778";"ITC4";"S14BI2";"18381358";""
"2012-09-30";"1070001";"1077778";"ITC41";"S1311";"5";""
"2012-09-30";"1070001";"1077778";"ITC41";"SBI9";"2715";""
"2012-09-30";"1070001";"1077778";"IT";"S14";"599129898";""
"2012-09-30";"1070001";"1077778";"IT";"S11BI7";"29048677";""
"2012-09-30";"1070001";"1077778";"ITC4";"600";"111580113";""
"2012-09-30";"1070001";"1077778";"ITC4";"S1311";"263171";""
"2012-09-30";"1070001";"1077778";"ITC41";"S12BI7";"36039";""
"2012-09-30";"1070001";"1077778";"ITC41";"S12I";"58";""
"2012-09-30";"1070001";"1077778";"ITC41";"S14";"10802765";""
"2012-09-30";"1070001";"1077778";"ITC41";"S15";"66860";""
"2012-09-30";"1070001";"1077778";"ITC41";"S126";"17133";""
"2012-09-30";"1070001";"1077778";"IT";"S11BI8";"64571810";""
"2012-09-30";"1070001";"1077778";"IT";"S126";"5089642";""
"2012-09-30";"1070001";"1077778";"IT";"S12I";"4720637";""
"2012-09-30";"1070001";"1077778";"ITC4";"S11BI7";"6674668";""
"2012-09-30";"1070001";"1077778";"ITC41";"S14BI2";"976743";""
"2012-09-30";"1070001";"1077778";"IT";"SBI25";"963781258";""
"2012-09-30";"1070001";"1077778";"ITC4";"S15";"3050032";""
"2012-09-30";"1070001";"1077778";"ITC41";"450";"2312";""
"2012-09-30";"1070001";"1077778";"IT";"600";"500911537";""
"2012-09-30";"1070001";"1077778";"ITC41";"S11001";"347439";""
"2012-09-30";"1070001";"1077778";"IT";"S12BI6";"168980453";""
"2012-09-30";"1070001";"1077778";"ITC4";"S11BI31";"223319204";""
"2012-09-30";"1070001";"1077778";"ITC4";"S126";"1639502";""
"2012-09-30";"1070001";"1077778";"ITC41";"SBI25";"10965465";""
"2012-09-30";"1070001";"1077778";"IT";"S15";"10200956";""
"2012-09-30";"1070001";"1077778";"IT";"S1311";"186637942";""
"2012-09-30";"1070001";"1077778";"ITC4";"S11";"244170031";""
"2012-09-30";"1070001";"1077778";"ITC4";"S11BI8";"11859068";""
"2012-09-30";"1070001";"1077778";"ITC41";"S12BI6";"18848";""
"2012-09-30";"1070001";"1077778";"ITC41";"S13";"599238";""
"2012-09-30";"1070001";"1077778";"ITC41";"SBI59";"21496339";""
"2012-09-30";"1070001";"1077778";"IT";"SBI9";"285535";""
"2012-09-30";"1070001";"1077778";"ITC4";"SBI59";"488198925";""
"2012-09-30";"1070001";"1077778";"IT";"S11BI31";"751655429";""
"2012-09-30";"1070001";"1077778";"IT";"S13";"270268273";""
"2012-09-30";"1070001";"1077778";"IT";"S11001";"19329158";""
"2012-09-30";"1070001";"1077778";"ITC4";"S12BI6";"97984838";""
"2012-09-30";"1070001";"1077778";"ITC4";"S1313";"9915843";""
"2012-08-31";"1070001";"1077778";"ITC4";"450";"93063";""
"2012-08-31";"1070001";"1077778";"ITC4";"S15";"3095054";""
"2012-08-31";"1070001";"1077778";"ITC41";"S13";"582322";""
"2012-08-31";"1070001";"1077778";"ITC41";"S1311";"6";""
"2012-08-31";"1070001";"1077778";"ITC41";"SBI59";"21578860";""
"2012-08-31";"1070001";"1077778";"ITC41";"S11001";"348509";""
"2012-08-31";"1070001";"1077778";"IT";"S11BI8";"65014132";""
"2012-08-31";"1070001";"1077778";"IT";"S14";"599585469";""
"2012-08-31";"1070001";"1077778";"IT";"SBI9";"298194";""
"2012-08-31";"1070001";"1077778";"IT";"S14BI2";"98713360";""
"2012-08-31";"1070001";"1077778";"ITC4";"600";"111642179";""
"2012-08-31";"1070001";"1077778";"ITC4";"S12BI6";"94345206";""
"2012-08-31";"1070001";"1077778";"ITC4";"SBI59";"484063770";""
"2012-08-31";"1070001";"1077778";"ITC41";"S11BI8";"866058";""
"2012-08-31";"1070001";"1077778";"ITC41";"600";"9833710";""
"2012-08-31";"1070001";"1077778";"IT";"SBI25";"970239006";""
"2012-08-31";"1070001";"1077778";"ITC4";"SBI25";"261796136";""
"2012-08-31";"1070001";"1077778";"IT";"S11001";"20892051";""
"2012-08-31";"1070001";"1077778";"IT";"S126";"5244147";""
"2012-08-31";"1070001";"1077778";"ITC41";"S14BI2";"985527";""
"2012-08-31";"1070001";"1077778";"ITC4";"S12BI7";"97405568";""
"2012-08-31";"1070001";"1077778";"ITC4";"SBI9";"59021";""
"2012-08-31";"1070001";"1077778";"ITC41";"S12BI7";"36493";""
"2012-08-31";"1070001";"1077778";"IT";"S12I";"4799715";""
"2012-08-31";"1070001";"1077778";"ITC4";"S1314";"6614";""
"2012-08-31";"1070001";"1077778";"ITC41";"450";"2346";""
"2012-08-31";"1070001";"1077778";"ITC41";"S126";"17147";""
"2012-08-31";"1070001";"1077778";"IT";"S11";"871525646";""
"2012-08-31";"1070001";"1077778";"IT";"S11BI7";"29523287";""
"2012-08-31";"1070001";"1077778";"IT";"S12BI6";"163219382";""
"2012-08-31";"1070001";"1077778";"IT";"S1311";"184258221";""
"2012-08-31";"1070001";"1077778";"ITC4";"S11";"243313960";""
"2012-08-31";"1070001";"1077778";"ITC4";"S11001";"2219672";""
"2012-08-31";"1070001";"1077778";"ITC4";"S126";"1884117";""
"2012-08-31";"1070001";"1077778";"ITC4";"S1313";"9792792";""
"2012-08-31";"1070001";"1077778";"ITC41";"S1313";"582316";""
"2012-08-31";"1070001";"1077778";"ITC41";"S14";"10819237";""
"2012-08-31";"1070001";"1077778";"ITC4";"S11BI31";"222215948";""
"2012-08-31";"1070001";"1077778";"ITC4";"S11BI8";"11982144";""
"2012-08-31";"1070001";"1077778";"ITC4";"S12I";"1176245";""
"2012-08-31";"1070001";"1077778";"ITC41";"S15";"66165";""
"2012-08-31";"1070001";"1077778";"IT";"S15";"10186353";""
"2012-08-31";"1070001";"1077778";"ITC4";"S14BI2";"18482176";""
"2012-08-31";"1070001";"1077778";"ITC4";"S11BI7";"6803133";""
"2012-08-31";"1070001";"1077778";"ITC4";"S13";"10065812";""
"2012-08-31";"1070001";"1077778";"ITC41";"S11BI31";"8371711";""
"2012-08-31";"1070001";"1077778";"ITC41";"S11BI7";"483248";""
"2012-08-31";"1070001";"1077778";"ITC41";"S12I";"44";""
"2012-08-31";"1070001";"1077778";"ITC41";"S11";"10071873";""
"2012-08-31";"1070001";"1077778";"IT";"450";"1015953";""
"2012-08-31";"1070001";"1077778";"IT";"S1313";"82667097";""
"2012-08-31";"1070001";"1077778";"IT";"SBI59";"1921855688";""
"2012-08-31";"1070001";"1077778";"ITC4";"S1311";"266406";""
"2012-08-31";"1070001";"1077778";"ITC4";"S14";"130124356";""
"2012-08-31";"1070001";"1077778";"ITC41";"S12BI6";"19301";""
"2012-08-31";"1070001";"1077778";"ITC41";"SBI9";"2771";""
"2012-08-31";"1070001";"1077778";"ITC41";"SBI25";"11057400";""
"2012-08-31";"1070001";"1077778";"IT";"600";"500872108";""
"2012-08-31";"1070001";"1077778";"IT";"S11BI31";"755080222";""
"2012-08-31";"1070001";"1077778";"IT";"S12BI7";"173263244";""
"2012-08-31";"1070001";"1077778";"IT";"S13";"266996782";""
"2012-08-31";"1070001";"1077778";"IT";"S1314";"71464";""
"2012-07-31";"1070001";"1077778";"ITC41";"S12I";"28";""
"2012-07-31";"1070001";"1077778";"ITC4";"S14";"130519817";""
"2012-07-31";"1070001";"1077778";"ITC4";"SBI59";"492091839";""
"2012-07-31";"1070001";"1077778";"IT";"S1313";"83060107";""
"2012-07-31";"1070001";"1077778";"IT";"S15";"10202117";""
"2012-07-31";"1070001";"1077778";"IT";"S11BI7";"29767667";""
"2012-07-31";"1070001";"1077778";"IT";"S126";"4988870";""
"2012-07-31";"1070001";"1077778";"IT";"S12BI6";"166646802";""
"2012-07-31";"1070001";"1077778";"IT";"S13";"266237814";""
"2012-07-31";"1070001";"1077778";"ITC4";"S12I";"1200325";""
"2012-07-31";"1070001";"1077778";"ITC41";"S12BI7";"37406";""
"2012-07-31";"1070001";"1077778";"ITC41";"S14";"10850145";""
"2012-07-31";"1070001";"1077778";"ITC4";"SBI25";"265110989";""
"2012-07-31";"1070001";"1077778";"IT";"SBI59";"1934625672";""
"2012-07-31";"1070001";"1077778";"ITC41";"S14BI2";"985871";""
"2012-07-31";"1070001";"1077778";"ITC41";"S12BI6";"20901";""
"2012-07-31";"1070001";"1077778";"ITC41";"SBI9";"2739";""
"2012-07-31";"1070001";"1077778";"ITC4";"S11001";"2205604";""
"2012-07-31";"1070001";"1077778";"ITC4";"S12BI6";"98375437";""
"2012-07-31";"1070001";"1077778";"IT";"S11BI31";"763198668";""
"2012-07-31";"1070001";"1077778";"IT";"S12BI7";"176499707";""
"2012-07-31";"1070001";"1077778";"IT";"SBI9";"303821";""
"2012-07-31";"1070001";"1077778";"ITC41";"600";"9864274";""
"2012-07-31";"1070001";"1077778";"ITC4";"S126";"1901753";""
"2012-07-31";"1070001";"1077778";"ITC4";"S1311";"260874";""
"2012-07-31";"1070001";"1077778";"ITC41";"S11BI7";"488724";""
"2012-07-31";"1070001";"1077778";"ITC41";"S1311";"6";""
"2012-07-31";"1070001";"1077778";"ITC41";"S15";"65681";""
"2012-07-31";"1070001";"1077778";"IT";"600";"502519582";""
"2012-07-31";"1070001";"1077778";"ITC4";"S1313";"10038384";""
"2012-07-31";"1070001";"1077778";"ITC41";"S11BI8";"867423";""
"2012-07-31";"1070001";"1077778";"ITC41";"S126";"16477";""
"2012-07-31";"1070001";"1077778";"ITC4";"SBI9";"60841";""
"2012-07-31";"1070001";"1077778";"IT";"450";"973709";""
"2012-07-31";"1070001";"1077778";"ITC4";"S14BI2";"18497983";""
"2012-07-31";"1070001";"1077778";"ITC41";"S11BI31";"8603547";""
"2012-07-31";"1070001";"1077778";"ITC41";"S13";"603267";""
"2012-07-31";"1070001";"1077778";"ITC41";"S1313";"603262";""
"2012-07-31";"1070001";"1077778";"ITC41";"SBI59";"21884234";""
"2012-07-31";"1070001";"1077778";"ITC4";"450";"90296";""
"2012-07-31";"1070001";"1077778";"ITC4";"S1314";"9713";""
"2012-07-31";"1070001";"1077778";"IT";"S11BI8";"65506534";""
"2012-07-31";"1070001";"1077778";"IT";"S14";"601376210";""
"2012-07-31";"1070001";"1077778";"ITC4";"S15";"3111688";""
"2012-07-31";"1070001";"1077778";"IT";"S12I";"4864035";""
"2012-07-31";"1070001";"1077778";"IT";"S1311";"183101411";""
"2012-07-31";"1070001";"1077778";"ITC4";"600";"112021834";""
"2012-07-31";"1070001";"1077778";"ITC4";"S11";"246613006";""
"2012-07-31";"1070001";"1077778";"ITC4";"S11BI31";"225416501";""
"2012-07-31";"1070001";"1077778";"ITC4";"S11BI7";"6878870";""
"2012-07-31";"1070001";"1077778";"IT";"S14BI2";"98856628";""
"2012-07-31";"1070001";"1077778";"ITC41";"SBI25";"11310867";""
"2012-07-31";"1070001";"1077778";"IT";"S1314";"76297";""
"2012-07-31";"1070001";"1077778";"ITC4";"S13";"10308971";""
"2012-07-31";"1070001";"1077778";"ITC41";"450";"2651";""
"2012-07-31";"1070001";"1077778";"IT";"S11001";"20559426";""
"2012-07-31";"1070001";"1077778";"ITC41";"S11";"10324996";""
"2012-07-31";"1070001";"1077778";"ITC41";"S11001";"362650";""
"2012-07-31";"1070001";"1077778";"ITC4";"S11BI8";"12021735";""
"2012-07-31";"1070001";"1077778";"ITC4";"S12BI7";"101477514";""
"2012-07-31";"1070001";"1077778";"IT";"SBI25";"978862631";""
"2012-07-31";"1070001";"1077778";"IT";"S11";"880006003";""
"2012-06-30";"1070001";"1077778";"ITC41";"S12I";"38";""
"2012-06-30";"1070001";"1077778";"ITC41";"S15";"64934";""
"2012-06-30";"1070001";"1077778";"ITC4";"SBI9";"73857";""
"2012-06-30";"1070001";"1077778";"ITC4";"S1314";"9636";""
"2012-06-30";"1070001";"1077778";"ITC41";"S14";"10824107";""
"2012-06-30";"1070001";"1077778";"ITC4";"S12BI7";"98465464";""
"2012-06-30";"1070001";"1077778";"ITC4";"S12I";"1206106";""
"2012-06-30";"1070001";"1077778";"ITC4";"450";"90011";""
"2012-06-30";"1070001";"1077778";"ITC4";"600";"112067122";""
"2012-06-30";"1070001";"1077778";"ITC4";"S11001";"2202304";""
"2012-06-30";"1070001";"1077778";"IT";"S11BI7";"29531498";""
"2012-06-30";"1070001";"1077778";"ITC41";"S1314";"0";""
"2012-06-30";"1070001";"1077778";"ITC4";"SBI59";"488250255";""
"2012-06-30";"1070001";"1077778";"IT";"S14";"604006388";""
"2012-06-30";"1070001";"1077778";"IT";"SBI59";"1935164658";""
"2012-06-30";"1070001";"1077778";"IT";"SBI25";"978490431";""
"2012-06-30";"1070001";"1077778";"ITC4";"S11BI7";"6769971";""
"2012-06-30";"1070001";"1077778";"ITC4";"S126";"1965328";""
"2012-06-30";"1070001";"1077778";"IT";"S1311";"181653481";""
"2012-06-30";"1070001";"1077778";"ITC4";"S12BI6";"95294029";""
"2012-06-30";"1070001";"1077778";"ITC4";"S1313";"9961621";""
"2012-06-30";"1070001";"1077778";"ITC41";"SBI25";"11194063";""
"2012-06-30";"1070001";"1077778";"ITC41";"S11001";"362177";""
"2012-06-30";"1070001";"1077778";"ITC41";"S11BI7";"480141";""
"2012-06-30";"1070001";"1077778";"ITC41";"S12BI6";"19215";""
"2012-06-30";"1070001";"1077778";"IT";"450";"1008465";""
"2012-06-30";"1070001";"1077778";"IT";"600";"504877980";""
"2012-06-30";"1070001";"1077778";"ITC41";"SBI59";"21740830";""
"2012-06-30";"1070001";"1077778";"ITC41";"S11BI31";"8505697";""
"2012-06-30";"1070001";"1077778";"ITC41";"S126";"16745";""
"2012-06-30";"1070001";"1077778";"ITC4";"S13";"10247905";""
"2012-06-30";"1070001";"1077778";"ITC4";"S1311";"276648";""
"2012-06-30";"1070001";"1077778";"ITC4";"S14";"130529394";""
"2012-06-30";"1070001";"1077778";"ITC4";"S11BI31";"224847564";""
"2012-06-30";"1070001";"1077778";"IT";"S11BI8";"65448186";""
"2012-06-30";"1070001";"1077778";"IT";"S126";"5131786";""
"2012-06-30";"1070001";"1077778";"IT";"S12I";"5301359";""
"2012-06-30";"1070001";"1077778";"IT";"S13";"265039295";""
"2012-06-30";"1070001";"1077778";"ITC4";"S15";"3100245";""
"2012-06-30";"1070001";"1077778";"ITC41";"S1311";"5";""
"2012-06-30";"1070001";"1077778";"IT";"S12BI6";"165804266";""
"2012-06-30";"1070001";"1077778";"IT";"S11";"879362022";""
"2012-06-30";"1070001";"1077778";"ITC4";"S11BI8";"11923540";""
"2012-06-30";"1070001";"1077778";"IT";"S14BI2";"99128408";""
"2012-06-30";"1070001";"1077778";"IT";"SBI9";"356535";""
"2012-06-30";"1070001";"1077778";"ITC41";"S1313";"602926";""
"2012-06-30";"1070001";"1077778";"ITC41";"S11";"10209894";""
"2012-06-30";"1070001";"1077778";"ITC41";"S11BI8";"859322";""
"2012-06-30";"1070001";"1077778";"IT";"S11BI31";"761275230";""
"2012-06-30";"1070001";"1077778";"ITC4";"S11";"245833390";""
"2012-06-30";"1070001";"1077778";"ITC4";"S14BI2";"18462272";""
"2012-06-30";"1070001";"1077778";"ITC41";"S14BI2";"984169";""
"2012-06-30";"1070001";"1077778";"ITC4";"SBI25";"264295662";""
"2012-06-30";"1070001";"1077778";"ITC41";"S13";"602932";""
"2012-06-30";"1070001";"1077778";"ITC41";"SBI9";"2967";""
"2012-06-30";"1070001";"1077778";"ITC41";"450";"2557";""
"2012-06-30";"1070001";"1077778";"ITC41";"600";"9839939";""
"2012-06-30";"1070001";"1077778";"ITC41";"S12BI7";"35997";""
"2012-06-30";"1070001";"1077778";"IT";"S15";"10163007";""
"2012-06-30";"1070001";"1077778";"IT";"S11001";"22098644";""
"2012-06-30";"1070001";"1077778";"IT";"S12BI7";"176237410";""
"2012-06-30";"1070001";"1077778";"IT";"S1313";"83323582";""
"2012-06-30";"1070001";"1077778";"IT";"S1314";"62231";""
"2012-05-31";"1070001";"1077778";"IT";"S14BI2";"99701160";""
"2012-05-31";"1070001";"1077778";"ITC4";"S1311";"228079";""
"2012-05-31";"1070001";"1077778";"ITC4";"S11";"246545646";""
"2012-05-31";"1070001";"1077778";"ITC4";"S11BI31";"225376440";""
"2012-05-31";"1070001";"1077778";"ITC4";"S11BI8";"12061285";""
"2012-05-31";"1070001";"1077778";"ITC4";"S126";"1947374";""
"2012-05-31";"1070001";"1077778";"ITC41";"S11BI31";"8634609";""
"2012-05-31";"1070001";"1077778";"ITC41";"S126";"15937";""
"2012-05-31";"1070001";"1077778";"ITC41";"S1314";"0";""
"2012-05-31";"1070001";"1077778";"ITC41";"S15";"64109";""
"2012-05-31";"1070001";"1077778";"IT";"S11001";"21231246";""
"2012-05-31";"1070001";"1077778";"IT";"S12BI7";"169947298";""
"2012-05-31";"1070001";"1077778";"IT";"S11";"883221272";""
"2012-05-31";"1070001";"1077778";"ITC4";"S1313";"10102735";""
"2012-05-31";"1070001";"1077778";"ITC4";"SBI25";"265135577";""
"2012-05-31";"1070001";"1077778";"ITC4";"600";"111959468";""
"2012-05-31";"1070001";"1077778";"ITC41";"S11BI8";"871013";""
"2012-05-31";"1070001";"1077778";"ITC41";"S12BI6";"19547";""
"2012-05-31";"1070001";"1077778";"ITC41";"S1313";"599930";""
"2012-05-31";"1070001";"1077778";"ITC41";"S14";"10834710";""
"2012-05-31";"1070001";"1077778";"IT";"S11BI7";"30159794";""
"2012-05-31";"1070001";"1077778";"IT";"S1311";"182472180";""
"2012-05-31";"1070001";"1077778";"IT";"S1313";"83599687";""
"2012-05-31";"1070001";"1077778";"IT";"SBI59";"1934197160";""
"2012-05-31";"1070001";"1077778";"IT";"SBI9";"360246";""
"2012-05-31";"1070001";"1077778";"ITC4";"S15";"3139891";""
"2012-05-31";"1070001";"1077778";"IT";"450";"1036814";""
"2012-05-31";"1070001";"1077778";"IT";"S11BI8";"66115793";""
"2012-05-31";"1070001";"1077778";"IT";"S1314";"56622";""
"2012-05-31";"1070001";"1077778";"IT";"S14";"604366498";""
"2012-05-31";"1070001";"1077778";"ITC41";"SBI25";"11301366";""
"2012-05-31";"1070001";"1077778";"ITC4";"S14BI2";"18589931";""
"2012-05-31";"1070001";"1077778";"ITC41";"450";"3110";""
"2012-05-31";"1070001";"1077778";"IT";"S15";"10173357";""
"2012-05-31";"1070001";"1077778";"ITC4";"S12BI7";"92579931";""
"2012-05-31";"1070001";"1077778";"ITC41";"S14BI2";"994483";""
"2012-05-31";"1070001";"1077778";"IT";"600";"504665338";""
"2012-05-31";"1070001";"1077778";"IT";"S126";"5037948";""
"2012-05-31";"1070001";"1077778";"IT";"S12BI6";"159634179";""
"2012-05-31";"1070001";"1077778";"ITC4";"S12I";"1200468";""
"2012-05-31";"1070001";"1077778";"ITC4";"S1314";"5764";""
"2012-05-31";"1070001";"1077778";"ITC41";"S12I";"25";""
"2012-05-31";"1070001";"1077778";"ITC41";"S1311";"9";""
"2012-05-31";"1070001";"1077778";"ITC41";"S11001";"303355";""
"2012-05-31";"1070001";"1077778";"ITC4";"S13";"10336578";""
"2012-05-31";"1070001";"1077778";"ITC41";"S12BI7";"35509";""
"2012-05-31";"1070001";"1077778";"ITC41";"SBI59";"21844169";""
"2012-05-31";"1070001";"1077778";"ITC4";"S11BI7";"6966837";""
"2012-05-31";"1070001";"1077778";"ITC4";"S12BI6";"89432089";""
"2012-05-31";"1070001";"1077778";"ITC41";"600";"9840227";""
"2012-05-31";"1070001";"1077778";"ITC4";"SBI9";"65029";""
"2012-05-31";"1070001";"1077778";"IT";"SBI25";"982922432";""
"2012-05-31";"1070001";"1077778";"ITC4";"S11001";"2052760";""
"2012-05-31";"1070001";"1077778";"ITC41";"S11BI7";"494797";""
"2012-05-31";"1070001";"1077778";"ITC41";"S13";"599940";""
"2012-05-31";"1070001";"1077778";"ITC41";"SBI9";"3019";""
"2012-05-31";"1070001";"1077778";"IT";"S11BI31";"764677625";""
"2012-05-31";"1070001";"1077778";"IT";"S12I";"5275171";""
"2012-05-31";"1070001";"1077778";"IT";"S13";"266128490";""
"2012-05-31";"1070001";"1077778";"ITC41";"S11";"10306883";""
"2012-05-31";"1070001";"1077778";"ITC4";"S14";"130549399";""
"2012-05-31";"1070001";"1077778";"ITC4";"SBI59";"483216475";""
"2012-05-31";"1070001";"1077778";"ITC4";"450";"88324";""
"2012-04-30";"1070001";"1077778";"ITC41";"S11BI7";"497587";""
"2012-04-30";"1070001";"1077778";"ITC41";"S126";"16034";""
"2012-04-30";"1070001";"1077778";"IT";"S14";"603782215";""
"2012-04-30";"1070001";"1077778";"ITC4";"S11BI7";"7015383";""
"2012-04-30";"1070001";"1077778";"ITC4";"S11BI8";"12116319";""
"2012-04-30";"1070001";"1077778";"ITC4";"S12BI7";"93117665";""
"2012-04-30";"1070001";"1077778";"ITC4";"S13";"10645830";""
"2012-04-30";"1070001";"1077778";"IT";"450";"1030625";""
"2012-04-30";"1070001";"1077778";"ITC4";"S14";"130410887";""
"2012-04-30";"1070001";"1077778";"ITC41";"450";"2817";""
"2012-04-30";"1070001";"1077778";"ITC41";"600";"9796340";""
"2012-04-30";"1070001";"1077778";"ITC41";"S1311";"6";""
"2012-04-30";"1070001";"1077778";"ITC4";"S11";"249172611";""
"2012-04-30";"1070001";"1077778";"ITC4";"S1311";"221002";""
"2012-04-30";"1070001";"1077778";"ITC41";"SBI59";"21933262";""
"2012-04-30";"1070001";"1077778";"IT";"S1313";"84034758";""
"2012-04-30";"1070001";"1077778";"IT";"SBI59";"1937516243";""
"2012-04-30";"1070001";"1077778";"ITC4";"S12I";"1191455";""
"2012-04-30";"1070001";"1077778";"ITC41";"SBI25";"11402424";""
"2012-04-30";"1070001";"1077778";"ITC41";"SBI9";"3101";""
"2012-04-30";"1070001";"1077778";"ITC4";"SBI25";"267858759";""
"2012-04-30";"1070001";"1077778";"ITC4";"S15";"3120001";""
"2012-04-30";"1070001";"1077778";"ITC41";"S11001";"303432";""
"2012-04-30";"1070001";"1077778";"ITC41";"S11BI8";"878710";""
"2012-04-30";"1070001";"1077778";"ITC41";"S12BI6";"19718";""
"2012-04-30";"1070001";"1077778";"ITC41";"S12BI7";"35768";""
"2012-04-30";"1070001";"1077778";"IT";"S11BI7";"30351220";""
"2012-04-30";"1070001";"1077778";"IT";"S1311";"183628288";""
"2012-04-30";"1070001";"1077778";"ITC41";"S1313";"633559";""
"2012-04-30";"1070001";"1077778";"ITC41";"S14";"10820517";""
"2012-04-30";"1070001";"1077778";"ITC4";"S126";"1980788";""
"2012-04-30";"1070001";"1077778";"ITC4";"450";"91281";""
"2012-04-30";"1070001";"1077778";"ITC4";"SBI9";"65427";""
"2012-04-30";"1070001";"1077778";"ITC41";"S12I";"17";""
"2012-04-30";"1070001";"1077778";"IT";"S11BI31";"768054830";""
"2012-04-30";"1070001";"1077778";"IT";"S11BI8";"66377206";""
"2012-04-30";"1070001";"1077778";"IT";"S12BI6";"158638874";""
"2012-04-30";"1070001";"1077778";"IT";"SBI9";"405263";""
"2012-04-30";"1070001";"1077778";"ITC4";"S1314";"6944";""
"2012-04-30";"1070001";"1077778";"ITC41";"S11BI31";"8695701";""
"2012-04-30";"1070001";"1077778";"ITC41";"S14BI2";"1024177";""
"2012-04-30";"1070001";"1077778";"IT";"S14BI2";"99916413";""
"2012-04-30";"1070001";"1077778";"IT";"S11";"886641639";""
"2012-04-30";"1070001";"1077778";"IT";"S1314";"53994";""
"2012-04-30";"1070001";"1077778";"IT";"S15";"10144858";""
"2012-04-30";"1070001";"1077778";"ITC41";"S13";"633583";""
"2012-04-30";"1070001";"1077778";"ITC41";"S11";"10378247";""
"2012-04-30";"1070001";"1077778";"IT";"SBI25";"986558052";""
"2012-04-30";"1070001";"1077778";"IT";"S126";"4926296";""
"2012-04-30";"1070001";"1077778";"IT";"S12BI7";"168825229";""
"2012-04-30";"1070001";"1077778";"IT";"S12I";"5260059";""
"2012-04-30";"1070001";"1077778";"ITC4";"600";"111724739";""
"2012-04-30";"1070001";"1077778";"ITC41";"S1314";"18";""
"2012-04-30";"1070001";"1077778";"ITC4";"S11BI31";"227774804";""
"2012-04-30";"1070001";"1077778";"ITC4";"S14BI2";"18686148";""
"2012-04-30";"1070001";"1077778";"ITC41";"S15";"62046";""
"2012-04-30";"1070001";"1077778";"ITC4";"SBI59";"486532420";""
"2012-04-30";"1070001";"1077778";"IT";"S11001";"20827757";""
"2012-04-30";"1070001";"1077778";"IT";"S13";"267717040";""
"2012-04-30";"1070001";"1077778";"IT";"600";"503865802";""
"2012-04-30";"1070001";"1077778";"ITC4";"S11001";"2174825";""
"2012-04-30";"1070001";"1077778";"ITC4";"S12BI6";"89945421";""
"2012-04-30";"1070001";"1077778";"ITC4";"S1313";"10417884";""
"2012-03-31";"1070001";"1077778";"IT";"SBI59";"1937732286";""
"2012-03-31";"1070001";"1077778";"IT";"SBI9";"358921";""
"2012-03-31";"1070001";"1077778";"ITC41";"S1313";"598263";""
"2012-03-31";"1070001";"1077778";"ITC41";"SBI9";"2740";""
"2012-03-31";"1070001";"1077778";"ITC41";"SBI25";"11048616";""
"2012-03-31";"1070001";"1077778";"ITC41";"S126";"16182";""
"2012-03-31";"1070001";"1077778";"ITC4";"S14BI2";"18628280";""
"2012-03-31";"1070001";"1077778";"ITC4";"600";"111842190";""
"2012-03-31";"1070001";"1077778";"ITC4";"S11BI8";"12045415";""
"2012-03-31";"1070001";"1077778";"ITC41";"450";"2872";""
"2012-03-31";"1070001";"1077778";"IT";"S11BI8";"66142230";""
"2012-03-31";"1070001";"1077778";"IT";"S126";"4892266";""
"2012-03-31";"1070001";"1077778";"IT";"S12BI7";"174236113";""
"2012-03-31";"1070001";"1077778";"IT";"S12I";"5574000";""
"2012-03-31";"1070001";"1077778";"IT";"S1311";"184589837";""
"2012-03-31";"1070001";"1077778";"ITC41";"S11BI7";"490953";""
"2012-03-31";"1070001";"1077778";"IT";"S11";"881004880";""
"2012-03-31";"1070001";"1077778";"IT";"450";"1059122";""
"2012-03-31";"1070001";"1077778";"ITC4";"S126";"2013748";""
"2012-03-31";"1070001";"1077778";"ITC4";"S12BI6";"93644934";""
"2012-03-31";"1070001";"1077778";"ITC4";"S15";"3096510";""
"2012-03-31";"1070001";"1077778";"ITC41";"S11";"10025820";""
"2012-03-31";"1070001";"1077778";"ITC41";"S14BI2";"1022796";""
"2012-03-31";"1070001";"1077778";"ITC41";"SBI59";"21549568";""
"2012-03-31";"1070001";"1077778";"ITC41";"S11BI8";"871827";""
"2012-03-31";"1070001";"1077778";"ITC41";"S12BI6";"19958";""
"2012-03-31";"1070001";"1077778";"ITC4";"S1311";"217084";""
"2012-03-31";"1070001";"1077778";"ITC4";"S1314";"5778";""
"2012-03-31";"1070001";"1077778";"ITC4";"S11001";"1731686";""
"2012-03-31";"1070001";"1077778";"ITC41";"S15";"61470";""
"2012-03-31";"1070001";"1077778";"ITC4";"S11BI31";"225773829";""
"2012-03-31";"1070001";"1077778";"ITC4";"S11BI7";"6894520";""
"2012-03-31";"1070001";"1077778";"ITC4";"S14";"130470470";""
"2012-03-31";"1070001";"1077778";"ITC41";"600";"9802300";""
"2012-03-31";"1070001";"1077778";"ITC41";"S11BI31";"8629947";""
"2012-03-31";"1070001";"1077778";"ITC4";"SBI25";"265163443";""
"2012-03-31";"1070001";"1077778";"ITC4";"450";"89713";""
"2012-03-31";"1070001";"1077778";"ITC4";"S12BI7";"96850034";""
"2012-03-31";"1070001";"1077778";"ITC4";"S13";"10296235";""
"2012-03-31";"1070001";"1077778";"ITC4";"SBI9";"56197";""
"2012-03-31";"1070001";"1077778";"IT";"S11001";"21321635";""
"2012-03-31";"1070001";"1077778";"IT";"S13";"267592602";""
"2012-03-31";"1070001";"1077778";"IT";"S1313";"82918880";""
"2012-03-31";"1070001";"1077778";"IT";"600";"504441670";""
"2012-03-31";"1070001";"1077778";"IT";"S14";"604316213";""
"2012-03-31";"1070001";"1077778";"ITC41";"S14";"10825096";""
"2012-03-31";"1070001";"1077778";"ITC41";"S1311";"7";""
"2012-03-31";"1070001";"1077778";"ITC4";"S11";"246535163";""
"2012-03-31";"1070001";"1077778";"ITC4";"S12I";"1191352";""
"2012-03-31";"1070001";"1077778";"ITC4";"SBI59";"487304608";""
"2012-03-31";"1070001";"1077778";"IT";"S15";"10223556";""
"2012-03-31";"1070001";"1077778";"IT";"S14BI2";"99874543";""
"2012-03-31";"1070001";"1077778";"ITC41";"S13";"598283";""
"2012-03-31";"1070001";"1077778";"ITC4";"S1313";"10073373";""
"2012-03-31";"1070001";"1077778";"ITC41";"S11001";"30222";""
"2012-03-31";"1070001";"1077778";"IT";"S12BI6";"163769847";""
"2012-03-31";"1070001";"1077778";"IT";"S1314";"83885";""
"2012-03-31";"1070001";"1077778";"ITC41";"S12BI7";"36160";""
"2012-03-31";"1070001";"1077778";"ITC41";"S12I";"20";""
"2012-03-31";"1070001";"1077778";"IT";"SBI25";"980879423";""
"2012-03-31";"1070001";"1077778";"ITC41";"S1314";"13";""
"2012-03-31";"1070001";"1077778";"IT";"S11BI31";"762396327";""
"2012-03-31";"1070001";"1077778";"IT";"S11BI7";"30085566";""
"2012-02-29";"1070001";"1077778";"IT";"S14BI2";"100799258";""
"2012-02-29";"1070001";"1077778";"IT";"S15";"10333455";""
"2012-02-29";"1070001";"1077778";"IT";"600";"503989301";""
"2012-02-29";"1070001";"1077778";"IT";"S11001";"19062567";""
"2012-02-29";"1070001";"1077778";"IT";"S11BI8";"67134078";""
"2012-02-29";"1070001";"1077778";"ITC41";"S11BI8";"896461";""
"2012-02-29";"1070001";"1077778";"ITC4";"S126";"2190171";""
"2012-02-29";"1070001";"1077778";"IT";"S126";"5199010";""
"2012-02-29";"1070001";"1077778";"IT";"SBI25";"991598790";""
"2012-02-29";"1070001";"1077778";"ITC4";"SBI25";"269070723";""
"2012-02-29";"1070001";"1077778";"ITC41";"S11BI7";"510148";""
"2012-02-29";"1070001";"1077778";"ITC41";"S126";"15959";""
"2012-02-29";"1070001";"1077778";"ITC41";"S13";"600831";""
"2012-02-29";"1070001";"1077778";"ITC41";"S1313";"600800";""
"2012-02-29";"1070001";"1077778";"ITC4";"S11BI31";"229005092";""
"2012-02-29";"1070001";"1077778";"ITC41";"SBI9";"2919";""
"2012-02-29";"1070001";"1077778";"ITC41";"S12I";"26";""
"2012-02-29";"1070001";"1077778";"ITC41";"S1314";"16";""
"2012-02-29";"1070001";"1077778";"ITC4";"S1314";"6449";""
"2012-02-29";"1070001";"1077778";"ITC4";"SBI59";"486238636";""
"2012-02-29";"1070001";"1077778";"ITC4";"S11001";"1770813";""
"2012-02-29";"1070001";"1077778";"ITC4";"S11BI7";"7130945";""
"2012-02-29";"1070001";"1077778";"ITC41";"S14BI2";"1034731";""
"2012-02-29";"1070001";"1077778";"IT";"SBI59";"1928710023";""
"2012-02-29";"1070001";"1077778";"IT";"S13";"257299708";""
"2012-02-29";"1070001";"1077778";"ITC41";"S11";"10270695";""
"2012-02-29";"1070001";"1077778";"ITC4";"S14";"130488350";""
"2012-02-29";"1070001";"1077778";"ITC41";"450";"3090";""
"2012-02-29";"1070001";"1077778";"ITC4";"S12I";"1175611";""
"2012-02-29";"1070001";"1077778";"ITC4";"S1313";"10109404";""
"2012-02-29";"1070001";"1077778";"IT";"S11BI31";"772478273";""
"2012-02-29";"1070001";"1077778";"IT";"S12BI6";"154169589";""
"2012-02-29";"1070001";"1077778";"IT";"S12I";"5775696";""
"2012-02-29";"1070001";"1077778";"ITC41";"S11BI31";"8824241";""
"2012-02-29";"1070001";"1077778";"ITC4";"S15";"3108841";""
"2012-02-29";"1070001";"1077778";"ITC4";"SBI9";"61242";""
"2012-02-29";"1070001";"1077778";"ITC4";"S11";"250273608";""
"2012-02-29";"1070001";"1077778";"ITC4";"S11BI8";"12260549";""
"2012-02-29";"1070001";"1077778";"ITC41";"S15";"60585";""
"2012-02-29";"1070001";"1077778";"ITC41";"S1311";"16";""
"2012-02-29";"1070001";"1077778";"IT";"S1313";"83342986";""
"2012-02-29";"1070001";"1077778";"ITC41";"SBI25";"11305426";""
"2012-02-29";"1070001";"1077778";"ITC41";"SBI59";"21792614";""
"2012-02-29";"1070001";"1077778";"ITC41";"S12BI6";"19592";""
"2012-02-29";"1070001";"1077778";"ITC41";"S12BI7";"35578";""
"2012-02-29";"1070001";"1077778";"ITC4";"S12BI7";"91970562";""
"2012-02-29";"1070001";"1077778";"ITC41";"600";"9787276";""
"2012-02-29";"1070001";"1077778";"ITC4";"600";"111691235";""
"2012-02-29";"1070001";"1077778";"IT";"SBI9";"344475";""
"2012-02-29";"1070001";"1077778";"IT";"S11";"890799532";""
"2012-02-29";"1070001";"1077778";"IT";"S12BI7";"165144294";""
"2012-02-29";"1070001";"1077778";"IT";"S1311";"173862924";""
"2012-02-29";"1070001";"1077778";"IT";"S1314";"93798";""
"2012-02-29";"1070001";"1077778";"IT";"S14";"604788559";""
"2012-02-29";"1070001";"1077778";"ITC41";"S11001";"36755";""
"2012-02-29";"1070001";"1077778";"ITC4";"S14BI2";"18797115";""
"2012-02-29";"1070001";"1077778";"IT";"450";"1173405";""
"2012-02-29";"1070001";"1077778";"IT";"S11BI7";"30951209";""
"2012-02-29";"1070001";"1077778";"ITC41";"S14";"10822007";""
"2012-02-29";"1070001";"1077778";"ITC4";"S12BI6";"88604780";""
"2012-02-29";"1070001";"1077778";"ITC4";"S13";"10336033";""
"2012-02-29";"1070001";"1077778";"ITC4";"S1311";"220180";""
"2012-02-29";"1070001";"1077778";"ITC4";"450";"106210";""
"2012-01-31";"1070001";"1077778";"ITC4";"SBI25";"272718207";""
"2012-01-31";"1070001";"1077778";"IT";"S11BI31";"776242783";""
"2012-01-31";"1070001";"1077778";"IT";"SBI9";"345116";""
"2012-01-31";"1070001";"1077778";"ITC4";"S126";"1992945";""
"2012-01-31";"1070001";"1077778";"ITC4";"S13";"10290654";""
"2012-01-31";"1070001";"1077778";"ITC4";"S11BI31";"232086103";""
"2012-01-31";"1070001";"1077778";"IT";"S11BI8";"67561632";""
"2012-01-31";"1070001";"1077778";"IT";"S12I";"5835633";""
"2012-01-31";"1070001";"1077778";"IT";"S1311";"171131811";""
"2012-01-31";"1070001";"1077778";"ITC4";"S11BI7";"7291154";""
"2012-01-31";"1070001";"1077778";"IT";"450";"1173117";""
"2012-01-31";"1070001";"1077778";"ITC4";"S12BI6";"93166815";""
"2012-01-31";"1070001";"1077778";"ITC4";"S1314";"14136";""
"2012-01-31";"1070001";"1077778";"ITC4";"S15";"3104968";""
"2012-01-31";"1070001";"1077778";"ITC4";"SBI59";"494373615";""
"2012-01-31";"1070001";"1077778";"ITC41";"SBI25";"11475435";""
"2012-01-31";"1070001";"1077778";"IT";"S13";"254521013";""
"2012-01-31";"1070001";"1077778";"IT";"S1313";"83330792";""
"2012-01-31";"1070001";"1077778";"IT";"S1314";"58411";""
"2012-01-31";"1070001";"1077778";"IT";"S14";"606292366";""
"2012-01-31";"1070001";"1077778";"ITC41";"S12BI7";"34855";""
"2012-01-31";"1070001";"1077778";"ITC41";"S1311";"17";""
"2012-01-31";"1070001";"1077778";"ITC41";"SBI9";"2653";""
"2012-01-31";"1070001";"1077778";"ITC4";"S1313";"10132168";""
"2012-01-31";"1070001";"1077778";"ITC41";"600";"9790258";""
"2012-01-31";"1070001";"1077778";"ITC41";"S126";"15744";""
"2012-01-31";"1070001";"1077778";"ITC41";"S12BI6";"19085";""
"2012-01-31";"1070001";"1077778";"IT";"600";"505034919";""
"2012-01-31";"1070001";"1077778";"IT";"S11001";"20111305";""
"2012-01-31";"1070001";"1077778";"IT";"S126";"4996191";""
"2012-01-31";"1070001";"1077778";"IT";"S12BI6";"158698024";""
"2012-01-31";"1070001";"1077778";"ITC41";"S14";"10831065";""
"2012-01-31";"1070001";"1077778";"ITC41";"S11BI7";"520348";""
"2012-01-31";"1070001";"1077778";"ITC4";"S11001";"1958291";""
"2012-01-31";"1070001";"1077778";"ITC41";"S14BI2";"1040808";""
"2012-01-31";"1070001";"1077778";"ITC4";"600";"111838667";""
"2012-01-31";"1070001";"1077778";"IT";"S11BI7";"31509718";""
"2012-01-31";"1070001";"1077778";"ITC41";"S12I";"25";""
"2012-01-31";"1070001";"1077778";"ITC41";"S11";"10434628";""
"2012-01-31";"1070001";"1077778";"ITC4";"450";"109685";""
"2012-01-31";"1070001";"1077778";"IT";"S15";"10252577";""
"2012-01-31";"1070001";"1077778";"ITC41";"S1314";"8";""
"2012-01-31";"1070001";"1077778";"ITC41";"SBI59";"21969949";""
"2012-01-31";"1070001";"1077778";"ITC4";"S11BI8";"12357007";""
"2012-01-31";"1070001";"1077778";"ITC4";"SBI9";"58813";""
"2012-01-31";"1070001";"1077778";"ITC41";"S11BI8";"910349";""
"2012-01-31";"1070001";"1077778";"ITC4";"S14BI2";"18915966";""
"2012-01-31";"1070001";"1077778";"ITC41";"S13";"604342";""
"2012-01-31";"1070001";"1077778";"ITC41";"S1313";"604318";""
"2012-01-31";"1070001";"1077778";"IT";"SBI25";"997856001";""
"2012-01-31";"1070001";"1077778";"IT";"S12BI7";"169529848";""
"2012-01-31";"1070001";"1077778";"IT";"SBI59";"1937539475";""
"2012-01-31";"1070001";"1077778";"ITC4";"S11";"253802241";""
"2012-01-31";"1070001";"1077778";"ITC41";"S15";"62406";""
"2012-01-31";"1070001";"1077778";"ITC4";"S1311";"144350";""
"2012-01-31";"1070001";"1077778";"ITC41";"450";"4084";""
"2012-01-31";"1070001";"1077778";"ITC41";"S11001";"30346";""
"2012-01-31";"1070001";"1077778";"IT";"S14BI2";"101257446";""
"2012-01-31";"1070001";"1077778";"IT";"S11";"896598555";""
"2012-01-31";"1070001";"1077778";"ITC4";"S12I";"1202548";""
"2012-01-31";"1070001";"1077778";"ITC4";"S14";"130754632";""
"2012-01-31";"1070001";"1077778";"ITC41";"S11BI31";"8969500";""
"2012-01-31";"1070001";"1077778";"ITC4";"S12BI7";"96362308";""
"2011-12-31";"1070001";"1077778";"IT";"S14BI2";"101169923";""
"2011-12-31";"1070001";"1077778";"IT";"600";"506206316";""
"2011-12-31";"1070001";"1077778";"IT";"S12BI6";"161621524";""
"2011-12-31";"1070001";"1077778";"IT";"SBI59";"1940016361";""
"2011-12-31";"1070001";"1077778";"ITC41";"S1313";"590831";""
"2011-12-31";"1070001";"1077778";"ITC41";"S14";"10842426";""
"2011-12-31";"1070001";"1077778";"ITC4";"S11001";"1844200";""
"2011-12-31";"1070001";"1077778";"ITC4";"S11BI7";"7119945";""
"2011-12-31";"1070001";"1077778";"ITC4";"S12BI6";"97928090";""
"2011-12-31";"1070001";"1077778";"ITC41";"S12BI7";"35905";""
"2011-12-31";"1070001";"1077778";"IT";"S13";"257472756";""
"2011-12-31";"1070001";"1077778";"IT";"S1311";"175150267";""
"2011-12-31";"1070001";"1077778";"IT";"S15";"10114817";""
"2011-12-31";"1070001";"1077778";"ITC4";"SBI25";"270601356";""
"2011-12-31";"1070001";"1077778";"ITC41";"S11";"10266498";""
"2011-12-31";"1070001";"1077778";"ITC41";"S126";"15833";""
"2011-12-31";"1070001";"1077778";"ITC4";"S11";"251747639";""
"2011-12-31";"1070001";"1077778";"ITC4";"S15";"3071492";""
"2011-12-31";"1070001";"1077778";"IT";"S12I";"6049212";""
"2011-12-31";"1070001";"1077778";"IT";"S1314";"53815";""
"2011-12-31";"1070001";"1077778";"ITC41";"S11BI7";"509308";""
"2011-12-31";"1070001";"1077778";"ITC41";"S11001";"29816";""
"2011-12-31";"1070001";"1077778";"ITC4";"S1311";"158482";""
"2011-12-31";"1070001";"1077778";"ITC4";"S1314";"9372";""
"2011-12-31";"1070001";"1077778";"ITC4";"S14BI2";"18853716";""
"2011-12-31";"1070001";"1077778";"ITC41";"S14BI2";"1040842";""
"2011-12-31";"1070001";"1077778";"IT";"450";"1095515";""
"2011-12-31";"1070001";"1077778";"IT";"S11BI31";"770335690";""
"2011-12-31";"1070001";"1077778";"IT";"S11BI7";"30975953";""
"2011-12-31";"1070001";"1077778";"IT";"S11BI8";"67051848";""
"2011-12-31";"1070001";"1077778";"IT";"S12BI7";"172900709";""
"2011-12-31";"1070001";"1077778";"IT";"S1313";"82268674";""
"2011-12-31";"1070001";"1077778";"ITC41";"S11BI31";"8827045";""
"2011-12-31";"1070001";"1077778";"ITC4";"S14";"130897095";""
"2011-12-31";"1070001";"1077778";"ITC41";"SBI59";"21800425";""
"2011-12-31";"1070001";"1077778";"ITC41";"SBI25";"11307340";""
"2011-12-31";"1070001";"1077778";"IT";"S11001";"22192443";""
"2011-12-31";"1070001";"1077778";"IT";"S126";"5229973";""
"2011-12-31";"1070001";"1077778";"ITC4";"SBI9";"58836";""
"2011-12-31";"1070001";"1077778";"ITC41";"450";"3765";""
"2011-12-31";"1070001";"1077778";"ITC4";"S12I";"1230628";""
"2011-12-31";"1070001";"1077778";"ITC41";"S12BI6";"20048";""
"2011-12-31";"1070001";"1077778";"ITC41";"S13";"590861";""
"2011-12-31";"1070001";"1077778";"IT";"SBI25";"992821372";""
"2011-12-31";"1070001";"1077778";"ITC4";"S11BI8";"12208414";""
"2011-12-31";"1070001";"1077778";"ITC4";"S12BI7";"101169970";""
"2011-12-31";"1070001";"1077778";"ITC4";"S13";"9911732";""
"2011-12-31";"1070001";"1077778";"ITC41";"S1311";"30";""
"2011-12-31";"1070001";"1077778";"ITC4";"S11BI31";"230470475";""
"2011-12-31";"1070001";"1077778";"IT";"SBI9";"500393";""
"2011-12-31";"1070001";"1077778";"ITC41";"600";"9801584";""
"2011-12-31";"1070001";"1077778";"ITC4";"S1313";"9743877";""
"2011-12-31";"1070001";"1077778";"ITC41";"SBI9";"2707";""
"2011-12-31";"1070001";"1077778";"ITC41";"S12I";"25";""
"2011-12-31";"1070001";"1077778";"IT";"S11";"891651449";""
"2011-12-31";"1070001";"1077778";"IT";"S14";"607376238";""
"2011-12-31";"1070001";"1077778";"ITC4";"450";"104606";""
"2011-12-31";"1070001";"1077778";"ITC4";"600";"112043379";""
"2011-12-31";"1070001";"1077778";"ITC4";"S126";"2011251";""
"2011-12-31";"1070001";"1077778";"ITC41";"S11BI8";"896564";""
"2011-12-31";"1070001";"1077778";"ITC41";"S15";"62028";""
"2011-12-31";"1070001";"1077778";"ITC4";"SBI59";"496856763";""
"2011-11-30";"1070001";"1077778";"ITC4";"S14BI2";"19093388";""
"2011-11-30";"1070001";"1077778";"ITC41";"SBI25";"11449980";""
"2011-11-30";"1070001";"1077778";"IT";"S12BI6";"152934455";""
"2011-11-30";"1070001";"1077778";"IT";"S126";"5964116";""
"2011-11-30";"1070001";"1077778";"ITC4";"S11001";"1812182";""
"2011-11-30";"1070001";"1077778";"ITC4";"600";"111882298";""
"2011-11-30";"1070001";"1077778";"ITC41";"600";"9787565";""
"2011-11-30";"1070001";"1077778";"ITC41";"S11BI7";"514923";""
"2011-11-30";"1070001";"1077778";"IT";"S14BI2";"102006067";""
"2011-11-30";"1070001";"1077778";"IT";"450";"1125886";""
"2011-11-30";"1070001";"1077778";"ITC41";"S1311";"34";""
"2011-11-30";"1070001";"1077778";"ITC4";"450";"104489";""
"2011-11-30";"1070001";"1077778";"ITC4";"S15";"3052192";""
"2011-11-30";"1070001";"1077778";"ITC4";"SBI9";"56472";""
"2011-11-30";"1070001";"1077778";"ITC41";"S11001";"23482";""
"2011-11-30";"1070001";"1077778";"ITC4";"S11BI8";"12316963";""
"2011-11-30";"1070001";"1077778";"ITC41";"SBI9";"2610";""
"2011-11-30";"1070001";"1077778";"IT";"SBI59";"1952206051";""
"2011-11-30";"1070001";"1077778";"IT";"S11BI8";"67790877";""
"2011-11-30";"1070001";"1077778";"ITC4";"SBI59";"509411460";""
"2011-11-30";"1070001";"1077778";"ITC41";"S11BI8";"914268";""
"2011-11-30";"1070001";"1077778";"IT";"S13";"257105409";""
"2011-11-30";"1070001";"1077778";"IT";"S14";"607765644";""
"2011-11-30";"1070001";"1077778";"IT";"S15";"10154409";""
"2011-11-30";"1070001";"1077778";"ITC41";"S1313";"628896";""
"2011-11-30";"1070001";"1077778";"ITC41";"S14";"10840084";""
"2011-11-30";"1070001";"1077778";"ITC41";"SBI59";"21965616";""
"2011-11-30";"1070001";"1077778";"ITC41";"S126";"15482";""
"2011-11-30";"1070001";"1077778";"ITC41";"S14BI2";"1052518";""
"2011-11-30";"1070001";"1077778";"ITC4";"S11BI7";"7343614";""
"2011-11-30";"1070001";"1077778";"ITC4";"S12BI6";"102922274";""
"2011-11-30";"1070001";"1077778";"ITC4";"S1313";"10217875";""
"2011-11-30";"1070001";"1077778";"ITC4";"S14";"130975685";""
"2011-11-30";"1070001";"1077778";"ITC4";"S11BI31";"236723316";""
"2011-11-30";"1070001";"1077778";"IT";"S11BI7";"31711745";""
"2011-11-30";"1070001";"1077778";"ITC4";"SBI25";"277393951";""
"2011-11-30";"1070001";"1077778";"IT";"600";"505759577";""
"2011-11-30";"1070001";"1077778";"IT";"S1311";"172459328";""
"2011-11-30";"1070001";"1077778";"IT";"S1313";"84578509";""
"2011-11-30";"1070001";"1077778";"IT";"S1314";"67572";""
"2011-11-30";"1070001";"1077778";"ITC41";"S13";"628930";""
"2011-11-30";"1070001";"1077778";"ITC41";"S12I";"4";""
"2011-11-30";"1070001";"1077778";"IT";"S12BI7";"165085196";""
"2011-11-30";"1070001";"1077778";"ITC4";"S126";"2485948";""
"2011-11-30";"1070001";"1077778";"ITC4";"S12BI7";"106649394";""
"2011-11-30";"1070001";"1077778";"ITC4";"S13";"10377153";""
"2011-11-30";"1070001";"1077778";"ITC4";"S1311";"147295";""
"2011-11-30";"1070001";"1077778";"ITC4";"S1314";"11983";""
"2011-11-30";"1070001";"1077778";"IT";"S11BI31";"787896123";""
"2011-11-30";"1070001";"1077778";"ITC41";"450";"3844";""
"2011-11-30";"1070001";"1077778";"IT";"SBI25";"1013798911";""
"2011-11-30";"1070001";"1077778";"IT";"S11";"911792844";""
"2011-11-30";"1070001";"1077778";"ITC41";"S15";"61974";""
"2011-11-30";"1070001";"1077778";"IT";"S12I";"6186625";""
"2011-11-30";"1070001";"1077778";"ITC4";"S11";"258300563";""
"2011-11-30";"1070001";"1077778";"IT";"SBI9";"302548";""
"2011-11-30";"1070001";"1077778";"ITC4";"S12I";"1241171";""
"2011-11-30";"1070001";"1077778";"IT";"S11001";"23268213";""
"2011-11-30";"1070001";"1077778";"ITC41";"S11";"10397462";""
"2011-11-30";"1070001";"1077778";"ITC41";"S11BI31";"8940944";""
"2011-11-30";"1070001";"1077778";"ITC41";"S12BI6";"19070";""
"2011-11-30";"1070001";"1077778";"ITC41";"S12BI7";"34556";""
"2011-10-31";"1070001";"1077778";"ITC41";"SBI9";"2956";""
"2011-10-31";"1070001";"1077778";"IT";"S14BI2";"101441977";""
"2011-10-31";"1070001";"1077778";"ITC4";"600";"111468890";""
"2011-10-31";"1070001";"1077778";"ITC4";"S14";"130431654";""
"2011-10-31";"1070001";"1077778";"ITC4";"S12BI6";"102690819";""
"2011-10-31";"1070001";"1077778";"ITC4";"S12BI7";"106444641";""
"2011-10-31";"1070001";"1077778";"ITC4";"S1313";"10069705";""
"2011-10-31";"1070001";"1077778";"ITC4";"S1314";"8346";""
"2011-10-31";"1070001";"1077778";"ITC41";"S11001";"23369";""
"2011-10-31";"1070001";"1077778";"ITC41";"S12BI6";"19292";""
"2011-10-31";"1070001";"1077778";"ITC41";"S12I";"4";""
"2011-10-31";"1070001";"1077778";"ITC41";"S1311";"39";""
"2011-10-31";"1070001";"1077778";"ITC4";"SBI59";"506266425";""
"2011-10-31";"1070001";"1077778";"IT";"S15";"10067193";""
"2011-10-31";"1070001";"1077778";"IT";"600";"504327299";""
"2011-10-31";"1070001";"1077778";"IT";"S11BI8";"67215152";""
"2011-10-31";"1070001";"1077778";"IT";"S13";"257425307";""
"2011-10-31";"1070001";"1077778";"IT";"S14";"605769276";""
"2011-10-31";"1070001";"1077778";"ITC41";"S14";"10794637";""
"2011-10-31";"1070001";"1077778";"ITC4";"S14BI2";"18962764";""
"2011-10-31";"1070001";"1077778";"ITC4";"S11001";"1802999";""
"2011-10-31";"1070001";"1077778";"ITC41";"S126";"15170";""
"2011-10-31";"1070001";"1077778";"IT";"450";"1138277";""
"2011-10-31";"1070001";"1077778";"IT";"S12BI7";"164917391";""
"2011-10-31";"1070001";"1077778";"IT";"S12I";"6260653";""
"2011-10-31";"1070001";"1077778";"ITC4";"SBI25";"275047749";""
"2011-10-31";"1070001";"1077778";"IT";"SBI25";"1004732197";""
"2011-10-31";"1070001";"1077778";"ITC41";"S15";"62298";""
"2011-10-31";"1070001";"1077778";"ITC41";"S11BI7";"520264";""
"2011-10-31";"1070001";"1077778";"IT";"S11BI31";"782043927";""
"2011-10-31";"1070001";"1077778";"IT";"S11BI7";"31628824";""
"2011-10-31";"1070001";"1077778";"IT";"S12BI6";"152921128";""
"2011-10-31";"1070001";"1077778";"IT";"S1311";"172754128";""
"2011-10-31";"1070001";"1077778";"ITC4";"S11BI7";"7326004";""
"2011-10-31";"1070001";"1077778";"ITC4";"S12I";"1262338";""
"2011-10-31";"1070001";"1077778";"ITC4";"450";"117163";""
"2011-10-31";"1070001";"1077778";"ITC4";"S11BI31";"234597139";""
"2011-10-31";"1070001";"1077778";"ITC4";"SBI9";"53039";""
"2011-10-31";"1070001";"1077778";"ITC41";"450";"4572";""
"2011-10-31";"1070001";"1077778";"ITC41";"S11BI31";"9007105";""
"2011-10-31";"1070001";"1077778";"ITC41";"S11BI8";"899312";""
"2011-10-31";"1070001";"1077778";"IT";"S126";"5735610";""
"2011-10-31";"1070001";"1077778";"ITC4";"S126";"2491484";""
"2011-10-31";"1070001";"1077778";"ITC41";"S12BI7";"34467";""
"2011-10-31";"1070001";"1077778";"ITC41";"S13";"604711";""
"2011-10-31";"1070001";"1077778";"ITC4";"S11";"256084985";""
"2011-10-31";"1070001";"1077778";"IT";"S11";"903290221";""
"2011-10-31";"1070001";"1077778";"IT";"S1314";"59021";""
"2011-10-31";"1070001";"1077778";"ITC4";"S11BI8";"12241680";""
"2011-10-31";"1070001";"1077778";"ITC41";"600";"9749130";""
"2011-10-31";"1070001";"1077778";"ITC41";"S1313";"604672";""
"2011-10-31";"1070001";"1077778";"ITC4";"S15";"3027308";""
"2011-10-31";"1070001";"1077778";"IT";"SBI59";"1941670748";""
"2011-10-31";"1070001";"1077778";"IT";"SBI9";"201361";""
"2011-10-31";"1070001";"1077778";"IT";"S11001";"21264039";""
"2011-10-31";"1070001";"1077778";"ITC41";"S14BI2";"1045507";""
"2011-10-31";"1070001";"1077778";"ITC4";"S13";"10224797";""
"2011-10-31";"1070001";"1077778";"ITC41";"SBI25";"11500128";""
"2011-10-31";"1070001";"1077778";"ITC41";"SBI59";"21953690";""
"2011-10-31";"1070001";"1077778";"ITC41";"S11";"10454621";""
"2011-10-31";"1070001";"1077778";"IT";"S1313";"84612158";""
"2011-10-31";"1070001";"1077778";"ITC4";"S1311";"146746";""
"2011-09-30";"1070001";"1077778";"ITC41";"S12BI7";"34237";""
"2011-09-30";"1070001";"1077778";"ITC4";"450";"119547";""
"2011-09-30";"1070001";"1077778";"ITC4";"S13";"10155317";""
"2011-09-30";"1070001";"1077778";"IT";"S11BI31";"781974294";""
"2011-09-30";"1070001";"1077778";"IT";"S1313";"84261479";""
"2011-09-30";"1070001";"1077778";"IT";"S14";"604682891";""
"2011-09-30";"1070001";"1077778";"IT";"SBI9";"206000";""
"2011-09-30";"1070001";"1077778";"ITC41";"450";"5520";""
"2011-09-30";"1070001";"1077778";"ITC41";"600";"9718932";""
"2011-09-30";"1070001";"1077778";"ITC41";"S11BI7";"530737";""
"2011-09-30";"1070001";"1077778";"ITC41";"S12BI6";"19473";""
"2011-09-30";"1070001";"1077778";"ITC41";"S1311";"37";""
"2011-09-30";"1070001";"1077778";"ITC41";"S1313";"604230";""
"2011-09-30";"1070001";"1077778";"ITC41";"S15";"61172";""
"2011-09-30";"1070001";"1077778";"ITC4";"S1313";"9998169";""
"2011-09-30";"1070001";"1077778";"ITC4";"SBI59";"507170810";""
"2011-09-30";"1070001";"1077778";"ITC41";"S11BI8";"911817";""
"2011-09-30";"1070001";"1077778";"ITC41";"S12I";"29";""
"2011-09-30";"1070001";"1077778";"ITC41";"S13";"604267";""
"2011-09-30";"1070001";"1077778";"IT";"600";"503037816";""
"2011-09-30";"1070001";"1077778";"IT";"S126";"6103389";""
"2011-09-30";"1070001";"1077778";"IT";"S12BI6";"155679182";""
"2011-09-30";"1070001";"1077778";"ITC4";"S12I";"1335353";""
"2011-09-30";"1070001";"1077778";"ITC4";"S1311";"147103";""
"2011-09-30";"1070001";"1077778";"ITC4";"S14BI2";"19087584";""
"2011-09-30";"1070001";"1077778";"ITC41";"S14BI2";"1055773";""
"2011-09-30";"1070001";"1077778";"ITC41";"S11001";"21906";""
"2011-09-30";"1070001";"1077778";"ITC4";"600";"111087356";""
"2011-09-30";"1070001";"1077778";"ITC4";"S11";"255250730";""
"2011-09-30";"1070001";"1077778";"ITC4";"S11BI7";"7423572";""
"2011-09-30";"1070001";"1077778";"IT";"S12BI7";"168010444";""
"2011-09-30";"1070001";"1077778";"IT";"S13";"258060037";""
"2011-09-30";"1070001";"1077778";"ITC4";"S12BI7";"108549643";""
"2011-09-30";"1070001";"1077778";"IT";"S11001";"23640520";""
"2011-09-30";"1070001";"1077778";"IT";"S11BI7";"31984785";""
"2011-09-30";"1070001";"1077778";"IT";"S11BI8";"67460083";""
"2011-09-30";"1070001";"1077778";"IT";"S15";"10017650";""
"2011-09-30";"1070001";"1077778";"ITC41";"S11";"10570138";""
"2011-09-30";"1070001";"1077778";"ITC41";"S14";"10774705";""
"2011-09-30";"1070001";"1077778";"ITC41";"SBI59";"22047694";""
"2011-09-30";"1070001";"1077778";"ITC4";"S11001";"1820235";""
"2011-09-30";"1070001";"1077778";"ITC4";"S11BI31";"233577860";""
"2011-09-30";"1070001";"1077778";"ITC4";"S14";"130174940";""
"2011-09-30";"1070001";"1077778";"ITC4";"SBI25";"274338314";""
"2011-09-30";"1070001";"1077778";"IT";"S1311";"173726544";""
"2011-09-30";"1070001";"1077778";"IT";"SBI59";"1947151699";""
"2011-09-30";"1070001";"1077778";"ITC4";"S126";"2481171";""
"2011-09-30";"1070001";"1077778";"ITC4";"S15";"2984674";""
"2011-09-30";"1070001";"1077778";"ITC41";"SBI9";"3175";""
"2011-09-30";"1070001";"1077778";"IT";"S11";"906174678";""
"2011-09-30";"1070001";"1077778";"IT";"S12I";"6227873";""
"2011-09-30";"1070001";"1077778";"ITC4";"SBI9";"55505";""
"2011-09-30";"1070001";"1077778";"IT";"S14BI2";"101645075";""
"2011-09-30";"1070001";"1077778";"ITC41";"SBI25";"11625910";""
"2011-09-30";"1070001";"1077778";"IT";"SBI25";"1007819753";""
"2011-09-30";"1070001";"1077778";"IT";"S1314";"72014";""
"2011-09-30";"1070001";"1077778";"ITC41";"S11BI31";"9100158";""
"2011-09-30";"1070001";"1077778";"ITC41";"S126";"14735";""
"2011-09-30";"1070001";"1077778";"ITC4";"S11BI8";"12309517";""
"2011-09-30";"1070001";"1077778";"IT";"450";"1114996";""
"2011-09-30";"1070001";"1077778";"ITC4";"S12BI6";"104733119";""
"2011-09-30";"1070001";"1077778";"ITC4";"S1314";"10045";""
"2011-08-31";"1070001";"1077778";"IT";"600";"501150127";""
"2011-08-31";"1070001";"1077778";"IT";"S11BI31";"776118324";""
"2011-08-31";"1070001";"1077778";"IT";"S12BI6";"152013204";""
"2011-08-31";"1070001";"1077778";"IT";"S12BI7";"164539762";""
"2011-08-31";"1070001";"1077778";"IT";"S12I";"6435152";""
"2011-08-31";"1070001";"1077778";"ITC4";"600";"110731694";""
"2011-08-31";"1070001";"1077778";"ITC4";"S11BI31";"232502281";""
"2011-08-31";"1070001";"1077778";"ITC4";"S11BI8";"12261368";""
"2011-08-31";"1070001";"1077778";"ITC41";"S11BI7";"527539";""
"2011-08-31";"1070001";"1077778";"ITC41";"S11BI8";"908813";""
"2011-08-31";"1070001";"1077778";"ITC41";"S12BI6";"19491";""
"2011-08-31";"1070001";"1077778";"ITC41";"S1311";"37";""
"2011-08-31";"1070001";"1077778";"IT";"S14BI2";"101221402";""
"2011-08-31";"1070001";"1077778";"ITC4";"S14BI2";"19009427";""
"2011-08-31";"1070001";"1077778";"ITC41";"S14BI2";"1053436";""
"2011-08-31";"1070001";"1077778";"ITC4";"S11001";"1800228";""
"2011-08-31";"1070001";"1077778";"ITC4";"S1311";"145935";""
"2011-08-31";"1070001";"1077778";"ITC41";"S11001";"22179";""
"2011-08-31";"1070001";"1077778";"IT";"SBI25";"999846410";""
"2011-08-31";"1070001";"1077778";"IT";"S11BI7";"31800725";""
"2011-08-31";"1070001";"1077778";"IT";"S1314";"47398";""
"2011-08-31";"1070001";"1077778";"IT";"SBI59";"1934712681";""
"2011-08-31";"1070001";"1077778";"ITC4";"S11BI7";"7352696";""
"2011-08-31";"1070001";"1077778";"ITC4";"S12I";"1333340";""
"2011-08-31";"1070001";"1077778";"ITC41";"SBI9";"3171";""
"2011-08-31";"1070001";"1077778";"ITC41";"S13";"602561";""
"2011-08-31";"1070001";"1077778";"IT";"S11BI8";"67150636";""
"2011-08-31";"1070001";"1077778";"IT";"S13";"258897975";""
"2011-08-31";"1070001";"1077778";"ITC4";"450";"121731";""
"2011-08-31";"1070001";"1077778";"ITC41";"S1313";"602524";""
"2011-08-31";"1070001";"1077778";"IT";"450";"1102512";""
"2011-08-31";"1070001";"1077778";"IT";"S1313";"84186849";""
"2011-08-31";"1070001";"1077778";"IT";"S14";"602371528";""
"2011-08-31";"1070001";"1077778";"ITC4";"S126";"2427628";""
"2011-08-31";"1070001";"1077778";"ITC4";"S12BI7";"106056528";""
"2011-08-31";"1070001";"1077778";"ITC41";"450";"7547";""
"2011-08-31";"1070001";"1077778";"ITC41";"S12I";"24";""
"2011-08-31";"1070001";"1077778";"ITC4";"SBI59";"503030303";""
"2011-08-31";"1070001";"1077778";"IT";"S126";"6091405";""
"2011-08-31";"1070001";"1077778";"IT";"S15";"9997323";""
"2011-08-31";"1070001";"1077778";"ITC4";"S11";"254038303";""
"2011-08-31";"1070001";"1077778";"ITC4";"S13";"10118541";""
"2011-08-31";"1070001";"1077778";"ITC4";"S14";"129741121";""
"2011-08-31";"1070001";"1077778";"ITC41";"SBI59";"21971088";""
"2011-08-31";"1070001";"1077778";"ITC41";"S126";"14724";""
"2011-08-31";"1070001";"1077778";"ITC41";"S14";"10759226";""
"2011-08-31";"1070001";"1077778";"ITC4";"SBI25";"273047730";""
"2011-08-31";"1070001";"1077778";"IT";"S11";"898625008";""
"2011-08-31";"1070001";"1077778";"IT";"S11001";"22452811";""
"2011-08-31";"1070001";"1077778";"IT";"SBI9";"281085";""
"2011-08-31";"1070001";"1077778";"ITC4";"S12BI6";"102295560";""
"2011-08-31";"1070001";"1077778";"ITC4";"S1313";"9966040";""
"2011-08-31";"1070001";"1077778";"ITC4";"S1314";"6566";""
"2011-08-31";"1070001";"1077778";"ITC4";"S15";"3013144";""
"2011-08-31";"1070001";"1077778";"ITC4";"SBI9";"62666";""
"2011-08-31";"1070001";"1077778";"ITC41";"SBI25";"11564269";""
"2011-08-31";"1070001";"1077778";"IT";"S1311";"174663729";""
"2011-08-31";"1070001";"1077778";"ITC41";"S11";"10510833";""
"2011-08-31";"1070001";"1077778";"ITC41";"S11BI31";"9044755";""
"2011-08-31";"1070001";"1077778";"ITC41";"600";"9705790";""
"2011-08-31";"1070001";"1077778";"ITC41";"S15";"61057";""
"2011-08-31";"1070001";"1077778";"ITC41";"S12BI7";"34240";""
"2011-07-31";"1070001";"1077778";"ITC4";"600";"111010834";""
"2011-07-31";"1070001";"1077778";"ITC4";"S11001";"1890055";""
"2011-07-31";"1070001";"1077778";"ITC4";"S11BI31";"232777388";""
"2011-07-31";"1070001";"1077778";"ITC4";"S11BI7";"7248570";""
"2011-07-31";"1070001";"1077778";"ITC4";"SBI59";"505800210";""
"2011-07-31";"1070001";"1077778";"ITC41";"450";"5754";""
"2011-07-31";"1070001";"1077778";"ITC41";"SBI59";"22072298";""
"2011-07-31";"1070001";"1077778";"IT";"S12BI6";"154928977";""
"2011-07-31";"1070001";"1077778";"IT";"S12BI7";"167199306";""
"2011-07-31";"1070001";"1077778";"IT";"S13";"260788315";""
"2011-07-31";"1070001";"1077778";"IT";"S1314";"49545";""
"2011-07-31";"1070001";"1077778";"ITC4";"S1313";"9992485";""
"2011-07-31";"1070001";"1077778";"ITC41";"S12BI7";"34076";""
"2011-07-31";"1070001";"1077778";"ITC41";"S13";"614741";""
"2011-07-31";"1070001";"1077778";"ITC4";"S14BI2";"18823593";""
"2011-07-31";"1070001";"1077778";"ITC41";"S14BI2";"1042456";""
"2011-07-31";"1070001";"1077778";"ITC41";"S11BI8";"896537";""
"2011-07-31";"1070001";"1077778";"ITC4";"450";"122185";""
"2011-07-31";"1070001";"1077778";"ITC4";"S11";"254197410";""
"2011-07-31";"1070001";"1077778";"ITC4";"S11BI8";"12159213";""
"2011-07-31";"1070001";"1077778";"ITC4";"S126";"2420331";""
"2011-07-31";"1070001";"1077778";"ITC4";"S12I";"1351128";""
"2011-07-31";"1070001";"1077778";"ITC4";"S13";"10276265";""
"2011-07-31";"1070001";"1077778";"ITC4";"S1311";"276776";""
"2011-07-31";"1070001";"1077778";"ITC4";"SBI9";"56280";""
"2011-07-31";"1070001";"1077778";"ITC41";"S1313";"614702";""
"2011-07-31";"1070001";"1077778";"ITC41";"SBI9";"3382";""
"2011-07-31";"1070001";"1077778";"ITC4";"SBI25";"273021003";""
"2011-07-31";"1070001";"1077778";"ITC41";"S11BI31";"9123542";""
"2011-07-31";"1070001";"1077778";"ITC4";"S12BI6";"104679215";""
"2011-07-31";"1070001";"1077778";"ITC4";"S1314";"7003";""
"2011-07-31";"1070001";"1077778";"IT";"SBI25";"998524623";""
"2011-07-31";"1070001";"1077778";"ITC41";"S1311";"39";""
"2011-07-31";"1070001";"1077778";"ITC41";"S15";"59441";""
"2011-07-31";"1070001";"1077778";"IT";"S1313";"85431838";""
"2011-07-31";"1070001";"1077778";"IT";"S14";"602533263";""
"2011-07-31";"1070001";"1077778";"ITC41";"S11001";"21368";""
"2011-07-31";"1070001";"1077778";"ITC4";"S14";"129834427";""
"2011-07-31";"1070001";"1077778";"IT";"S15";"9971727";""
"2011-07-31";"1070001";"1077778";"IT";"SBI9";"211628";""
"2011-07-31";"1070001";"1077778";"IT";"450";"1148446";""
"2011-07-31";"1070001";"1077778";"IT";"600";"502019157";""
"2011-07-31";"1070001";"1077778";"IT";"S11BI7";"31381311";""
"2011-07-31";"1070001";"1077778";"IT";"S11BI8";"66870328";""
"2011-07-31";"1070001";"1077778";"IT";"S126";"5786338";""
"2011-07-31";"1070001";"1077778";"ITC41";"S11";"10571167";""
"2011-07-31";"1070001";"1077778";"ITC41";"S11BI7";"523966";""
"2011-07-31";"1070001";"1077778";"IT";"S11001";"21606054";""
"2011-07-31";"1070001";"1077778";"ITC41";"S14";"10789491";""
"2011-07-31";"1070001";"1077778";"IT";"S11BI31";"777004378";""
"2011-07-31";"1070001";"1077778";"IT";"SBI59";"1938714756";""
"2011-07-31";"1070001";"1077778";"ITC41";"S126";"14327";""
"2011-07-31";"1070001";"1077778";"ITC41";"S12BI6";"19727";""
"2011-07-31";"1070001";"1077778";"IT";"S14BI2";"100514106";""
"2011-07-31";"1070001";"1077778";"ITC41";"SBI25";"11613623";""
"2011-07-31";"1070001";"1077778";"ITC41";"600";"9747035";""
"2011-07-31";"1070001";"1077778";"ITC4";"S12BI7";"108450674";""
"2011-07-31";"1070001";"1077778";"ITC4";"S15";"2985155";""
"2011-07-31";"1070001";"1077778";"IT";"S12I";"6483991";""
"2011-07-31";"1070001";"1077778";"IT";"S1311";"175306931";""
"2011-07-31";"1070001";"1077778";"IT";"S11";"898010517";""
"2011-07-31";"1070001";"1077778";"ITC41";"S12I";"22";""
"2011-06-30";"1070001";"1077778";"ITC4";"SBI25";"273958619";""
"2011-06-30";"1070001";"1077778";"IT";"SBI9";"216978";""
"2011-06-30";"1070001";"1077778";"IT";"600";"498912373";""
"2011-06-30";"1070001";"1077778";"ITC41";"S15";"58713";""
"2011-06-30";"1070001";"1077778";"IT";"S11BI8";"67897547";""
"2011-06-30";"1070001";"1077778";"ITC41";"S12BI6";"14414";""
"2011-06-30";"1070001";"1077778";"ITC41";"S1313";"608499";""
"2011-06-30";"1070001";"1077778";"ITC4";"S12I";"1361465";""
"2011-06-30";"1070001";"1077778";"ITC41";"S14BI2";"1062381";""
"2011-06-30";"1070001";"1077778";"IT";"SBI59";"1944743368";""
"2011-06-30";"1070001";"1077778";"IT";"S126";"6015662";""
"2011-06-30";"1070001";"1077778";"IT";"S12I";"6581529";""
"2011-06-30";"1070001";"1077778";"ITC4";"S14BI2";"19024370";""
"2011-06-30";"1070001";"1077778";"ITC4";"S1314";"8833";""
"2011-06-30";"1070001";"1077778";"ITC4";"600";"110142942";""
"2011-06-30";"1070001";"1077778";"ITC4";"S11001";"1763861";""
"2011-06-30";"1070001";"1077778";"ITC4";"S11BI31";"233152091";""
"2011-06-30";"1070001";"1077778";"ITC4";"S13";"10192378";""
"2011-06-30";"1070001";"1077778";"ITC4";"S1313";"9896670";""
"2011-06-30";"1070001";"1077778";"ITC4";"SBI9";"57720";""
"2011-06-30";"1070001";"1077778";"ITC41";"S11001";"22426";""
"2011-06-30";"1070001";"1077778";"ITC41";"S11BI31";"9208335";""
"2011-06-30";"1070001";"1077778";"IT";"S11BI31";"778467946";""
"2011-06-30";"1070001";"1077778";"IT";"S1311";"179351792";""
"2011-06-30";"1070001";"1077778";"ITC41";"S14";"10710594";""
"2011-06-30";"1070001";"1077778";"ITC41";"S1311";"41";""
"2011-06-30";"1070001";"1077778";"ITC4";"450";"116186";""
"2011-06-30";"1070001";"1077778";"ITC4";"S14";"129167312";""
"2011-06-30";"1070001";"1077778";"ITC41";"450";"5207";""
"2011-06-30";"1070001";"1077778";"ITC41";"S11BI7";"538293";""
"2011-06-30";"1070001";"1077778";"ITC41";"SBI25";"11756679";""
"2011-06-30";"1070001";"1077778";"IT";"S11001";"22093034";""
"2011-06-30";"1070001";"1077778";"ITC41";"S126";"14236";""
"2011-06-30";"1070001";"1077778";"ITC41";"S13";"608540";""
"2011-06-30";"1070001";"1077778";"ITC4";"S126";"2503538";""
"2011-06-30";"1070001";"1077778";"IT";"S1314";"49527";""
"2011-06-30";"1070001";"1077778";"IT";"S14";"600259303";""
"2011-06-30";"1070001";"1077778";"IT";"S12BI6";"156419088";""
"2011-06-30";"1070001";"1077778";"ITC41";"S12I";"30";""
"2011-06-30";"1070001";"1077778";"ITC4";"S11BI7";"7509782";""
"2011-06-30";"1070001";"1077778";"IT";"S14BI2";"101346929";""
"2011-06-30";"1070001";"1077778";"ITC4";"S15";"2940611";""
"2011-06-30";"1070001";"1077778";"ITC41";"S11";"10694298";""
"2011-06-30";"1070001";"1077778";"IT";"450";"1109555";""
"2011-06-30";"1070001";"1077778";"IT";"S1313";"84208857";""
"2011-06-30";"1070001";"1077778";"ITC41";"S12BI7";"28680";""
"2011-06-30";"1070001";"1077778";"IT";"S11";"901806606";""
"2011-06-30";"1070001";"1077778";"ITC41";"S1314";"0";""
"2011-06-30";"1070001";"1077778";"ITC41";"SBI9";"3075";""
"2011-06-30";"1070001";"1077778";"IT";"S12BI7";"169016279";""
"2011-06-30";"1070001";"1077778";"ITC4";"S12BI7";"108814682";""
"2011-06-30";"1070001";"1077778";"ITC4";"SBI59";"506106952";""
"2011-06-30";"1070001";"1077778";"IT";"SBI25";"1003153536";""
"2011-06-30";"1070001";"1077778";"ITC4";"S11BI8";"12392329";""
"2011-06-30";"1070001";"1077778";"ITC4";"S12BI6";"104949679";""
"2011-06-30";"1070001";"1077778";"IT";"S15";"9834026";""
"2011-06-30";"1070001";"1077778";"ITC41";"SBI59";"22103900";""
"2011-06-30";"1070001";"1077778";"IT";"S11BI7";"32238525";""
"2011-06-30";"1070001";"1077778";"IT";"S13";"263610176";""
"2011-06-30";"1070001";"1077778";"ITC41";"S11BI8";"920037";""
"2011-06-30";"1070001";"1077778";"ITC4";"S1311";"286876";""
"2011-06-30";"1070001";"1077778";"ITC41";"600";"9648214";""
"2011-06-30";"1070001";"1077778";"ITC4";"S11";"254934248";""
