"DATA_OSS";"ENTE_SEGN";"FENEC";"LOC_CTP";"SET_CTP";"VALORE";"STATUS"
"2026-06-30";"1070001";"1041810";"ITC4";"S1313";"2780409";""
"2026-06-30";"1070001";"1041810";"ITC4";"S11001";"3475597";""
"2026-06-30";"1070001";"1041810";"IT";"600";"1152660016";""
"2026-06-30";"1070001";"1041810";"IT";"S13";"64356928";""
"2026-06-30";"1070001";"1041810";"IT";"S11";"438198414";""
"2026-06-30";"1070001";"1041810";"ITC41";"S11BI7";"170235";""
"2026-06-30";"1070001";"1041810";"ITC41";"S11BI8";"264463";""
"2026-06-30";"1070001";"1041810";"IT";"S12BI7";"132099623";""
"2026-06-30";"1070001";"1041810";"ITC41";"S14";"19976120";""
"2026-06-30";"1070001";"1041810";"ITC41";"S12BI66";"7080";""
"2026-06-30";"1070001";"1041810";"ITC4";"S11";"129058397";""
"2026-06-30";"1070001";"1041810";"IT";"S126";"20123436";""
"2026-06-30";"1070001";"1041810";"ITC41";"S15";"424211";""
"2026-06-30";"1070001";"1041810";"ITC41";"S1311";"50032";""
"2026-06-30";"1070001";"1041810";"ITC41";"S11001";"126625";""
"2026-06-30";"1070001";"1041810";"IT";"S14";"1243838510";""
"2026-06-30";"1070001";"1041810";"IT";"S11BI32";"383184593";""
"2026-06-30";"1070001";"1041810";"ITC4";"S11BI7";"2259938";""
"2026-06-30";"1070001";"1041810";"ITC4";"600";"236605249";""
"2026-06-30";"1070001";"1041810";"IT";"S124";"23347596";""
"2026-06-30";"1070001";"1041810";"IT";"S11BI8";"21034240";""
"2026-06-30";"1070001";"1041810";"ITC41";"SBI59";"26164665";""
"2026-06-30";"1070001";"1041810";"ITC41";"S1314";"40";""
"2026-06-30";"1070001";"1041810";"ITC41";"S11";"5397541";""
"2026-06-30";"1070001";"1041810";"ITC4";"S12BI7";"65232790";""
"2026-06-30";"1070001";"1041810";"ITC4";"S126";"11713060";""
"2026-06-30";"1070001";"1041810";"ITC4";"S14BI2";"18064885";""
"2026-06-30";"1070001";"1041810";"ITC4";"S124";"16753051";""
"2026-06-30";"1070001";"1041810";"IT";"S1314";"6941159";""
"2026-06-30";"1070001";"1041810";"IT";"450";"1266455";""
"2026-06-30";"1070001";"1041810";"ITC41";"450";"7159";""
"2026-06-30";"1070001";"1041810";"ITC41";"S14BI2";"1154705";""
"2026-06-30";"1070001";"1041810";"ITC4";"450";"372175";""
"2026-06-30";"1070001";"1041810";"IT";"SBI9";"3895483";""
"2026-06-30";"1070001";"1041810";"ITC41";"S11BI32";"4829060";""
"2026-06-30";"1070001";"1041810";"IT";"S1313";"20390827";""
"2026-06-30";"1070001";"1041810";"IT";"S11BI7";"9536979";""
"2026-06-30";"1070001";"1041810";"IT";"S127";"20774233";""
"2026-06-30";"1070001";"1041810";"ITC4";"S1311";"1006744";""
"2026-06-30";"1070001";"1041810";"ITC4";"SBI59";"462794901";""
"2026-06-30";"1070001";"1041810";"ITC41";"SBI9";"34054";""
"2026-06-30";"1070001";"1041810";"ITC41";"S12BI7";"228660";""
"2026-06-30";"1070001";"1041810";"IT";"S11001";"23176147";""
"2026-06-30";"1070001";"1041810";"IT";"S14BI2";"91178495";""
"2026-06-30";"1070001";"1041810";"ITC4";"S15";"8630063";""
"2026-06-30";"1070001";"1041810";"ITC41";"S124";"17400";""
"2026-06-30";"1070001";"1041810";"ITC4";"S128";"4088989";""
"2026-06-30";"1070001";"1041810";"ITC4";"S11BI8";"4236483";""
"2026-06-30";"1070001";"1041810";"ITC4";"S11BI32";"118714205";""
"2026-06-30";"1070001";"1041810";"ITC41";"S127";"125742";""
"2026-06-30";"1070001";"1041810";"ITC41";"600";"18821414";""
"2026-06-30";"1070001";"1041810";"ITC4";"S12BI66";"20782121";""
"2026-06-30";"1070001";"1041810";"ITC4";"S1314";"115304";""
"2026-06-30";"1070001";"1041810";"ITC4";"SBI9";"1301060";""
"2026-06-30";"1070001";"1041810";"ITC4";"S14";"254670135";""
"2026-06-30";"1070001";"1041810";"IT";"S15";"39841253";""
"2026-06-30";"1070001";"1041810";"IT";"S1311";"37024942";""
"2026-06-30";"1070001";"1041810";"IT";"S12BI66";"47479808";""
"2026-06-30";"1070001";"1041810";"IT";"S128";"13672390";""
"2026-06-30";"1070001";"1041810";"IT";"S129";"6702161";""
"2026-06-30";"1070001";"1041810";"ITC4";"S127";"8806309";""
"2026-06-30";"1070001";"1041810";"ITC4";"S129";"3089259";""
"2026-06-30";"1070001";"1041810";"ITC41";"S1313";"54007";""
"2026-06-30";"1070001";"1041810";"IT";"SBI59";"1922230211";""
"2026-06-30";"1070001";"1041810";"ITC41";"S13";"104079";""
"2026-06-30";"1070001";"1041810";"ITC41";"S126";"78439";""
"2026-06-30";"1070001";"1041810";"ITC4";"S13";"3902457";""
"2026-05-31";"1070001";"1041810";"ITC41";"S11";"5733830";""
"2026-05-31";"1070001";"1041810";"ITC4";"600";"238751061";""
"2026-05-31";"1070001";"1041810";"IT";"S11BI32";"394559863";""
"2026-05-31";"1070001";"1041810";"IT";"S126";"21299297";""
"2026-05-31";"1070001";"1041810";"IT";"SBI59";"1940977788";""
"2026-05-31";"1070001";"1041810";"ITC4";"S127";"8338941";""
"2026-05-31";"1070001";"1041810";"ITC4";"SBI59";"468587820";""
"2026-05-31";"1070001";"1041810";"IT";"450";"1230639";""
"2026-05-31";"1070001";"1041810";"IT";"S1314";"6988716";""
"2026-05-31";"1070001";"1041810";"ITC4";"S129";"3455850";""
"2026-05-31";"1070001";"1041810";"ITC4";"S11";"133879931";""
"2026-05-31";"1070001";"1041810";"ITC4";"S11BI8";"4479150";""
"2026-05-31";"1070001";"1041810";"IT";"S129";"7263108";""
"2026-05-31";"1070001";"1041810";"IT";"S15";"39577705";""
"2026-05-31";"1070001";"1041810";"ITC41";"S124";"34684";""
"2026-05-31";"1070001";"1041810";"ITC41";"S13";"105920";""
"2026-05-31";"1070001";"1041810";"ITC41";"S11BI7";"181304";""
"2026-05-31";"1070001";"1041810";"IT";"S128";"16163046";""
"2026-05-31";"1070001";"1041810";"ITC4";"S11001";"3034842";""
"2026-05-31";"1070001";"1041810";"IT";"S1311";"33635238";""
"2026-05-31";"1070001";"1041810";"IT";"600";"1162690875";""
"2026-05-31";"1070001";"1041810";"ITC4";"S1313";"2820904";""
"2026-05-31";"1070001";"1041810";"ITC41";"S15";"420209";""
"2026-05-31";"1070001";"1041810";"ITC41";"S127";"117180";""
"2026-05-31";"1070001";"1041810";"IT";"S13";"61215100";""
"2026-05-31";"1070001";"1041810";"ITC4";"S15";"8599566";""
"2026-05-31";"1070001";"1041810";"ITC4";"S14";"257179459";""
"2026-05-31";"1070001";"1041810";"ITC4";"S11BI32";"123592371";""
"2026-05-31";"1070001";"1041810";"ITC41";"S12BI7";"229387";""
"2026-05-31";"1070001";"1041810";"ITC41";"SBI9";"34053";""
"2026-05-31";"1070001";"1041810";"ITC41";"SBI59";"26674749";""
"2026-05-31";"1070001";"1041810";"ITC41";"S12BI66";"7221";""
"2026-05-31";"1070001";"1041810";"ITC41";"S11BI8";"278053";""
"2026-05-31";"1070001";"1041810";"ITC41";"S11001";"138786";""
"2026-05-31";"1070001";"1041810";"ITC41";"600";"18983508";""
"2026-05-31";"1070001";"1041810";"ITC4";"S12BI7";"63783212";""
"2026-05-31";"1070001";"1041810";"ITC4";"S124";"16265941";""
"2026-05-31";"1070001";"1041810";"ITC4";"S14BI2";"18428398";""
"2026-05-31";"1070001";"1041810";"ITC41";"S126";"70302";""
"2026-05-31";"1070001";"1041810";"ITC41";"S14";"20151352";""
"2026-05-31";"1070001";"1041810";"ITC41";"450";"7565";""
"2026-05-31";"1070001";"1041810";"IT";"S11BI8";"21774694";""
"2026-05-31";"1070001";"1041810";"ITC4";"S1314";"128280";""
"2026-05-31";"1070001";"1041810";"ITC41";"S14BI2";"1167843";""
"2026-05-31";"1070001";"1041810";"IT";"S14";"1254586779";""
"2026-05-31";"1070001";"1041810";"IT";"S11";"448061278";""
"2026-05-31";"1070001";"1041810";"IT";"S127";"20024065";""
"2026-05-31";"1070001";"1041810";"IT";"S11001";"20462361";""
"2026-05-31";"1070001";"1041810";"ITC4";"S126";"11670195";""
"2026-05-31";"1070001";"1041810";"ITC4";"450";"364430";""
"2026-05-31";"1070001";"1041810";"IT";"S12BI66";"45815651";""
"2026-05-31";"1070001";"1041810";"ITC41";"S1311";"51225";""
"2026-05-31";"1070001";"1041810";"ITC41";"S1313";"54653";""
"2026-05-31";"1070001";"1041810";"ITC4";"S13";"3991148";""
"2026-05-31";"1070001";"1041810";"IT";"S1313";"20591147";""
"2026-05-31";"1070001";"1041810";"IT";"S124";"22819539";""
"2026-05-31";"1070001";"1041810";"ITC41";"S1314";"41";""
"2026-05-31";"1070001";"1041810";"ITC4";"SBI9";"1154505";""
"2026-05-31";"1070001";"1041810";"IT";"S11BI7";"10033720";""
"2026-05-31";"1070001";"1041810";"ITC4";"S12BI66";"20083706";""
"2026-05-31";"1070001";"1041810";"ITC4";"S11BI7";"2409138";""
"2026-05-31";"1070001";"1041810";"ITC4";"S128";"3968579";""
"2026-05-31";"1070001";"1041810";"IT";"S14BI2";"91895904";""
"2026-05-31";"1070001";"1041810";"IT";"S12BI7";"133384706";""
"2026-05-31";"1070001";"1041810";"ITC4";"S1311";"1041964";""
"2026-05-31";"1070001";"1041810";"IT";"SBI9";"4152220";""
"2026-05-31";"1070001";"1041810";"ITC41";"S11BI32";"5128122";""
"2026-04-30";"1070001";"1041810";"ITC41";"S12BI66";"7024";""
"2026-04-30";"1070001";"1041810";"ITC41";"SBI59";"26116963";""
"2026-04-30";"1070001";"1041810";"IT";"S1313";"20255479";""
"2026-04-30";"1070001";"1041810";"IT";"S1311";"33382404";""
"2026-04-30";"1070001";"1041810";"IT";"SBI59";"1907353921";""
"2026-04-30";"1070001";"1041810";"ITC41";"S126";"71828";""
"2026-04-30";"1070001";"1041810";"IT";"S127";"18052737";""
"2026-04-30";"1070001";"1041810";"ITC4";"S15";"8457836";""
"2026-04-30";"1070001";"1041810";"ITC41";"S11";"5317712";""
"2026-04-30";"1070001";"1041810";"ITC41";"SBI9";"33933";""
"2026-04-30";"1070001";"1041810";"IT";"S14BI2";"89955229";""
"2026-04-30";"1070001";"1041810";"IT";"SBI9";"4192712";""
"2026-04-30";"1070001";"1041810";"IT";"S14";"1247821929";""
"2026-04-30";"1070001";"1041810";"IT";"S129";"8000315";""
"2026-04-30";"1070001";"1041810";"ITC41";"S14";"20042507";""
"2026-04-30";"1070001";"1041810";"ITC41";"S127";"97290";""
"2026-04-30";"1070001";"1041810";"IT";"S12BI66";"46415263";""
"2026-04-30";"1070001";"1041810";"ITC4";"S12BI66";"20490125";""
"2026-04-30";"1070001";"1041810";"ITC41";"S12BI7";"198803";""
"2026-04-30";"1070001";"1041810";"ITC4";"450";"355167";""
"2026-04-30";"1070001";"1041810";"ITC4";"S14";"254878815";""
"2026-04-30";"1070001";"1041810";"ITC4";"S11";"127767899";""
"2026-04-30";"1070001";"1041810";"ITC41";"S11001";"127777";""
"2026-04-30";"1070001";"1041810";"ITC4";"S14BI2";"17861243";""
"2026-04-30";"1070001";"1041810";"ITC41";"450";"4100";""
"2026-04-30";"1070001";"1041810";"ITC41";"S1311";"52892";""
"2026-04-30";"1070001";"1041810";"ITC4";"SBI9";"1252453";""
"2026-04-30";"1070001";"1041810";"ITC4";"S11BI7";"2334062";""
"2026-04-30";"1070001";"1041810";"IT";"S12BI7";"129908954";""
"2026-04-30";"1070001";"1041810";"ITC41";"S11BI7";"169336";""
"2026-04-30";"1070001";"1041810";"ITC41";"600";"18897766";""
"2026-04-30";"1070001";"1041810";"IT";"S124";"22736003";""
"2026-04-30";"1070001";"1041810";"IT";"S11BI7";"9442058";""
"2026-04-30";"1070001";"1041810";"ITC4";"S1314";"119271";""
"2026-04-30";"1070001";"1041810";"IT";"S11";"425344481";""
"2026-04-30";"1070001";"1041810";"ITC41";"S13";"104778";""
"2026-04-30";"1070001";"1041810";"IT";"S13";"60728714";""
"2026-04-30";"1070001";"1041810";"ITC4";"S124";"16106792";""
"2026-04-30";"1070001";"1041810";"ITC4";"S1313";"2871760";""
"2026-04-30";"1070001";"1041810";"ITC4";"S11BI8";"4118947";""
"2026-04-30";"1070001";"1041810";"ITC4";"S127";"7490354";""
"2026-04-30";"1070001";"1041810";"ITC4";"S13";"4038309";""
"2026-04-30";"1070001";"1041810";"ITC41";"S15";"419231";""
"2026-04-30";"1070001";"1041810";"ITC4";"S11BI32";"117472660";""
"2026-04-30";"1070001";"1041810";"ITC41";"S1313";"51845";""
"2026-04-30";"1070001";"1041810";"ITC4";"S128";"3559937";""
"2026-04-30";"1070001";"1041810";"ITC41";"S11BI32";"4758384";""
"2026-04-30";"1070001";"1041810";"ITC4";"S129";"3489327";""
"2026-04-30";"1070001";"1041810";"ITC4";"S126";"12018683";""
"2026-04-30";"1070001";"1041810";"ITC4";"S11001";"3487064";""
"2026-04-30";"1070001";"1041810";"ITC4";"S1311";"1047278";""
"2026-04-30";"1070001";"1041810";"IT";"600";"1157866700";""
"2026-04-30";"1070001";"1041810";"ITC41";"S1314";"40";""
"2026-04-30";"1070001";"1041810";"ITC41";"S124";"22661";""
"2026-04-30";"1070001";"1041810";"IT";"450";"1195853";""
"2026-04-30";"1070001";"1041810";"ITC4";"SBI59";"459550530";""
"2026-04-30";"1070001";"1041810";"IT";"S128";"13919672";""
"2026-04-30";"1070001";"1041810";"IT";"S11BI8";"20245543";""
"2026-04-30";"1070001";"1041810";"ITC41";"S14BI2";"1144741";""
"2026-04-30";"1070001";"1041810";"IT";"S15";"39357131";""
"2026-04-30";"1070001";"1041810";"IT";"S1314";"7090831";""
"2026-04-30";"1070001";"1041810";"ITC4";"S12BI7";"63155219";""
"2026-04-30";"1070001";"1041810";"IT";"S126";"20784963";""
"2026-04-30";"1070001";"1041810";"IT";"S11BI32";"374101513";""
"2026-04-30";"1070001";"1041810";"ITC4";"600";"237017572";""
"2026-04-30";"1070001";"1041810";"ITC41";"S11BI8";"258115";""
"2026-04-30";"1070001";"1041810";"IT";"S11001";"20359514";""
"2026-03-31";"1070001";"1041810";"IT";"S11001";"24006757";""
"2026-03-31";"1070001";"1041810";"ITC4";"S127";"7487934";""
"2026-03-31";"1070001";"1041810";"ITC4";"S14BI2";"17512805";""
"2026-03-31";"1070001";"1041810";"ITC41";"S13";"108993";""
"2026-03-31";"1070001";"1041810";"ITC4";"S11BI7";"2311008";""
"2026-03-31";"1070001";"1041810";"ITC4";"S14";"256286074";""
"2026-03-31";"1070001";"1041810";"ITC41";"S11BI7";"166663";""
"2026-03-31";"1070001";"1041810";"ITC41";"S11BI32";"4669156";""
"2026-03-31";"1070001";"1041810";"IT";"S14";"1244161323";""
"2026-03-31";"1070001";"1041810";"ITC41";"S15";"372194";""
"2026-03-31";"1070001";"1041810";"IT";"S11BI7";"9251991";""
"2026-03-31";"1070001";"1041810";"ITC41";"S126";"68665";""
"2026-03-31";"1070001";"1041810";"ITC4";"S126";"12392324";""
"2026-03-31";"1070001";"1041810";"ITC4";"S128";"3308016";""
"2026-03-31";"1070001";"1041810";"ITC41";"S129";"44";""
"2026-03-31";"1070001";"1041810";"ITC4";"450";"360143";""
"2026-03-31";"1070001";"1041810";"IT";"S11";"425734975";""
"2026-03-31";"1070001";"1041810";"IT";"S11BI32";"371562436";""
"2026-03-31";"1070001";"1041810";"ITC41";"S12BI7";"205199";""
"2026-03-31";"1070001";"1041810";"ITC41";"SBI59";"25960594";""
"2026-03-31";"1070001";"1041810";"ITC41";"S1313";"53886";""
"2026-03-31";"1070001";"1041810";"ITC41";"S12BI66";"7039";""
"2026-03-31";"1070001";"1041810";"ITC41";"450";"4028";""
"2026-03-31";"1070001";"1041810";"IT";"S129";"6892365";""
"2026-03-31";"1070001";"1041810";"ITC4";"S1314";"94760";""
"2026-03-31";"1070001";"1041810";"ITC4";"600";"238773268";""
"2026-03-31";"1070001";"1041810";"IT";"S12BI66";"47242807";""
"2026-03-31";"1070001";"1041810";"ITC4";"S11BI8";"3951028";""
"2026-03-31";"1070001";"1041810";"IT";"450";"1285169";""
"2026-03-31";"1070001";"1041810";"ITC4";"S1311";"963355";""
"2026-03-31";"1070001";"1041810";"ITC4";"S12BI66";"21410434";""
"2026-03-31";"1070001";"1041810";"ITC41";"S11";"5220762";""
"2026-03-31";"1070001";"1041810";"ITC41";"S127";"112056";""
"2026-03-31";"1070001";"1041810";"ITC41";"S14BI2";"1104973";""
"2026-03-31";"1070001";"1041810";"ITC4";"S13";"4070278";""
"2026-03-31";"1070001";"1041810";"ITC41";"SBI9";"92439";""
"2026-03-31";"1070001";"1041810";"ITC4";"S11";"126686030";""
"2026-03-31";"1070001";"1041810";"ITC4";"SBI9";"2074056";""
"2026-03-31";"1070001";"1041810";"IT";"S127";"18251031";""
"2026-03-31";"1070001";"1041810";"IT";"S1314";"7304268";""
"2026-03-31";"1070001";"1041810";"ITC41";"S1311";"55065";""
"2026-03-31";"1070001";"1041810";"ITC41";"600";"18856035";""
"2026-03-31";"1070001";"1041810";"ITC41";"S1314";"42";""
"2026-03-31";"1070001";"1041810";"IT";"S1311";"34475428";""
"2026-03-31";"1070001";"1041810";"IT";"S128";"13572952";""
"2026-03-31";"1070001";"1041810";"ITC4";"S124";"15021862";""
"2026-03-31";"1070001";"1041810";"ITC4";"SBI59";"459128255";""
"2026-03-31";"1070001";"1041810";"IT";"S124";"21427374";""
"2026-03-31";"1070001";"1041810";"IT";"SBI59";"1903605648";""
"2026-03-31";"1070001";"1041810";"ITC4";"S15";"7666030";""
"2026-03-31";"1070001";"1041810";"ITC41";"S14";"19961008";""
"2026-03-31";"1070001";"1041810";"IT";"S12BI7";"128114014";""
"2026-03-31";"1070001";"1041810";"IT";"S11BI8";"19628622";""
"2026-03-31";"1070001";"1041810";"ITC4";"S11BI32";"116143002";""
"2026-03-31";"1070001";"1041810";"ITC4";"S129";"2725219";""
"2026-03-31";"1070001";"1041810";"IT";"S15";"38019839";""
"2026-03-31";"1070001";"1041810";"IT";"S1313";"20669113";""
"2026-03-31";"1070001";"1041810";"IT";"S14BI2";"88060228";""
"2026-03-31";"1070001";"1041810";"ITC41";"S11BI8";"242118";""
"2026-03-31";"1070001";"1041810";"ITC4";"S12BI7";"62345788";""
"2026-03-31";"1070001";"1041810";"ITC41";"S124";"17395";""
"2026-03-31";"1070001";"1041810";"IT";"S126";"20727485";""
"2026-03-31";"1070001";"1041810";"ITC4";"S11001";"3920849";""
"2026-03-31";"1070001";"1041810";"IT";"S13";"62448808";""
"2026-03-31";"1070001";"1041810";"ITC4";"S1313";"3012162";""
"2026-03-31";"1070001";"1041810";"ITC41";"S11001";"138797";""
"2026-03-31";"1070001";"1041810";"IT";"SBI9";"5126689";""
"2026-03-31";"1070001";"1041810";"IT";"600";"1156101095";""
"2026-02-28";"1070001";"1041810";"IT";"S11";"427808127";""
"2026-02-28";"1070001";"1041810";"IT";"S11BI32";"375998191";""
"2026-02-28";"1070001";"1041810";"ITC41";"SBI9";"93381";""
"2026-02-28";"1070001";"1041810";"ITC4";"S1311";"983735";""
"2026-02-28";"1070001";"1041810";"ITC4";"S129";"2561589";""
"2026-02-28";"1070001";"1041810";"IT";"S127";"18316762";""
"2026-02-28";"1070001";"1041810";"IT";"600";"1164427129";""
"2026-02-28";"1070001";"1041810";"ITC4";"S127";"7770338";""
"2026-02-28";"1070001";"1041810";"IT";"S12BI7";"127922944";""
"2026-02-28";"1070001";"1041810";"ITC41";"S13";"109764";""
"2026-02-28";"1070001";"1041810";"ITC41";"S1311";"52623";""
"2026-02-28";"1070001";"1041810";"IT";"SBI9";"5298579";""
"2026-02-28";"1070001";"1041810";"ITC41";"S11";"5476696";""
"2026-02-28";"1070001";"1041810";"IT";"S126";"19969781";""
"2026-02-28";"1070001";"1041810";"ITC4";"S124";"16282644";""
"2026-02-28";"1070001";"1041810";"IT";"S14";"1252766022";""
"2026-02-28";"1070001";"1041810";"IT";"S129";"6419352";""
"2026-02-28";"1070001";"1041810";"IT";"SBI59";"1915220991";""
"2026-02-28";"1070001";"1041810";"ITC41";"450";"3731";""
"2026-02-28";"1070001";"1041810";"ITC41";"S15";"365014";""
"2026-02-28";"1070001";"1041810";"ITC4";"450";"332703";""
"2026-02-28";"1070001";"1041810";"ITC41";"S14BI2";"1101325";""
"2026-02-28";"1070001";"1041810";"ITC41";"S14";"20172667";""
"2026-02-28";"1070001";"1041810";"ITC4";"S1314";"95820";""
"2026-02-28";"1070001";"1041810";"ITC4";"600";"238776173";""
"2026-02-28";"1070001";"1041810";"ITC4";"S11BI32";"117971001";""
"2026-02-28";"1070001";"1041810";"ITC4";"S11BI7";"2425370";""
"2026-02-28";"1070001";"1041810";"ITC4";"SBI9";"2094920";""
"2026-02-28";"1070001";"1041810";"IT";"S1314";"8370580";""
"2026-02-28";"1070001";"1041810";"ITC41";"S11BI8";"250966";""
"2026-02-28";"1070001";"1041810";"ITC41";"S126";"63394";""
"2026-02-28";"1070001";"1041810";"ITC4";"S128";"3724310";""
"2026-02-28";"1070001";"1041810";"IT";"S1311";"34657449";""
"2026-02-28";"1070001";"1041810";"ITC4";"S13";"4102486";""
"2026-02-28";"1070001";"1041810";"ITC41";"600";"19071342";""
"2026-02-28";"1070001";"1041810";"IT";"S124";"22919120";""
"2026-02-28";"1070001";"1041810";"ITC4";"S12BI66";"19145055";""
"2026-02-28";"1070001";"1041810";"IT";"S14BI2";"88338893";""
"2026-02-28";"1070001";"1041810";"IT";"S128";"14932423";""
"2026-02-28";"1070001";"1041810";"ITC4";"S1313";"3022931";""
"2026-02-28";"1070001";"1041810";"ITC41";"S11001";"142256";""
"2026-02-28";"1070001";"1041810";"ITC4";"S11BI8";"4034869";""
"2026-02-28";"1070001";"1041810";"ITC4";"S14BI2";"17476705";""
"2026-02-28";"1070001";"1041810";"ITC4";"SBI59";"459298657";""
"2026-02-28";"1070001";"1041810";"IT";"S11BI7";"9650027";""
"2026-02-28";"1070001";"1041810";"ITC4";"S11001";"3095343";""
"2026-02-28";"1070001";"1041810";"ITC41";"S11BI32";"4904488";""
"2026-02-28";"1070001";"1041810";"ITC41";"S1314";"38";""
"2026-02-28";"1070001";"1041810";"ITC4";"S126";"11853805";""
"2026-02-28";"1070001";"1041810";"IT";"S11001";"20807241";""
"2026-02-28";"1070001";"1041810";"ITC41";"SBI59";"26438672";""
"2026-02-28";"1070001";"1041810";"IT";"S11BI8";"20121291";""
"2026-02-28";"1070001";"1041810";"ITC41";"S124";"18260";""
"2026-02-28";"1070001";"1041810";"ITC41";"S129";"44";""
"2026-02-28";"1070001";"1041810";"ITC4";"S15";"7651347";""
"2026-02-28";"1070001";"1041810";"ITC41";"S12BI7";"221150";""
"2026-02-28";"1070001";"1041810";"ITC41";"S127";"132865";""
"2026-02-28";"1070001";"1041810";"ITC41";"S11BI7";"175255";""
"2026-02-28";"1070001";"1041810";"IT";"S15";"37844959";""
"2026-02-28";"1070001";"1041810";"ITC4";"S14";"256252877";""
"2026-02-28";"1070001";"1041810";"ITC41";"S1313";"57104";""
"2026-02-28";"1070001";"1041810";"IT";"S12BI66";"45365506";""
"2026-02-28";"1070001";"1041810";"IT";"S1313";"20552330";""
"2026-02-28";"1070001";"1041810";"ITC4";"S11";"127859286";""
"2026-02-28";"1070001";"1041810";"IT";"450";"1231378";""
"2026-02-28";"1070001";"1041810";"ITC41";"S12BI66";"6586";""
"2026-02-28";"1070001";"1041810";"IT";"S13";"63580360";""
"2026-02-28";"1070001";"1041810";"ITC4";"S12BI7";"61337741";""
"2026-01-31";"1070001";"1041810";"ITC4";"S13";"3979108";""
"2026-01-31";"1070001";"1041810";"IT";"S13";"62898024";""
"2026-01-31";"1070001";"1041810";"IT";"S11BI32";"375410624";""
"2026-01-31";"1070001";"1041810";"ITC4";"S11BI32";"116972981";""
"2026-01-31";"1070001";"1041810";"ITC41";"S124";"13837";""
"2026-01-31";"1070001";"1041810";"ITC41";"S126";"74155";""
"2026-01-31";"1070001";"1041810";"IT";"600";"1162716080";""
"2026-01-31";"1070001";"1041810";"IT";"S11001";"21410323";""
"2026-01-31";"1070001";"1041810";"ITC41";"S11BI7";"174850";""
"2026-01-31";"1070001";"1041810";"IT";"S128";"15047123";""
"2026-01-31";"1070001";"1041810";"ITC41";"SBI9";"92560";""
"2026-01-31";"1070001";"1041810";"ITC41";"S127";"128737";""
"2026-01-31";"1070001";"1041810";"ITC41";"S13";"128440";""
"2026-01-31";"1070001";"1041810";"IT";"S11";"427731287";""
"2026-01-31";"1070001";"1041810";"ITC41";"S14BI2";"1091511";""
"2026-01-31";"1070001";"1041810";"ITC4";"S127";"6545222";""
"2026-01-31";"1070001";"1041810";"ITC41";"S14";"20121327";""
"2026-01-31";"1070001";"1041810";"ITC4";"S126";"12576015";""
"2026-01-31";"1070001";"1041810";"IT";"S1313";"20663478";""
"2026-01-31";"1070001";"1041810";"IT";"S1311";"33384827";""
"2026-01-31";"1070001";"1041810";"IT";"S12BI66";"45631258";""
"2026-01-31";"1070001";"1041810";"ITC4";"S14BI2";"17378706";""
"2026-01-31";"1070001";"1041810";"IT";"S14";"1250951616";""
"2026-01-31";"1070001";"1041810";"ITC4";"S129";"3723013";""
"2026-01-31";"1070001";"1041810";"ITC4";"S12BI7";"62878960";""
"2026-01-31";"1070001";"1041810";"IT";"S124";"23166780";""
"2026-01-31";"1070001";"1041810";"IT";"S14BI2";"88235536";""
"2026-01-31";"1070001";"1041810";"IT";"S11BI8";"20015889";""
"2026-01-31";"1070001";"1041810";"IT";"S126";"21721757";""
"2026-01-31";"1070001";"1041810";"ITC4";"S1313";"2985908";""
"2026-01-31";"1070001";"1041810";"IT";"S12BI7";"131101256";""
"2026-01-31";"1070001";"1041810";"IT";"S11BI7";"9675713";""
"2026-01-31";"1070001";"1041810";"ITC4";"S11BI7";"2420768";""
"2026-01-31";"1070001";"1041810";"ITC4";"S1314";"95476";""
"2026-01-31";"1070001";"1041810";"ITC41";"S11001";"141160";""
"2026-01-31";"1070001";"1041810";"IT";"S127";"16628968";""
"2026-01-31";"1070001";"1041810";"ITC41";"S11";"5430728";""
"2026-01-31";"1070001";"1041810";"IT";"SBI9";"5584631";""
"2026-01-31";"1070001";"1041810";"IT";"SBI59";"1916038294";""
"2026-01-31";"1070001";"1041810";"ITC41";"S12BI7";"224481";""
"2026-01-31";"1070001";"1041810";"ITC4";"S128";"4132943";""
"2026-01-31";"1070001";"1041810";"ITC41";"SBI59";"26355080";""
"2026-01-31";"1070001";"1041810";"ITC4";"S15";"7797649";""
"2026-01-31";"1070001";"1041810";"ITC4";"S1311";"897724";""
"2026-01-31";"1070001";"1041810";"ITC4";"S14";"256559113";""
"2026-01-31";"1070001";"1041810";"ITC41";"S1311";"68362";""
"2026-01-31";"1070001";"1041810";"ITC41";"S1314";"38";""
"2026-01-31";"1070001";"1041810";"ITC41";"450";"3731";""
"2026-01-31";"1070001";"1041810";"IT";"S15";"37771478";""
"2026-01-31";"1070001";"1041810";"ITC4";"S11BI8";"3978087";""
"2026-01-31";"1070001";"1041810";"ITC41";"S12BI66";"7713";""
"2026-01-31";"1070001";"1041810";"ITC4";"S124";"16206167";""
"2026-01-31";"1070001";"1041810";"ITC41";"S15";"357544";""
"2026-01-31";"1070001";"1041810";"IT";"450";"1218739";""
"2026-01-31";"1070001";"1041810";"ITC4";"SBI9";"1957515";""
"2026-01-31";"1070001";"1041810";"ITC41";"600";"19029816";""
"2026-01-31";"1070001";"1041810";"IT";"S129";"8905370";""
"2026-01-31";"1070001";"1041810";"ITC4";"S11001";"3165947";""
"2026-01-31";"1070001";"1041810";"ITC4";"600";"239180407";""
"2026-01-31";"1070001";"1041810";"ITC41";"S11BI32";"4862308";""
"2026-01-31";"1070001";"1041810";"ITC41";"S129";"39";""
"2026-01-31";"1070001";"1041810";"ITC4";"SBI59";"460028561";""
"2026-01-31";"1070001";"1041810";"ITC4";"S11";"126856217";""
"2026-01-31";"1070001";"1041810";"ITC4";"450";"318433";""
"2026-01-31";"1070001";"1041810";"IT";"S1314";"8849719";""
"2026-01-31";"1070001";"1041810";"ITC41";"S1313";"60041";""
"2026-01-31";"1070001";"1041810";"ITC41";"S11BI8";"248678";""
"2026-01-31";"1070001";"1041810";"ITC4";"S12BI66";"19695601";""
"2025-12-31";"1070001";"1041810";"ITC4";"S14BI2";"17223664";""
"2025-12-31";"1070001";"1041810";"ITC4";"S11BI7";"2381649";""
"2025-12-31";"1070001";"1041810";"IT";"S11BI8";"19484512";""
"2025-12-31";"1070001";"1041810";"ITC41";"S1313";"36100";""
"2025-12-31";"1070001";"1041810";"ITC4";"S12BI66";"21808943";""
"2025-12-31";"1070001";"1041810";"ITC4";"S11001";"3653139";""
"2025-12-31";"1070001";"1041810";"ITC41";"S15";"361915";""
"2025-12-31";"1070001";"1041810";"ITC41";"S14";"20031652";""
"2025-12-31";"1070001";"1041810";"IT";"S1313";"19538243";""
"2025-12-31";"1070001";"1041810";"IT";"S13";"60773972";""
"2025-12-31";"1070001";"1041810";"ITC4";"S14";"254795138";""
"2025-12-31";"1070001";"1041810";"ITC41";"S11";"5461439";""
"2025-12-31";"1070001";"1041810";"ITC41";"S1311";"67280";""
"2025-12-31";"1070001";"1041810";"IT";"450";"1198814";""
"2025-12-31";"1070001";"1041810";"ITC41";"S13";"103413";""
"2025-12-31";"1070001";"1041810";"ITC4";"450";"332302";""
"2025-12-31";"1070001";"1041810";"ITC41";"S1314";"34";""
"2025-12-31";"1070001";"1041810";"ITC4";"S15";"7550206";""
"2025-12-31";"1070001";"1041810";"ITC4";"600";"237571474";""
"2025-12-31";"1070001";"1041810";"ITC4";"S1314";"73295";""
"2025-12-31";"1070001";"1041810";"IT";"SBI9";"5227679";""
"2025-12-31";"1070001";"1041810";"IT";"S11001";"24885987";""
"2025-12-31";"1070001";"1041810";"ITC41";"SBI59";"26271592";""
"2025-12-31";"1070001";"1041810";"ITC4";"S129";"2921854";""
"2025-12-31";"1070001";"1041810";"ITC41";"S11BI32";"4892019";""
"2025-12-31";"1070001";"1041810";"ITC41";"S12BI7";"217304";""
"2025-12-31";"1070001";"1041810";"ITC41";"S11001";"148932";""
"2025-12-31";"1070001";"1041810";"ITC4";"S127";"7220432";""
"2025-12-31";"1070001";"1041810";"ITC4";"S13";"3737963";""
"2025-12-31";"1070001";"1041810";"IT";"S124";"21212190";""
"2025-12-31";"1070001";"1041810";"ITC41";"600";"18957390";""
"2025-12-31";"1070001";"1041810";"IT";"S14";"1244350919";""
"2025-12-31";"1070001";"1041810";"IT";"S129";"6930383";""
"2025-12-31";"1070001";"1041810";"IT";"S12BI66";"48637776";""
"2025-12-31";"1070001";"1041810";"IT";"S11BI32";"383700167";""
"2025-12-31";"1070001";"1041810";"ITC41";"S129";"39";""
"2025-12-31";"1070001";"1041810";"ITC41";"SBI9";"95869";""
"2025-12-31";"1070001";"1041810";"IT";"S127";"16687476";""
"2025-12-31";"1070001";"1041810";"ITC4";"S12BI7";"61744343";""
"2025-12-31";"1070001";"1041810";"ITC41";"S11BI7";"174114";""
"2025-12-31";"1070001";"1041810";"ITC4";"SBI59";"459163127";""
"2025-12-31";"1070001";"1041810";"ITC41";"450";"3482";""
"2025-12-31";"1070001";"1041810";"IT";"S11BI7";"9514414";""
"2025-12-31";"1070001";"1041810";"ITC4";"S126";"11996565";""
"2025-12-31";"1070001";"1041810";"ITC4";"S11BI8";"3806678";""
"2025-12-31";"1070001";"1041810";"IT";"S1314";"8922353";""
"2025-12-31";"1070001";"1041810";"IT";"S12BI7";"127021982";""
"2025-12-31";"1070001";"1041810";"IT";"SBI59";"1913383321";""
"2025-12-31";"1070001";"1041810";"ITC41";"S124";"16180";""
"2025-12-31";"1070001";"1041810";"IT";"S15";"37224875";""
"2025-12-31";"1070001";"1041810";"IT";"S14BI2";"87636992";""
"2025-12-31";"1070001";"1041810";"ITC4";"SBI9";"2138915";""
"2025-12-31";"1070001";"1041810";"ITC4";"S1311";"898088";""
"2025-12-31";"1070001";"1041810";"ITC41";"S14BI2";"1074263";""
"2025-12-31";"1070001";"1041810";"ITC4";"S11BI32";"119022794";""
"2025-12-31";"1070001";"1041810";"ITC41";"S127";"115552";""
"2025-12-31";"1070001";"1041810";"ITC41";"S12BI66";"8275";""
"2025-12-31";"1070001";"1041810";"IT";"S1311";"32313376";""
"2025-12-31";"1070001";"1041810";"IT";"S128";"13154781";""
"2025-12-31";"1070001";"1041810";"ITC4";"S1313";"2766580";""
"2025-12-31";"1070001";"1041810";"ITC4";"S128";"3074780";""
"2025-12-31";"1070001";"1041810";"ITC41";"S11BI8";"242892";""
"2025-12-31";"1070001";"1041810";"ITC4";"S124";"14721769";""
"2025-12-31";"1070001";"1041810";"IT";"S126";"20399376";""
"2025-12-31";"1070001";"1041810";"ITC41";"S126";"77257";""
"2025-12-31";"1070001";"1041810";"IT";"S11";"438783894";""
"2025-12-31";"1070001";"1041810";"IT";"600";"1156713927";""
"2025-12-31";"1070001";"1041810";"ITC4";"S11";"129196562";""
"2025-11-30";"1070001";"1041810";"ITC41";"S1313";"38166";""
"2025-11-30";"1070001";"1041810";"ITC4";"S14BI2";"17722456";""
"2025-11-30";"1070001";"1041810";"IT";"S124";"21732805";""
"2025-11-30";"1070001";"1041810";"IT";"S14";"1225088375";""
"2025-11-30";"1070001";"1041810";"ITC4";"S12BI66";"19986853";""
"2025-11-30";"1070001";"1041810";"ITC41";"S12BI66";"4085";""
"2025-11-30";"1070001";"1041810";"ITC41";"S14";"19717184";""
"2025-11-30";"1070001";"1041810";"ITC4";"S127";"6897339";""
"2025-11-30";"1070001";"1041810";"ITC41";"S1314";"34";""
"2025-11-30";"1070001";"1041810";"ITC41";"S12BI7";"182124";""
"2025-11-30";"1070001";"1041810";"ITC41";"S15";"382512";""
"2025-11-30";"1070001";"1041810";"IT";"S11";"449038925";""
"2025-11-30";"1070001";"1041810";"IT";"S126";"20232541";""
"2025-11-30";"1070001";"1041810";"ITC4";"S13";"3809131";""
"2025-11-30";"1070001";"1041810";"IT";"SBI9";"5206882";""
"2025-11-30";"1070001";"1041810";"IT";"S128";"15168182";""
"2025-11-30";"1070001";"1041810";"ITC41";"600";"18592296";""
"2025-11-30";"1070001";"1041810";"ITC41";"SBI59";"26263354";""
"2025-11-30";"1070001";"1041810";"ITC41";"S11BI8";"266549";""
"2025-11-30";"1070001";"1041810";"ITC4";"S1313";"2767578";""
"2025-11-30";"1070001";"1041810";"ITC4";"SBI59";"458672246";""
"2025-11-30";"1070001";"1041810";"ITC41";"S11";"5773182";""
"2025-11-30";"1070001";"1041810";"IT";"S1311";"33658246";""
"2025-11-30";"1070001";"1041810";"ITC4";"S11BI7";"2570672";""
"2025-11-30";"1070001";"1041810";"ITC4";"S11001";"3693084";""
"2025-11-30";"1070001";"1041810";"ITC41";"S124";"18688";""
"2025-11-30";"1070001";"1041810";"ITC4";"600";"232799718";""
"2025-11-30";"1070001";"1041810";"IT";"S11BI32";"393441989";""
"2025-11-30";"1070001";"1041810";"IT";"S11BI8";"21026906";""
"2025-11-30";"1070001";"1041810";"IT";"SBI59";"1906769386";""
"2025-11-30";"1070001";"1041810";"ITC4";"S15";"7649851";""
"2025-11-30";"1070001";"1041810";"ITC4";"S1314";"77762";""
"2025-11-30";"1070001";"1041810";"ITC4";"S11BI32";"123639747";""
"2025-11-30";"1070001";"1041810";"ITC4";"S128";"3606736";""
"2025-11-30";"1070001";"1041810";"IT";"S129";"7527774";""
"2025-11-30";"1070001";"1041810";"ITC41";"S11BI32";"5165971";""
"2025-11-30";"1070001";"1041810";"IT";"S15";"38172452";""
"2025-11-30";"1070001";"1041810";"ITC4";"S11";"134441984";""
"2025-11-30";"1070001";"1041810";"ITC41";"S14BI2";"1124889";""
"2025-11-30";"1070001";"1041810";"ITC41";"450";"3367";""
"2025-11-30";"1070001";"1041810";"ITC41";"S127";"98981";""
"2025-11-30";"1070001";"1041810";"IT";"S127";"16820574";""
"2025-11-30";"1070001";"1041810";"ITC41";"S13";"107781";""
"2025-11-30";"1070001";"1041810";"ITC4";"S124";"15176286";""
"2025-11-30";"1070001";"1041810";"ITC4";"S12BI7";"60203883";""
"2025-11-30";"1070001";"1041810";"IT";"S12BI7";"127202701";""
"2025-11-30";"1070001";"1041810";"ITC41";"S129";"19";""
"2025-11-30";"1070001";"1041810";"IT";"S14BI2";"89091918";""
"2025-11-30";"1070001";"1041810";"ITC41";"S11BI7";"192805";""
"2025-11-30";"1070001";"1041810";"IT";"450";"1203977";""
"2025-11-30";"1070001";"1041810";"ITC4";"SBI9";"2045222";""
"2025-11-30";"1070001";"1041810";"IT";"600";"1135996457";""
"2025-11-30";"1070001";"1041810";"IT";"S13";"62060051";""
"2025-11-30";"1070001";"1041810";"IT";"S11001";"23085686";""
"2025-11-30";"1070001";"1041810";"ITC4";"S129";"2633479";""
"2025-11-30";"1070001";"1041810";"ITC41";"S11001";"144490";""
"2025-11-30";"1070001";"1041810";"ITC4";"S1311";"963791";""
"2025-11-30";"1070001";"1041810";"ITC41";"SBI9";"100571";""
"2025-11-30";"1070001";"1041810";"ITC41";"S1311";"69581";""
"2025-11-30";"1070001";"1041810";"ITC41";"S126";"60350";""
"2025-11-30";"1070001";"1041810";"ITC4";"S11BI8";"4164643";""
"2025-11-30";"1070001";"1041810";"IT";"S1313";"19926374";""
"2025-11-30";"1070001";"1041810";"IT";"S11BI7";"10280366";""
"2025-11-30";"1070001";"1041810";"IT";"S12BI66";"45720823";""
"2025-11-30";"1070001";"1041810";"ITC4";"S126";"11903191";""
"2025-11-30";"1070001";"1041810";"ITC4";"450";"373839";""
"2025-11-30";"1070001";"1041810";"IT";"S1314";"8475432";""
"2025-11-30";"1070001";"1041810";"ITC4";"S14";"250522174";""
"2025-10-31";"1070001";"1041810";"IT";"S11BI32";"375059501";""
"2025-10-31";"1070001";"1041810";"ITC41";"S1311";"61551";""
"2025-10-31";"1070001";"1041810";"IT";"S14BI2";"87935880";""
"2025-10-31";"1070001";"1041810";"ITC41";"S15";"379711";""
"2025-10-31";"1070001";"1041810";"IT";"S128";"14394693";""
"2025-10-31";"1070001";"1041810";"IT";"S1311";"32016333";""
"2025-10-31";"1070001";"1041810";"IT";"S11";"429520940";""
"2025-10-31";"1070001";"1041810";"ITC4";"S11BI8";"4060791";""
"2025-10-31";"1070001";"1041810";"ITC41";"S14BI2";"1090346";""
"2025-10-31";"1070001";"1041810";"ITC4";"S11001";"3073974";""
"2025-10-31";"1070001";"1041810";"IT";"S129";"7532666";""
"2025-10-31";"1070001";"1041810";"IT";"S11BI8";"20973862";""
"2025-10-31";"1070001";"1041810";"ITC41";"SBI9";"100036";""
"2025-10-31";"1070001";"1041810";"ITC4";"S1314";"64584";""
"2025-10-31";"1070001";"1041810";"ITC4";"S129";"2913101";""
"2025-10-31";"1070001";"1041810";"ITC41";"S13";"100666";""
"2025-10-31";"1070001";"1041810";"ITC41";"S11";"5414686";""
"2025-10-31";"1070001";"1041810";"IT";"S127";"17064936";""
"2025-10-31";"1070001";"1041810";"ITC4";"S1311";"986101";""
"2025-10-31";"1070001";"1041810";"ITC41";"S129";"19";""
"2025-10-31";"1070001";"1041810";"IT";"S124";"20951425";""
"2025-10-31";"1070001";"1041810";"ITC41";"600";"18510830";""
"2025-10-31";"1070001";"1041810";"ITC4";"S126";"11889347";""
"2025-10-31";"1070001";"1041810";"ITC4";"S11BI7";"2491430";""
"2025-10-31";"1070001";"1041810";"IT";"S11BI7";"10031196";""
"2025-10-31";"1070001";"1041810";"ITC4";"S11";"126358793";""
"2025-10-31";"1070001";"1041810";"ITC4";"450";"335092";""
"2025-10-31";"1070001";"1041810";"IT";"SBI9";"5233856";""
"2025-10-31";"1070001";"1041810";"IT";"S14";"1220752836";""
"2025-10-31";"1070001";"1041810";"ITC41";"S11BI7";"187388";""
"2025-10-31";"1070001";"1041810";"IT";"S12BI7";"122876964";""
"2025-10-31";"1070001";"1041810";"ITC4";"S124";"14408735";""
"2025-10-31";"1070001";"1041810";"IT";"S1314";"8700370";""
"2025-10-31";"1070001";"1041810";"ITC4";"600";"233896393";""
"2025-10-31";"1070001";"1041810";"ITC41";"S12BI66";"3959";""
"2025-10-31";"1070001";"1041810";"ITC41";"S126";"61382";""
"2025-10-31";"1070001";"1041810";"ITC4";"S15";"7586926";""
"2025-10-31";"1070001";"1041810";"IT";"S12BI66";"43258748";""
"2025-10-31";"1070001";"1041810";"ITC41";"S14";"19601177";""
"2025-10-31";"1070001";"1041810";"ITC4";"S1313";"2824866";""
"2025-10-31";"1070001";"1041810";"ITC4";"S128";"3573488";""
"2025-10-31";"1070001";"1041810";"ITC4";"S12BI66";"18978117";""
"2025-10-31";"1070001";"1041810";"ITC41";"S12BI7";"207855";""
"2025-10-31";"1070001";"1041810";"ITC41";"S1314";"35";""
"2025-10-31";"1070001";"1041810";"ITC4";"S13";"3875552";""
"2025-10-31";"1070001";"1041810";"ITC4";"SBI9";"1899836";""
"2025-10-31";"1070001";"1041810";"ITC4";"S14";"251159315";""
"2025-10-31";"1070001";"1041810";"IT";"S11001";"22247689";""
"2025-10-31";"1070001";"1041810";"ITC41";"S124";"25934";""
"2025-10-31";"1070001";"1041810";"IT";"600";"1132816956";""
"2025-10-31";"1070001";"1041810";"ITC4";"S14BI2";"17262922";""
"2025-10-31";"1070001";"1041810";"ITC41";"S1313";"39081";""
"2025-10-31";"1070001";"1041810";"ITC4";"SBI59";"450142083";""
"2025-10-31";"1070001";"1041810";"ITC41";"S11001";"143519";""
"2025-10-31";"1070001";"1041810";"IT";"S13";"60344386";""
"2025-10-31";"1070001";"1041810";"IT";"SBI59";"1876694883";""
"2025-10-31";"1070001";"1041810";"ITC41";"S127";"116561";""
"2025-10-31";"1070001";"1041810";"ITC41";"450";"3559";""
"2025-10-31";"1070001";"1041810";"ITC41";"S11BI32";"4814407";""
"2025-10-31";"1070001";"1041810";"ITC4";"S127";"7498872";""
"2025-10-31";"1070001";"1041810";"ITC41";"S11BI8";"265813";""
"2025-10-31";"1070001";"1041810";"IT";"S1313";"19627683";""
"2025-10-31";"1070001";"1041810";"ITC4";"S12BI7";"59261660";""
"2025-10-31";"1070001";"1041810";"ITC4";"S11BI32";"116397505";""
"2025-10-31";"1070001";"1041810";"ITC41";"SBI59";"25804131";""
"2025-10-31";"1070001";"1041810";"IT";"S126";"19674496";""
"2025-10-31";"1070001";"1041810";"IT";"S15";"37965901";""
"2025-10-31";"1070001";"1041810";"IT";"450";"1208691";""
"2025-09-30";"1070001";"1041810";"IT";"S128";"15432201";""
"2025-09-30";"1070001";"1041810";"ITC4";"SBI59";"449900492";""
"2025-09-30";"1070001";"1041810";"ITC41";"S129";"19";""
"2025-09-30";"1070001";"1041810";"ITC4";"S11BI7";"2379827";""
"2025-09-30";"1070001";"1041810";"ITC41";"S127";"124274";""
"2025-09-30";"1070001";"1041810";"ITC41";"S11BI32";"4651705";""
"2025-09-30";"1070001";"1041810";"ITC41";"S1311";"58933";""
"2025-09-30";"1070001";"1041810";"ITC41";"S11";"5234049";""
"2025-09-30";"1070001";"1041810";"ITC41";"S13";"99227";""
"2025-09-30";"1070001";"1041810";"IT";"S11";"422424741";""
"2025-09-30";"1070001";"1041810";"ITC41";"S15";"372475";""
"2025-09-30";"1070001";"1041810";"ITC4";"S11001";"3492420";""
"2025-09-30";"1070001";"1041810";"ITC4";"S124";"16418007";""
"2025-09-30";"1070001";"1041810";"IT";"S1313";"19693716";""
"2025-09-30";"1070001";"1041810";"IT";"S127";"16692621";""
"2025-09-30";"1070001";"1041810";"ITC4";"S14BI2";"17012102";""
"2025-09-30";"1070001";"1041810";"ITC41";"S11001";"146358";""
"2025-09-30";"1070001";"1041810";"IT";"450";"1133507";""
"2025-09-30";"1070001";"1041810";"IT";"SBI9";"5263534";""
"2025-09-30";"1070001";"1041810";"IT";"S1311";"32094796";""
"2025-09-30";"1070001";"1041810";"ITC41";"S124";"28291";""
"2025-09-30";"1070001";"1041810";"IT";"S11BI8";"20701346";""
"2025-09-30";"1070001";"1041810";"IT";"S14BI2";"86741781";""
"2025-09-30";"1070001";"1041810";"ITC4";"S14";"251390044";""
"2025-09-30";"1070001";"1041810";"ITC41";"S1313";"40258";""
"2025-09-30";"1070001";"1041810";"ITC41";"S14";"19779891";""
"2025-09-30";"1070001";"1041810";"IT";"S12BI66";"44403618";""
"2025-09-30";"1070001";"1041810";"IT";"S129";"6878604";""
"2025-09-30";"1070001";"1041810";"ITC41";"S14BI2";"1077813";""
"2025-09-30";"1070001";"1041810";"ITC41";"S11BI7";"176105";""
"2025-09-30";"1070001";"1041810";"ITC41";"S126";"56343";""
"2025-09-30";"1070001";"1041810";"IT";"S11001";"23245189";""
"2025-09-30";"1070001";"1041810";"ITC4";"S127";"6968778";""
"2025-09-30";"1070001";"1041810";"ITC4";"S129";"2788546";""
"2025-09-30";"1070001";"1041810";"ITC41";"450";"3453";""
"2025-09-30";"1070001";"1041810";"IT";"S13";"59391448";""
"2025-09-30";"1070001";"1041810";"ITC4";"S1311";"949886";""
"2025-09-30";"1070001";"1041810";"ITC4";"S11";"123733779";""
"2025-09-30";"1070001";"1041810";"IT";"S1314";"7602936";""
"2025-09-30";"1070001";"1041810";"ITC4";"S126";"11794215";""
"2025-09-30";"1070001";"1041810";"ITC4";"S12BI66";"19636712";""
"2025-09-30";"1070001";"1041810";"ITC4";"S1313";"2968084";""
"2025-09-30";"1070001";"1041810";"IT";"SBI59";"1876520148";""
"2025-09-30";"1070001";"1041810";"ITC41";"S12BI7";"211732";""
"2025-09-30";"1070001";"1041810";"IT";"S15";"37662968";""
"2025-09-30";"1070001";"1041810";"ITC41";"SBI9";"107535";""
"2025-09-30";"1070001";"1041810";"ITC4";"600";"234377942";""
"2025-09-30";"1070001";"1041810";"ITC4";"S12BI7";"61563572";""
"2025-09-30";"1070001";"1041810";"IT";"S11BI32";"367722870";""
"2025-09-30";"1070001";"1041810";"ITC41";"S12BI66";"2804";""
"2025-09-30";"1070001";"1041810";"ITC4";"SBI9";"1904182";""
"2025-09-30";"1070001";"1041810";"IT";"S11BI7";"9621827";""
"2025-09-30";"1070001";"1041810";"IT";"600";"1139731709";""
"2025-09-30";"1070001";"1041810";"IT";"S126";"19217208";""
"2025-09-30";"1070001";"1041810";"IT";"S124";"22679717";""
"2025-09-30";"1070001";"1041810";"ITC4";"S13";"3973206";""
"2025-09-30";"1070001";"1041810";"ITC4";"S15";"7335708";""
"2025-09-30";"1070001";"1041810";"ITC4";"S1314";"55236";""
"2025-09-30";"1070001";"1041810";"ITC41";"SBI59";"25804909";""
"2025-09-30";"1070001";"1041810";"ITC4";"450";"324931";""
"2025-09-30";"1070001";"1041810";"IT";"S12BI7";"125303968";""
"2025-09-30";"1070001";"1041810";"ITC4";"S11BI8";"3921438";""
"2025-09-30";"1070001";"1041810";"ITC41";"S11BI8";"256427";""
"2025-09-30";"1070001";"1041810";"ITC4";"S11BI32";"113615163";""
"2025-09-30";"1070001";"1041810";"ITC41";"S1314";"36";""
"2025-09-30";"1070001";"1041810";"ITC41";"600";"18702077";""
"2025-09-30";"1070001";"1041810";"ITC4";"S128";"3957315";""
"2025-09-30";"1070001";"1041810";"IT";"S14";"1226473490";""
"2025-08-31";"1070001";"1041810";"IT";"S11BI8";"21666508";""
"2025-08-31";"1070001";"1041810";"IT";"S14";"1226413338";""
"2025-08-31";"1070001";"1041810";"ITC4";"SBI9";"1797341";""
"2025-08-31";"1070001";"1041810";"IT";"S13";"60620695";""
"2025-08-31";"1070001";"1041810";"ITC4";"S11";"123573873";""
"2025-08-31";"1070001";"1041810";"ITC41";"S11BI7";"187687";""
"2025-08-31";"1070001";"1041810";"ITC41";"S129";"20";""
"2025-08-31";"1070001";"1041810";"ITC41";"S126";"53924";""
"2025-08-31";"1070001";"1041810";"ITC4";"S128";"3596507";""
"2025-08-31";"1070001";"1041810";"ITC41";"S11001";"143831";""
"2025-08-31";"1070001";"1041810";"ITC41";"S14";"19670878";""
"2025-08-31";"1070001";"1041810";"IT";"S124";"21232269";""
"2025-08-31";"1070001";"1041810";"IT";"S11BI7";"10152476";""
"2025-08-31";"1070001";"1041810";"ITC41";"SBI9";"107356";""
"2025-08-31";"1070001";"1041810";"IT";"S126";"18612721";""
"2025-08-31";"1070001";"1041810";"ITC41";"S127";"113564";""
"2025-08-31";"1070001";"1041810";"IT";"S128";"14758259";""
"2025-08-31";"1070001";"1041810";"IT";"S11";"427473231";""
"2025-08-31";"1070001";"1041810";"ITC41";"S15";"362011";""
"2025-08-31";"1070001";"1041810";"IT";"600";"1139149719";""
"2025-08-31";"1070001";"1041810";"ITC4";"600";"233494303";""
"2025-08-31";"1070001";"1041810";"ITC4";"S129";"2707492";""
"2025-08-31";"1070001";"1041810";"ITC4";"S13";"3789559";""
"2025-08-31";"1070001";"1041810";"ITC4";"S11BI8";"4048453";""
"2025-08-31";"1070001";"1041810";"ITC41";"S12BI7";"202075";""
"2025-08-31";"1070001";"1041810";"ITC4";"S1314";"58728";""
"2025-08-31";"1070001";"1041810";"ITC41";"SBI59";"25826731";""
"2025-08-31";"1070001";"1041810";"ITC4";"S12BI7";"57643254";""
"2025-08-31";"1070001";"1041810";"ITC4";"S11BI32";"113810806";""
"2025-08-31";"1070001";"1041810";"IT";"S15";"37251184";""
"2025-08-31";"1070001";"1041810";"ITC4";"S1313";"2779317";""
"2025-08-31";"1070001";"1041810";"IT";"S12BI7";"121294913";""
"2025-08-31";"1070001";"1041810";"ITC4";"S11001";"2883537";""
"2025-08-31";"1070001";"1041810";"ITC41";"S13";"102336";""
"2025-08-31";"1070001";"1041810";"ITC41";"S1311";"59524";""
"2025-08-31";"1070001";"1041810";"ITC41";"600";"18590225";""
"2025-08-31";"1070001";"1041810";"ITC41";"S1313";"42776";""
"2025-08-31";"1070001";"1041810";"ITC4";"S15";"7149829";""
"2025-08-31";"1070001";"1041810";"ITC4";"S124";"15089223";""
"2025-08-31";"1070001";"1041810";"ITC4";"S126";"10896673";""
"2025-08-31";"1070001";"1041810";"ITC41";"S11BI8";"262198";""
"2025-08-31";"1070001";"1041810";"IT";"450";"1084386";""
"2025-08-31";"1070001";"1041810";"ITC4";"450";"307682";""
"2025-08-31";"1070001";"1041810";"IT";"SBI9";"5007229";""
"2025-08-31";"1070001";"1041810";"IT";"S11BI32";"373618067";""
"2025-08-31";"1070001";"1041810";"IT";"SBI59";"1878060591";""
"2025-08-31";"1070001";"1041810";"ITC41";"S124";"31681";""
"2025-08-31";"1070001";"1041810";"ITC4";"S1311";"951513";""
"2025-08-31";"1070001";"1041810";"ITC41";"S1314";"36";""
"2025-08-31";"1070001";"1041810";"ITC4";"S12BI66";"18840927";""
"2025-08-31";"1070001";"1041810";"IT";"S127";"15426215";""
"2025-08-31";"1070001";"1041810";"ITC41";"S11";"5382074";""
"2025-08-31";"1070001";"1041810";"IT";"S14BI2";"87263619";""
"2025-08-31";"1070001";"1041810";"ITC4";"S14";"250581369";""
"2025-08-31";"1070001";"1041810";"ITC4";"SBI59";"444535225";""
"2025-08-31";"1070001";"1041810";"ITC41";"S11BI32";"4784971";""
"2025-08-31";"1070001";"1041810";"ITC41";"S14BI2";"1080653";""
"2025-08-31";"1070001";"1041810";"ITC4";"S127";"6512431";""
"2025-08-31";"1070001";"1041810";"ITC41";"S12BI66";"2887";""
"2025-08-31";"1070001";"1041810";"IT";"S129";"6980469";""
"2025-08-31";"1070001";"1041810";"IT";"S11001";"20951794";""
"2025-08-31";"1070001";"1041810";"IT";"S1311";"34039001";""
"2025-08-31";"1070001";"1041810";"IT";"S1314";"6999661";""
"2025-08-31";"1070001";"1041810";"IT";"S12BI66";"44284981";""
"2025-08-31";"1070001";"1041810";"ITC4";"S11BI7";"2523396";""
"2025-08-31";"1070001";"1041810";"ITC41";"450";"3388";""
"2025-08-31";"1070001";"1041810";"ITC4";"S14BI2";"17087066";""
"2025-08-31";"1070001";"1041810";"IT";"S1313";"19582033";""
"2025-07-31";"1070001";"1041810";"IT";"S129";"8703268";""
"2025-07-31";"1070001";"1041810";"ITC41";"SBI9";"106471";""
"2025-07-31";"1070001";"1041810";"ITC4";"600";"232419911";""
"2025-07-31";"1070001";"1041810";"ITC41";"450";"3281";""
"2025-07-31";"1070001";"1041810";"IT";"S14BI2";"87670344";""
"2025-07-31";"1070001";"1041810";"IT";"S13";"58572973";""
"2025-07-31";"1070001";"1041810";"ITC41";"S1311";"60625";""
"2025-07-31";"1070001";"1041810";"IT";"S12BI66";"45201679";""
"2025-07-31";"1070001";"1041810";"ITC4";"S11BI7";"2480993";""
"2025-07-31";"1070001";"1041810";"ITC4";"S129";"2943156";""
"2025-07-31";"1070001";"1041810";"ITC41";"S124";"37730";""
"2025-07-31";"1070001";"1041810";"IT";"S124";"22921065";""
"2025-07-31";"1070001";"1041810";"ITC4";"S11001";"3081443";""
"2025-07-31";"1070001";"1041810";"ITC4";"S14BI2";"17310993";""
"2025-07-31";"1070001";"1041810";"ITC41";"S127";"123049";""
"2025-07-31";"1070001";"1041810";"IT";"S1313";"19169400";""
"2025-07-31";"1070001";"1041810";"ITC4";"SBI59";"443882904";""
"2025-07-31";"1070001";"1041810";"IT";"600";"1132497355";""
"2025-07-31";"1070001";"1041810";"IT";"S1311";"33038789";""
"2025-07-31";"1070001";"1041810";"ITC41";"S14BI2";"1101607";""
"2025-07-31";"1070001";"1041810";"ITC4";"S124";"16182856";""
"2025-07-31";"1070001";"1041810";"IT";"S127";"16865739";""
"2025-07-31";"1070001";"1041810";"ITC41";"S129";"20";""
"2025-07-31";"1070001";"1041810";"IT";"S15";"36701157";""
"2025-07-31";"1070001";"1041810";"ITC4";"450";"309476";""
"2025-07-31";"1070001";"1041810";"IT";"S14";"1220167699";""
"2025-07-31";"1070001";"1041810";"ITC4";"S1311";"962843";""
"2025-07-31";"1070001";"1041810";"IT";"S12BI7";"128300526";""
"2025-07-31";"1070001";"1041810";"ITC4";"S13";"3788730";""
"2025-07-31";"1070001";"1041810";"ITC41";"S12BI7";"230514";""
"2025-07-31";"1070001";"1041810";"IT";"S11";"413518672";""
"2025-07-31";"1070001";"1041810";"IT";"S128";"15265643";""
"2025-07-31";"1070001";"1041810";"ITC41";"S11001";"139835";""
"2025-07-31";"1070001";"1041810";"ITC41";"S12BI66";"2670";""
"2025-07-31";"1070001";"1041810";"ITC41";"S15";"353146";""
"2025-07-31";"1070001";"1041810";"ITC41";"S11BI8";"261452";""
"2025-07-31";"1070001";"1041810";"ITC4";"S15";"7066026";""
"2025-07-31";"1070001";"1041810";"ITC41";"S1313";"43742";""
"2025-07-31";"1070001";"1041810";"ITC4";"S12BI66";"19090879";""
"2025-07-31";"1070001";"1041810";"IT";"SBI59";"1862657956";""
"2025-07-31";"1070001";"1041810";"ITC4";"S12BI7";"61115206";""
"2025-07-31";"1070001";"1041810";"ITC4";"S14";"249730903";""
"2025-07-31";"1070001";"1041810";"ITC41";"S14";"19583957";""
"2025-07-31";"1070001";"1041810";"ITC4";"S11";"120305535";""
"2025-07-31";"1070001";"1041810";"ITC4";"S11BI32";"110479734";""
"2025-07-31";"1070001";"1041810";"IT";"SBI9";"5396928";""
"2025-07-31";"1070001";"1041810";"IT";"450";"1080359";""
"2025-07-31";"1070001";"1041810";"ITC41";"SBI59";"25552496";""
"2025-07-31";"1070001";"1041810";"ITC4";"S127";"7707953";""
"2025-07-31";"1070001";"1041810";"ITC41";"S11BI7";"185247";""
"2025-07-31";"1070001";"1041810";"ITC41";"S13";"104399";""
"2025-07-31";"1070001";"1041810";"ITC4";"S128";"3929151";""
"2025-07-31";"1070001";"1041810";"IT";"S11001";"21483700";""
"2025-07-31";"1070001";"1041810";"ITC41";"S11BI32";"4584194";""
"2025-07-31";"1070001";"1041810";"IT";"S126";"19343134";""
"2025-07-31";"1070001";"1041810";"IT";"S11BI8";"20475610";""
"2025-07-31";"1070001";"1041810";"ITC41";"600";"18482349";""
"2025-07-31";"1070001";"1041810";"ITC41";"S11";"5174009";""
"2025-07-31";"1070001";"1041810";"ITC41";"S126";"67045";""
"2025-07-31";"1070001";"1041810";"ITC4";"S1314";"55598";""
"2025-07-31";"1070001";"1041810";"ITC4";"S126";"11261211";""
"2025-07-31";"1070001";"1041810";"IT";"S1314";"6364783";""
"2025-07-31";"1070001";"1041810";"ITC4";"S1313";"2770289";""
"2025-07-31";"1070001";"1041810";"ITC41";"S1314";"32";""
"2025-07-31";"1070001";"1041810";"IT";"S11BI7";"9852319";""
"2025-07-31";"1070001";"1041810";"ITC4";"SBI9";"1876505";""
"2025-07-31";"1070001";"1041810";"ITC4";"S11BI8";"3953889";""
"2025-07-31";"1070001";"1041810";"IT";"S11BI32";"360626684";""
"2025-06-30";"1070001";"1041810";"ITC4";"SBI9";"2062937";""
"2025-06-30";"1070001";"1041810";"IT";"SBI59";"1864237772";""
"2025-06-30";"1070001";"1041810";"ITC41";"S11BI8";"261086";""
"2025-06-30";"1070001";"1041810";"ITC41";"S14";"19545205";""
"2025-06-30";"1070001";"1041810";"ITC41";"450";"3345";""
"2025-06-30";"1070001";"1041810";"IT";"S126";"20507992";""
"2025-06-30";"1070001";"1041810";"ITC4";"S12BI7";"62419400";""
"2025-06-30";"1070001";"1041810";"ITC41";"600";"18442599";""
"2025-06-30";"1070001";"1041810";"IT";"S11BI8";"20182049";""
"2025-06-30";"1070001";"1041810";"ITC4";"S11BI32";"110598057";""
"2025-06-30";"1070001";"1041810";"ITC41";"S14BI2";"1102606";""
"2025-06-30";"1070001";"1041810";"IT";"S11001";"23803250";""
"2025-06-30";"1070001";"1041810";"ITC4";"S128";"3379946";""
"2025-06-30";"1070001";"1041810";"ITC4";"S1314";"47986";""
"2025-06-30";"1070001";"1041810";"IT";"S14BI2";"87073711";""
"2025-06-30";"1070001";"1041810";"ITC4";"600";"232259821";""
"2025-06-30";"1070001";"1041810";"IT";"S11BI32";"360855593";""
"2025-06-30";"1070001";"1041810";"ITC41";"S11BI32";"4560601";""
"2025-06-30";"1070001";"1041810";"ITC41";"S124";"33397";""
"2025-06-30";"1070001";"1041810";"ITC4";"S129";"2651925";""
"2025-06-30";"1070001";"1041810";"ITC41";"SBI59";"25510853";""
"2025-06-30";"1070001";"1041810";"IT";"S15";"36788003";""
"2025-06-30";"1070001";"1041810";"IT";"S1313";"19667433";""
"2025-06-30";"1070001";"1041810";"ITC4";"SBI59";"446620112";""
"2025-06-30";"1070001";"1041810";"IT";"S11";"415578030";""
"2025-06-30";"1070001";"1041810";"IT";"S12BI7";"130722613";""
"2025-06-30";"1070001";"1041810";"ITC41";"S126";"63961";""
"2025-06-30";"1070001";"1041810";"ITC4";"S11";"121645337";""
"2025-06-30";"1070001";"1041810";"IT";"S124";"23306555";""
"2025-06-30";"1070001";"1041810";"IT";"S12BI66";"47543117";""
"2025-06-30";"1070001";"1041810";"ITC4";"S127";"6988385";""
"2025-06-30";"1070001";"1041810";"ITC4";"S1311";"936502";""
"2025-06-30";"1070001";"1041810";"IT";"S128";"14740960";""
"2025-06-30";"1070001";"1041810";"ITC4";"S15";"7183931";""
"2025-06-30";"1070001";"1041810";"IT";"S1314";"6824851";""
"2025-06-30";"1070001";"1041810";"ITC41";"S12BI66";"3455";""
"2025-06-30";"1070001";"1041810";"ITC41";"S12BI7";"231663";""
"2025-06-30";"1070001";"1041810";"IT";"S11BI7";"9710764";""
"2025-06-30";"1070001";"1041810";"ITC41";"S11001";"152659";""
"2025-06-30";"1070001";"1041810";"ITC4";"S126";"12004853";""
"2025-06-30";"1070001";"1041810";"ITC4";"S14BI2";"17253294";""
"2025-06-30";"1070001";"1041810";"ITC41";"S15";"355044";""
"2025-06-30";"1070001";"1041810";"ITC4";"S13";"3795393";""
"2025-06-30";"1070001";"1041810";"ITC4";"450";"310397";""
"2025-06-30";"1070001";"1041810";"ITC41";"S1313";"45185";""
"2025-06-30";"1070001";"1041810";"ITC4";"S11BI8";"4019184";""
"2025-06-30";"1070001";"1041810";"ITC41";"S13";"107623";""
"2025-06-30";"1070001";"1041810";"ITC41";"S11";"5163152";""
"2025-06-30";"1070001";"1041810";"ITC4";"S1313";"2810904";""
"2025-06-30";"1070001";"1041810";"ITC41";"S129";"20";""
"2025-06-30";"1070001";"1041810";"IT";"S1311";"33249037";""
"2025-06-30";"1070001";"1041810";"IT";"SBI9";"5360789";""
"2025-06-30";"1070001";"1041810";"ITC41";"SBI9";"108166";""
"2025-06-30";"1070001";"1041810";"IT";"600";"1128973305";""
"2025-06-30";"1070001";"1041810";"IT";"S13";"59741321";""
"2025-06-30";"1070001";"1041810";"IT";"450";"1026374";""
"2025-06-30";"1070001";"1041810";"ITC4";"S12BI66";"20627337";""
"2025-06-30";"1070001";"1041810";"IT";"S127";"16109382";""
"2025-06-30";"1070001";"1041810";"ITC41";"S1311";"62408";""
"2025-06-30";"1070001";"1041810";"ITC4";"S14";"249513116";""
"2025-06-30";"1070001";"1041810";"ITC4";"S11BI7";"2451988";""
"2025-06-30";"1070001";"1041810";"ITC41";"S1314";"29";""
"2025-06-30";"1070001";"1041810";"ITC4";"S124";"16766953";""
"2025-06-30";"1070001";"1041810";"ITC4";"S11001";"4265711";""
"2025-06-30";"1070001";"1041810";"IT";"S14";"1216047016";""
"2025-06-30";"1070001";"1041810";"ITC41";"S11BI7";"185461";""
"2025-06-30";"1070001";"1041810";"ITC41";"S127";"130831";""
"2025-06-30";"1070001";"1041810";"IT";"S129";"8514608";""
"2025-05-31";"1070001";"1041810";"ITC4";"S129";"3050047";""
"2025-05-31";"1070001";"1041810";"IT";"S12BI7";"133977665";""
"2025-05-31";"1070001";"1041810";"ITC4";"S12BI66";"18929623";""
"2025-05-31";"1070001";"1041810";"ITC4";"S1311";"970175";""
"2025-05-31";"1070001";"1041810";"ITC41";"S1311";"63695";""
"2025-05-31";"1070001";"1041810";"IT";"S11";"432282739";""
"2025-05-31";"1070001";"1041810";"IT";"S15";"36645826";""
"2025-05-31";"1070001";"1041810";"ITC41";"600";"18615048";""
"2025-05-31";"1070001";"1041810";"ITC41";"S11BI32";"4992149";""
"2025-05-31";"1070001";"1041810";"IT";"S1311";"30584667";""
"2025-05-31";"1070001";"1041810";"ITC41";"SBI9";"117673";""
"2025-05-31";"1070001";"1041810";"ITC41";"S11001";"160741";""
"2025-05-31";"1070001";"1041810";"ITC4";"S127";"7557383";""
"2025-05-31";"1070001";"1041810";"ITC4";"S11BI7";"2597913";""
"2025-05-31";"1070001";"1041810";"ITC41";"S126";"62232";""
"2025-05-31";"1070001";"1041810";"ITC41";"S14BI2";"1102148";""
"2025-05-31";"1070001";"1041810";"ITC4";"S13";"3778874";""
"2025-05-31";"1070001";"1041810";"ITC4";"S14";"250670738";""
"2025-05-31";"1070001";"1041810";"ITC4";"S126";"13105492";""
"2025-05-31";"1070001";"1041810";"ITC41";"S1314";"29";""
"2025-05-31";"1070001";"1041810";"IT";"S127";"16522463";""
"2025-05-31";"1070001";"1041810";"ITC4";"SBI9";"1901882";""
"2025-05-31";"1070001";"1041810";"ITC41";"S129";"20";""
"2025-05-31";"1070001";"1041810";"ITC41";"S12BI66";"3496";""
"2025-05-31";"1070001";"1041810";"ITC4";"S11";"128724898";""
"2025-05-31";"1070001";"1041810";"ITC4";"450";"295605";""
"2025-05-31";"1070001";"1041810";"IT";"S11BI32";"376134025";""
"2025-05-31";"1070001";"1041810";"IT";"SBI9";"5078217";""
"2025-05-31";"1070001";"1041810";"IT";"SBI59";"1885488505";""
"2025-05-31";"1070001";"1041810";"IT";"S13";"56679028";""
"2025-05-31";"1070001";"1041810";"ITC4";"S11001";"4467800";""
"2025-05-31";"1070001";"1041810";"IT";"S128";"19304366";""
"2025-05-31";"1070001";"1041810";"ITC4";"600";"233247491";""
"2025-05-31";"1070001";"1041810";"IT";"S12BI66";"45100641";""
"2025-05-31";"1070001";"1041810";"ITC41";"S11BI7";"196480";""
"2025-05-31";"1070001";"1041810";"ITC41";"450";"3419";""
"2025-05-31";"1070001";"1041810";"ITC41";"S14";"19717195";""
"2025-05-31";"1070001";"1041810";"ITC41";"S124";"41191";""
"2025-05-31";"1070001";"1041810";"ITC41";"SBI59";"26160184";""
"2025-05-31";"1070001";"1041810";"IT";"S14";"1220825030";""
"2025-05-31";"1070001";"1041810";"ITC41";"S127";"123087";""
"2025-05-31";"1070001";"1041810";"IT";"600";"1133835680";""
"2025-05-31";"1070001";"1041810";"ITC4";"SBI59";"457275092";""
"2025-05-31";"1070001";"1041810";"IT";"S124";"23302612";""
"2025-05-31";"1070001";"1041810";"IT";"S1314";"7317255";""
"2025-05-31";"1070001";"1041810";"ITC4";"S128";"4937912";""
"2025-05-31";"1070001";"1041810";"ITC41";"S11BI8";"273891";""
"2025-05-31";"1070001";"1041810";"ITC4";"S12BI7";"64927347";""
"2025-05-31";"1070001";"1041810";"ITC41";"S11";"5626680";""
"2025-05-31";"1070001";"1041810";"ITC41";"S13";"110264";""
"2025-05-31";"1070001";"1041810";"ITC4";"S14BI2";"17423247";""
"2025-05-31";"1070001";"1041810";"IT";"S11BI7";"10220909";""
"2025-05-31";"1070001";"1041810";"ITC41";"S12BI7";"230025";""
"2025-05-31";"1070001";"1041810";"IT";"S14BI2";"86989350";""
"2025-05-31";"1070001";"1041810";"IT";"S11001";"24064163";""
"2025-05-31";"1070001";"1041810";"ITC4";"S1314";"52201";""
"2025-05-31";"1070001";"1041810";"ITC4";"S15";"7271353";""
"2025-05-31";"1070001";"1041810";"ITC4";"S1313";"2756499";""
"2025-05-31";"1070001";"1041810";"ITC4";"S124";"17346889";""
"2025-05-31";"1070001";"1041810";"ITC4";"S11BI32";"117124333";""
"2025-05-31";"1070001";"1041810";"IT";"S129";"7699674";""
"2025-05-31";"1070001";"1041810";"ITC41";"S15";"358347";""
"2025-05-31";"1070001";"1041810";"ITC4";"S11BI8";"4239246";""
"2025-05-31";"1070001";"1041810";"IT";"450";"1018768";""
"2025-05-31";"1070001";"1041810";"IT";"S1313";"18777106";""
"2025-05-31";"1070001";"1041810";"ITC41";"S1313";"46539";""
"2025-05-31";"1070001";"1041810";"IT";"S11BI8";"20844875";""
"2025-05-31";"1070001";"1041810";"IT";"S126";"22047909";""
"2025-04-30";"1070001";"1041810";"IT";"S1311";"28863820";""
"2025-04-30";"1070001";"1041810";"ITC4";"S14BI2";"16790220";""
"2025-04-30";"1070001";"1041810";"ITC41";"600";"18402926";""
"2025-04-30";"1070001";"1041810";"ITC41";"S13";"105805";""
"2025-04-30";"1070001";"1041810";"IT";"450";"1082848";""
"2025-04-30";"1070001";"1041810";"IT";"S11BI7";"9359725";""
"2025-04-30";"1070001";"1041810";"ITC41";"S124";"41829";""
"2025-04-30";"1070001";"1041810";"ITC4";"600";"230238675";""
"2025-04-30";"1070001";"1041810";"IT";"S127";"15411078";""
"2025-04-30";"1070001";"1041810";"ITC41";"S14BI2";"1077642";""
"2025-04-30";"1070001";"1041810";"ITC4";"S11BI8";"3949985";""
"2025-04-30";"1070001";"1041810";"ITC4";"S1313";"1894171";""
"2025-04-30";"1070001";"1041810";"ITC4";"SBI9";"2002473";""
"2025-04-30";"1070001";"1041810";"IT";"600";"1125124670";""
"2025-04-30";"1070001";"1041810";"IT";"S128";"18599819";""
"2025-04-30";"1070001";"1041810";"ITC4";"S1314";"104848";""
"2025-04-30";"1070001";"1041810";"IT";"S126";"21318598";""
"2025-04-30";"1070001";"1041810";"ITC4";"S11001";"5181881";""
"2025-04-30";"1070001";"1041810";"IT";"S129";"8888650";""
"2025-04-30";"1070001";"1041810";"IT";"S11BI32";"355173008";""
"2025-04-30";"1070001";"1041810";"IT";"S1313";"18201883";""
"2025-04-30";"1070001";"1041810";"ITC4";"S15";"7311754";""
"2025-04-30";"1070001";"1041810";"ITC41";"S14";"19480568";""
"2025-04-30";"1070001";"1041810";"ITC41";"S12BI66";"3382";""
"2025-04-30";"1070001";"1041810";"ITC41";"S126";"57972";""
"2025-04-30";"1070001";"1041810";"ITC41";"S11BI8";"255472";""
"2025-04-30";"1070001";"1041810";"ITC41";"S129";"20";""
"2025-04-30";"1070001";"1041810";"IT";"S12BI7";"130594382";""
"2025-04-30";"1070001";"1041810";"ITC41";"SBI9";"125551";""
"2025-04-30";"1070001";"1041810";"ITC4";"SBI59";"445470357";""
"2025-04-30";"1070001";"1041810";"ITC41";"S12BI7";"220975";""
"2025-04-30";"1070001";"1041810";"ITC4";"S12BI66";"18118409";""
"2025-04-30";"1070001";"1041810";"ITC41";"S1313";"41682";""
"2025-04-30";"1070001";"1041810";"ITC4";"S11BI32";"110951729";""
"2025-04-30";"1070001";"1041810";"ITC4";"S129";"3418280";""
"2025-04-30";"1070001";"1041810";"IT";"S14";"1210098992";""
"2025-04-30";"1070001";"1041810";"ITC4";"S124";"17433860";""
"2025-04-30";"1070001";"1041810";"IT";"S13";"54706360";""
"2025-04-30";"1070001";"1041810";"ITC4";"450";"318382";""
"2025-04-30";"1070001";"1041810";"ITC4";"S11BI7";"2362754";""
"2025-04-30";"1070001";"1041810";"IT";"S12BI66";"42985816";""
"2025-04-30";"1070001";"1041810";"IT";"S1314";"7640657";""
"2025-04-30";"1070001";"1041810";"ITC41";"S11BI32";"4556522";""
"2025-04-30";"1070001";"1041810";"ITC41";"S11";"5120144";""
"2025-04-30";"1070001";"1041810";"ITC4";"S126";"13165621";""
"2025-04-30";"1070001";"1041810";"ITC41";"S11BI7";"178294";""
"2025-04-30";"1070001";"1041810";"ITC4";"S127";"7005018";""
"2025-04-30";"1070001";"1041810";"IT";"S15";"36253779";""
"2025-04-30";"1070001";"1041810";"ITC41";"S127";"117772";""
"2025-04-30";"1070001";"1041810";"ITC41";"S11001";"126485";""
"2025-04-30";"1070001";"1041810";"IT";"S124";"23390421";""
"2025-04-30";"1070001";"1041810";"IT";"SBI9";"5225639";""
"2025-04-30";"1070001";"1041810";"IT";"SBI59";"1846063606";""
"2025-04-30";"1070001";"1041810";"IT";"S11BI8";"19455928";""
"2025-04-30";"1070001";"1041810";"ITC41";"SBI59";"25409372";""
"2025-04-30";"1070001";"1041810";"ITC41";"450";"3371";""
"2025-04-30";"1070001";"1041810";"ITC41";"S15";"356329";""
"2025-04-30";"1070001";"1041810";"ITC4";"S1311";"959525";""
"2025-04-30";"1070001";"1041810";"ITC4";"S128";"4262773";""
"2025-04-30";"1070001";"1041810";"ITC4";"S14";"247028894";""
"2025-04-30";"1070001";"1041810";"ITC4";"S13";"2958544";""
"2025-04-30";"1070001";"1041810";"ITC41";"S1311";"64096";""
"2025-04-30";"1070001";"1041810";"ITC4";"S11";"122764730";""
"2025-04-30";"1070001";"1041810";"IT";"S14BI2";"84974322";""
"2025-04-30";"1070001";"1041810";"ITC41";"S1314";"27";""
"2025-04-30";"1070001";"1041810";"IT";"S11";"409184453";""
"2025-04-30";"1070001";"1041810";"IT";"S11001";"24112944";""
"2025-04-30";"1070001";"1041810";"ITC4";"S12BI7";"63403961";""
"2025-03-31";"1070001";"1041810";"ITC4";"S15";"7188438";""
"2025-03-31";"1070001";"1041810";"ITC4";"450";"328887";""
"2025-03-31";"1070001";"1041810";"IT";"450";"1074177";""
"2025-03-31";"1070001";"1041810";"IT";"S129";"7733732";""
"2025-03-31";"1070001";"1041810";"ITC41";"S13";"111523";""
"2025-03-31";"1070001";"1041810";"ITC4";"SBI59";"449499926";""
"2025-03-31";"1070001";"1041810";"ITC41";"SBI9";"125263";""
"2025-03-31";"1070001";"1041810";"ITC4";"S1311";"968780";""
"2025-03-31";"1070001";"1041810";"IT";"S13";"55091720";""
"2025-03-31";"1070001";"1041810";"ITC4";"S13";"2893608";""
"2025-03-31";"1070001";"1041810";"ITC41";"S12BI66";"4020";""
"2025-03-31";"1070001";"1041810";"ITC4";"S14BI2";"16430843";""
"2025-03-31";"1070001";"1041810";"ITC41";"600";"18383180";""
"2025-03-31";"1070001";"1041810";"ITC4";"S11BI7";"2301062";""
"2025-03-31";"1070001";"1041810";"ITC41";"S1314";"29";""
"2025-03-31";"1070001";"1041810";"ITC4";"S12BI66";"18573047";""
"2025-03-31";"1070001";"1041810";"ITC41";"S11";"5117776";""
"2025-03-31";"1070001";"1041810";"ITC4";"S14";"249166248";""
"2025-03-31";"1070001";"1041810";"IT";"S11BI32";"353984427";""
"2025-03-31";"1070001";"1041810";"IT";"600";"1127134436";""
"2025-03-31";"1070001";"1041810";"ITC4";"S129";"2694718";""
"2025-03-31";"1070001";"1041810";"ITC4";"S1314";"67289";""
"2025-03-31";"1070001";"1041810";"ITC4";"S128";"6014755";""
"2025-03-31";"1070001";"1041810";"ITC4";"S124";"17907390";""
"2025-03-31";"1070001";"1041810";"ITC41";"S129";"20";""
"2025-03-31";"1070001";"1041810";"IT";"S11BI8";"18800399";""
"2025-03-31";"1070001";"1041810";"IT";"S1314";"7229310";""
"2025-03-31";"1070001";"1041810";"IT";"S128";"18453397";""
"2025-03-31";"1070001";"1041810";"IT";"SBI9";"5317547";""
"2025-03-31";"1070001";"1041810";"IT";"S11001";"29509141";""
"2025-03-31";"1070001";"1041810";"IT";"S11";"412453498";""
"2025-03-31";"1070001";"1041810";"ITC41";"S14";"19428627";""
"2025-03-31";"1070001";"1041810";"ITC4";"600";"232735405";""
"2025-03-31";"1070001";"1041810";"IT";"S1313";"18024118";""
"2025-03-31";"1070001";"1041810";"ITC4";"S12BI7";"64547298";""
"2025-03-31";"1070001";"1041810";"ITC4";"S126";"12854941";""
"2025-03-31";"1070001";"1041810";"IT";"S124";"23845397";""
"2025-03-31";"1070001";"1041810";"ITC4";"S11";"123757525";""
"2025-03-31";"1070001";"1041810";"IT";"S12BI7";"130180310";""
"2025-03-31";"1070001";"1041810";"IT";"S14";"1210305310";""
"2025-03-31";"1070001";"1041810";"ITC4";"S1313";"1857539";""
"2025-03-31";"1070001";"1041810";"ITC41";"S124";"35392";""
"2025-03-31";"1070001";"1041810";"ITC4";"S11001";"6931842";""
"2025-03-31";"1070001";"1041810";"ITC41";"S15";"374788";""
"2025-03-31";"1070001";"1041810";"ITC41";"S1313";"43803";""
"2025-03-31";"1070001";"1041810";"ITC41";"450";"3232";""
"2025-03-31";"1070001";"1041810";"ITC4";"S11BI8";"3776203";""
"2025-03-31";"1070001";"1041810";"IT";"S126";"20954945";""
"2025-03-31";"1070001";"1041810";"ITC4";"S11BI32";"110419531";""
"2025-03-31";"1070001";"1041810";"ITC41";"S11BI32";"4563587";""
"2025-03-31";"1070001";"1041810";"ITC41";"S11BI7";"172614";""
"2025-03-31";"1070001";"1041810";"ITC41";"S1311";"67691";""
"2025-03-31";"1070001";"1041810";"ITC41";"SBI59";"25381216";""
"2025-03-31";"1070001";"1041810";"ITC41";"S126";"57589";""
"2025-03-31";"1070001";"1041810";"ITC41";"S11BI8";"248705";""
"2025-03-31";"1070001";"1041810";"IT";"S14BI2";"83170874";""
"2025-03-31";"1070001";"1041810";"ITC41";"S11001";"129638";""
"2025-03-31";"1070001";"1041810";"IT";"S12BI66";"44336630";""
"2025-03-31";"1070001";"1041810";"ITC41";"S12BI7";"223239";""
"2025-03-31";"1070001";"1041810";"IT";"S11BI7";"9085354";""
"2025-03-31";"1070001";"1041810";"ITC4";"SBI9";"1946809";""
"2025-03-31";"1070001";"1041810";"IT";"S127";"14856208";""
"2025-03-31";"1070001";"1041810";"ITC4";"S127";"6502446";""
"2025-03-31";"1070001";"1041810";"IT";"SBI59";"1849497701";""
"2025-03-31";"1070001";"1041810";"ITC41";"S14BI2";"1045447";""
"2025-03-31";"1070001";"1041810";"IT";"S1311";"29838291";""
"2025-03-31";"1070001";"1041810";"IT";"S15";"36149316";""
"2025-03-31";"1070001";"1041810";"ITC41";"S127";"126218";""
"2025-02-28";"1070001";"1041810";"IT";"S126";"21386076";""
"2025-02-28";"1070001";"1041810";"ITC4";"S126";"12618753";""
"2025-02-28";"1070001";"1041810";"IT";"S11";"401701713";""
"2025-02-28";"1070001";"1041810";"ITC41";"S11BI32";"4470332";""
"2025-02-28";"1070001";"1041810";"ITC41";"S11BI7";"169723";""
"2025-02-28";"1070001";"1041810";"IT";"S1314";"7839090";""
"2025-02-28";"1070001";"1041810";"ITC4";"S11001";"4344767";""
"2025-02-28";"1070001";"1041810";"ITC4";"S14";"245670042";""
"2025-02-28";"1070001";"1041810";"ITC41";"S1314";"31";""
"2025-02-28";"1070001";"1041810";"ITC4";"S11BI32";"109559051";""
"2025-02-28";"1070001";"1041810";"ITC4";"SBI9";"1809142";""
"2025-02-28";"1070001";"1041810";"ITC41";"600";"18345053";""
"2025-02-28";"1070001";"1041810";"IT";"S1313";"17865676";""
"2025-02-28";"1070001";"1041810";"IT";"S12BI66";"44232514";""
"2025-02-28";"1070001";"1041810";"IT";"S129";"6623765";""
"2025-02-28";"1070001";"1041810";"IT";"S127";"15475248";""
"2025-02-28";"1070001";"1041810";"ITC41";"S13";"113911";""
"2025-02-28";"1070001";"1041810";"IT";"S14BI2";"82210082";""
"2025-02-28";"1070001";"1041810";"IT";"S128";"16039830";""
"2025-02-28";"1070001";"1041810";"ITC41";"S11001";"136591";""
"2025-02-28";"1070001";"1041810";"ITC41";"S14";"19373843";""
"2025-02-28";"1070001";"1041810";"ITC41";"S129";"15";""
"2025-02-28";"1070001";"1041810";"ITC41";"S15";"371452";""
"2025-02-28";"1070001";"1041810";"ITC4";"S1313";"1895056";""
"2025-02-28";"1070001";"1041810";"ITC4";"S12BI66";"17891365";""
"2025-02-28";"1070001";"1041810";"IT";"SBI59";"1831016393";""
"2025-02-28";"1070001";"1041810";"IT";"S11BI7";"8947516";""
"2025-02-28";"1070001";"1041810";"ITC4";"S12BI7";"61301564";""
"2025-02-28";"1070001";"1041810";"ITC41";"SBI59";"25233479";""
"2025-02-28";"1070001";"1041810";"ITC4";"S11BI7";"2247983";""
"2025-02-28";"1070001";"1041810";"ITC4";"S1311";"975264";""
"2025-02-28";"1070001";"1041810";"IT";"SBI9";"5147885";""
"2025-02-28";"1070001";"1041810";"IT";"S15";"36123594";""
"2025-02-28";"1070001";"1041810";"ITC4";"S11BI8";"3715035";""
"2025-02-28";"1070001";"1041810";"ITC41";"450";"3108";""
"2025-02-28";"1070001";"1041810";"ITC41";"S1311";"67652";""
"2025-02-28";"1070001";"1041810";"ITC4";"S15";"7262839";""
"2025-02-28";"1070001";"1041810";"ITC4";"600";"229465085";""
"2025-02-28";"1070001";"1041810";"ITC4";"S129";"2532467";""
"2025-02-28";"1070001";"1041810";"IT";"S124";"23455369";""
"2025-02-28";"1070001";"1041810";"ITC41";"S12BI66";"3182";""
"2025-02-28";"1070001";"1041810";"IT";"S11001";"24203053";""
"2025-02-28";"1070001";"1041810";"IT";"450";"1063382";""
"2025-02-28";"1070001";"1041810";"ITC4";"SBI59";"439148007";""
"2025-02-28";"1070001";"1041810";"ITC4";"S124";"17617648";""
"2025-02-28";"1070001";"1041810";"ITC4";"S13";"2945151";""
"2025-02-28";"1070001";"1041810";"ITC4";"S128";"3884506";""
"2025-02-28";"1070001";"1041810";"ITC4";"S127";"6756827";""
"2025-02-28";"1070001";"1041810";"ITC4";"450";"292432";""
"2025-02-28";"1070001";"1041810";"IT";"S11BI32";"349013180";""
"2025-02-28";"1070001";"1041810";"ITC4";"S14BI2";"16204957";""
"2025-02-28";"1070001";"1041810";"IT";"S13";"55147987";""
"2025-02-28";"1070001";"1041810";"ITC41";"S1313";"46229";""
"2025-02-28";"1070001";"1041810";"IT";"S14";"1205682412";""
"2025-02-28";"1070001";"1041810";"ITC41";"S12BI7";"225579";""
"2025-02-28";"1070001";"1041810";"ITC41";"S124";"43564";""
"2025-02-28";"1070001";"1041810";"ITC41";"S126";"53926";""
"2025-02-28";"1070001";"1041810";"ITC41";"S11BI8";"239759";""
"2025-02-28";"1070001";"1041810";"IT";"S11BI8";"18474582";""
"2025-02-28";"1070001";"1041810";"IT";"S1311";"29443221";""
"2025-02-28";"1070001";"1041810";"ITC41";"S11";"5019513";""
"2025-02-28";"1070001";"1041810";"ITC4";"S1314";"74830";""
"2025-02-28";"1070001";"1041810";"IT";"S12BI7";"127212802";""
"2025-02-28";"1070001";"1041810";"ITC41";"S14BI2";"1028790";""
"2025-02-28";"1070001";"1041810";"IT";"600";"1123472330";""
"2025-02-28";"1070001";"1041810";"ITC41";"S127";"124892";""
"2025-02-28";"1070001";"1041810";"ITC4";"S11";"120159268";""
"2025-02-28";"1070001";"1041810";"ITC41";"SBI9";"129181";""
"2025-01-31";"1070001";"1041810";"ITC4";"SBI9";"2260728";""
"2025-01-31";"1070001";"1041810";"ITC41";"600";"18489144";""
"2025-01-31";"1070001";"1041810";"IT";"S11";"401861356";""
"2025-01-31";"1070001";"1041810";"ITC4";"S11";"120238478";""
"2025-01-31";"1070001";"1041810";"IT";"S12BI7";"129814592";""
"2025-01-31";"1070001";"1041810";"ITC4";"S1314";"73964";""
"2025-01-31";"1070001";"1041810";"ITC41";"S1313";"48709";""
"2025-01-31";"1070001";"1041810";"IT";"S1313";"17687223";""
"2025-01-31";"1070001";"1041810";"IT";"S1314";"7867852";""
"2025-01-31";"1070001";"1041810";"ITC4";"S12BI66";"18295458";""
"2025-01-31";"1070001";"1041810";"ITC4";"S11001";"4725768";""
"2025-01-31";"1070001";"1041810";"ITC4";"S14BI2";"16125651";""
"2025-01-31";"1070001";"1041810";"IT";"S11BI7";"9056279";""
"2025-01-31";"1070001";"1041810";"IT";"600";"1129331482";""
"2025-01-31";"1070001";"1041810";"IT";"S128";"15710846";""
"2025-01-31";"1070001";"1041810";"ITC4";"S12BI7";"63353066";""
"2025-01-31";"1070001";"1041810";"ITC41";"S127";"129903";""
"2025-01-31";"1070001";"1041810";"IT";"S1311";"25589418";""
"2025-01-31";"1070001";"1041810";"ITC4";"S128";"3732847";""
"2025-01-31";"1070001";"1041810";"IT";"S124";"23259795";""
"2025-01-31";"1070001";"1041810";"ITC41";"S11BI7";"171609";""
"2025-01-31";"1070001";"1041810";"IT";"S12BI66";"44086930";""
"2025-01-31";"1070001";"1041810";"IT";"450";"1015408";""
"2025-01-31";"1070001";"1041810";"IT";"S129";"8688061";""
"2025-01-31";"1070001";"1041810";"ITC4";"S127";"6769632";""
"2025-01-31";"1070001";"1041810";"ITC41";"SBI59";"25406314";""
"2025-01-31";"1070001";"1041810";"ITC4";"S1311";"958364";""
"2025-01-31";"1070001";"1041810";"ITC41";"S14BI2";"1022832";""
"2025-01-31";"1070001";"1041810";"ITC4";"SBI59";"443497651";""
"2025-01-31";"1070001";"1041810";"ITC4";"S14";"247295309";""
"2025-01-31";"1070001";"1041810";"ITC4";"450";"259059";""
"2025-01-31";"1070001";"1041810";"ITC41";"S12BI7";"232808";""
"2025-01-31";"1070001";"1041810";"IT";"S11BI8";"18453370";""
"2025-01-31";"1070001";"1041810";"IT";"SBI9";"5601269";""
"2025-01-31";"1070001";"1041810";"ITC41";"S1311";"59530";""
"2025-01-31";"1070001";"1041810";"ITC4";"S15";"7477012";""
"2025-01-31";"1070001";"1041810";"ITC4";"S129";"3727208";""
"2025-01-31";"1070001";"1041810";"ITC4";"S126";"13438322";""
"2025-01-31";"1070001";"1041810";"IT";"S126";"22391684";""
"2025-01-31";"1070001";"1041810";"IT";"S11BI32";"349098638";""
"2025-01-31";"1070001";"1041810";"IT";"S13";"51144493";""
"2025-01-31";"1070001";"1041810";"ITC41";"450";"3134";""
"2025-01-31";"1070001";"1041810";"ITC4";"S11BI32";"109314590";""
"2025-01-31";"1070001";"1041810";"ITC41";"S11BI32";"4505760";""
"2025-01-31";"1070001";"1041810";"ITC41";"S11BI8";"239886";""
"2025-01-31";"1070001";"1041810";"IT";"S15";"36128054";""
"2025-01-31";"1070001";"1041810";"ITC41";"S126";"66316";""
"2025-01-31";"1070001";"1041810";"IT";"S14BI2";"82298018";""
"2025-01-31";"1070001";"1041810";"ITC4";"S11BI7";"2255855";""
"2025-01-31";"1070001";"1041810";"ITC41";"S15";"373770";""
"2025-01-31";"1070001";"1041810";"ITC41";"S13";"108267";""
"2025-01-31";"1070001";"1041810";"ITC41";"S124";"32177";""
"2025-01-31";"1070001";"1041810";"ITC41";"S129";"15";""
"2025-01-31";"1070001";"1041810";"ITC41";"S11001";"128948";""
"2025-01-31";"1070001";"1041810";"ITC4";"600";"231169658";""
"2025-01-31";"1070001";"1041810";"IT";"S11001";"24237661";""
"2025-01-31";"1070001";"1041810";"IT";"S14";"1211629500";""
"2025-01-31";"1070001";"1041810";"ITC4";"S124";"17389598";""
"2025-01-31";"1070001";"1041810";"ITC4";"S11BI8";"3683205";""
"2025-01-31";"1070001";"1041810";"ITC41";"S12BI66";"4398";""
"2025-01-31";"1070001";"1041810";"ITC41";"SBI9";"130154";""
"2025-01-31";"1070001";"1041810";"ITC41";"S11";"5049337";""
"2025-01-31";"1070001";"1041810";"IT";"SBI59";"1836179263";""
"2025-01-31";"1070001";"1041810";"ITC4";"S1313";"1840730";""
"2025-01-31";"1070001";"1041810";"IT";"S127";"15677276";""
"2025-01-31";"1070001";"1041810";"ITC41";"S1314";"27";""
"2025-01-31";"1070001";"1041810";"ITC4";"S13";"2873058";""
"2025-01-31";"1070001";"1041810";"ITC41";"S14";"19511976";""
"2024-12-31";"1070001";"1041810";"IT";"SBI59";"1864491813";""
"2024-12-31";"1070001";"1041810";"IT";"S11001";"26205044";""
"2024-12-31";"1070001";"1041810";"ITC41";"SBI59";"25882153";""
"2024-12-31";"1070001";"1041810";"ITC41";"S11001";"126071";""
"2024-12-31";"1070001";"1041810";"ITC41";"S124";"32191";""
"2024-12-31";"1070001";"1041810";"IT";"S11";"431290606";""
"2024-12-31";"1070001";"1041810";"IT";"S11BI7";"9684557";""
"2024-12-31";"1070001";"1041810";"IT";"S12BI7";"125693700";""
"2024-12-31";"1070001";"1041810";"IT";"S12BI66";"46982884";""
"2024-12-31";"1070001";"1041810";"ITC41";"S12BI66";"2724";""
"2024-12-31";"1070001";"1041810";"ITC41";"S1311";"61084";""
"2024-12-31";"1070001";"1041810";"ITC41";"450";"3009";""
"2024-12-31";"1070001";"1041810";"ITC41";"S11BI8";"245678";""
"2024-12-31";"1070001";"1041810";"ITC4";"S1313";"1641047";""
"2024-12-31";"1070001";"1041810";"ITC41";"S126";"67803";""
"2024-12-31";"1070001";"1041810";"ITC4";"S15";"7345714";""
"2024-12-31";"1070001";"1041810";"ITC4";"S11BI32";"117844434";""
"2024-12-31";"1070001";"1041810";"IT";"S124";"19888855";""
"2024-12-31";"1070001";"1041810";"ITC41";"S15";"372748";""
"2024-12-31";"1070001";"1041810";"ITC41";"SBI9";"131182";""
"2024-12-31";"1070001";"1041810";"IT";"450";"921471";""
"2024-12-31";"1070001";"1041810";"IT";"S15";"36240854";""
"2024-12-31";"1070001";"1041810";"ITC41";"S11BI7";"189728";""
"2024-12-31";"1070001";"1041810";"IT";"S13";"51225807";""
"2024-12-31";"1070001";"1041810";"ITC41";"S14";"19589395";""
"2024-12-31";"1070001";"1041810";"ITC4";"S126";"12178189";""
"2024-12-31";"1070001";"1041810";"ITC4";"S12BI66";"18861422";""
"2024-12-31";"1070001";"1041810";"ITC4";"S11001";"4331871";""
"2024-12-31";"1070001";"1041810";"ITC4";"S11BI8";"3735354";""
"2024-12-31";"1070001";"1041810";"IT";"S11BI32";"375561028";""
"2024-12-31";"1070001";"1041810";"ITC41";"S129";"15";""
"2024-12-31";"1070001";"1041810";"ITC4";"S124";"14354484";""
"2024-12-31";"1070001";"1041810";"IT";"S126";"20268481";""
"2024-12-31";"1070001";"1041810";"IT";"SBI9";"5835765";""
"2024-12-31";"1070001";"1041810";"IT";"S1311";"26612227";""
"2024-12-31";"1070001";"1041810";"ITC41";"S127";"150641";""
"2024-12-31";"1070001";"1041810";"IT";"S11BI8";"18918506";""
"2024-12-31";"1070001";"1041810";"ITC4";"S11";"128557128";""
"2024-12-31";"1070001";"1041810";"ITC41";"S1314";"28";""
"2024-12-31";"1070001";"1041810";"ITC4";"S13";"2654747";""
"2024-12-31";"1070001";"1041810";"ITC4";"SBI9";"2280182";""
"2024-12-31";"1070001";"1041810";"ITC41";"S14BI2";"1036155";""
"2024-12-31";"1070001";"1041810";"IT";"S1313";"16576714";""
"2024-12-31";"1070001";"1041810";"IT";"S128";"15389373";""
"2024-12-31";"1070001";"1041810";"ITC4";"S127";"7629636";""
"2024-12-31";"1070001";"1041810";"ITC41";"S1313";"31949";""
"2024-12-31";"1070001";"1041810";"ITC41";"600";"18553240";""
"2024-12-31";"1070001";"1041810";"ITC4";"S12BI7";"59121358";""
"2024-12-31";"1070001";"1041810";"ITC4";"S129";"2753909";""
"2024-12-31";"1070001";"1041810";"IT";"S129";"7357876";""
"2024-12-31";"1070001";"1041810";"ITC4";"S11BI7";"2425486";""
"2024-12-31";"1070001";"1041810";"ITC4";"600";"232349337";""
"2024-12-31";"1070001";"1041810";"ITC41";"S11BI32";"4877907";""
"2024-12-31";"1070001";"1041810";"IT";"S1314";"8036866";""
"2024-12-31";"1070001";"1041810";"IT";"S14";"1214205081";""
"2024-12-31";"1070001";"1041810";"ITC4";"S1314";"57678";""
"2024-12-31";"1070001";"1041810";"IT";"600";"1131465894";""
"2024-12-31";"1070001";"1041810";"ITC41";"S12BI7";"253374";""
"2024-12-31";"1070001";"1041810";"ITC4";"450";"219983";""
"2024-12-31";"1070001";"1041810";"ITC4";"S14";"248446764";""
"2024-12-31";"1070001";"1041810";"ITC41";"S13";"93061";""
"2024-12-31";"1070001";"1041810";"IT";"S127";"15806231";""
"2024-12-31";"1070001";"1041810";"ITC41";"S11";"5442393";""
"2024-12-31";"1070001";"1041810";"ITC4";"S14BI2";"16097427";""
"2024-12-31";"1070001";"1041810";"ITC4";"SBI59";"448405893";""
"2024-12-31";"1070001";"1041810";"IT";"S14BI2";"82739187";""
"2024-12-31";"1070001";"1041810";"ITC4";"S1311";"956021";""
"2024-12-31";"1070001";"1041810";"ITC4";"S128";"3343719";""
"2024-11-30";"1070001";"1041810";"ITC41";"450";"2948";""
"2024-11-30";"1070001";"1041810";"IT";"450";"1001371";""
"2024-11-30";"1070001";"1041810";"IT";"S12BI66";"42832366";""
"2024-11-30";"1070001";"1041810";"ITC4";"S14";"243940004";""
"2024-11-30";"1070001";"1041810";"ITC4";"S11BI32";"119348034";""
"2024-11-30";"1070001";"1041810";"ITC41";"SBI59";"25774174";""
"2024-11-30";"1070001";"1041810";"ITC41";"S129";"6";""
"2024-11-30";"1070001";"1041810";"IT";"S128";"16228746";""
"2024-11-30";"1070001";"1041810";"IT";"S124";"22153698";""
"2024-11-30";"1070001";"1041810";"IT";"S1314";"7122642";""
"2024-11-30";"1070001";"1041810";"ITC4";"S1313";"1674649";""
"2024-11-30";"1070001";"1041810";"ITC4";"450";"269479";""
"2024-11-30";"1070001";"1041810";"IT";"SBI59";"1847562189";""
"2024-11-30";"1070001";"1041810";"IT";"SBI9";"5880863";""
"2024-11-30";"1070001";"1041810";"ITC41";"S1313";"34111";""
"2024-11-30";"1070001";"1041810";"IT";"S11";"435277675";""
"2024-11-30";"1070001";"1041810";"ITC4";"S14BI2";"16756462";""
"2024-11-30";"1070001";"1041810";"ITC41";"SBI9";"134912";""
"2024-11-30";"1070001";"1041810";"IT";"S129";"6781345";""
"2024-11-30";"1070001";"1041810";"ITC4";"S1311";"956720";""
"2024-11-30";"1070001";"1041810";"ITC4";"S12BI66";"18304616";""
"2024-11-30";"1070001";"1041810";"IT";"S1311";"27033009";""
"2024-11-30";"1070001";"1041810";"ITC41";"S127";"156437";""
"2024-11-30";"1070001";"1041810";"ITC4";"S13";"2702683";""
"2024-11-30";"1070001";"1041810";"ITC4";"S128";"4162612";""
"2024-11-30";"1070001";"1041810";"ITC4";"S127";"7848218";""
"2024-11-30";"1070001";"1041810";"ITC41";"S15";"386942";""
"2024-11-30";"1070001";"1041810";"ITC41";"S13";"95455";""
"2024-11-30";"1070001";"1041810";"ITC4";"S15";"7759158";""
"2024-11-30";"1070001";"1041810";"ITC41";"600";"18168446";""
"2024-11-30";"1070001";"1041810";"IT";"S12BI7";"123651731";""
"2024-11-30";"1070001";"1041810";"ITC41";"S14BI2";"1082347";""
"2024-11-30";"1070001";"1041810";"ITC41";"S126";"47641";""
"2024-11-30";"1070001";"1041810";"IT";"S11BI8";"20521715";""
"2024-11-30";"1070001";"1041810";"ITC4";"S126";"12082018";""
"2024-11-30";"1070001";"1041810";"IT";"S13";"50872450";""
"2024-11-30";"1070001";"1041810";"IT";"S1313";"16716798";""
"2024-11-30";"1070001";"1041810";"IT";"S15";"37362291";""
"2024-11-30";"1070001";"1041810";"ITC4";"S11";"129839536";""
"2024-11-30";"1070001";"1041810";"ITC41";"S11";"5667143";""
"2024-11-30";"1070001";"1041810";"IT";"S14";"1194517178";""
"2024-11-30";"1070001";"1041810";"ITC4";"S11BI8";"4084769";""
"2024-11-30";"1070001";"1041810";"ITC41";"S11BI8";"272924";""
"2024-11-30";"1070001";"1041810";"ITC41";"S14";"19250793";""
"2024-11-30";"1070001";"1041810";"ITC4";"S12BI7";"61597042";""
"2024-11-30";"1070001";"1041810";"ITC4";"S1314";"71314";""
"2024-11-30";"1070001";"1041810";"ITC4";"S11BI7";"2562523";""
"2024-11-30";"1070001";"1041810";"ITC4";"S11001";"3574730";""
"2024-11-30";"1070001";"1041810";"IT";"S126";"19458767";""
"2024-11-30";"1070001";"1041810";"ITC41";"S12BI66";"2693";""
"2024-11-30";"1070001";"1041810";"ITC41";"S11BI7";"203985";""
"2024-11-30";"1070001";"1041810";"ITC41";"S11001";"135045";""
"2024-11-30";"1070001";"1041810";"ITC4";"600";"227183542";""
"2024-11-30";"1070001";"1041810";"ITC4";"SBI9";"2265512";""
"2024-11-30";"1070001";"1041810";"IT";"S14BI2";"84534197";""
"2024-11-30";"1070001";"1041810";"IT";"S11001";"22733766";""
"2024-11-30";"1070001";"1041810";"IT";"S11BI7";"10115430";""
"2024-11-30";"1070001";"1041810";"ITC41";"S1314";"24";""
"2024-11-30";"1070001";"1041810";"IT";"S127";"16196808";""
"2024-11-30";"1070001";"1041810";"ITC41";"S1311";"61320";""
"2024-11-30";"1070001";"1041810";"ITC41";"S12BI7";"238929";""
"2024-11-30";"1070001";"1041810";"ITC41";"S128";"3695";""
"2024-11-30";"1070001";"1041810";"IT";"S11BI32";"380905393";""
"2024-11-30";"1070001";"1041810";"IT";"600";"1109982981";""
"2024-11-30";"1070001";"1041810";"ITC41";"S11BI32";"5052241";""
"2024-11-30";"1070001";"1041810";"ITC41";"S124";"28458";""
"2024-11-30";"1070001";"1041810";"ITC4";"S124";"16513682";""
"2024-11-30";"1070001";"1041810";"ITC4";"S129";"2685896";""
"2024-11-30";"1070001";"1041810";"ITC4";"SBI59";"448103935";""
"2024-10-31";"1070001";"1041810";"IT";"SBI59";"1822224898";""
"2024-10-31";"1070001";"1041810";"ITC41";"S129";"6";""
"2024-10-31";"1070001";"1041810";"IT";"S14";"1190926741";""
"2024-10-31";"1070001";"1041810";"IT";"S12BI66";"41196580";""
"2024-10-31";"1070001";"1041810";"ITC41";"S11BI32";"4703635";""
"2024-10-31";"1070001";"1041810";"ITC4";"450";"234429";""
"2024-10-31";"1070001";"1041810";"ITC4";"S128";"3422737";""
"2024-10-31";"1070001";"1041810";"IT";"S127";"15818369";""
"2024-10-31";"1070001";"1041810";"IT";"S11BI32";"361961523";""
"2024-10-31";"1070001";"1041810";"ITC41";"450";"2744";""
"2024-10-31";"1070001";"1041810";"ITC4";"S1314";"56441";""
"2024-10-31";"1070001";"1041810";"ITC41";"S11BI8";"267683";""
"2024-10-31";"1070001";"1041810";"ITC4";"SBI9";"2369692";""
"2024-10-31";"1070001";"1041810";"ITC4";"S12BI66";"18591590";""
"2024-10-31";"1070001";"1041810";"ITC41";"S14";"19228533";""
"2024-10-31";"1070001";"1041810";"IT";"S13";"51251440";""
"2024-10-31";"1070001";"1041810";"IT";"S1311";"27582392";""
"2024-10-31";"1070001";"1041810";"IT";"S126";"19139388";""
"2024-10-31";"1070001";"1041810";"IT";"S1313";"16108972";""
"2024-10-31";"1070001";"1041810";"IT";"600";"1107344419";""
"2024-10-31";"1070001";"1041810";"ITC4";"S1311";"979506";""
"2024-10-31";"1070001";"1041810";"ITC41";"S12BI7";"245292";""
"2024-10-31";"1070001";"1041810";"ITC41";"S1311";"62028";""
"2024-10-31";"1070001";"1041810";"ITC4";"S1313";"1717275";""
"2024-10-31";"1070001";"1041810";"ITC41";"S14BI2";"1073781";""
"2024-10-31";"1070001";"1041810";"ITC4";"S11001";"3613354";""
"2024-10-31";"1070001";"1041810";"ITC4";"S124";"15787109";""
"2024-10-31";"1070001";"1041810";"ITC41";"S12BI66";"2525";""
"2024-10-31";"1070001";"1041810";"ITC4";"S126";"11844604";""
"2024-10-31";"1070001";"1041810";"ITC4";"S11BI8";"3979748";""
"2024-10-31";"1070001";"1041810";"ITC4";"S11BI32";"112811798";""
"2024-10-31";"1070001";"1041810";"ITC41";"600";"18154753";""
"2024-10-31";"1070001";"1041810";"ITC41";"S11001";"136702";""
"2024-10-31";"1070001";"1041810";"ITC41";"S11BI7";"198826";""
"2024-10-31";"1070001";"1041810";"IT";"S15";"36965488";""
"2024-10-31";"1070001";"1041810";"ITC4";"600";"226879194";""
"2024-10-31";"1070001";"1041810";"IT";"S14BI2";"83582321";""
"2024-10-31";"1070001";"1041810";"IT";"S11001";"22343191";""
"2024-10-31";"1070001";"1041810";"IT";"450";"1006375";""
"2024-10-31";"1070001";"1041810";"ITC41";"S11";"5309591";""
"2024-10-31";"1070001";"1041810";"ITC41";"S13";"96153";""
"2024-10-31";"1070001";"1041810";"IT";"S124";"21609973";""
"2024-10-31";"1070001";"1041810";"IT";"S128";"16579393";""
"2024-10-31";"1070001";"1041810";"ITC41";"S127";"157886";""
"2024-10-31";"1070001";"1041810";"IT";"S12BI7";"121537393";""
"2024-10-31";"1070001";"1041810";"ITC41";"S1313";"34101";""
"2024-10-31";"1070001";"1041810";"ITC4";"S14";"243233897";""
"2024-10-31";"1070001";"1041810";"ITC41";"S128";"3860";""
"2024-10-31";"1070001";"1041810";"IT";"S1314";"7560076";""
"2024-10-31";"1070001";"1041810";"IT";"SBI9";"5927385";""
"2024-10-31";"1070001";"1041810";"ITC41";"SBI9";"134673";""
"2024-10-31";"1070001";"1041810";"ITC4";"S12BI7";"59643127";""
"2024-10-31";"1070001";"1041810";"ITC4";"SBI59";"438724427";""
"2024-10-31";"1070001";"1041810";"ITC4";"S11";"123118235";""
"2024-10-31";"1070001";"1041810";"IT";"S11BI8";"20448504";""
"2024-10-31";"1070001";"1041810";"IT";"S11BI7";"9856859";""
"2024-10-31";"1070001";"1041810";"ITC41";"SBI59";"25396791";""
"2024-10-31";"1070001";"1041810";"ITC41";"S15";"382549";""
"2024-10-31";"1070001";"1041810";"ITC41";"S126";"53667";""
"2024-10-31";"1070001";"1041810";"ITC4";"S13";"2753222";""
"2024-10-31";"1070001";"1041810";"ITC4";"S11BI7";"2478905";""
"2024-10-31";"1070001";"1041810";"ITC4";"S14BI2";"16354703";""
"2024-10-31";"1070001";"1041810";"IT";"S11";"415616452";""
"2024-10-31";"1070001";"1041810";"ITC4";"S129";"2720411";""
"2024-10-31";"1070001";"1041810";"ITC4";"S127";"7276675";""
"2024-10-31";"1070001";"1041810";"IT";"S129";"7193690";""
"2024-10-31";"1070001";"1041810";"ITC41";"S1314";"24";""
"2024-10-31";"1070001";"1041810";"ITC4";"S15";"7606254";""
"2024-10-31";"1070001";"1041810";"ITC41";"S124";"27347";""
"2024-09-30";"1070001";"1041810";"IT";"S129";"7139242";""
"2024-09-30";"1070001";"1041810";"ITC41";"S11";"5190354";""
"2024-09-30";"1070001";"1041810";"ITC41";"S1313";"34090";""
"2024-09-30";"1070001";"1041810";"ITC4";"S12BI66";"18154923";""
"2024-09-30";"1070001";"1041810";"IT";"S15";"36521059";""
"2024-09-30";"1070001";"1041810";"ITC41";"S14BI2";"1047503";""
"2024-09-30";"1070001";"1041810";"ITC4";"S127";"7515852";""
"2024-09-30";"1070001";"1041810";"ITC41";"S12BI66";"3185";""
"2024-09-30";"1070001";"1041810";"ITC41";"S14";"19225565";""
"2024-09-30";"1070001";"1041810";"ITC41";"S124";"28605";""
"2024-09-30";"1070001";"1041810";"ITC41";"S126";"50359";""
"2024-09-30";"1070001";"1041810";"IT";"S11BI32";"355930553";""
"2024-09-30";"1070001";"1041810";"ITC4";"S1314";"62834";""
"2024-09-30";"1070001";"1041810";"IT";"S11BI8";"20306016";""
"2024-09-30";"1070001";"1041810";"ITC41";"S1314";"38";""
"2024-09-30";"1070001";"1041810";"ITC4";"S129";"2855690";""
"2024-09-30";"1070001";"1041810";"ITC4";"S11BI8";"3849548";""
"2024-09-30";"1070001";"1041810";"ITC41";"S11001";"131267";""
"2024-09-30";"1070001";"1041810";"ITC4";"S128";"3351083";""
"2024-09-30";"1070001";"1041810";"ITC4";"SBI59";"437131916";""
"2024-09-30";"1070001";"1041810";"IT";"S11BI7";"9490517";""
"2024-09-30";"1070001";"1041810";"ITC4";"S11BI7";"2366704";""
"2024-09-30";"1070001";"1041810";"IT";"600";"1108749642";""
"2024-09-30";"1070001";"1041810";"IT";"S1311";"28636506";""
"2024-09-30";"1070001";"1041810";"ITC41";"S11BI32";"4606874";""
"2024-09-30";"1070001";"1041810";"IT";"S13";"51733902";""
"2024-09-30";"1070001";"1041810";"IT";"S14BI2";"82553490";""
"2024-09-30";"1070001";"1041810";"ITC41";"SBI59";"25246723";""
"2024-09-30";"1070001";"1041810";"ITC4";"S1313";"1712596";""
"2024-09-30";"1070001";"1041810";"ITC4";"S14BI2";"16104598";""
"2024-09-30";"1070001";"1041810";"IT";"S127";"16263433";""
"2024-09-30";"1070001";"1041810";"ITC41";"S127";"137092";""
"2024-09-30";"1070001";"1041810";"ITC41";"S15";"377104";""
"2024-09-30";"1070001";"1041810";"ITC4";"S124";"16699927";""
"2024-09-30";"1070001";"1041810";"ITC4";"SBI9";"2350728";""
"2024-09-30";"1070001";"1041810";"IT";"S11";"410819453";""
"2024-09-30";"1070001";"1041810";"ITC4";"S13";"2726644";""
"2024-09-30";"1070001";"1041810";"IT";"SBI9";"5943623";""
"2024-09-30";"1070001";"1041810";"ITC41";"S12BI7";"222874";""
"2024-09-30";"1070001";"1041810";"IT";"S12BI7";"121271483";""
"2024-09-30";"1070001";"1041810";"ITC4";"S11BI32";"109723951";""
"2024-09-30";"1070001";"1041810";"ITC41";"450";"2645";""
"2024-09-30";"1070001";"1041810";"ITC41";"600";"18178063";""
"2024-09-30";"1070001";"1041810";"ITC4";"S11001";"4662126";""
"2024-09-30";"1070001";"1041810";"ITC4";"600";"227338250";""
"2024-09-30";"1070001";"1041810";"ITC41";"S1311";"61866";""
"2024-09-30";"1070001";"1041810";"ITC4";"S126";"11768447";""
"2024-09-30";"1070001";"1041810";"IT";"S124";"22633442";""
"2024-09-30";"1070001";"1041810";"IT";"S11001";"24087083";""
"2024-09-30";"1070001";"1041810";"ITC41";"S128";"3627";""
"2024-09-30";"1070001";"1041810";"ITC41";"S11BI7";"192113";""
"2024-09-30";"1070001";"1041810";"IT";"S1313";"15914999";""
"2024-09-30";"1070001";"1041810";"ITC4";"S15";"7456293";""
"2024-09-30";"1070001";"1041810";"IT";"SBI59";"1817592651";""
"2024-09-30";"1070001";"1041810";"IT";"S126";"19025889";""
"2024-09-30";"1070001";"1041810";"ITC4";"S11";"120809480";""
"2024-09-30";"1070001";"1041810";"ITC41";"SBI9";"134832";""
"2024-09-30";"1070001";"1041810";"ITC4";"S1311";"951214";""
"2024-09-30";"1070001";"1041810";"ITC41";"S11BI8";"257454";""
"2024-09-30";"1070001";"1041810";"ITC4";"450";"207152";""
"2024-09-30";"1070001";"1041810";"IT";"S14";"1191303132";""
"2024-09-30";"1070001";"1041810";"ITC41";"S13";"95993";""
"2024-09-30";"1070001";"1041810";"IT";"450";"1005283";""
"2024-09-30";"1070001";"1041810";"IT";"S12BI66";"41313412";""
"2024-09-30";"1070001";"1041810";"IT";"S128";"14896063";""
"2024-09-30";"1070001";"1041810";"ITC4";"S12BI7";"60345922";""
"2024-09-30";"1070001";"1041810";"IT";"S1314";"7182397";""
"2024-09-30";"1070001";"1041810";"ITC4";"S14";"243442848";""
"2024-09-30";"1070001";"1041810";"ITC41";"S129";"6";""
"2024-08-31";"1070001";"1041810";"ITC4";"S124";"14890641";""
"2024-08-31";"1070001";"1041810";"ITC4";"S11BI32";"113235931";""
"2024-08-31";"1070001";"1041810";"IT";"S1313";"16268643";""
"2024-08-31";"1070001";"1041810";"IT";"S1314";"7142129";""
"2024-08-31";"1070001";"1041810";"IT";"S13";"51050846";""
"2024-08-31";"1070001";"1041810";"IT";"S11BI7";"10236268";""
"2024-08-31";"1070001";"1041810";"IT";"S12BI66";"39957484";""
"2024-08-31";"1070001";"1041810";"IT";"S127";"15718205";""
"2024-08-31";"1070001";"1041810";"IT";"S11001";"19515570";""
"2024-08-31";"1070001";"1041810";"ITC41";"S13";"98628";""
"2024-08-31";"1070001";"1041810";"ITC4";"S1314";"62375";""
"2024-08-31";"1070001";"1041810";"ITC4";"S1311";"933963";""
"2024-08-31";"1070001";"1041810";"IT";"SBI9";"5864576";""
"2024-08-31";"1070001";"1041810";"ITC41";"S1313";"35877";""
"2024-08-31";"1070001";"1041810";"ITC41";"S127";"131021";""
"2024-08-31";"1070001";"1041810";"ITC41";"S1314";"36";""
"2024-08-31";"1070001";"1041810";"ITC41";"S128";"3880";""
"2024-08-31";"1070001";"1041810";"IT";"S11BI8";"21322908";""
"2024-08-31";"1070001";"1041810";"ITC4";"S11BI8";"3952808";""
"2024-08-31";"1070001";"1041810";"ITC41";"S11BI8";"263604";""
"2024-08-31";"1070001";"1041810";"ITC41";"S12BI66";"3134";""
"2024-08-31";"1070001";"1041810";"ITC41";"S11BI32";"4879486";""
"2024-08-31";"1070001";"1041810";"ITC41";"S14";"19260421";""
"2024-08-31";"1070001";"1041810";"IT";"S129";"6982190";""
"2024-08-31";"1070001";"1041810";"ITC4";"S11";"123373958";""
"2024-08-31";"1070001";"1041810";"ITC41";"SBI59";"25565255";""
"2024-08-31";"1070001";"1041810";"ITC4";"S129";"2572582";""
"2024-08-31";"1070001";"1041810";"ITC41";"S15";"368888";""
"2024-08-31";"1070001";"1041810";"IT";"S124";"19864023";""
"2024-08-31";"1070001";"1041810";"ITC41";"S11";"5486045";""
"2024-08-31";"1070001";"1041810";"ITC4";"SBI9";"2334102";""
"2024-08-31";"1070001";"1041810";"ITC41";"S1311";"62716";""
"2024-08-31";"1070001";"1041810";"IT";"S12BI7";"115539732";""
"2024-08-31";"1070001";"1041810";"ITC41";"S12BI7";"218714";""
"2024-08-31";"1070001";"1041810";"ITC41";"S126";"53276";""
"2024-08-31";"1070001";"1041810";"ITC41";"S129";"6";""
"2024-08-31";"1070001";"1041810";"ITC41";"S14BI2";"1073855";""
"2024-08-31";"1070001";"1041810";"IT";"S126";"18074655";""
"2024-08-31";"1070001";"1041810";"ITC4";"S127";"7118406";""
"2024-08-31";"1070001";"1041810";"ITC41";"S11BI7";"205957";""
"2024-08-31";"1070001";"1041810";"IT";"S11";"419629384";""
"2024-08-31";"1070001";"1041810";"ITC4";"S11001";"3399489";""
"2024-08-31";"1070001";"1041810";"ITC4";"S1313";"1703884";""
"2024-08-31";"1070001";"1041810";"ITC4";"S12BI66";"16594208";""
"2024-08-31";"1070001";"1041810";"IT";"600";"1107572829";""
"2024-08-31";"1070001";"1041810";"ITC4";"600";"226430402";""
"2024-08-31";"1070001";"1041810";"IT";"SBI59";"1820165198";""
"2024-08-31";"1070001";"1041810";"ITC41";"SBI9";"132559";""
"2024-08-31";"1070001";"1041810";"ITC4";"S128";"3500003";""
"2024-08-31";"1070001";"1041810";"ITC41";"S11001";"134443";""
"2024-08-31";"1070001";"1041810";"IT";"S128";"14943175";""
"2024-08-31";"1070001";"1041810";"IT";"450";"945486";""
"2024-08-31";"1070001";"1041810";"ITC4";"S15";"7399968";""
"2024-08-31";"1070001";"1041810";"ITC4";"S11BI7";"2577589";""
"2024-08-31";"1070001";"1041810";"IT";"S14";"1191829189";""
"2024-08-31";"1070001";"1041810";"ITC4";"SBI59";"434407054";""
"2024-08-31";"1070001";"1041810";"ITC4";"S13";"2700222";""
"2024-08-31";"1070001";"1041810";"IT";"S11BI32";"367609151";""
"2024-08-31";"1070001";"1041810";"ITC4";"S14";"242875599";""
"2024-08-31";"1070001";"1041810";"ITC4";"S12BI7";"55723205";""
"2024-08-31";"1070001";"1041810";"ITC4";"S126";"11047366";""
"2024-08-31";"1070001";"1041810";"ITC41";"600";"18186566";""
"2024-08-31";"1070001";"1041810";"ITC41";"450";"2554";""
"2024-08-31";"1070001";"1041810";"IT";"S1311";"27640074";""
"2024-08-31";"1070001";"1041810";"IT";"S15";"36251473";""
"2024-08-31";"1070001";"1041810";"ITC4";"450";"208142";""
"2024-08-31";"1070001";"1041810";"IT";"S14BI2";"84256360";""
"2024-08-31";"1070001";"1041810";"ITC4";"S14BI2";"16445197";""
"2024-08-31";"1070001";"1041810";"ITC41";"S124";"27397";""
"2024-07-31";"1070001";"1041810";"ITC4";"S11BI32";"110349378";""
"2024-07-31";"1070001";"1041810";"ITC41";"600";"18029621";""
"2024-07-31";"1070001";"1041810";"IT";"S12BI66";"40532040";""
"2024-07-31";"1070001";"1041810";"IT";"S11BI32";"354037131";""
"2024-07-31";"1070001";"1041810";"ITC41";"450";"2604";""
"2024-07-31";"1070001";"1041810";"IT";"S129";"7667642";""
"2024-07-31";"1070001";"1041810";"ITC41";"S15";"368165";""
"2024-07-31";"1070001";"1041810";"IT";"450";"966900";""
"2024-07-31";"1070001";"1041810";"ITC41";"S11BI8";"258803";""
"2024-07-31";"1070001";"1041810";"IT";"S1314";"6918730";""
"2024-07-31";"1070001";"1041810";"ITC4";"S12BI66";"17312817";""
"2024-07-31";"1070001";"1041810";"ITC41";"SBI9";"134442";""
"2024-07-31";"1070001";"1041810";"ITC41";"S124";"27975";""
"2024-07-31";"1070001";"1041810";"IT";"S1311";"28183649";""
"2024-07-31";"1070001";"1041810";"IT";"S12BI7";"120107510";""
"2024-07-31";"1070001";"1041810";"ITC4";"S13";"2779558";""
"2024-07-31";"1070001";"1041810";"IT";"S11BI7";"9916397";""
"2024-07-31";"1070001";"1041810";"ITC4";"S1311";"940442";""
"2024-07-31";"1070001";"1041810";"ITC41";"S1311";"62891";""
"2024-07-31";"1070001";"1041810";"IT";"S11";"404606787";""
"2024-07-31";"1070001";"1041810";"ITC41";"S12BI66";"3015";""
"2024-07-31";"1070001";"1041810";"IT";"S15";"36183210";""
"2024-07-31";"1070001";"1041810";"IT";"SBI9";"5996479";""
"2024-07-31";"1070001";"1041810";"ITC4";"S127";"7181224";""
"2024-07-31";"1070001";"1041810";"ITC4";"S14BI2";"16806762";""
"2024-07-31";"1070001";"1041810";"IT";"S11BI8";"20091767";""
"2024-07-31";"1070001";"1041810";"ITC4";"600";"225250269";""
"2024-07-31";"1070001";"1041810";"ITC4";"S12BI7";"59567126";""
"2024-07-31";"1070001";"1041810";"IT";"S13";"51667893";""
"2024-07-31";"1070001";"1041810";"ITC4";"SBI9";"2200977";""
"2024-07-31";"1070001";"1041810";"IT";"S126";"19312463";""
"2024-07-31";"1070001";"1041810";"IT";"S11001";"19594591";""
"2024-07-31";"1070001";"1041810";"ITC4";"S11BI8";"3866559";""
"2024-07-31";"1070001";"1041810";"IT";"S14BI2";"85100722";""
"2024-07-31";"1070001";"1041810";"ITC4";"S11BI7";"2511188";""
"2024-07-31";"1070001";"1041810";"ITC41";"SBI59";"25144216";""
"2024-07-31";"1070001";"1041810";"IT";"S128";"15142948";""
"2024-07-31";"1070001";"1041810";"ITC4";"S128";"4177182";""
"2024-07-31";"1070001";"1041810";"ITC41";"S128";"4853";""
"2024-07-31";"1070001";"1041810";"ITC41";"S11";"5187296";""
"2024-07-31";"1070001";"1041810";"ITC41";"S11001";"141700";""
"2024-07-31";"1070001";"1041810";"ITC4";"S1314";"63169";""
"2024-07-31";"1070001";"1041810";"ITC4";"450";"218295";""
"2024-07-31";"1070001";"1041810";"ITC41";"S12BI7";"230581";""
"2024-07-31";"1070001";"1041810";"ITC4";"S15";"7309626";""
"2024-07-31";"1070001";"1041810";"IT";"S14";"1187056250";""
"2024-07-31";"1070001";"1041810";"ITC4";"S1313";"1775947";""
"2024-07-31";"1070001";"1041810";"ITC41";"S11BI32";"4577673";""
"2024-07-31";"1070001";"1041810";"ITC41";"S13";"101511";""
"2024-07-31";"1070001";"1041810";"ITC4";"S11001";"3614451";""
"2024-07-31";"1070001";"1041810";"IT";"S124";"22013479";""
"2024-07-31";"1070001";"1041810";"ITC41";"S14BI2";"1092599";""
"2024-07-31";"1070001";"1041810";"IT";"600";"1101955528";""
"2024-07-31";"1070001";"1041810";"ITC4";"S124";"16146754";""
"2024-07-31";"1070001";"1041810";"ITC4";"S14";"242057031";""
"2024-07-31";"1070001";"1041810";"ITC41";"S1314";"44";""
"2024-07-31";"1070001";"1041810";"IT";"S127";"15438940";""
"2024-07-31";"1070001";"1041810";"ITC41";"S14";"19122220";""
"2024-07-31";"1070001";"1041810";"ITC41";"S129";"6";""
"2024-07-31";"1070001";"1041810";"ITC41";"S11BI7";"206516";""
"2024-07-31";"1070001";"1041810";"ITC4";"S126";"11966804";""
"2024-07-31";"1070001";"1041810";"ITC41";"S1313";"38576";""
"2024-07-31";"1070001";"1041810";"ITC41";"S126";"65050";""
"2024-07-31";"1070001";"1041810";"ITC4";"SBI59";"434474189";""
"2024-07-31";"1070001";"1041810";"IT";"S1313";"16565514";""
"2024-07-31";"1070001";"1041810";"ITC4";"S129";"2782347";""
"2024-07-31";"1070001";"1041810";"ITC41";"S127";"129682";""
"2024-07-31";"1070001";"1041810";"IT";"SBI59";"1805618129";""
"2024-07-31";"1070001";"1041810";"ITC4";"S11";"120559872";""
"2024-06-30";"1070001";"1041810";"ITC4";"SBI9";"2321155";""
"2024-06-30";"1070001";"1041810";"IT";"S11BI7";"10876058";""
"2024-06-30";"1070001";"1041810";"ITC41";"S11";"5603777";""
"2024-06-30";"1070001";"1041810";"IT";"S11BI8";"21163066";""
"2024-06-30";"1070001";"1041810";"ITC41";"SBI59";"25680830";""
"2024-06-30";"1070001";"1041810";"IT";"S11001";"22798131";""
"2024-06-30";"1070001";"1041810";"ITC41";"S12BI7";"227304";""
"2024-06-30";"1070001";"1041810";"ITC4";"S1311";"957327";""
"2024-06-30";"1070001";"1041810";"IT";"S11BI32";"384846679";""
"2024-06-30";"1070001";"1041810";"ITC41";"S11BI8";"277192";""
"2024-06-30";"1070001";"1041810";"ITC4";"S14BI2";"17124431";""
"2024-06-30";"1070001";"1041810";"ITC4";"S1314";"55135";""
"2024-06-30";"1070001";"1041810";"ITC4";"S12BI7";"59179087";""
"2024-06-30";"1070001";"1041810";"IT";"S1311";"27679369";""
"2024-06-30";"1070001";"1041810";"IT";"S11";"440632245";""
"2024-06-30";"1070001";"1041810";"ITC41";"S128";"3775";""
"2024-06-30";"1070001";"1041810";"ITC41";"S14BI2";"1126858";""
"2024-06-30";"1070001";"1041810";"ITC4";"S11BI8";"4218204";""
"2024-06-30";"1070001";"1041810";"ITC4";"S11BI32";"125840958";""
"2024-06-30";"1070001";"1041810";"ITC41";"S14";"19239157";""
"2024-06-30";"1070001";"1041810";"IT";"S14";"1190127424";""
"2024-06-30";"1070001";"1041810";"ITC4";"S126";"11827639";""
"2024-06-30";"1070001";"1041810";"ITC41";"S15";"380238";""
"2024-06-30";"1070001";"1041810";"ITC41";"SBI9";"128785";""
"2024-06-30";"1070001";"1041810";"IT";"S129";"6934252";""
"2024-06-30";"1070001";"1041810";"ITC4";"S124";"16842141";""
"2024-06-30";"1070001";"1041810";"ITC4";"S14";"243372680";""
"2024-06-30";"1070001";"1041810";"ITC4";"S127";"7186468";""
"2024-06-30";"1070001";"1041810";"ITC4";"S12BI66";"17743648";""
"2024-06-30";"1070001";"1041810";"IT";"S12BI66";"42698111";""
"2024-06-30";"1070001";"1041810";"IT";"S1314";"6654800";""
"2024-06-30";"1070001";"1041810";"IT";"S126";"19721963";""
"2024-06-30";"1070001";"1041810";"ITC41";"450";"2604";""
"2024-06-30";"1070001";"1041810";"ITC4";"S15";"7482044";""
"2024-06-30";"1070001";"1041810";"ITC41";"S1313";"41180";""
"2024-06-30";"1070001";"1041810";"ITC4";"S128";"3150244";""
"2024-06-30";"1070001";"1041810";"IT";"S15";"36803891";""
"2024-06-30";"1070001";"1041810";"ITC4";"600";"226248249";""
"2024-06-30";"1070001";"1041810";"ITC41";"S1311";"60351";""
"2024-06-30";"1070001";"1041810";"IT";"600";"1103763104";""
"2024-06-30";"1070001";"1041810";"ITC41";"S127";"133853";""
"2024-06-30";"1070001";"1041810";"IT";"S128";"14402035";""
"2024-06-30";"1070001";"1041810";"IT";"S127";"16012717";""
"2024-06-30";"1070001";"1041810";"IT";"S13";"50492554";""
"2024-06-30";"1070001";"1041810";"ITC4";"S13";"2650151";""
"2024-06-30";"1070001";"1041810";"ITC41";"S124";"29977";""
"2024-06-30";"1070001";"1041810";"ITC41";"S11BI7";"226932";""
"2024-06-30";"1070001";"1041810";"ITC4";"S129";"2428947";""
"2024-06-30";"1070001";"1041810";"ITC4";"S11BI7";"2773640";""
"2024-06-30";"1070001";"1041810";"IT";"SBI59";"1845972398";""
"2024-06-30";"1070001";"1041810";"ITC41";"S126";"57198";""
"2024-06-30";"1070001";"1041810";"ITC4";"S11001";"4107000";""
"2024-06-30";"1070001";"1041810";"IT";"SBI9";"6017556";""
"2024-06-30";"1070001";"1041810";"IT";"S14BI2";"86364320";""
"2024-06-30";"1070001";"1041810";"ITC4";"S11";"137151645";""
"2024-06-30";"1070001";"1041810";"IT";"S1313";"16158385";""
"2024-06-30";"1070001";"1041810";"ITC41";"S12BI66";"2478";""
"2024-06-30";"1070001";"1041810";"ITC4";"S1313";"1637689";""
"2024-06-30";"1070001";"1041810";"ITC4";"450";"211844";""
"2024-06-30";"1070001";"1041810";"ITC4";"SBI59";"452156761";""
"2024-06-30";"1070001";"1041810";"IT";"450";"948311";""
"2024-06-30";"1070001";"1041810";"ITC41";"S13";"101570";""
"2024-06-30";"1070001";"1041810";"ITC41";"600";"18112299";""
"2024-06-30";"1070001";"1041810";"IT";"S124";"22129650";""
"2024-06-30";"1070001";"1041810";"ITC41";"S129";"23";""
"2024-06-30";"1070001";"1041810";"ITC41";"S11001";"129317";""
"2024-06-30";"1070001";"1041810";"ITC41";"S1314";"39";""
"2024-06-30";"1070001";"1041810";"IT";"S12BI7";"121898728";""
"2024-06-30";"1070001";"1041810";"ITC41";"S11BI32";"4967732";""
"2024-05-31";"1070001";"1041810";"IT";"S127";"15600891";""
"2024-05-31";"1070001";"1041810";"ITC41";"S12BI7";"220446";""
"2024-05-31";"1070001";"1041810";"ITC4";"S127";"7091372";""
"2024-05-31";"1070001";"1041810";"IT";"S14BI2";"83951325";""
"2024-05-31";"1070001";"1041810";"ITC41";"S124";"27186";""
"2024-05-31";"1070001";"1041810";"ITC4";"S1311";"989053";""
"2024-05-31";"1070001";"1041810";"ITC4";"S1313";"1678273";""
"2024-05-31";"1070001";"1041810";"IT";"SBI59";"1808835764";""
"2024-05-31";"1070001";"1041810";"ITC4";"S13";"2730888";""
"2024-05-31";"1070001";"1041810";"ITC41";"S14BI2";"1086361";""
"2024-05-31";"1070001";"1041810";"IT";"SBI9";"5682146";""
"2024-05-31";"1070001";"1041810";"ITC41";"S14";"19175914";""
"2024-05-31";"1070001";"1041810";"IT";"S129";"7331321";""
"2024-05-31";"1070001";"1041810";"IT";"S13";"50381205";""
"2024-05-31";"1070001";"1041810";"ITC41";"S11BI7";"208469";""
"2024-05-31";"1070001";"1041810";"ITC41";"S12BI66";"2550";""
"2024-05-31";"1070001";"1041810";"IT";"S15";"36471082";""
"2024-05-31";"1070001";"1041810";"IT";"S14";"1185673000";""
"2024-05-31";"1070001";"1041810";"IT";"S11";"412603958";""
"2024-05-31";"1070001";"1041810";"IT";"600";"1101721675";""
"2024-05-31";"1070001";"1041810";"ITC41";"S11BI32";"4716525";""
"2024-05-31";"1070001";"1041810";"ITC4";"S12BI7";"56505922";""
"2024-05-31";"1070001";"1041810";"ITC41";"S126";"57784";""
"2024-05-31";"1070001";"1041810";"IT";"S124";"21410813";""
"2024-05-31";"1070001";"1041810";"ITC41";"S1313";"42860";""
"2024-05-31";"1070001";"1041810";"ITC41";"SBI59";"25328802";""
"2024-05-31";"1070001";"1041810";"ITC4";"S128";"3892206";""
"2024-05-31";"1070001";"1041810";"IT";"S11001";"20775570";""
"2024-05-31";"1070001";"1041810";"ITC41";"450";"2919";""
"2024-05-31";"1070001";"1041810";"ITC4";"600";"225625258";""
"2024-05-31";"1070001";"1041810";"ITC4";"S11BI32";"112510571";""
"2024-05-31";"1070001";"1041810";"ITC4";"S11001";"3134185";""
"2024-05-31";"1070001";"1041810";"ITC4";"S1314";"63562";""
"2024-05-31";"1070001";"1041810";"IT";"S1313";"16439787";""
"2024-05-31";"1070001";"1041810";"ITC4";"S11BI7";"2484341";""
"2024-05-31";"1070001";"1041810";"IT";"S126";"19771467";""
"2024-05-31";"1070001";"1041810";"IT";"S11BI7";"9833140";""
"2024-05-31";"1070001";"1041810";"ITC41";"S1314";"75";""
"2024-05-31";"1070001";"1041810";"ITC41";"S128";"4515";""
"2024-05-31";"1070001";"1041810";"IT";"S128";"15400912";""
"2024-05-31";"1070001";"1041810";"IT";"S11BI32";"361159434";""
"2024-05-31";"1070001";"1041810";"ITC41";"S127";"128386";""
"2024-05-31";"1070001";"1041810";"ITC4";"SBI59";"433329108";""
"2024-05-31";"1070001";"1041810";"ITC4";"S129";"2585361";""
"2024-05-31";"1070001";"1041810";"IT";"S12BI66";"38508970";""
"2024-05-31";"1070001";"1041810";"IT";"S12BI7";"118024374";""
"2024-05-31";"1070001";"1041810";"ITC41";"SBI9";"132373";""
"2024-05-31";"1070001";"1041810";"IT";"S1314";"7597325";""
"2024-05-31";"1070001";"1041810";"ITC41";"S15";"367995";""
"2024-05-31";"1070001";"1041810";"ITC41";"S129";"23";""
"2024-05-31";"1070001";"1041810";"ITC4";"S15";"7478588";""
"2024-05-31";"1070001";"1041810";"ITC41";"S1311";"59413";""
"2024-05-31";"1070001";"1041810";"IT";"450";"1000563";""
"2024-05-31";"1070001";"1041810";"IT";"S11BI8";"19835251";""
"2024-05-31";"1070001";"1041810";"ITC4";"SBI9";"2061397";""
"2024-05-31";"1070001";"1041810";"ITC41";"S11BI8";"262835";""
"2024-05-31";"1070001";"1041810";"IT";"S1311";"26344093";""
"2024-05-31";"1070001";"1041810";"ITC41";"600";"18089553";""
"2024-05-31";"1070001";"1041810";"ITC41";"S11";"5329726";""
"2024-05-31";"1070001";"1041810";"ITC41";"S11001";"138978";""
"2024-05-31";"1070001";"1041810";"ITC4";"S126";"11560499";""
"2024-05-31";"1070001";"1041810";"ITC4";"S14";"242148106";""
"2024-05-31";"1070001";"1041810";"ITC4";"450";"272106";""
"2024-05-31";"1070001";"1041810";"ITC4";"S11BI8";"4003004";""
"2024-05-31";"1070001";"1041810";"ITC4";"S12BI66";"15002377";""
"2024-05-31";"1070001";"1041810";"ITC41";"S13";"102348";""
"2024-05-31";"1070001";"1041810";"ITC4";"S124";"16374106";""
"2024-05-31";"1070001";"1041810";"ITC4";"S11";"122404207";""
"2024-05-31";"1070001";"1041810";"ITC4";"S14BI2";"16522848";""
"2024-04-30";"1070001";"1041810";"ITC41";"S11";"5312754";""
"2024-04-30";"1070001";"1041810";"IT";"S128";"14567972";""
"2024-04-30";"1070001";"1041810";"ITC41";"S1314";"72";""
"2024-04-30";"1070001";"1041810";"ITC4";"S124";"15788803";""
"2024-04-30";"1070001";"1041810";"ITC4";"S11001";"3664350";""
"2024-04-30";"1070001";"1041810";"IT";"S13";"49573060";""
"2024-04-30";"1070001";"1041810";"ITC4";"S15";"7535892";""
"2024-04-30";"1070001";"1041810";"ITC4";"450";"261349";""
"2024-04-30";"1070001";"1041810";"IT";"S15";"36147451";""
"2024-04-30";"1070001";"1041810";"IT";"SBI9";"5749523";""
"2024-04-30";"1070001";"1041810";"IT";"S1313";"16324113";""
"2024-04-30";"1070001";"1041810";"ITC41";"S12BI7";"216586";""
"2024-04-30";"1070001";"1041810";"ITC41";"S126";"55216";""
"2024-04-30";"1070001";"1041810";"IT";"S11001";"22523634";""
"2024-04-30";"1070001";"1041810";"ITC4";"S12BI66";"16111688";""
"2024-04-30";"1070001";"1041810";"ITC4";"S126";"11537069";""
"2024-04-30";"1070001";"1041810";"ITC4";"S1313";"1674748";""
"2024-04-30";"1070001";"1041810";"IT";"S12BI7";"115613421";""
"2024-04-30";"1070001";"1041810";"IT";"S14BI2";"83702902";""
"2024-04-30";"1070001";"1041810";"ITC41";"SBI9";"132023";""
"2024-04-30";"1070001";"1041810";"ITC41";"S13";"102765";""
"2024-04-30";"1070001";"1041810";"IT";"S124";"20699570";""
"2024-04-30";"1070001";"1041810";"IT";"450";"989743";""
"2024-04-30";"1070001";"1041810";"ITC4";"SBI59";"431829629";""
"2024-04-30";"1070001";"1041810";"IT";"S11BI7";"9682378";""
"2024-04-30";"1070001";"1041810";"ITC41";"S129";"56";""
"2024-04-30";"1070001";"1041810";"IT";"600";"1109461884";""
"2024-04-30";"1070001";"1041810";"IT";"S14";"1193164786";""
"2024-04-30";"1070001";"1041810";"ITC41";"S128";"4795";""
"2024-04-30";"1070001";"1041810";"ITC41";"S11001";"141318";""
"2024-04-30";"1070001";"1041810";"ITC41";"S14BI2";"1086331";""
"2024-04-30";"1070001";"1041810";"ITC41";"S14";"19309668";""
"2024-04-30";"1070001";"1041810";"IT";"S127";"13605754";""
"2024-04-30";"1070001";"1041810";"IT";"SBI59";"1805252919";""
"2024-04-30";"1070001";"1041810";"ITC4";"S129";"2737878";""
"2024-04-30";"1070001";"1041810";"ITC41";"S11BI7";"202873";""
"2024-04-30";"1070001";"1041810";"IT";"S1311";"25712210";""
"2024-04-30";"1070001";"1041810";"ITC4";"S11BI7";"2434923";""
"2024-04-30";"1070001";"1041810";"ITC41";"S15";"375084";""
"2024-04-30";"1070001";"1041810";"ITC41";"S124";"20033";""
"2024-04-30";"1070001";"1041810";"ITC4";"S14";"243373238";""
"2024-04-30";"1070001";"1041810";"ITC41";"S12BI66";"2573";""
"2024-04-30";"1070001";"1041810";"ITC4";"S1311";"990139";""
"2024-04-30";"1070001";"1041810";"ITC41";"600";"18223337";""
"2024-04-30";"1070001";"1041810";"ITC41";"450";"2967";""
"2024-04-30";"1070001";"1041810";"ITC41";"S127";"133913";""
"2024-04-30";"1070001";"1041810";"ITC4";"600";"227008874";""
"2024-04-30";"1070001";"1041810";"ITC4";"S127";"5450951";""
"2024-04-30";"1070001";"1041810";"IT";"S11BI8";"19555661";""
"2024-04-30";"1070001";"1041810";"IT";"S126";"19558689";""
"2024-04-30";"1070001";"1041810";"ITC4";"S128";"3642321";""
"2024-04-30";"1070001";"1041810";"ITC41";"S1313";"42282";""
"2024-04-30";"1070001";"1041810";"ITC41";"S1311";"60411";""
"2024-04-30";"1070001";"1041810";"ITC41";"S11BI8";"258825";""
"2024-04-30";"1070001";"1041810";"ITC41";"S11BI32";"4706771";""
"2024-04-30";"1070001";"1041810";"ITC4";"S13";"2724042";""
"2024-04-30";"1070001";"1041810";"IT";"S1314";"7536737";""
"2024-04-30";"1070001";"1041810";"ITC4";"S12BI7";"55268710";""
"2024-04-30";"1070001";"1041810";"IT";"S129";"7418507";""
"2024-04-30";"1070001";"1041810";"IT";"S11BI32";"352253261";""
"2024-04-30";"1070001";"1041810";"IT";"S12BI66";"39762928";""
"2024-04-30";"1070001";"1041810";"ITC4";"S11BI32";"110488769";""
"2024-04-30";"1070001";"1041810";"ITC4";"SBI9";"2097040";""
"2024-04-30";"1070001";"1041810";"ITC4";"S1314";"59155";""
"2024-04-30";"1070001";"1041810";"ITC41";"SBI59";"25448880";""
"2024-04-30";"1070001";"1041810";"IT";"S11";"405004677";""
"2024-04-30";"1070001";"1041810";"ITC4";"S14BI2";"16364364";""
"2024-04-30";"1070001";"1041810";"ITC4";"S11BI8";"3981316";""
"2024-04-30";"1070001";"1041810";"ITC4";"S11";"120830707";""
"2024-03-31";"1070001";"1041810";"ITC4";"S1314";"48135";""
"2024-03-31";"1070001";"1041810";"ITC41";"S11001";"153742";""
"2024-03-31";"1070001";"1041810";"ITC41";"S1314";"65";""
"2024-03-31";"1070001";"1041810";"IT";"S13";"49609220";""
"2024-03-31";"1070001";"1041810";"ITC4";"S14";"242891345";""
"2024-03-31";"1070001";"1041810";"ITC41";"S128";"4968";""
"2024-03-31";"1070001";"1041810";"IT";"S11";"412708503";""
"2024-03-31";"1070001";"1041810";"IT";"S126";"19896153";""
"2024-03-31";"1070001";"1041810";"IT";"SBI9";"5966628";""
"2024-03-31";"1070001";"1041810";"ITC41";"450";"3057";""
"2024-03-31";"1070001";"1041810";"ITC41";"S11";"5543368";""
"2024-03-31";"1070001";"1041810";"ITC4";"450";"243325";""
"2024-03-31";"1070001";"1041810";"IT";"S129";"6405532";""
"2024-03-31";"1070001";"1041810";"IT";"S1311";"26183891";""
"2024-03-31";"1070001";"1041810";"IT";"S124";"20810680";""
"2024-03-31";"1070001";"1041810";"ITC41";"S124";"21174";""
"2024-03-31";"1070001";"1041810";"ITC4";"S12BI66";"16022971";""
"2024-03-31";"1070001";"1041810";"ITC4";"SBI9";"2363586";""
"2024-03-31";"1070001";"1041810";"IT";"S127";"13851107";""
"2024-03-31";"1070001";"1041810";"ITC41";"S129";"56";""
"2024-03-31";"1070001";"1041810";"IT";"S15";"35860063";""
"2024-03-31";"1070001";"1041810";"ITC41";"S14";"19253197";""
"2024-03-31";"1070001";"1041810";"ITC41";"S1311";"61698";""
"2024-03-31";"1070001";"1041810";"IT";"S1314";"6971794";""
"2024-03-31";"1070001";"1041810";"ITC41";"S127";"121446";""
"2024-03-31";"1070001";"1041810";"ITC4";"600";"226577312";""
"2024-03-31";"1070001";"1041810";"ITC4";"S11BI32";"112307335";""
"2024-03-31";"1070001";"1041810";"ITC4";"S11BI8";"3997561";""
"2024-03-31";"1070001";"1041810";"ITC4";"S126";"11592323";""
"2024-03-31";"1070001";"1041810";"IT";"S11BI32";"358871156";""
"2024-03-31";"1070001";"1041810";"ITC4";"S127";"5695468";""
"2024-03-31";"1070001";"1041810";"IT";"S11BI8";"19981013";""
"2024-03-31";"1070001";"1041810";"ITC41";"S12BI7";"205373";""
"2024-03-31";"1070001";"1041810";"ITC41";"S11BI8";"264132";""
"2024-03-31";"1070001";"1041810";"IT";"S12BI7";"117582274";""
"2024-03-31";"1070001";"1041810";"IT";"450";"987584";""
"2024-03-31";"1070001";"1041810";"ITC41";"S13";"106774";""
"2024-03-31";"1070001";"1041810";"IT";"S14";"1189913532";""
"2024-03-31";"1070001";"1041810";"ITC4";"S124";"15987993";""
"2024-03-31";"1070001";"1041810";"IT";"S11BI7";"10085247";""
"2024-03-31";"1070001";"1041810";"ITC4";"S11";"122961987";""
"2024-03-31";"1070001";"1041810";"ITC4";"S1313";"1694879";""
"2024-03-31";"1070001";"1041810";"IT";"SBI59";"1811640221";""
"2024-03-31";"1070001";"1041810";"ITC4";"S13";"2725579";""
"2024-03-31";"1070001";"1041810";"ITC41";"SBI9";"133939";""
"2024-03-31";"1070001";"1041810";"ITC4";"S14BI2";"16314033";""
"2024-03-31";"1070001";"1041810";"IT";"600";"1106794366";""
"2024-03-31";"1070001";"1041810";"ITC41";"S11BI7";"210394";""
"2024-03-31";"1070001";"1041810";"ITC4";"S11001";"3847787";""
"2024-03-31";"1070001";"1041810";"IT";"S11001";"22783502";""
"2024-03-31";"1070001";"1041810";"IT";"S128";"15585686";""
"2024-03-31";"1070001";"1041810";"ITC4";"S1311";"982565";""
"2024-03-31";"1070001";"1041810";"ITC4";"S128";"3370566";""
"2024-03-31";"1070001";"1041810";"IT";"S14BI2";"83119166";""
"2024-03-31";"1070001";"1041810";"ITC41";"SBI59";"25616392";""
"2024-03-31";"1070001";"1041810";"ITC4";"S12BI7";"54962140";""
"2024-03-31";"1070001";"1041810";"ITC4";"S129";"2292820";""
"2024-03-31";"1070001";"1041810";"IT";"S1313";"16453535";""
"2024-03-31";"1070001";"1041810";"ITC4";"S15";"7517238";""
"2024-03-31";"1070001";"1041810";"ITC4";"S11BI7";"2565980";""
"2024-03-31";"1070001";"1041810";"ITC41";"S126";"55196";""
"2024-03-31";"1070001";"1041810";"IT";"S12BI66";"41033116";""
"2024-03-31";"1070001";"1041810";"ITC41";"S15";"373743";""
"2024-03-31";"1070001";"1041810";"ITC41";"S11BI32";"4912044";""
"2024-03-31";"1070001";"1041810";"ITC41";"S12BI66";"2532";""
"2024-03-31";"1070001";"1041810";"ITC41";"S1313";"45011";""
"2024-03-31";"1070001";"1041810";"ITC41";"S14BI2";"1069264";""
"2024-03-31";"1070001";"1041810";"ITC4";"SBI59";"433421876";""
"2024-03-31";"1070001";"1041810";"ITC41";"600";"18183933";""
"2024-02-29";"1070001";"1041810";"ITC41";"S14";"19466484";""
"2024-02-29";"1070001";"1041810";"IT";"S13";"50885574";""
"2024-02-29";"1070001";"1041810";"ITC41";"S12BI7";"215999";""
"2024-02-29";"1070001";"1041810";"ITC4";"S124";"16407749";""
"2024-02-29";"1070001";"1041810";"ITC4";"S11BI32";"105985929";""
"2024-02-29";"1070001";"1041810";"IT";"S11";"388296263";""
"2024-02-29";"1070001";"1041810";"IT";"S11BI7";"9150829";""
"2024-02-29";"1070001";"1041810";"ITC4";"S1311";"998516";""
"2024-02-29";"1070001";"1041810";"ITC41";"S126";"54964";""
"2024-02-29";"1070001";"1041810";"IT";"S12BI66";"40608519";""
"2024-02-29";"1070001";"1041810";"IT";"S11BI8";"18759360";""
"2024-02-29";"1070001";"1041810";"IT";"S1313";"16922376";""
"2024-02-29";"1070001";"1041810";"IT";"SBI9";"6040679";""
"2024-02-29";"1070001";"1041810";"ITC4";"S1314";"60981";""
"2024-02-29";"1070001";"1041810";"IT";"S1314";"7491528";""
"2024-02-29";"1070001";"1041810";"IT";"S15";"35925240";""
"2024-02-29";"1070001";"1041810";"IT";"S127";"14003417";""
"2024-02-29";"1070001";"1041810";"ITC41";"S11BI32";"4597894";""
"2024-02-29";"1070001";"1041810";"ITC41";"S1313";"48416";""
"2024-02-29";"1070001";"1041810";"ITC41";"S12BI66";"3434";""
"2024-02-29";"1070001";"1041810";"ITC4";"SBI59";"430768426";""
"2024-02-29";"1070001";"1041810";"ITC4";"S13";"2768290";""
"2024-02-29";"1070001";"1041810";"IT";"S11BI32";"338898061";""
"2024-02-29";"1070001";"1041810";"ITC4";"S126";"11800179";""
"2024-02-29";"1070001";"1041810";"ITC41";"600";"18439462";""
"2024-02-29";"1070001";"1041810";"ITC4";"S15";"7580899";""
"2024-02-29";"1070001";"1041810";"ITC41";"S11";"5174422";""
"2024-02-29";"1070001";"1041810";"ITC41";"S15";"368057";""
"2024-02-29";"1070001";"1041810";"ITC4";"450";"244569";""
"2024-02-29";"1070001";"1041810";"ITC41";"SBI59";"25478657";""
"2024-02-29";"1070001";"1041810";"ITC4";"S129";"2305452";""
"2024-02-29";"1070001";"1041810";"IT";"S124";"21442795";""
"2024-02-29";"1070001";"1041810";"IT";"600";"1117807100";""
"2024-02-29";"1070001";"1041810";"IT";"S14BI2";"81680139";""
"2024-02-29";"1070001";"1041810";"ITC41";"S1311";"63164";""
"2024-02-29";"1070001";"1041810";"ITC4";"S14BI2";"15938282";""
"2024-02-29";"1070001";"1041810";"ITC41";"S13";"111631";""
"2024-02-29";"1070001";"1041810";"ITC4";"S12BI7";"56187966";""
"2024-02-29";"1070001";"1041810";"IT";"SBI59";"1798310821";""
"2024-02-29";"1070001";"1041810";"IT";"S126";"19790112";""
"2024-02-29";"1070001";"1041810";"ITC41";"S1314";"51";""
"2024-02-29";"1070001";"1041810";"IT";"S14";"1199487238";""
"2024-02-29";"1070001";"1041810";"ITC41";"S124";"21679";""
"2024-02-29";"1070001";"1041810";"ITC41";"SBI9";"142064";""
"2024-02-29";"1070001";"1041810";"ITC41";"S14BI2";"1027022";""
"2024-02-29";"1070001";"1041810";"ITC4";"S11BI8";"3745869";""
"2024-02-29";"1070001";"1041810";"IT";"S129";"6456074";""
"2024-02-29";"1070001";"1041810";"ITC4";"S11";"116336584";""
"2024-02-29";"1070001";"1041810";"IT";"S1311";"26471670";""
"2024-02-29";"1070001";"1041810";"ITC4";"S1313";"1708792";""
"2024-02-29";"1070001";"1041810";"ITC41";"S11BI8";"243165";""
"2024-02-29";"1070001";"1041810";"ITC4";"600";"229635637";""
"2024-02-29";"1070001";"1041810";"IT";"S11001";"20503469";""
"2024-02-29";"1070001";"1041810";"IT";"S128";"15374908";""
"2024-02-29";"1070001";"1041810";"ITC41";"S11BI7";"183014";""
"2024-02-29";"1070001";"1041810";"ITC4";"S14";"245573919";""
"2024-02-29";"1070001";"1041810";"ITC4";"S11BI7";"2287513";""
"2024-02-29";"1070001";"1041810";"ITC41";"S129";"52";""
"2024-02-29";"1070001";"1041810";"ITC4";"S128";"3791894";""
"2024-02-29";"1070001";"1041810";"ITC41";"S127";"135870";""
"2024-02-29";"1070001";"1041810";"ITC4";"S12BI66";"16065862";""
"2024-02-29";"1070001";"1041810";"ITC4";"S11001";"4072704";""
"2024-02-29";"1070001";"1041810";"IT";"S12BI7";"117675826";""
"2024-02-29";"1070001";"1041810";"ITC41";"450";"3247";""
"2024-02-29";"1070001";"1041810";"IT";"450";"984545";""
"2024-02-29";"1070001";"1041810";"ITC4";"S127";"5816832";""
"2024-02-29";"1070001";"1041810";"ITC41";"S11001";"147102";""
"2024-02-29";"1070001";"1041810";"ITC4";"SBI9";"2320768";""
"2024-01-31";"1070001";"1041810";"IT";"SBI9";"6089731";""
"2024-01-31";"1070001";"1041810";"IT";"S126";"20545951";""
"2024-01-31";"1070001";"1041810";"IT";"S14";"1197862734";""
"2024-01-31";"1070001";"1041810";"IT";"S128";"15090766";""
"2024-01-31";"1070001";"1041810";"ITC41";"S14BI2";"1013903";""
"2024-01-31";"1070001";"1041810";"ITC4";"S14BI2";"15769337";""
"2024-01-31";"1070001";"1041810";"ITC41";"450";"3224";""
"2024-01-31";"1070001";"1041810";"ITC41";"S126";"64447";""
"2024-01-31";"1070001";"1041810";"ITC4";"S1314";"49131";""
"2024-01-31";"1070001";"1041810";"IT";"S124";"20306761";""
"2024-01-31";"1070001";"1041810";"ITC41";"S11BI32";"4492017";""
"2024-01-31";"1070001";"1041810";"ITC41";"S1313";"47930";""
"2024-01-31";"1070001";"1041810";"IT";"S11BI7";"9094740";""
"2024-01-31";"1070001";"1041810";"ITC4";"S14";"245489816";""
"2024-01-31";"1070001";"1041810";"IT";"S11001";"21866130";""
"2024-01-31";"1070001";"1041810";"ITC41";"S11BI8";"244546";""
"2024-01-31";"1070001";"1041810";"ITC4";"S1311";"1005219";""
"2024-01-31";"1070001";"1041810";"IT";"S1313";"16971601";""
"2024-01-31";"1070001";"1041810";"ITC4";"S1313";"1639060";""
"2024-01-31";"1070001";"1041810";"ITC41";"S14";"19476280";""
"2024-01-31";"1070001";"1041810";"ITC4";"S12BI7";"55615231";""
"2024-01-31";"1070001";"1041810";"ITC41";"S124";"17937";""
"2024-01-31";"1070001";"1041810";"ITC41";"S1311";"61013";""
"2024-01-31";"1070001";"1041810";"ITC4";"S11BI8";"3705473";""
"2024-01-31";"1070001";"1041810";"ITC4";"S128";"3392668";""
"2024-01-31";"1070001";"1041810";"ITC4";"S11BI7";"2257736";""
"2024-01-31";"1070001";"1041810";"IT";"S11BI8";"18621683";""
"2024-01-31";"1070001";"1041810";"ITC4";"S11";"115953693";""
"2024-01-31";"1070001";"1041810";"ITC4";"S13";"2693410";""
"2024-01-31";"1070001";"1041810";"ITC41";"600";"18462377";""
"2024-01-31";"1070001";"1041810";"IT";"600";"1116657899";""
"2024-01-31";"1070001";"1041810";"ITC41";"S11BI7";"178623";""
"2024-01-31";"1070001";"1041810";"ITC41";"S12BI66";"3380";""
"2024-01-31";"1070001";"1041810";"IT";"S13";"49392786";""
"2024-01-31";"1070001";"1041810";"ITC41";"S11001";"156260";""
"2024-01-31";"1070001";"1041810";"IT";"S12BI66";"38774145";""
"2024-01-31";"1070001";"1041810";"IT";"S12BI7";"116458413";""
"2024-01-31";"1070001";"1041810";"IT";"S127";"14306196";""
"2024-01-31";"1070001";"1041810";"IT";"S15";"35731856";""
"2024-01-31";"1070001";"1041810";"IT";"S1311";"25100938";""
"2024-01-31";"1070001";"1041810";"ITC4";"S12BI66";"15733285";""
"2024-01-31";"1070001";"1041810";"ITC41";"S127";"150312";""
"2024-01-31";"1070001";"1041810";"ITC4";"S124";"15205818";""
"2024-01-31";"1070001";"1041810";"ITC4";"SBI59";"429901155";""
"2024-01-31";"1070001";"1041810";"ITC41";"S11";"5074669";""
"2024-01-31";"1070001";"1041810";"ITC41";"SBI59";"25401096";""
"2024-01-31";"1070001";"1041810";"ITC4";"S11001";"3958039";""
"2024-01-31";"1070001";"1041810";"ITC4";"S127";"5881436";""
"2024-01-31";"1070001";"1041810";"IT";"S11";"388627003";""
"2024-01-31";"1070001";"1041810";"ITC4";"S15";"7756578";""
"2024-01-31";"1070001";"1041810";"ITC41";"S13";"108991";""
"2024-01-31";"1070001";"1041810";"ITC4";"S126";"12618129";""
"2024-01-31";"1070001";"1041810";"ITC4";"450";"235417";""
"2024-01-31";"1070001";"1041810";"IT";"SBI59";"1794162523";""
"2024-01-31";"1070001";"1041810";"ITC41";"SBI9";"141795";""
"2024-01-31";"1070001";"1041810";"IT";"450";"972887";""
"2024-01-31";"1070001";"1041810";"IT";"S129";"7434593";""
"2024-01-31";"1070001";"1041810";"ITC41";"S12BI7";"236127";""
"2024-01-31";"1070001";"1041810";"IT";"S14BI2";"81204835";""
"2024-01-31";"1070001";"1041810";"ITC4";"600";"229720479";""
"2024-01-31";"1070001";"1041810";"IT";"S11BI32";"338071563";""
"2024-01-31";"1070001";"1041810";"ITC41";"S129";"52";""
"2024-01-31";"1070001";"1041810";"ITC41";"S15";"363233";""
"2024-01-31";"1070001";"1041810";"IT";"S1314";"7320247";""
"2024-01-31";"1070001";"1041810";"ITC41";"S1314";"48";""
"2024-01-31";"1070001";"1041810";"ITC4";"SBI9";"2392427";""
"2024-01-31";"1070001";"1041810";"ITC4";"S129";"2783895";""
"2024-01-31";"1070001";"1041810";"ITC4";"S11BI32";"105797028";""
"2023-12-31";"1070001";"1041810";"ITC41";"S11001";"128337";""
"2023-12-31";"1070001";"1041810";"ITC41";"S15";"362932";""
"2023-12-31";"1070001";"1041810";"ITC41";"600";"18588812";""
"2023-12-31";"1070001";"1041810";"IT";"S126";"19572226";""
"2023-12-31";"1070001";"1041810";"ITC4";"S11BI32";"111589075";""
"2023-12-31";"1070001";"1041810";"ITC41";"S14BI2";"1035807";""
"2023-12-31";"1070001";"1041810";"ITC4";"S14";"246451156";""
"2023-12-31";"1070001";"1041810";"ITC4";"SBI59";"436106939";""
"2023-12-31";"1070001";"1041810";"ITC4";"S15";"7392813";""
"2023-12-31";"1070001";"1041810";"IT";"SBI59";"1825899326";""
"2023-12-31";"1070001";"1041810";"ITC41";"S12BI66";"3161";""
"2023-12-31";"1070001";"1041810";"ITC4";"S128";"2890469";""
"2023-12-31";"1070001";"1041810";"IT";"S12BI66";"42320058";""
"2023-12-31";"1070001";"1041810";"IT";"S1311";"27231620";""
"2023-12-31";"1070001";"1041810";"ITC4";"S124";"15468451";""
"2023-12-31";"1070001";"1041810";"IT";"S11001";"22710104";""
"2023-12-31";"1070001";"1041810";"IT";"S13";"50297185";""
"2023-12-31";"1070001";"1041810";"ITC41";"S127";"138296";""
"2023-12-31";"1070001";"1041810";"ITC41";"S1311";"61844";""
"2023-12-31";"1070001";"1041810";"ITC4";"450";"238350";""
"2023-12-31";"1070001";"1041810";"IT";"S14BI2";"82115080";""
"2023-12-31";"1070001";"1041810";"IT";"450";"925361";""
"2023-12-31";"1070001";"1041810";"IT";"S11";"417522770";""
"2023-12-31";"1070001";"1041810";"ITC41";"S126";"65482";""
"2023-12-31";"1070001";"1041810";"ITC4";"S14BI2";"15946474";""
"2023-12-31";"1070001";"1041810";"ITC41";"450";"3404";""
"2023-12-31";"1070001";"1041810";"ITC4";"S1314";"36215";""
"2023-12-31";"1070001";"1041810";"ITC4";"S127";"5713209";""
"2023-12-31";"1070001";"1041810";"IT";"S11BI7";"10166702";""
"2023-12-31";"1070001";"1041810";"IT";"S14";"1200385548";""
"2023-12-31";"1070001";"1041810";"ITC4";"S129";"2542654";""
"2023-12-31";"1070001";"1041810";"IT";"S11BI32";"363826630";""
"2023-12-31";"1070001";"1041810";"IT";"S15";"35348082";""
"2023-12-31";"1070001";"1041810";"ITC41";"S13";"96478";""
"2023-12-31";"1070001";"1041810";"ITC41";"S11BI7";"202976";""
"2023-12-31";"1070001";"1041810";"ITC4";"SBI9";"2180773";""
"2023-12-31";"1070001";"1041810";"ITC4";"S1311";"989851";""
"2023-12-31";"1070001";"1041810";"ITC4";"S11BI7";"2535947";""
"2023-12-31";"1070001";"1041810";"ITC41";"S1314";"34";""
"2023-12-31";"1070001";"1041810";"IT";"S1313";"16055053";""
"2023-12-31";"1070001";"1041810";"ITC4";"S1313";"1583772";""
"2023-12-31";"1070001";"1041810";"IT";"S128";"13503490";""
"2023-12-31";"1070001";"1041810";"ITC4";"S11001";"3870576";""
"2023-12-31";"1070001";"1041810";"ITC41";"S14";"19624619";""
"2023-12-31";"1070001";"1041810";"ITC41";"S11BI32";"4828522";""
"2023-12-31";"1070001";"1041810";"ITC4";"600";"230504682";""
"2023-12-31";"1070001";"1041810";"ITC4";"S12BI7";"55325622";""
"2023-12-31";"1070001";"1041810";"ITC4";"S126";"11671815";""
"2023-12-31";"1070001";"1041810";"ITC41";"S124";"16478";""
"2023-12-31";"1070001";"1041810";"ITC41";"S11";"5423449";""
"2023-12-31";"1070001";"1041810";"ITC41";"SBI9";"144397";""
"2023-12-31";"1070001";"1041810";"ITC4";"S12BI66";"17039024";""
"2023-12-31";"1070001";"1041810";"IT";"S129";"6640291";""
"2023-12-31";"1070001";"1041810";"ITC41";"S129";"52";""
"2023-12-31";"1070001";"1041810";"ITC41";"S11BI8";"260209";""
"2023-12-31";"1070001";"1041810";"ITC41";"S1313";"34599";""
"2023-12-31";"1070001";"1041810";"IT";"S12BI7";"116433768";""
"2023-12-31";"1070001";"1041810";"ITC4";"S11BI8";"3912788";""
"2023-12-31";"1070001";"1041810";"IT";"SBI9";"5911972";""
"2023-12-31";"1070001";"1041810";"ITC41";"S12BI7";"223467";""
"2023-12-31";"1070001";"1041810";"ITC41";"SBI59";"25875342";""
"2023-12-31";"1070001";"1041810";"IT";"S127";"13492557";""
"2023-12-31";"1070001";"1041810";"IT";"S11BI8";"19893973";""
"2023-12-31";"1070001";"1041810";"IT";"600";"1118270468";""
"2023-12-31";"1070001";"1041810";"ITC4";"S13";"2609838";""
"2023-12-31";"1070001";"1041810";"ITC4";"S11";"122146737";""
"2023-12-31";"1070001";"1041810";"IT";"S124";"20905147";""
"2023-12-31";"1070001";"1041810";"IT";"S1314";"7010513";""
"2023-11-30";"1070001";"1041810";"IT";"SBI59";"1771275739";""
"2023-11-30";"1070001";"1041810";"IT";"S14BI2";"79973564";""
"2023-11-30";"1070001";"1041810";"IT";"S128";"15942445";""
"2023-11-30";"1070001";"1041810";"ITC4";"450";"265568";""
"2023-11-30";"1070001";"1041810";"IT";"S126";"18125509";""
"2023-11-30";"1070001";"1041810";"IT";"450";"984013";""
"2023-11-30";"1070001";"1041810";"IT";"S124";"21240701";""
"2023-11-30";"1070001";"1041810";"ITC4";"S127";"5344985";""
"2023-11-30";"1070001";"1041810";"ITC4";"S11001";"4038683";""
"2023-11-30";"1070001";"1041810";"ITC41";"S11BI8";"250176";""
"2023-11-30";"1070001";"1041810";"IT";"S1314";"6691040";""
"2023-11-30";"1070001";"1041810";"ITC41";"S1314";"23";""
"2023-11-30";"1070001";"1041810";"IT";"S11BI7";"9285568";""
"2023-11-30";"1070001";"1041810";"ITC4";"S15";"7458238";""
"2023-11-30";"1070001";"1041810";"IT";"S14";"1171909708";""
"2023-11-30";"1070001";"1041810";"IT";"S13";"50570018";""
"2023-11-30";"1070001";"1041810";"ITC41";"S14";"19079728";""
"2023-11-30";"1070001";"1041810";"IT";"S1313";"16082160";""
"2023-11-30";"1070001";"1041810";"ITC4";"S12BI7";"55883094";""
"2023-11-30";"1070001";"1041810";"ITC41";"S11BI32";"4715904";""
"2023-11-30";"1070001";"1041810";"ITC41";"S1313";"37551";""
"2023-11-30";"1070001";"1041810";"ITC4";"S129";"2321533";""
"2023-11-30";"1070001";"1041810";"IT";"S11001";"22245046";""
"2023-11-30";"1070001";"1041810";"ITC41";"S11001";"146444";""
"2023-11-30";"1070001";"1041810";"IT";"S12BI7";"114716487";""
"2023-11-30";"1070001";"1041810";"IT";"S15";"35641819";""
"2023-11-30";"1070001";"1041810";"ITC41";"S12BI66";"3075";""
"2023-11-30";"1070001";"1041810";"ITC41";"S126";"51859";""
"2023-11-30";"1070001";"1041810";"ITC41";"SBI9";"148509";""
"2023-11-30";"1070001";"1041810";"ITC41";"S129";"52";""
"2023-11-30";"1070001";"1041810";"ITC4";"S1311";"1003056";""
"2023-11-30";"1070001";"1041810";"ITC4";"S12BI66";"16181966";""
"2023-11-30";"1070001";"1041810";"IT";"600";"1091936144";""
"2023-11-30";"1070001";"1041810";"ITC41";"450";"3341";""
"2023-11-30";"1070001";"1041810";"ITC41";"SBI59";"25234721";""
"2023-11-30";"1070001";"1041810";"ITC41";"S11BI7";"192231";""
"2023-11-30";"1070001";"1041810";"ITC4";"S13";"2723635";""
"2023-11-30";"1070001";"1041810";"ITC4";"SBI59";"424430099";""
"2023-11-30";"1070001";"1041810";"IT";"S1311";"27796818";""
"2023-11-30";"1070001";"1041810";"ITC41";"S12BI7";"221740";""
"2023-11-30";"1070001";"1041810";"ITC41";"S124";"16071";""
"2023-11-30";"1070001";"1041810";"IT";"S11BI8";"19082399";""
"2023-11-30";"1070001";"1041810";"IT";"S127";"12713056";""
"2023-11-30";"1070001";"1041810";"IT";"S129";"7065627";""
"2023-11-30";"1070001";"1041810";"ITC4";"S14";"240219277";""
"2023-11-30";"1070001";"1041810";"ITC4";"S1313";"1671764";""
"2023-11-30";"1070001";"1041810";"ITC41";"S1311";"64252";""
"2023-11-30";"1070001";"1041810";"IT";"S11";"392521212";""
"2023-11-30";"1070001";"1041810";"ITC4";"S124";"16186943";""
"2023-11-30";"1070001";"1041810";"ITC4";"S14BI2";"15591739";""
"2023-11-30";"1070001";"1041810";"ITC4";"S11BI32";"105730279";""
"2023-11-30";"1070001";"1041810";"ITC41";"S127";"150683";""
"2023-11-30";"1070001";"1041810";"ITC4";"S1314";"48814";""
"2023-11-30";"1070001";"1041810";"ITC4";"S11";"116087438";""
"2023-11-30";"1070001";"1041810";"ITC41";"S11";"5308096";""
"2023-11-30";"1070001";"1041810";"ITC41";"S14BI2";"999312";""
"2023-11-30";"1070001";"1041810";"IT";"SBI9";"5916495";""
"2023-11-30";"1070001";"1041810";"ITC41";"S15";"374823";""
"2023-11-30";"1070001";"1041810";"IT";"S11BI32";"340924186";""
"2023-11-30";"1070001";"1041810";"ITC4";"S11BI8";"3724353";""
"2023-11-30";"1070001";"1041810";"ITC41";"600";"18080415";""
"2023-11-30";"1070001";"1041810";"ITC4";"S128";"4826193";""
"2023-11-30";"1070001";"1041810";"ITC4";"600";"224627538";""
"2023-11-30";"1070001";"1041810";"ITC4";"SBI9";"2058417";""
"2023-11-30";"1070001";"1041810";"ITC41";"S13";"101826";""
"2023-11-30";"1070001";"1041810";"IT";"S12BI66";"39629150";""
"2023-11-30";"1070001";"1041810";"ITC4";"S11BI7";"2328555";""
"2023-11-30";"1070001";"1041810";"ITC4";"S126";"11021474";""
"2023-10-31";"1070001";"1041810";"IT";"S12BI66";"39839576";""
"2023-10-31";"1070001";"1041810";"ITC4";"S12BI7";"53959985";""
"2023-10-31";"1070001";"1041810";"IT";"S127";"12963389";""
"2023-10-31";"1070001";"1041810";"IT";"600";"1093404135";""
"2023-10-31";"1070001";"1041810";"ITC41";"S11BI32";"4802798";""
"2023-10-31";"1070001";"1041810";"ITC4";"S127";"5316844";""
"2023-10-31";"1070001";"1041810";"IT";"S11BI8";"20616853";""
"2023-10-31";"1070001";"1041810";"ITC4";"S11BI7";"2532391";""
"2023-10-31";"1070001";"1041810";"ITC41";"S14BI2";"1042925";""
"2023-10-31";"1070001";"1041810";"ITC41";"S14";"19148318";""
"2023-10-31";"1070001";"1041810";"ITC4";"S124";"14153471";""
"2023-10-31";"1070001";"1041810";"IT";"SBI59";"1778113983";""
"2023-10-31";"1070001";"1041810";"IT";"S14";"1175890215";""
"2023-10-31";"1070001";"1041810";"IT";"SBI9";"5971224";""
"2023-10-31";"1070001";"1041810";"ITC41";"S11001";"158683";""
"2023-10-31";"1070001";"1041810";"IT";"S12BI7";"110584799";""
"2023-10-31";"1070001";"1041810";"ITC4";"S11";"118180859";""
"2023-10-31";"1070001";"1041810";"ITC4";"S12BI66";"17700126";""
"2023-10-31";"1070001";"1041810";"ITC4";"S14BI2";"16222569";""
"2023-10-31";"1070001";"1041810";"ITC4";"600";"224825678";""
"2023-10-31";"1070001";"1041810";"ITC4";"450";"237091";""
"2023-10-31";"1070001";"1041810";"IT";"S11001";"21281228";""
"2023-10-31";"1070001";"1041810";"ITC41";"S13";"106757";""
"2023-10-31";"1070001";"1041810";"IT";"S129";"7057588";""
"2023-10-31";"1070001";"1041810";"ITC4";"S11BI8";"3947337";""
"2023-10-31";"1070001";"1041810";"ITC41";"S11BI8";"265786";""
"2023-10-31";"1070001";"1041810";"ITC4";"S13";"2709847";""
"2023-10-31";"1070001";"1041810";"ITC4";"S15";"7341333";""
"2023-10-31";"1070001";"1041810";"ITC41";"S12BI66";"2646";""
"2023-10-31";"1070001";"1041810";"ITC41";"S126";"53815";""
"2023-10-31";"1070001";"1041810";"ITC4";"S128";"3691562";""
"2023-10-31";"1070001";"1041810";"ITC41";"SBI59";"25375868";""
"2023-10-31";"1070001";"1041810";"ITC41";"S124";"16917";""
"2023-10-31";"1070001";"1041810";"IT";"S1313";"15329387";""
"2023-10-31";"1070001";"1041810";"ITC41";"S15";"369007";""
"2023-10-31";"1070001";"1041810";"ITC41";"S1311";"69404";""
"2023-10-31";"1070001";"1041810";"ITC4";"S126";"10541154";""
"2023-10-31";"1070001";"1041810";"IT";"S11BI7";"10081847";""
"2023-10-31";"1070001";"1041810";"ITC4";"SBI9";"2167163";""
"2023-10-31";"1070001";"1041810";"IT";"S1314";"6948722";""
"2023-10-31";"1070001";"1041810";"ITC4";"S11BI32";"107585317";""
"2023-10-31";"1070001";"1041810";"ITC41";"S129";"52";""
"2023-10-31";"1070001";"1041810";"IT";"S13";"51015085";""
"2023-10-31";"1070001";"1041810";"IT";"450";"926848";""
"2023-10-31";"1070001";"1041810";"IT";"S11";"398991371";""
"2023-10-31";"1070001";"1041810";"IT";"S15";"35661290";""
"2023-10-31";"1070001";"1041810";"ITC41";"SBI9";"147160";""
"2023-10-31";"1070001";"1041810";"ITC41";"S11BI7";"208380";""
"2023-10-31";"1070001";"1041810";"ITC41";"S1313";"37329";""
"2023-10-31";"1070001";"1041810";"ITC41";"S12BI7";"165497";""
"2023-10-31";"1070001";"1041810";"IT";"S126";"17174553";""
"2023-10-31";"1070001";"1041810";"ITC4";"S1313";"1699298";""
"2023-10-31";"1070001";"1041810";"ITC41";"S11";"5439128";""
"2023-10-31";"1070001";"1041810";"IT";"S14BI2";"82486079";""
"2023-10-31";"1070001";"1041810";"ITC41";"450";"3481";""
"2023-10-31";"1070001";"1041810";"ITC4";"SBI59";"425407434";""
"2023-10-31";"1070001";"1041810";"ITC41";"S1314";"24";""
"2023-10-31";"1070001";"1041810";"IT";"S1311";"28736976";""
"2023-10-31";"1070001";"1041810";"IT";"S128";"14076535";""
"2023-10-31";"1070001";"1041810";"ITC4";"S1311";"967589";""
"2023-10-31";"1070001";"1041810";"ITC4";"S14";"241048247";""
"2023-10-31";"1070001";"1041810";"ITC4";"S129";"2556829";""
"2023-10-31";"1070001";"1041810";"IT";"S11BI32";"346084595";""
"2023-10-31";"1070001";"1041810";"ITC41";"600";"18105393";""
"2023-10-31";"1070001";"1041810";"ITC4";"S1314";"42960";""
"2023-10-31";"1070001";"1041810";"ITC41";"S127";"92068";""
"2023-10-31";"1070001";"1041810";"IT";"S124";"19473158";""
"2023-10-31";"1070001";"1041810";"ITC4";"S11001";"3878723";""
"2023-09-30";"1070001";"1041810";"ITC41";"S126";"52346";""
"2023-09-30";"1070001";"1041810";"ITC4";"600";"229477763";""
"2023-09-30";"1070001";"1041810";"ITC4";"SBI59";"433012579";""
"2023-09-30";"1070001";"1041810";"ITC41";"S1314";"25";""
"2023-09-30";"1070001";"1041810";"ITC41";"S14BI2";"1067167";""
"2023-09-30";"1070001";"1041810";"IT";"S129";"5839697";""
"2023-09-30";"1070001";"1041810";"IT";"S1314";"6446146";""
"2023-09-30";"1070001";"1041810";"ITC41";"S1313";"39531";""
"2023-09-30";"1070001";"1041810";"ITC41";"S127";"93377";""
"2023-09-30";"1070001";"1041810";"IT";"S11BI32";"356922296";""
"2023-09-30";"1070001";"1041810";"ITC41";"S11001";"154055";""
"2023-09-30";"1070001";"1041810";"ITC41";"S11BI8";"282006";""
"2023-09-30";"1070001";"1041810";"ITC4";"S126";"11234708";""
"2023-09-30";"1070001";"1041810";"ITC4";"S13";"2773509";""
"2023-09-30";"1070001";"1041810";"ITC4";"S14";"245907381";""
"2023-09-30";"1070001";"1041810";"ITC4";"S14BI2";"16429617";""
"2023-09-30";"1070001";"1041810";"IT";"S126";"17955300";""
"2023-09-30";"1070001";"1041810";"IT";"S128";"15064699";""
"2023-09-30";"1070001";"1041810";"IT";"600";"1111493980";""
"2023-09-30";"1070001";"1041810";"IT";"S1311";"24384736";""
"2023-09-30";"1070001";"1041810";"IT";"S15";"35086832";""
"2023-09-30";"1070001";"1041810";"ITC4";"S11BI8";"4101843";""
"2023-09-30";"1070001";"1041810";"ITC4";"S129";"2142972";""
"2023-09-30";"1070001";"1041810";"ITC4";"S12BI7";"53432885";""
"2023-09-30";"1070001";"1041810";"ITC4";"S1314";"38172";""
"2023-09-30";"1070001";"1041810";"ITC41";"S12BI66";"2704";""
"2023-09-30";"1070001";"1041810";"ITC41";"S11";"5647448";""
"2023-09-30";"1070001";"1041810";"ITC41";"S11BI7";"221587";""
"2023-09-30";"1070001";"1041810";"ITC41";"S13";"110905";""
"2023-09-30";"1070001";"1041810";"ITC41";"S1311";"71350";""
"2023-09-30";"1070001";"1041810";"IT";"S11BI7";"10633524";""
"2023-09-30";"1070001";"1041810";"IT";"S13";"45991207";""
"2023-09-30";"1070001";"1041810";"ITC41";"450";"3377";""
"2023-09-30";"1070001";"1041810";"ITC41";"600";"18425946";""
"2023-09-30";"1070001";"1041810";"ITC41";"S124";"15363";""
"2023-09-30";"1070001";"1041810";"ITC4";"S11";"121564191";""
"2023-09-30";"1070001";"1041810";"ITC4";"S11BI7";"2673717";""
"2023-09-30";"1070001";"1041810";"ITC4";"S127";"5832439";""
"2023-09-30";"1070001";"1041810";"ITC4";"S15";"7128931";""
"2023-09-30";"1070001";"1041810";"ITC41";"SBI59";"25919785";""
"2023-09-30";"1070001";"1041810";"IT";"S11";"412289305";""
"2023-09-30";"1070001";"1041810";"IT";"SBI9";"6057525";""
"2023-09-30";"1070001";"1041810";"ITC4";"SBI9";"2205682";""
"2023-09-30";"1070001";"1041810";"ITC4";"S12BI66";"16151537";""
"2023-09-30";"1070001";"1041810";"IT";"S12BI66";"37089553";""
"2023-09-30";"1070001";"1041810";"IT";"S12BI7";"108692746";""
"2023-09-30";"1070001";"1041810";"IT";"S11001";"21825118";""
"2023-09-30";"1070001";"1041810";"IT";"S11BI8";"21897765";""
"2023-09-30";"1070001";"1041810";"ITC4";"450";"271499";""
"2023-09-30";"1070001";"1041810";"ITC41";"S12BI7";"163842";""
"2023-09-30";"1070001";"1041810";"IT";"S124";"19228519";""
"2023-09-30";"1070001";"1041810";"IT";"S1313";"15160326";""
"2023-09-30";"1070001";"1041810";"IT";"S14BI2";"83940487";""
"2023-09-30";"1070001";"1041810";"IT";"SBI59";"1803552082";""
"2023-09-30";"1070001";"1041810";"ITC41";"S11BI32";"4986424";""
"2023-09-30";"1070001";"1041810";"ITC4";"S11001";"3886151";""
"2023-09-30";"1070001";"1041810";"ITC4";"S11BI32";"110630980";""
"2023-09-30";"1070001";"1041810";"ITC4";"S124";"14487412";""
"2023-09-30";"1070001";"1041810";"ITC4";"S128";"3583818";""
"2023-09-30";"1070001";"1041810";"ITC41";"S129";"52";""
"2023-09-30";"1070001";"1041810";"ITC41";"S15";"361357";""
"2023-09-30";"1070001";"1041810";"IT";"S127";"13514977";""
"2023-09-30";"1070001";"1041810";"IT";"450";"1010602";""
"2023-09-30";"1070001";"1041810";"IT";"S14";"1195434467";""
"2023-09-30";"1070001";"1041810";"ITC4";"S1311";"987616";""
"2023-09-30";"1070001";"1041810";"ITC4";"S1313";"1747722";""
"2023-09-30";"1070001";"1041810";"ITC41";"S14";"19493113";""
"2023-09-30";"1070001";"1041810";"ITC41";"SBI9";"143119";""
"2023-08-31";"1070001";"1041810";"ITC41";"S11BI32";"4929838";""
"2023-08-31";"1070001";"1041810";"IT";"S126";"16873200";""
"2023-08-31";"1070001";"1041810";"ITC4";"S11001";"3428177";""
"2023-08-31";"1070001";"1041810";"ITC41";"S127";"99678";""
"2023-08-31";"1070001";"1041810";"ITC4";"S14BI2";"16159513";""
"2023-08-31";"1070001";"1041810";"ITC4";"SBI59";"422982939";""
"2023-08-31";"1070001";"1041810";"ITC4";"SBI9";"2032474";""
"2023-08-31";"1070001";"1041810";"ITC41";"S1311";"69602";""
"2023-08-31";"1070001";"1041810";"ITC41";"S14";"19485224";""
"2023-08-31";"1070001";"1041810";"ITC41";"S12BI7";"166983";""
"2023-08-31";"1070001";"1041810";"ITC4";"S11BI7";"2471092";""
"2023-08-31";"1070001";"1041810";"ITC4";"S124";"13465157";""
"2023-08-31";"1070001";"1041810";"ITC41";"S13";"108777";""
"2023-08-31";"1070001";"1041810";"ITC41";"S11BI7";"207499";""
"2023-08-31";"1070001";"1041810";"ITC41";"S124";"14254";""
"2023-08-31";"1070001";"1041810";"IT";"S11BI7";"9839409";""
"2023-08-31";"1070001";"1041810";"IT";"S12BI66";"35781577";""
"2023-08-31";"1070001";"1041810";"ITC4";"S11BI32";"105635524";""
"2023-08-31";"1070001";"1041810";"ITC4";"S11BI8";"3874298";""
"2023-08-31";"1070001";"1041810";"ITC4";"S127";"5319455";""
"2023-08-31";"1070001";"1041810";"ITC41";"S126";"50365";""
"2023-08-31";"1070001";"1041810";"ITC41";"S1314";"26";""
"2023-08-31";"1070001";"1041810";"ITC41";"SBI9";"142470";""
"2023-08-31";"1070001";"1041810";"IT";"S1313";"15193978";""
"2023-08-31";"1070001";"1041810";"IT";"SBI59";"1782692420";""
"2023-08-31";"1070001";"1041810";"IT";"S11001";"20916661";""
"2023-08-31";"1070001";"1041810";"ITC4";"S12BI7";"49766438";""
"2023-08-31";"1070001";"1041810";"ITC41";"S12BI66";"2634";""
"2023-08-31";"1070001";"1041810";"ITC41";"450";"3352";""
"2023-08-31";"1070001";"1041810";"ITC41";"S1313";"39149";""
"2023-08-31";"1070001";"1041810";"IT";"S15";"34405603";""
"2023-08-31";"1070001";"1041810";"IT";"600";"1112789169";""
"2023-08-31";"1070001";"1041810";"ITC4";"S1314";"40894";""
"2023-08-31";"1070001";"1041810";"ITC41";"600";"18438003";""
"2023-08-31";"1070001";"1041810";"ITC41";"SBI59";"25808668";""
"2023-08-31";"1070001";"1041810";"IT";"S11";"394848412";""
"2023-08-31";"1070001";"1041810";"IT";"S12BI7";"102879752";""
"2023-08-31";"1070001";"1041810";"IT";"S1311";"27668431";""
"2023-08-31";"1070001";"1041810";"ITC41";"S11";"5555308";""
"2023-08-31";"1070001";"1041810";"ITC41";"S11BI8";"267518";""
"2023-08-31";"1070001";"1041810";"IT";"S11BI32";"342168571";""
"2023-08-31";"1070001";"1041810";"IT";"S11BI8";"20959223";""
"2023-08-31";"1070001";"1041810";"IT";"S128";"13398358";""
"2023-08-31";"1070001";"1041810";"IT";"S129";"5896189";""
"2023-08-31";"1070001";"1041810";"ITC4";"S129";"2052153";""
"2023-08-31";"1070001";"1041810";"ITC4";"S13";"2778415";""
"2023-08-31";"1070001";"1041810";"IT";"450";"964548";""
"2023-08-31";"1070001";"1041810";"ITC41";"S129";"52";""
"2023-08-31";"1070001";"1041810";"ITC4";"S1313";"1764878";""
"2023-08-31";"1070001";"1041810";"ITC41";"S14BI2";"1047221";""
"2023-08-31";"1070001";"1041810";"IT";"S1314";"6342016";""
"2023-08-31";"1070001";"1041810";"IT";"S14BI2";"82688442";""
"2023-08-31";"1070001";"1041810";"IT";"S124";"18108281";""
"2023-08-31";"1070001";"1041810";"IT";"S127";"12822146";""
"2023-08-31";"1070001";"1041810";"IT";"S14";"1195477612";""
"2023-08-31";"1070001";"1041810";"IT";"SBI9";"5876617";""
"2023-08-31";"1070001";"1041810";"ITC4";"450";"259559";""
"2023-08-31";"1070001";"1041810";"ITC4";"600";"229698470";""
"2023-08-31";"1070001";"1041810";"ITC4";"S126";"10579902";""
"2023-08-31";"1070001";"1041810";"ITC4";"S1311";"972643";""
"2023-08-31";"1070001";"1041810";"ITC4";"S15";"6878978";""
"2023-08-31";"1070001";"1041810";"ITC41";"S11001";"147102";""
"2023-08-31";"1070001";"1041810";"IT";"S13";"49204425";""
"2023-08-31";"1070001";"1041810";"ITC4";"S11";"115668650";""
"2023-08-31";"1070001";"1041810";"ITC4";"S128";"3499296";""
"2023-08-31";"1070001";"1041810";"ITC4";"S12BI66";"14850475";""
"2023-08-31";"1070001";"1041810";"ITC4";"S14";"245857983";""
"2023-08-31";"1070001";"1041810";"ITC41";"S15";"349906";""
"2023-07-31";"1070001";"1041810";"ITC4";"S127";"6055967";""
"2023-07-31";"1070001";"1041810";"ITC41";"S13";"108309";""
"2023-07-31";"1070001";"1041810";"ITC41";"S1313";"39285";""
"2023-07-31";"1070001";"1041810";"ITC4";"S1313";"1717554";""
"2023-07-31";"1070001";"1041810";"ITC41";"S12BI7";"193180";""
"2023-07-31";"1070001";"1041810";"IT";"S11001";"22236474";""
"2023-07-31";"1070001";"1041810";"IT";"S15";"34567709";""
"2023-07-31";"1070001";"1041810";"IT";"SBI59";"1786132089";""
"2023-07-31";"1070001";"1041810";"ITC4";"S11BI8";"3928693";""
"2023-07-31";"1070001";"1041810";"ITC4";"S15";"6804988";""
"2023-07-31";"1070001";"1041810";"ITC41";"S11001";"149718";""
"2023-07-31";"1070001";"1041810";"ITC4";"S1311";"981327";""
"2023-07-31";"1070001";"1041810";"IT";"S11BI8";"20470684";""
"2023-07-31";"1070001";"1041810";"IT";"S14BI2";"84015754";""
"2023-07-31";"1070001";"1041810";"IT";"SBI9";"6085374";""
"2023-07-31";"1070001";"1041810";"ITC41";"S127";"114181";""
"2023-07-31";"1070001";"1041810";"ITC41";"S12BI66";"8059";""
"2023-07-31";"1070001";"1041810";"ITC4";"S1314";"35452";""
"2023-07-31";"1070001";"1041810";"ITC4";"S14";"246880564";""
"2023-07-31";"1070001";"1041810";"IT";"S11";"387241501";""
"2023-07-31";"1070001";"1041810";"IT";"S11BI32";"333734660";""
"2023-07-31";"1070001";"1041810";"IT";"S11BI7";"9825077";""
"2023-07-31";"1070001";"1041810";"IT";"S124";"19041704";""
"2023-07-31";"1070001";"1041810";"IT";"S1313";"15094739";""
"2023-07-31";"1070001";"1041810";"IT";"S1314";"5575010";""
"2023-07-31";"1070001";"1041810";"IT";"S14";"1197670954";""
"2023-07-31";"1070001";"1041810";"ITC41";"S11BI8";"272949";""
"2023-07-31";"1070001";"1041810";"ITC41";"S124";"13770";""
"2023-07-31";"1070001";"1041810";"ITC41";"SBI9";"142289";""
"2023-07-31";"1070001";"1041810";"ITC41";"S14";"19540612";""
"2023-07-31";"1070001";"1041810";"IT";"S127";"13864634";""
"2023-07-31";"1070001";"1041810";"IT";"S1311";"32386380";""
"2023-07-31";"1070001";"1041810";"ITC4";"S11BI32";"103190663";""
"2023-07-31";"1070001";"1041810";"ITC4";"S11BI7";"2467929";""
"2023-07-31";"1070001";"1041810";"ITC4";"S124";"14275631";""
"2023-07-31";"1070001";"1041810";"ITC4";"S12BI66";"15128224";""
"2023-07-31";"1070001";"1041810";"ITC41";"S11BI7";"206280";""
"2023-07-31";"1070001";"1041810";"ITC4";"450";"262335";""
"2023-07-31";"1070001";"1041810";"ITC41";"SBI59";"25657610";""
"2023-07-31";"1070001";"1041810";"ITC4";"S12BI7";"53306731";""
"2023-07-31";"1070001";"1041810";"ITC4";"S14BI2";"16610509";""
"2023-07-31";"1070001";"1041810";"ITC4";"S129";"2582845";""
"2023-07-31";"1070001";"1041810";"ITC4";"600";"230270055";""
"2023-07-31";"1070001";"1041810";"ITC4";"S11";"113032346";""
"2023-07-31";"1070001";"1041810";"ITC41";"S11BI32";"4695247";""
"2023-07-31";"1070001";"1041810";"ITC41";"S14BI2";"1114895";""
"2023-07-31";"1070001";"1041810";"IT";"S126";"18007654";""
"2023-07-31";"1070001";"1041810";"IT";"S12BI7";"107510422";""
"2023-07-31";"1070001";"1041810";"IT";"S13";"53056129";""
"2023-07-31";"1070001";"1041810";"ITC4";"S126";"11785526";""
"2023-07-31";"1070001";"1041810";"ITC4";"SBI59";"424965329";""
"2023-07-31";"1070001";"1041810";"ITC41";"600";"18425717";""
"2023-07-31";"1070001";"1041810";"ITC41";"S11";"5327782";""
"2023-07-31";"1070001";"1041810";"ITC41";"S129";"52";""
"2023-07-31";"1070001";"1041810";"ITC41";"S1311";"68993";""
"2023-07-31";"1070001";"1041810";"ITC4";"S11001";"3182726";""
"2023-07-31";"1070001";"1041810";"ITC4";"SBI9";"2206366";""
"2023-07-31";"1070001";"1041810";"ITC41";"450";"3587";""
"2023-07-31";"1070001";"1041810";"ITC41";"S126";"57120";""
"2023-07-31";"1070001";"1041810";"IT";"600";"1113655201";""
"2023-07-31";"1070001";"1041810";"IT";"S128";"13699555";""
"2023-07-31";"1070001";"1041810";"IT";"S129";"7018862";""
"2023-07-31";"1070001";"1041810";"IT";"S12BI66";"35878012";""
"2023-07-31";"1070001";"1041810";"ITC4";"S128";"3478538";""
"2023-07-31";"1070001";"1041810";"ITC41";"S15";"345438";""
"2023-07-31";"1070001";"1041810";"ITC41";"S1314";"31";""
"2023-07-31";"1070001";"1041810";"ITC4";"S13";"2734334";""
"2023-07-31";"1070001";"1041810";"IT";"450";"974606";""
"2023-06-30";"1070001";"1041810";"ITC41";"S13";"108594";""
"2023-06-30";"1070001";"1041810";"ITC41";"S14";"19475321";""
"2023-06-30";"1070001";"1041810";"IT";"S124";"19080644";""
"2023-06-30";"1070001";"1041810";"IT";"S128";"12249428";""
"2023-06-30";"1070001";"1041810";"IT";"S129";"6891527";""
"2023-06-30";"1070001";"1041810";"IT";"S1313";"15026973";""
"2023-06-30";"1070001";"1041810";"ITC4";"S127";"5499279";""
"2023-06-30";"1070001";"1041810";"IT";"S11BI7";"10093463";""
"2023-06-30";"1070001";"1041810";"IT";"S126";"18919721";""
"2023-06-30";"1070001";"1041810";"IT";"S14";"1198695879";""
"2023-06-30";"1070001";"1041810";"IT";"S15";"35031613";""
"2023-06-30";"1070001";"1041810";"ITC4";"S1314";"33537";""
"2023-06-30";"1070001";"1041810";"ITC4";"S14";"247418086";""
"2023-06-30";"1070001";"1041810";"ITC41";"S11001";"146083";""
"2023-06-30";"1070001";"1041810";"IT";"S11";"394991727";""
"2023-06-30";"1070001";"1041810";"ITC41";"SBI59";"25561468";""
"2023-06-30";"1070001";"1041810";"IT";"S1314";"6208235";""
"2023-06-30";"1070001";"1041810";"ITC4";"S12BI66";"15603290";""
"2023-06-30";"1070001";"1041810";"ITC4";"S13";"2637522";""
"2023-06-30";"1070001";"1041810";"ITC4";"SBI9";"2217467";""
"2023-06-30";"1070001";"1041810";"ITC41";"S11BI7";"210729";""
"2023-06-30";"1070001";"1041810";"ITC41";"S127";"116999";""
"2023-06-30";"1070001";"1041810";"IT";"S13";"48705035";""
"2023-06-30";"1070001";"1041810";"IT";"S1311";"27469827";""
"2023-06-30";"1070001";"1041810";"ITC4";"S1311";"937158";""
"2023-06-30";"1070001";"1041810";"IT";"450";"1053088";""
"2023-06-30";"1070001";"1041810";"ITC41";"S1313";"39163";""
"2023-06-30";"1070001";"1041810";"ITC41";"S1314";"31";""
"2023-06-30";"1070001";"1041810";"ITC4";"450";"336921";""
"2023-06-30";"1070001";"1041810";"IT";"S11BI8";"20610138";""
"2023-06-30";"1070001";"1041810";"IT";"S12BI7";"108055578";""
"2023-06-30";"1070001";"1041810";"IT";"S14BI2";"85791360";""
"2023-06-30";"1070001";"1041810";"ITC4";"S11BI8";"4036597";""
"2023-06-30";"1070001";"1041810";"ITC4";"S126";"11720817";""
"2023-06-30";"1070001";"1041810";"ITC41";"600";"18379974";""
"2023-06-30";"1070001";"1041810";"ITC41";"S11";"5282990";""
"2023-06-30";"1070001";"1041810";"ITC41";"S11BI32";"4641975";""
"2023-06-30";"1070001";"1041810";"ITC4";"S11BI7";"2568126";""
"2023-06-30";"1070001";"1041810";"IT";"600";"1112904520";""
"2023-06-30";"1070001";"1041810";"ITC41";"S11BI8";"280133";""
"2023-06-30";"1070001";"1041810";"ITC41";"S12BI66";"8024";""
"2023-06-30";"1070001";"1041810";"ITC41";"S15";"350098";""
"2023-06-30";"1070001";"1041810";"ITC41";"SBI9";"144146";""
"2023-06-30";"1070001";"1041810";"ITC4";"600";"230310558";""
"2023-06-30";"1070001";"1041810";"IT";"S11BI32";"340482435";""
"2023-06-30";"1070001";"1041810";"IT";"SBI59";"1791792578";""
"2023-06-30";"1070001";"1041810";"ITC4";"S129";"2938044";""
"2023-06-30";"1070001";"1041810";"ITC4";"S1313";"1666826";""
"2023-06-30";"1070001";"1041810";"ITC4";"S14BI2";"17107528";""
"2023-06-30";"1070001";"1041810";"ITC4";"SBI59";"430361318";""
"2023-06-30";"1070001";"1041810";"IT";"S11001";"22752604";""
"2023-06-30";"1070001";"1041810";"ITC41";"S14BI2";"1095347";""
"2023-06-30";"1070001";"1041810";"ITC41";"S126";"61866";""
"2023-06-30";"1070001";"1041810";"ITC41";"S129";"52";""
"2023-06-30";"1070001";"1041810";"ITC41";"S12BI7";"200318";""
"2023-06-30";"1070001";"1041810";"ITC41";"S1311";"69400";""
"2023-06-30";"1070001";"1041810";"ITC4";"S11001";"4114298";""
"2023-06-30";"1070001";"1041810";"ITC4";"S11BI32";"106998205";""
"2023-06-30";"1070001";"1041810";"IT";"S127";"13553739";""
"2023-06-30";"1070001";"1041810";"IT";"S12BI66";"37360521";""
"2023-06-30";"1070001";"1041810";"ITC4";"S12BI7";"53062737";""
"2023-06-30";"1070001";"1041810";"ITC4";"S15";"6971359";""
"2023-06-30";"1070001";"1041810";"ITC41";"S124";"13378";""
"2023-06-30";"1070001";"1041810";"ITC4";"S11";"118054147";""
"2023-06-30";"1070001";"1041810";"IT";"SBI9";"6312745";""
"2023-06-30";"1070001";"1041810";"ITC4";"S124";"14405563";""
"2023-06-30";"1070001";"1041810";"ITC4";"S128";"2895744";""
"2023-06-30";"1070001";"1041810";"ITC41";"450";"4069";""
"2023-05-31";"1070001";"1041810";"ITC4";"S1311";"955318";""
"2023-05-31";"1070001";"1041810";"ITC41";"S11";"5311064";""
"2023-05-31";"1070001";"1041810";"ITC4";"450";"353008";""
"2023-05-31";"1070001";"1041810";"ITC4";"600";"234560252";""
"2023-05-31";"1070001";"1041810";"ITC4";"S11BI8";"4117190";""
"2023-05-31";"1070001";"1041810";"ITC4";"S128";"3240163";""
"2023-05-31";"1070001";"1041810";"IT";"S13";"47057482";""
"2023-05-31";"1070001";"1041810";"IT";"S14";"1216429676";""
"2023-05-31";"1070001";"1041810";"IT";"S14BI2";"85969418";""
"2023-05-31";"1070001";"1041810";"IT";"SBI9";"6024518";""
"2023-05-31";"1070001";"1041810";"ITC41";"S14";"19834469";""
"2023-05-31";"1070001";"1041810";"ITC4";"S14";"251706773";""
"2023-05-31";"1070001";"1041810";"ITC41";"S11BI7";"205282";""
"2023-05-31";"1070001";"1041810";"ITC41";"S127";"141422";""
"2023-05-31";"1070001";"1041810";"IT";"S1313";"15229782";""
"2023-05-31";"1070001";"1041810";"ITC41";"S13";"106865";""
"2023-05-31";"1070001";"1041810";"ITC41";"S1314";"25";""
"2023-05-31";"1070001";"1041810";"ITC41";"SBI59";"25965217";""
"2023-05-31";"1070001";"1041810";"ITC4";"S12BI7";"52716945";""
"2023-05-31";"1070001";"1041810";"ITC4";"S15";"7121906";""
"2023-05-31";"1070001";"1041810";"ITC4";"SBI9";"2224107";""
"2023-05-31";"1070001";"1041810";"ITC41";"S11BI8";"288898";""
"2023-05-31";"1070001";"1041810";"ITC4";"S11BI7";"2532526";""
"2023-05-31";"1070001";"1041810";"IT";"S11BI7";"9881759";""
"2023-05-31";"1070001";"1041810";"IT";"S127";"13342209";""
"2023-05-31";"1070001";"1041810";"ITC41";"S1311";"69294";""
"2023-05-31";"1070001";"1041810";"ITC41";"S1313";"37546";""
"2023-05-31";"1070001";"1041810";"ITC41";"S15";"342794";""
"2023-05-31";"1070001";"1041810";"ITC4";"S11001";"3573260";""
"2023-05-31";"1070001";"1041810";"ITC4";"SBI59";"434761736";""
"2023-05-31";"1070001";"1041810";"IT";"600";"1130460258";""
"2023-05-31";"1070001";"1041810";"IT";"S11001";"21327420";""
"2023-05-31";"1070001";"1041810";"IT";"S129";"6073477";""
"2023-05-31";"1070001";"1041810";"IT";"S12BI66";"36375556";""
"2023-05-31";"1070001";"1041810";"ITC41";"S14BI2";"1098825";""
"2023-05-31";"1070001";"1041810";"ITC4";"S1314";"38200";""
"2023-05-31";"1070001";"1041810";"ITC41";"S124";"15337";""
"2023-05-31";"1070001";"1041810";"ITC41";"S126";"61160";""
"2023-05-31";"1070001";"1041810";"ITC4";"S11BI32";"107693669";""
"2023-05-31";"1070001";"1041810";"ITC4";"S126";"11683031";""
"2023-05-31";"1070001";"1041810";"IT";"S11BI8";"20551588";""
"2023-05-31";"1070001";"1041810";"IT";"S128";"13828728";""
"2023-05-31";"1070001";"1041810";"IT";"S1311";"25255916";""
"2023-05-31";"1070001";"1041810";"IT";"S1314";"6571784";""
"2023-05-31";"1070001";"1041810";"ITC41";"S11001";"146477";""
"2023-05-31";"1070001";"1041810";"ITC4";"S11";"118269652";""
"2023-05-31";"1070001";"1041810";"IT";"S126";"19144775";""
"2023-05-31";"1070001";"1041810";"IT";"S12BI7";"108685401";""
"2023-05-31";"1070001";"1041810";"IT";"S15";"34870323";""
"2023-05-31";"1070001";"1041810";"ITC41";"S12BI7";"225917";""
"2023-05-31";"1070001";"1041810";"ITC41";"SBI9";"144108";""
"2023-05-31";"1070001";"1041810";"ITC4";"S13";"2722354";""
"2023-05-31";"1070001";"1041810";"ITC4";"S14BI2";"17146520";""
"2023-05-31";"1070001";"1041810";"ITC41";"S11BI32";"4666326";""
"2023-05-31";"1070001";"1041810";"ITC41";"S12BI66";"7946";""
"2023-05-31";"1070001";"1041810";"IT";"S124";"19920656";""
"2023-05-31";"1070001";"1041810";"ITC4";"S127";"5663482";""
"2023-05-31";"1070001";"1041810";"ITC4";"S129";"2169564";""
"2023-05-31";"1070001";"1041810";"ITC4";"S12BI66";"14783787";""
"2023-05-31";"1070001";"1041810";"ITC4";"S124";"15176919";""
"2023-05-31";"1070001";"1041810";"ITC4";"S1313";"1728835";""
"2023-05-31";"1070001";"1041810";"ITC41";"450";"4081";""
"2023-05-31";"1070001";"1041810";"ITC41";"600";"18735644";""
"2023-05-31";"1070001";"1041810";"ITC41";"S129";"52";""
"2023-05-31";"1070001";"1041810";"IT";"450";"1069296";""
"2023-05-31";"1070001";"1041810";"IT";"S11";"394095284";""
"2023-05-31";"1070001";"1041810";"IT";"S11BI32";"341265221";""
"2023-05-31";"1070001";"1041810";"IT";"SBI59";"1807162684";""
"2023-04-30";"1070001";"1041810";"ITC41";"S1314";"20";""
"2023-04-30";"1070001";"1041810";"ITC4";"S1313";"1686757";""
"2023-04-30";"1070001";"1041810";"ITC41";"S11BI8";"305960";""
"2023-04-30";"1070001";"1041810";"ITC4";"S11BI32";"109848982";""
"2023-04-30";"1070001";"1041810";"IT";"S126";"19133729";""
"2023-04-30";"1070001";"1041810";"IT";"S11001";"23199302";""
"2023-04-30";"1070001";"1041810";"ITC4";"S12BI7";"53735308";""
"2023-04-30";"1070001";"1041810";"ITC41";"450";"5877";""
"2023-04-30";"1070001";"1041810";"IT";"S127";"12720540";""
"2023-04-30";"1070001";"1041810";"IT";"S128";"15639246";""
"2023-04-30";"1070001";"1041810";"ITC41";"S124";"14706";""
"2023-04-30";"1070001";"1041810";"IT";"600";"1137318080";""
"2023-04-30";"1070001";"1041810";"ITC41";"600";"18872866";""
"2023-04-30";"1070001";"1041810";"ITC41";"S11";"5607448";""
"2023-04-30";"1070001";"1041810";"ITC41";"S11BI7";"221301";""
"2023-04-30";"1070001";"1041810";"ITC41";"S129";"52";""
"2023-04-30";"1070001";"1041810";"ITC41";"S12BI66";"4293";""
"2023-04-30";"1070001";"1041810";"ITC4";"S11BI8";"4275542";""
"2023-04-30";"1070001";"1041810";"IT";"S13";"48045019";""
"2023-04-30";"1070001";"1041810";"IT";"S1314";"6556132";""
"2023-04-30";"1070001";"1041810";"IT";"SBI59";"1829972804";""
"2023-04-30";"1070001";"1041810";"IT";"S11BI7";"10521796";""
"2023-04-30";"1070001";"1041810";"ITC4";"S1314";"38179";""
"2023-04-30";"1070001";"1041810";"ITC41";"S11BI32";"4921853";""
"2023-04-30";"1070001";"1041810";"ITC41";"S126";"50895";""
"2023-04-30";"1070001";"1041810";"ITC41";"S1313";"37697";""
"2023-04-30";"1070001";"1041810";"ITC41";"SBI9";"145007";""
"2023-04-30";"1070001";"1041810";"ITC4";"S11001";"4140018";""
"2023-04-30";"1070001";"1041810";"ITC4";"S11BI7";"2700671";""
"2023-04-30";"1070001";"1041810";"IT";"S14BI2";"87026429";""
"2023-04-30";"1070001";"1041810";"IT";"S124";"20288701";""
"2023-04-30";"1070001";"1041810";"ITC4";"S127";"5676458";""
"2023-04-30";"1070001";"1041810";"ITC4";"S128";"3200575";""
"2023-04-30";"1070001";"1041810";"ITC4";"SBI59";"440449984";""
"2023-04-30";"1070001";"1041810";"ITC41";"S1311";"66676";""
"2023-04-30";"1070001";"1041810";"ITC41";"S14";"19982755";""
"2023-04-30";"1070001";"1041810";"ITC4";"S11";"121323821";""
"2023-04-30";"1070001";"1041810";"ITC4";"S124";"15701346";""
"2023-04-30";"1070001";"1041810";"IT";"S12BI66";"36011164";""
"2023-04-30";"1070001";"1041810";"IT";"S1313";"15185434";""
"2023-04-30";"1070001";"1041810";"ITC41";"S127";"130915";""
"2023-04-30";"1070001";"1041810";"ITC41";"S12BI7";"200862";""
"2023-04-30";"1070001";"1041810";"IT";"S11";"406242750";""
"2023-04-30";"1070001";"1041810";"ITC4";"S12BI66";"14205107";""
"2023-04-30";"1070001";"1041810";"ITC41";"S11001";"152456";""
"2023-04-30";"1070001";"1041810";"IT";"S1311";"26303453";""
"2023-04-30";"1070001";"1041810";"IT";"SBI9";"6113278";""
"2023-04-30";"1070001";"1041810";"IT";"450";"1085792";""
"2023-04-30";"1070001";"1041810";"ITC41";"S13";"104393";""
"2023-04-30";"1070001";"1041810";"ITC41";"S14BI2";"1109890";""
"2023-04-30";"1070001";"1041810";"IT";"S11BI32";"350033734";""
"2023-04-30";"1070001";"1041810";"IT";"S11BI8";"21402125";""
"2023-04-30";"1070001";"1041810";"ITC4";"S129";"2666567";""
"2023-04-30";"1070001";"1041810";"ITC4";"S1311";"964290";""
"2023-04-30";"1070001";"1041810";"ITC4";"S14BI2";"17348367";""
"2023-04-30";"1070001";"1041810";"ITC4";"S15";"7111949";""
"2023-04-30";"1070001";"1041810";"IT";"S129";"7087289";""
"2023-04-30";"1070001";"1041810";"IT";"S15";"34346579";""
"2023-04-30";"1070001";"1041810";"ITC4";"S13";"2689226";""
"2023-04-30";"1070001";"1041810";"ITC4";"S14";"253316422";""
"2023-04-30";"1070001";"1041810";"ITC4";"SBI9";"2273258";""
"2023-04-30";"1070001";"1041810";"ITC41";"S15";"339918";""
"2023-04-30";"1070001";"1041810";"ITC41";"SBI59";"26380383";""
"2023-04-30";"1070001";"1041810";"ITC4";"450";"358608";""
"2023-04-30";"1070001";"1041810";"ITC4";"600";"235968055";""
"2023-04-30";"1070001";"1041810";"ITC4";"S126";"12285255";""
"2023-04-30";"1070001";"1041810";"IT";"S12BI7";"110880669";""
"2023-04-30";"1070001";"1041810";"IT";"S14";"1224344509";""
"2023-03-31";"1070001";"1041810";"ITC4";"S128";"3224332";""
"2023-03-31";"1070001";"1041810";"ITC4";"S1313";"1776037";""
"2023-03-31";"1070001";"1041810";"ITC4";"S1314";"45866";""
"2023-03-31";"1070001";"1041810";"ITC4";"S14";"254647960";""
"2023-03-31";"1070001";"1041810";"ITC4";"S14BI2";"16797319";""
"2023-03-31";"1070001";"1041810";"ITC41";"S11001";"155539";""
"2023-03-31";"1070001";"1041810";"ITC41";"S11BI32";"4534244";""
"2023-03-31";"1070001";"1041810";"ITC41";"S127";"163685";""
"2023-03-31";"1070001";"1041810";"ITC41";"S12BI66";"4010";""
"2023-03-31";"1070001";"1041810";"IT";"S11BI8";"19884712";""
"2023-03-31";"1070001";"1041810";"IT";"S15";"34452629";""
"2023-03-31";"1070001";"1041810";"ITC4";"S11001";"4378766";""
"2023-03-31";"1070001";"1041810";"ITC41";"450";"6079";""
"2023-03-31";"1070001";"1041810";"ITC41";"S13";"108953";""
"2023-03-31";"1070001";"1041810";"IT";"450";"1099829";""
"2023-03-31";"1070001";"1041810";"IT";"S128";"13279991";""
"2023-03-31";"1070001";"1041810";"IT";"S12BI66";"36059746";""
"2023-03-31";"1070001";"1041810";"IT";"S13";"48199041";""
"2023-03-31";"1070001";"1041810";"IT";"SBI9";"6072726";""
"2023-03-31";"1070001";"1041810";"ITC4";"600";"237850641";""
"2023-03-31";"1070001";"1041810";"ITC4";"S11";"116761669";""
"2023-03-31";"1070001";"1041810";"ITC4";"S11BI32";"105655320";""
"2023-03-31";"1070001";"1041810";"ITC4";"SBI59";"437237371";""
"2023-03-31";"1070001";"1041810";"ITC41";"S126";"55828";""
"2023-03-31";"1070001";"1041810";"ITC41";"S129";"52";""
"2023-03-31";"1070001";"1041810";"ITC41";"S12BI7";"237791";""
"2023-03-31";"1070001";"1041810";"ITC41";"S1314";"19";""
"2023-03-31";"1070001";"1041810";"IT";"S124";"20779049";""
"2023-03-31";"1070001";"1041810";"IT";"S126";"19230672";""
"2023-03-31";"1070001";"1041810";"IT";"S1313";"15570328";""
"2023-03-31";"1070001";"1041810";"IT";"S14BI2";"84648612";""
"2023-03-31";"1070001";"1041810";"ITC4";"S13";"2779947";""
"2023-03-31";"1070001";"1041810";"ITC41";"S11";"5174951";""
"2023-03-31";"1070001";"1041810";"ITC41";"S1313";"41069";""
"2023-03-31";"1070001";"1041810";"ITC41";"S15";"341234";""
"2023-03-31";"1070001";"1041810";"ITC41";"SBI59";"25954053";""
"2023-03-31";"1070001";"1041810";"IT";"S11001";"23990890";""
"2023-03-31";"1070001";"1041810";"IT";"S129";"6388250";""
"2023-03-31";"1070001";"1041810";"IT";"S12BI7";"108030931";""
"2023-03-31";"1070001";"1041810";"IT";"S1311";"26028688";""
"2023-03-31";"1070001";"1041810";"IT";"S14";"1222323071";""
"2023-03-31";"1070001";"1041810";"IT";"SBI59";"1808374188";""
"2023-03-31";"1070001";"1041810";"ITC4";"S11BI7";"2412181";""
"2023-03-31";"1070001";"1041810";"ITC4";"S129";"2386275";""
"2023-03-31";"1070001";"1041810";"ITC4";"SBI9";"2170934";""
"2023-03-31";"1070001";"1041810";"ITC41";"600";"18866573";""
"2023-03-31";"1070001";"1041810";"ITC41";"S11BI7";"199665";""
"2023-03-31";"1070001";"1041810";"ITC41";"S14";"19943003";""
"2023-03-31";"1070001";"1041810";"IT";"S11BI7";"9508224";""
"2023-03-31";"1070001";"1041810";"ITC41";"S124";"14217";""
"2023-03-31";"1070001";"1041810";"ITC4";"450";"365926";""
"2023-03-31";"1070001";"1041810";"ITC4";"S11BI8";"3949476";""
"2023-03-31";"1070001";"1041810";"ITC4";"S12BI66";"14684034";""
"2023-03-31";"1070001";"1041810";"ITC4";"S12BI7";"53757963";""
"2023-03-31";"1070001";"1041810";"IT";"600";"1137674458";""
"2023-03-31";"1070001";"1041810";"IT";"S11BI32";"334812136";""
"2023-03-31";"1070001";"1041810";"IT";"S1314";"6600025";""
"2023-03-31";"1070001";"1041810";"ITC4";"S124";"16174988";""
"2023-03-31";"1070001";"1041810";"ITC4";"S126";"12231461";""
"2023-03-31";"1070001";"1041810";"ITC4";"S1311";"958044";""
"2023-03-31";"1070001";"1041810";"ITC4";"S15";"7118898";""
"2023-03-31";"1070001";"1041810";"ITC41";"S14BI2";"1076430";""
"2023-03-31";"1070001";"1041810";"ITC41";"SBI9";"148121";""
"2023-03-31";"1070001";"1041810";"IT";"S11";"389295792";""
"2023-03-31";"1070001";"1041810";"ITC4";"S127";"5056873";""
"2023-03-31";"1070001";"1041810";"ITC41";"S11BI8";"279423";""
"2023-03-31";"1070001";"1041810";"ITC41";"S1311";"67865";""
"2023-03-31";"1070001";"1041810";"IT";"S127";"12293224";""
"2023-02-28";"1070001";"1041810";"ITC4";"S127";"5604837";""
"2023-02-28";"1070001";"1041810";"IT";"S13";"47804575";""
"2023-02-28";"1070001";"1041810";"ITC41";"S15";"334278";""
"2023-02-28";"1070001";"1041810";"ITC4";"600";"240965914";""
"2023-02-28";"1070001";"1041810";"ITC41";"S1313";"43384";""
"2023-02-28";"1070001";"1041810";"ITC41";"S14BI2";"1063121";""
"2023-02-28";"1070001";"1041810";"ITC4";"S1311";"965237";""
"2023-02-28";"1070001";"1041810";"IT";"S11BI8";"19684342";""
"2023-02-28";"1070001";"1041810";"IT";"600";"1152726774";""
"2023-02-28";"1070001";"1041810";"ITC4";"S126";"12633577";""
"2023-02-28";"1070001";"1041810";"IT";"S11001";"20325048";""
"2023-02-28";"1070001";"1041810";"ITC4";"S128";"3482560";""
"2023-02-28";"1070001";"1041810";"ITC41";"SBI9";"153989";""
"2023-02-28";"1070001";"1041810";"IT";"S128";"15227136";""
"2023-02-28";"1070001";"1041810";"ITC41";"450";"5082";""
"2023-02-28";"1070001";"1041810";"ITC41";"S12BI7";"257781";""
"2023-02-28";"1070001";"1041810";"IT";"S12BI66";"36320442";""
"2023-02-28";"1070001";"1041810";"ITC4";"S14BI2";"16700940";""
"2023-02-28";"1070001";"1041810";"ITC41";"S13";"107830";""
"2023-02-28";"1070001";"1041810";"ITC41";"S1314";"19";""
"2023-02-28";"1070001";"1041810";"ITC4";"S129";"2435351";""
"2023-02-28";"1070001";"1041810";"ITC4";"SBI9";"2024666";""
"2023-02-28";"1070001";"1041810";"ITC41";"S127";"184106";""
"2023-02-28";"1070001";"1041810";"ITC4";"S124";"17235545";""
"2023-02-28";"1070001";"1041810";"ITC41";"S11BI7";"188941";""
"2023-02-28";"1070001";"1041810";"IT";"S127";"13434086";""
"2023-02-28";"1070001";"1041810";"ITC41";"S14";"20221620";""
"2023-02-28";"1070001";"1041810";"IT";"S11BI32";"326597094";""
"2023-02-28";"1070001";"1041810";"ITC4";"450";"193027";""
"2023-02-28";"1070001";"1041810";"ITC41";"S11";"5009801";""
"2023-02-28";"1070001";"1041810";"IT";"S126";"19514589";""
"2023-02-28";"1070001";"1041810";"ITC4";"S1314";"34365";""
"2023-02-28";"1070001";"1041810";"ITC4";"S1313";"1883966";""
"2023-02-28";"1070001";"1041810";"IT";"S124";"22124334";""
"2023-02-28";"1070001";"1041810";"IT";"S15";"34793044";""
"2023-02-28";"1070001";"1041810";"IT";"SBI59";"1815190391";""
"2023-02-28";"1070001";"1041810";"ITC41";"S124";"16354";""
"2023-02-28";"1070001";"1041810";"IT";"S11";"376690249";""
"2023-02-28";"1070001";"1041810";"ITC4";"S11BI7";"2310262";""
"2023-02-28";"1070001";"1041810";"ITC41";"SBI59";"26085300";""
"2023-02-28";"1070001";"1041810";"ITC41";"S1311";"64427";""
"2023-02-28";"1070001";"1041810";"ITC41";"S12BI66";"5451";""
"2023-02-28";"1070001";"1041810";"ITC4";"SBI59";"439704821";""
"2023-02-28";"1070001";"1041810";"ITC41";"S11001";"142737";""
"2023-02-28";"1070001";"1041810";"IT";"450";"986906";""
"2023-02-28";"1070001";"1041810";"IT";"S11BI7";"9096859";""
"2023-02-28";"1070001";"1041810";"IT";"SBI9";"5962105";""
"2023-02-28";"1070001";"1041810";"ITC4";"S12BI7";"56143453";""
"2023-02-28";"1070001";"1041810";"ITC41";"S126";"51828";""
"2023-02-28";"1070001";"1041810";"IT";"S14";"1236912425";""
"2023-02-28";"1070001";"1041810";"IT";"S1313";"15596051";""
"2023-02-28";"1070001";"1041810";"ITC41";"S11BI32";"4394518";""
"2023-02-28";"1070001";"1041810";"ITC4";"S14";"257666854";""
"2023-02-28";"1070001";"1041810";"ITC4";"S12BI66";"14751584";""
"2023-02-28";"1070001";"1041810";"ITC41";"S129";"42";""
"2023-02-28";"1070001";"1041810";"IT";"S14BI2";"84185651";""
"2023-02-28";"1070001";"1041810";"IT";"S1311";"25544726";""
"2023-02-28";"1070001";"1041810";"ITC41";"S11BI8";"278524";""
"2023-02-28";"1070001";"1041810";"ITC4";"S11";"113783581";""
"2023-02-28";"1070001";"1041810";"ITC4";"S13";"2883567";""
"2023-02-28";"1070001";"1041810";"ITC4";"S11BI8";"3872991";""
"2023-02-28";"1070001";"1041810";"ITC41";"600";"19158499";""
"2023-02-28";"1070001";"1041810";"IT";"S1314";"6663799";""
"2023-02-28";"1070001";"1041810";"IT";"S12BI7";"113027993";""
"2023-02-28";"1070001";"1041810";"IT";"S129";"6407405";""
"2023-02-28";"1070001";"1041810";"ITC4";"S15";"7202701";""
"2023-02-28";"1070001";"1041810";"ITC4";"S11BI32";"103920278";""
"2023-02-28";"1070001";"1041810";"ITC4";"S11001";"3487023";""
"2023-01-31";"1070001";"1041810";"IT";"600";"1159451854";""
"2023-01-31";"1070001";"1041810";"ITC41";"S1313";"43937";""
"2023-01-31";"1070001";"1041810";"ITC4";"S1313";"1750431";""
"2023-01-31";"1070001";"1041810";"IT";"450";"901671";""
"2023-01-31";"1070001";"1041810";"ITC4";"S11BI32";"102342568";""
"2023-01-31";"1070001";"1041810";"ITC4";"S126";"13735656";""
"2023-01-31";"1070001";"1041810";"IT";"S14";"1243646260";""
"2023-01-31";"1070001";"1041810";"ITC41";"S127";"158551";""
"2023-01-31";"1070001";"1041810";"ITC4";"S15";"7468357";""
"2023-01-31";"1070001";"1041810";"IT";"S128";"16275755";""
"2023-01-31";"1070001";"1041810";"IT";"S14BI2";"84194406";""
"2023-01-31";"1070001";"1041810";"ITC41";"S12BI7";"236194";""
"2023-01-31";"1070001";"1041810";"IT";"S11";"374249188";""
"2023-01-31";"1070001";"1041810";"IT";"S15";"34336957";""
"2023-01-31";"1070001";"1041810";"IT";"S129";"8720265";""
"2023-01-31";"1070001";"1041810";"IT";"S11BI32";"324431225";""
"2023-01-31";"1070001";"1041810";"ITC41";"S129";"42";""
"2023-01-31";"1070001";"1041810";"ITC4";"S124";"18538151";""
"2023-01-31";"1070001";"1041810";"IT";"S124";"23974461";""
"2023-01-31";"1070001";"1041810";"ITC4";"S12BI66";"15117262";""
"2023-01-31";"1070001";"1041810";"IT";"S127";"14236281";""
"2023-01-31";"1070001";"1041810";"IT";"S11001";"20249466";""
"2023-01-31";"1070001";"1041810";"ITC4";"S12BI7";"60281035";""
"2023-01-31";"1070001";"1041810";"ITC41";"S11BI8";"280124";""
"2023-01-31";"1070001";"1041810";"ITC4";"S11BI8";"3832079";""
"2023-01-31";"1070001";"1041810";"ITC41";"S1314";"18";""
"2023-01-31";"1070001";"1041810";"IT";"S126";"21347834";""
"2023-01-31";"1070001";"1041810";"IT";"S1313";"15516203";""
"2023-01-31";"1070001";"1041810";"ITC4";"S14";"260466072";""
"2023-01-31";"1070001";"1041810";"ITC4";"S1314";"38199";""
"2023-01-31";"1070001";"1041810";"ITC41";"SBI9";"138938";""
"2023-01-31";"1070001";"1041810";"IT";"S1311";"26328532";""
"2023-01-31";"1070001";"1041810";"ITC41";"S11BI7";"186604";""
"2023-01-31";"1070001";"1041810";"ITC4";"450";"170997";""
"2023-01-31";"1070001";"1041810";"ITC4";"S1311";"978458";""
"2023-01-31";"1070001";"1041810";"ITC41";"S11BI32";"4337043";""
"2023-01-31";"1070001";"1041810";"IT";"S13";"48644405";""
"2023-01-31";"1070001";"1041810";"ITC4";"S129";"3157304";""
"2023-01-31";"1070001";"1041810";"ITC41";"SBI59";"26158373";""
"2023-01-31";"1070001";"1041810";"ITC4";"SBI9";"2078745";""
"2023-01-31";"1070001";"1041810";"ITC4";"S14BI2";"16759045";""
"2023-01-31";"1070001";"1041810";"ITC41";"600";"19326625";""
"2023-01-31";"1070001";"1041810";"ITC41";"450";"5087";""
"2023-01-31";"1070001";"1041810";"ITC4";"S128";"3797239";""
"2023-01-31";"1070001";"1041810";"ITC4";"S11001";"3222504";""
"2023-01-31";"1070001";"1041810";"ITC4";"S13";"2767088";""
"2023-01-31";"1070001";"1041810";"ITC41";"S15";"331321";""
"2023-01-31";"1070001";"1041810";"ITC41";"S11";"4963081";""
"2023-01-31";"1070001";"1041810";"ITC41";"S126";"59543";""
"2023-01-31";"1070001";"1041810";"ITC41";"S14";"20381001";""
"2023-01-31";"1070001";"1041810";"ITC4";"S11BI7";"2279845";""
"2023-01-31";"1070001";"1041810";"ITC41";"S124";"12522";""
"2023-01-31";"1070001";"1041810";"ITC41";"S13";"107837";""
"2023-01-31";"1070001";"1041810";"IT";"S12BI66";"35545001";""
"2023-01-31";"1070001";"1041810";"IT";"S1314";"6799670";""
"2023-01-31";"1070001";"1041810";"IT";"S12BI7";"120099597";""
"2023-01-31";"1070001";"1041810";"IT";"S11BI8";"19628076";""
"2023-01-31";"1070001";"1041810";"IT";"SBI9";"6003330";""
"2023-01-31";"1070001";"1041810";"ITC4";"S127";"5935424";""
"2023-01-31";"1070001";"1041810";"ITC41";"S1311";"63883";""
"2023-01-31";"1070001";"1041810";"ITC41";"S14BI2";"1054375";""
"2023-01-31";"1070001";"1041810";"ITC4";"SBI59";"444909290";""
"2023-01-31";"1070001";"1041810";"ITC4";"600";"243707027";""
"2023-01-31";"1070001";"1041810";"IT";"S11BI7";"9038751";""
"2023-01-31";"1070001";"1041810";"IT";"SBI59";"1826979738";""
"2023-01-31";"1070001";"1041810";"ITC41";"S11001";"154223";""
"2023-01-31";"1070001";"1041810";"ITC41";"S12BI66";"5536";""
"2023-01-31";"1070001";"1041810";"ITC4";"S11";"111847992";""
"2022-12-31";"1070001";"1041810";"ITC4";"S14";"261433552";""
"2022-12-31";"1070001";"1041810";"IT";"S129";"8370989";""
"2022-12-31";"1070001";"1041810";"IT";"S11BI7";"10268317";""
"2022-12-31";"1070001";"1041810";"ITC41";"S1311";"63111";""
"2022-12-31";"1070001";"1041810";"IT";"S13";"46373762";""
"2022-12-31";"1070001";"1041810";"IT";"S126";"21758893";""
"2022-12-31";"1070001";"1041810";"IT";"SBI9";"5995146";""
"2022-12-31";"1070001";"1041810";"ITC4";"600";"244526061";""
"2022-12-31";"1070001";"1041810";"ITC41";"450";"5546";""
"2022-12-31";"1070001";"1041810";"ITC41";"S127";"181519";""
"2022-12-31";"1070001";"1041810";"ITC41";"600";"19387175";""
"2022-12-31";"1070001";"1041810";"IT";"S11";"422333723";""
"2022-12-31";"1070001";"1041810";"IT";"S127";"13906097";""
"2022-12-31";"1070001";"1041810";"IT";"S1314";"7415342";""
"2022-12-31";"1070001";"1041810";"ITC41";"S14";"20453063";""
"2022-12-31";"1070001";"1041810";"ITC4";"S15";"7346191";""
"2022-12-31";"1070001";"1041810";"IT";"600";"1163306509";""
"2022-12-31";"1070001";"1041810";"ITC4";"S124";"18934477";""
"2022-12-31";"1070001";"1041810";"ITC4";"S127";"5636643";""
"2022-12-31";"1070001";"1041810";"IT";"S14";"1248739564";""
"2022-12-31";"1070001";"1041810";"ITC4";"S1313";"1384721";""
"2022-12-31";"1070001";"1041810";"ITC4";"S12BI7";"59992788";""
"2022-12-31";"1070001";"1041810";"ITC4";"SBI9";"2019796";""
"2022-12-31";"1070001";"1041810";"ITC4";"S11BI8";"4100691";""
"2022-12-31";"1070001";"1041810";"IT";"S11BI8";"21097111";""
"2022-12-31";"1070001";"1041810";"IT";"S12BI7";"120019603";""
"2022-12-31";"1070001";"1041810";"ITC4";"S11BI32";"112582623";""
"2022-12-31";"1070001";"1041810";"ITC4";"S14BI2";"16907491";""
"2022-12-31";"1070001";"1041810";"ITC41";"SBI59";"26806914";""
"2022-12-31";"1070001";"1041810";"ITC41";"S12BI66";"5316";""
"2022-12-31";"1070001";"1041810";"ITC41";"S11BI8";"301962";""
"2022-12-31";"1070001";"1041810";"ITC41";"S15";"339969";""
"2022-12-31";"1070001";"1041810";"ITC4";"S11001";"4020407";""
"2022-12-31";"1070001";"1041810";"ITC41";"S11BI7";"208209";""
"2022-12-31";"1070001";"1041810";"ITC41";"S14BI2";"1065888";""
"2022-12-31";"1070001";"1041810";"ITC4";"S129";"3174758";""
"2022-12-31";"1070001";"1041810";"ITC4";"SBI59";"456760315";""
"2022-12-31";"1070001";"1041810";"IT";"S1313";"14354519";""
"2022-12-31";"1070001";"1041810";"ITC4";"S128";"3057561";""
"2022-12-31";"1070001";"1041810";"ITC4";"S126";"13680028";""
"2022-12-31";"1070001";"1041810";"ITC4";"450";"202748";""
"2022-12-31";"1070001";"1041810";"ITC41";"S12BI7";"264370";""
"2022-12-31";"1070001";"1041810";"IT";"S1311";"24603901";""
"2022-12-31";"1070001";"1041810";"ITC41";"S129";"57";""
"2022-12-31";"1070001";"1041810";"ITC4";"S11";"123499753";""
"2022-12-31";"1070001";"1041810";"IT";"S124";"23905224";""
"2022-12-31";"1070001";"1041810";"ITC41";"SBI9";"138961";""
"2022-12-31";"1070001";"1041810";"ITC41";"S11";"5516612";""
"2022-12-31";"1070001";"1041810";"IT";"450";"915228";""
"2022-12-31";"1070001";"1041810";"ITC41";"S124";"10943";""
"2022-12-31";"1070001";"1041810";"IT";"S12BI66";"37351348";""
"2022-12-31";"1070001";"1041810";"ITC4";"S12BI66";"15509321";""
"2022-12-31";"1070001";"1041810";"ITC41";"S1314";"18";""
"2022-12-31";"1070001";"1041810";"ITC41";"S13";"93938";""
"2022-12-31";"1070001";"1041810";"IT";"SBI59";"1877815883";""
"2022-12-31";"1070001";"1041810";"IT";"S128";"14727052";""
"2022-12-31";"1070001";"1041810";"IT";"S11001";"27096384";""
"2022-12-31";"1070001";"1041810";"ITC4";"S1311";"1027192";""
"2022-12-31";"1070001";"1041810";"ITC41";"S126";"66535";""
"2022-12-31";"1070001";"1041810";"IT";"S11BI32";"362956683";""
"2022-12-31";"1070001";"1041810";"ITC4";"S1314";"56321";""
"2022-12-31";"1070001";"1041810";"ITC4";"S11BI7";"2593283";""
"2022-12-31";"1070001";"1041810";"ITC41";"S11BI32";"4836564";""
"2022-12-31";"1070001";"1041810";"IT";"S14BI2";"85433055";""
"2022-12-31";"1070001";"1041810";"ITC41";"S11001";"164331";""
"2022-12-31";"1070001";"1041810";"ITC4";"S13";"2468235";""
"2022-12-31";"1070001";"1041810";"ITC41";"S1313";"30809";""
"2022-12-31";"1070001";"1041810";"IT";"S15";"34354084";""
"2022-11-30";"1070001";"1041810";"ITC4";"450";"173721";""
"2022-11-30";"1070001";"1041810";"ITC4";"S13";"2526962";""
"2022-11-30";"1070001";"1041810";"ITC41";"S11001";"171146";""
"2022-11-30";"1070001";"1041810";"IT";"S12BI66";"35588777";""
"2022-11-30";"1070001";"1041810";"ITC4";"S11";"117582640";""
"2022-11-30";"1070001";"1041810";"ITC4";"600";"240941831";""
"2022-11-30";"1070001";"1041810";"IT";"S1311";"32539129";""
"2022-11-30";"1070001";"1041810";"ITC41";"SBI9";"123247";""
"2022-11-30";"1070001";"1041810";"ITC4";"S15";"7499521";""
"2022-11-30";"1070001";"1041810";"ITC4";"S11BI7";"2377223";""
"2022-11-30";"1070001";"1041810";"IT";"S11BI7";"9386780";""
"2022-11-30";"1070001";"1041810";"ITC4";"S14";"257634206";""
"2022-11-30";"1070001";"1041810";"IT";"S15";"35074206";""
"2022-11-30";"1070001";"1041810";"ITC41";"S1311";"66690";""
"2022-11-30";"1070001";"1041810";"IT";"S11";"397332756";""
"2022-11-30";"1070001";"1041810";"ITC41";"S11BI32";"4678387";""
"2022-11-30";"1070001";"1041810";"ITC4";"SBI9";"2342275";""
"2022-11-30";"1070001";"1041810";"ITC41";"S13";"100720";""
"2022-11-30";"1070001";"1041810";"IT";"S127";"16275147";""
"2022-11-30";"1070001";"1041810";"ITC41";"S129";"57";""
"2022-11-30";"1070001";"1041810";"ITC4";"S1311";"1053508";""
"2022-11-30";"1070001";"1041810";"ITC41";"S14";"20154428";""
"2022-11-30";"1070001";"1041810";"IT";"S11001";"22463184";""
"2022-11-30";"1070001";"1041810";"IT";"S1313";"14276322";""
"2022-11-30";"1070001";"1041810";"ITC41";"S1314";"13";""
"2022-11-30";"1070001";"1041810";"ITC4";"S11BI32";"107493507";""
"2022-11-30";"1070001";"1041810";"ITC41";"S11BI7";"193167";""
"2022-11-30";"1070001";"1041810";"IT";"S129";"8147445";""
"2022-11-30";"1070001";"1041810";"ITC4";"S128";"3763654";""
"2022-11-30";"1070001";"1041810";"ITC41";"S14BI2";"1055064";""
"2022-11-30";"1070001";"1041810";"IT";"450";"897780";""
"2022-11-30";"1070001";"1041810";"IT";"SBI9";"6396603";""
"2022-11-30";"1070001";"1041810";"IT";"S11BI8";"20514891";""
"2022-11-30";"1070001";"1041810";"ITC4";"S124";"22141921";""
"2022-11-30";"1070001";"1041810";"ITC4";"S12BI66";"14454834";""
"2022-11-30";"1070001";"1041810";"ITC41";"S1313";"34017";""
"2022-11-30";"1070001";"1041810";"ITC4";"S12BI7";"63481493";""
"2022-11-30";"1070001";"1041810";"ITC41";"S15";"341640";""
"2022-11-30";"1070001";"1041810";"IT";"S11BI32";"344070121";""
"2022-11-30";"1070001";"1041810";"ITC41";"S127";"188766";""
"2022-11-30";"1070001";"1041810";"ITC41";"S126";"48172";""
"2022-11-30";"1070001";"1041810";"ITC41";"S124";"12458";""
"2022-11-30";"1070001";"1041810";"IT";"S14";"1229803519";""
"2022-11-30";"1070001";"1041810";"ITC41";"450";"5743";""
"2022-11-30";"1070001";"1041810";"IT";"S1314";"6653196";""
"2022-11-30";"1070001";"1041810";"ITC4";"S11001";"3561412";""
"2022-11-30";"1070001";"1041810";"ITC4";"S11BI8";"3976778";""
"2022-11-30";"1070001";"1041810";"ITC4";"S129";"3557003";""
"2022-11-30";"1070001";"1041810";"IT";"S128";"15793628";""
"2022-11-30";"1070001";"1041810";"ITC4";"SBI59";"451067096";""
"2022-11-30";"1070001";"1041810";"IT";"S124";"27642062";""
"2022-11-30";"1070001";"1041810";"ITC4";"S1313";"1421501";""
"2022-11-30";"1070001";"1041810";"IT";"S12BI7";"124083081";""
"2022-11-30";"1070001";"1041810";"ITC4";"S127";"6369232";""
"2022-11-30";"1070001";"1041810";"IT";"600";"1146156253";""
"2022-11-30";"1070001";"1041810";"ITC41";"S12BI66";"4167";""
"2022-11-30";"1070001";"1041810";"ITC41";"S11BI8";"279476";""
"2022-11-30";"1070001";"1041810";"ITC41";"600";"19099363";""
"2022-11-30";"1070001";"1041810";"ITC4";"S126";"13194849";""
"2022-11-30";"1070001";"1041810";"IT";"S13";"53468647";""
"2022-11-30";"1070001";"1041810";"IT";"S126";"20636021";""
"2022-11-30";"1070001";"1041810";"ITC4";"S1314";"51952";""
"2022-11-30";"1070001";"1041810";"ITC41";"S12BI7";"253620";""
"2022-11-30";"1070001";"1041810";"IT";"S14BI2";"83647266";""
"2022-11-30";"1070001";"1041810";"ITC41";"SBI59";"26301574";""
"2022-11-30";"1070001";"1041810";"ITC41";"S11";"5327919";""
"2022-11-30";"1070001";"1041810";"ITC4";"S14BI2";"16692375";""
"2022-11-30";"1070001";"1041810";"IT";"SBI59";"1846158813";""
"2022-10-31";"1070001";"1041810";"IT";"S11001";"23323872";""
"2022-10-31";"1070001";"1041810";"IT";"SBI59";"1865989470";""
"2022-10-31";"1070001";"1041810";"IT";"S11BI8";"21993491";""
"2022-10-31";"1070001";"1041810";"ITC41";"S124";"9753";""
"2022-10-31";"1070001";"1041810";"ITC41";"S1313";"35259";""
"2022-10-31";"1070001";"1041810";"ITC4";"600";"244561720";""
"2022-10-31";"1070001";"1041810";"ITC41";"S12BI66";"5129";""
"2022-10-31";"1070001";"1041810";"ITC4";"S12BI7";"63119216";""
"2022-10-31";"1070001";"1041810";"ITC4";"S12BI66";"15571393";""
"2022-10-31";"1070001";"1041810";"ITC41";"600";"19338321";""
"2022-10-31";"1070001";"1041810";"IT";"S12BI7";"122935045";""
"2022-10-31";"1070001";"1041810";"IT";"S126";"21501724";""
"2022-10-31";"1070001";"1041810";"ITC41";"S13";"103215";""
"2022-10-31";"1070001";"1041810";"ITC4";"S127";"6029963";""
"2022-10-31";"1070001";"1041810";"ITC4";"S15";"7484596";""
"2022-10-31";"1070001";"1041810";"ITC4";"S11BI8";"4285699";""
"2022-10-31";"1070001";"1041810";"IT";"S1313";"13681347";""
"2022-10-31";"1070001";"1041810";"IT";"S1311";"28836254";""
"2022-10-31";"1070001";"1041810";"IT";"S11BI7";"10159729";""
"2022-10-31";"1070001";"1041810";"ITC4";"S11BI32";"109315108";""
"2022-10-31";"1070001";"1041810";"ITC4";"S1314";"43203";""
"2022-10-31";"1070001";"1041810";"ITC4";"S128";"3820173";""
"2022-10-31";"1070001";"1041810";"ITC41";"S14";"20436782";""
"2022-10-31";"1070001";"1041810";"ITC41";"S11001";"184217";""
"2022-10-31";"1070001";"1041810";"ITC4";"S14";"261967107";""
"2022-10-31";"1070001";"1041810";"ITC41";"S11BI8";"300297";""
"2022-10-31";"1070001";"1041810";"IT";"S15";"35072857";""
"2022-10-31";"1070001";"1041810";"ITC4";"S11001";"3813020";""
"2022-10-31";"1070001";"1041810";"IT";"S13";"49961748";""
"2022-10-31";"1070001";"1041810";"IT";"S127";"14499245";""
"2022-10-31";"1070001";"1041810";"IT";"S1314";"7444147";""
"2022-10-31";"1070001";"1041810";"IT";"600";"1158077570";""
"2022-10-31";"1070001";"1041810";"ITC41";"S11BI32";"4796970";""
"2022-10-31";"1070001";"1041810";"IT";"S129";"8277144";""
"2022-10-31";"1070001";"1041810";"ITC41";"S1314";"11";""
"2022-10-31";"1070001";"1041810";"ITC41";"S12BI7";"261058";""
"2022-10-31";"1070001";"1041810";"ITC41";"S126";"49905";""
"2022-10-31";"1070001";"1041810";"ITC41";"S127";"196215";""
"2022-10-31";"1070001";"1041810";"ITC41";"S11BI7";"213582";""
"2022-10-31";"1070001";"1041810";"IT";"SBI9";"6210903";""
"2022-10-31";"1070001";"1041810";"IT";"S12BI66";"35561365";""
"2022-10-31";"1070001";"1041810";"ITC4";"S129";"3298094";""
"2022-10-31";"1070001";"1041810";"ITC4";"SBI9";"2134241";""
"2022-10-31";"1070001";"1041810";"ITC4";"S11";"120172686";""
"2022-10-31";"1070001";"1041810";"ITC41";"S14BI2";"1098462";""
"2022-10-31";"1070001";"1041810";"IT";"S128";"17367814";""
"2022-10-31";"1070001";"1041810";"IT";"S11BI32";"350762900";""
"2022-10-31";"1070001";"1041810";"ITC41";"S129";"57";""
"2022-10-31";"1070001";"1041810";"IT";"S11";"407147120";""
"2022-10-31";"1070001";"1041810";"IT";"450";"907129";""
"2022-10-31";"1070001";"1041810";"ITC4";"S1313";"1440877";""
"2022-10-31";"1070001";"1041810";"ITC41";"S15";"343249";""
"2022-10-31";"1070001";"1041810";"ITC4";"450";"182844";""
"2022-10-31";"1070001";"1041810";"ITC4";"S14BI2";"17405387";""
"2022-10-31";"1070001";"1041810";"ITC4";"S124";"20417546";""
"2022-10-31";"1070001";"1041810";"ITC4";"S1311";"1103462";""
"2022-10-31";"1070001";"1041810";"ITC4";"S13";"2587542";""
"2022-10-31";"1070001";"1041810";"IT";"S14";"1244661797";""
"2022-10-31";"1070001";"1041810";"ITC41";"SBI9";"122837";""
"2022-10-31";"1070001";"1041810";"ITC41";"S11";"5501404";""
"2022-10-31";"1070001";"1041810";"ITC4";"S126";"13982048";""
"2022-10-31";"1070001";"1041810";"ITC41";"450";"6338";""
"2022-10-31";"1070001";"1041810";"ITC4";"S11BI7";"2576014";""
"2022-10-31";"1070001";"1041810";"IT";"S124";"25727753";""
"2022-10-31";"1070001";"1041810";"ITC41";"S1311";"67944";""
"2022-10-31";"1070001";"1041810";"ITC4";"SBI59";"457465387";""
"2022-10-31";"1070001";"1041810";"IT";"S14BI2";"86584227";""
"2022-10-31";"1070001";"1041810";"ITC41";"SBI59";"26768546";""
"2022-09-30";"1070001";"1041810";"IT";"S11001";"23906024";""
"2022-09-30";"1070001";"1041810";"ITC41";"S1311";"70077";""
"2022-09-30";"1070001";"1041810";"IT";"600";"1161144272";""
"2022-09-30";"1070001";"1041810";"ITC4";"S14BI2";"17148797";""
"2022-09-30";"1070001";"1041810";"ITC4";"S1311";"1076235";""
"2022-09-30";"1070001";"1041810";"ITC41";"S1313";"36389";""
"2022-09-30";"1070001";"1041810";"ITC4";"S11001";"4798118";""
"2022-09-30";"1070001";"1041810";"ITC41";"S12BI66";"5310";""
"2022-09-30";"1070001";"1041810";"ITC41";"S124";"10247";""
"2022-09-30";"1070001";"1041810";"ITC41";"SBI59";"26783496";""
"2022-09-30";"1070001";"1041810";"IT";"S11";"410465706";""
"2022-09-30";"1070001";"1041810";"ITC4";"S12BI7";"64696651";""
"2022-09-30";"1070001";"1041810";"ITC41";"S11BI8";"289605";""
"2022-09-30";"1070001";"1041810";"IT";"S126";"21769418";""
"2022-09-30";"1070001";"1041810";"ITC4";"S11";"121153676";""
"2022-09-30";"1070001";"1041810";"IT";"S1311";"26418644";""
"2022-09-30";"1070001";"1041810";"ITC4";"S126";"14152198";""
"2022-09-30";"1070001";"1041810";"ITC41";"S126";"48909";""
"2022-09-30";"1070001";"1041810";"ITC4";"S127";"6056865";""
"2022-09-30";"1070001";"1041810";"ITC4";"S12BI66";"16170530";""
"2022-09-30";"1070001";"1041810";"ITC41";"S11BI7";"207544";""
"2022-09-30";"1070001";"1041810";"ITC4";"S1313";"1444769";""
"2022-09-30";"1070001";"1041810";"IT";"S124";"27257641";""
"2022-09-30";"1070001";"1041810";"ITC4";"S11BI7";"2500695";""
"2022-09-30";"1070001";"1041810";"IT";"S128";"15128103";""
"2022-09-30";"1070001";"1041810";"ITC4";"S128";"3168565";""
"2022-09-30";"1070001";"1041810";"IT";"S11BI8";"21951718";""
"2022-09-30";"1070001";"1041810";"ITC41";"S129";"57";""
"2022-09-30";"1070001";"1041810";"IT";"S15";"34872819";""
"2022-09-30";"1070001";"1041810";"IT";"S12BI7";"122592817";""
"2022-09-30";"1070001";"1041810";"ITC41";"S127";"194493";""
"2022-09-30";"1070001";"1041810";"IT";"SBI59";"1868808552";""
"2022-09-30";"1070001";"1041810";"ITC41";"SBI9";"118659";""
"2022-09-30";"1070001";"1041810";"IT";"S11BI32";"353776613";""
"2022-09-30";"1070001";"1041810";"ITC41";"600";"19408685";""
"2022-09-30";"1070001";"1041810";"IT";"S127";"14782780";""
"2022-09-30";"1070001";"1041810";"ITC4";"S11BI8";"4117858";""
"2022-09-30";"1070001";"1041810";"IT";"SBI9";"6494421";""
"2022-09-30";"1070001";"1041810";"IT";"S1313";"13924875";""
"2022-09-30";"1070001";"1041810";"ITC41";"S11";"5458166";""
"2022-09-30";"1070001";"1041810";"IT";"S14BI2";"85656478";""
"2022-09-30";"1070001";"1041810";"ITC4";"S13";"2574787";""
"2022-09-30";"1070001";"1041810";"ITC41";"S1314";"11";""
"2022-09-30";"1070001";"1041810";"ITC41";"S14BI2";"1096009";""
"2022-09-30";"1070001";"1041810";"ITC4";"S14";"262182092";""
"2022-09-30";"1070001";"1041810";"ITC41";"S13";"106477";""
"2022-09-30";"1070001";"1041810";"ITC4";"S15";"7354060";""
"2022-09-30";"1070001";"1041810";"ITC4";"S124";"22212824";""
"2022-09-30";"1070001";"1041810";"ITC41";"S15";"336484";""
"2022-09-30";"1070001";"1041810";"IT";"S1314";"7238520";""
"2022-09-30";"1070001";"1041810";"IT";"S11BI7";"9907622";""
"2022-09-30";"1070001";"1041810";"ITC4";"SBI9";"2481336";""
"2022-09-30";"1070001";"1041810";"ITC4";"600";"245033296";""
"2022-09-30";"1070001";"1041810";"ITC4";"SBI59";"460442603";""
"2022-09-30";"1070001";"1041810";"IT";"S129";"7079810";""
"2022-09-30";"1070001";"1041810";"ITC41";"S14";"20504694";""
"2022-09-30";"1070001";"1041810";"ITC4";"S1314";"53782";""
"2022-09-30";"1070001";"1041810";"ITC4";"S129";"2935669";""
"2022-09-30";"1070001";"1041810";"IT";"S13";"47582039";""
"2022-09-30";"1070001";"1041810";"IT";"S12BI66";"36575065";""
"2022-09-30";"1070001";"1041810";"ITC41";"S11BI32";"4772337";""
"2022-09-30";"1070001";"1041810";"IT";"450";"923729";""
"2022-09-30";"1070001";"1041810";"IT";"S14";"1246800750";""
"2022-09-30";"1070001";"1041810";"ITC4";"S11BI32";"109564482";""
"2022-09-30";"1070001";"1041810";"ITC41";"S12BI7";"259017";""
"2022-09-30";"1070001";"1041810";"ITC41";"450";"6159";""
"2022-09-30";"1070001";"1041810";"ITC4";"450";"172523";""
"2022-09-30";"1070001";"1041810";"ITC41";"S11001";"182521";""
"2022-08-31";"1070001";"1041810";"ITC41";"S11BI32";"4888860";""
"2022-08-31";"1070001";"1041810";"IT";"S128";"15553138";""
"2022-08-31";"1070001";"1041810";"ITC4";"S124";"21849144";""
"2022-08-31";"1070001";"1041810";"ITC4";"S11BI32";"112819122";""
"2022-08-31";"1070001";"1041810";"ITC41";"S11001";"184157";""
"2022-08-31";"1070001";"1041810";"ITC4";"SBI9";"2152119";""
"2022-08-31";"1070001";"1041810";"ITC4";"S126";"14461965";""
"2022-08-31";"1070001";"1041810";"ITC4";"S14BI2";"17105903";""
"2022-08-31";"1070001";"1041810";"IT";"S129";"7637645";""
"2022-08-31";"1070001";"1041810";"IT";"S126";"22154331";""
"2022-08-31";"1070001";"1041810";"ITC4";"S11BI8";"4173258";""
"2022-08-31";"1070001";"1041810";"ITC41";"S12BI66";"4384";""
"2022-08-31";"1070001";"1041810";"ITC4";"S1314";"99847";""
"2022-08-31";"1070001";"1041810";"IT";"S11BI7";"9986934";""
"2022-08-31";"1070001";"1041810";"ITC4";"S128";"3230572";""
"2022-08-31";"1070001";"1041810";"IT";"S12BI7";"124044041";""
"2022-08-31";"1070001";"1041810";"ITC41";"S124";"10195";""
"2022-08-31";"1070001";"1041810";"ITC41";"S11BI7";"212772";""
"2022-08-31";"1070001";"1041810";"ITC4";"S14";"263108220";""
"2022-08-31";"1070001";"1041810";"ITC4";"S1313";"1469507";""
"2022-08-31";"1070001";"1041810";"ITC4";"S11001";"4414187";""
"2022-08-31";"1070001";"1041810";"ITC41";"S1313";"35477";""
"2022-08-31";"1070001";"1041810";"IT";"600";"1165250364";""
"2022-08-31";"1070001";"1041810";"ITC4";"S127";"5858795";""
"2022-08-31";"1070001";"1041810";"ITC41";"S1311";"69139";""
"2022-08-31";"1070001";"1041810";"ITC4";"450";"179451";""
"2022-08-31";"1070001";"1041810";"IT";"450";"913554";""
"2022-08-31";"1070001";"1041810";"ITC41";"S12BI7";"281208";""
"2022-08-31";"1070001";"1041810";"IT";"S124";"26994769";""
"2022-08-31";"1070001";"1041810";"IT";"S1313";"14143475";""
"2022-08-31";"1070001";"1041810";"ITC4";"S12BI7";"64824960";""
"2022-08-31";"1070001";"1041810";"ITC41";"SBI59";"26988278";""
"2022-08-31";"1070001";"1041810";"ITC41";"S11";"5582906";""
"2022-08-31";"1070001";"1041810";"ITC41";"S15";"332459";""
"2022-08-31";"1070001";"1041810";"ITC4";"S13";"2621824";""
"2022-08-31";"1070001";"1041810";"ITC4";"S15";"7362354";""
"2022-08-31";"1070001";"1041810";"IT";"SBI9";"6078132";""
"2022-08-31";"1070001";"1041810";"IT";"S14";"1250881063";""
"2022-08-31";"1070001";"1041810";"ITC4";"S129";"3210196";""
"2022-08-31";"1070001";"1041810";"IT";"S14BI2";"85630699";""
"2022-08-31";"1070001";"1041810";"ITC41";"SBI9";"117124";""
"2022-08-31";"1070001";"1041810";"IT";"S1311";"29435449";""
"2022-08-31";"1070001";"1041810";"ITC4";"S1311";"1052471";""
"2022-08-31";"1070001";"1041810";"IT";"S15";"34520975";""
"2022-08-31";"1070001";"1041810";"IT";"S11001";"24849123";""
"2022-08-31";"1070001";"1041810";"IT";"S11BI32";"360934124";""
"2022-08-31";"1070001";"1041810";"ITC41";"600";"19466602";""
"2022-08-31";"1070001";"1041810";"ITC4";"S11BI7";"2546516";""
"2022-08-31";"1070001";"1041810";"IT";"S127";"14122249";""
"2022-08-31";"1070001";"1041810";"ITC4";"S11";"124132534";""
"2022-08-31";"1070001";"1041810";"ITC41";"S127";"219223";""
"2022-08-31";"1070001";"1041810";"ITC41";"S126";"47349";""
"2022-08-31";"1070001";"1041810";"ITC41";"S129";"57";""
"2022-08-31";"1070001";"1041810";"IT";"S11BI8";"22486088";""
"2022-08-31";"1070001";"1041810";"IT";"S13";"51288500";""
"2022-08-31";"1070001";"1041810";"IT";"SBI59";"1885982535";""
"2022-08-31";"1070001";"1041810";"ITC4";"600";"246002316";""
"2022-08-31";"1070001";"1041810";"IT";"S11";"419169822";""
"2022-08-31";"1070001";"1041810";"ITC41";"S11BI8";"291088";""
"2022-08-31";"1070001";"1041810";"ITC41";"S14BI2";"1103353";""
"2022-08-31";"1070001";"1041810";"ITC41";"S14";"20569955";""
"2022-08-31";"1070001";"1041810";"ITC4";"SBI59";"464202010";""
"2022-08-31";"1070001";"1041810";"ITC4";"S12BI66";"16214287";""
"2022-08-31";"1070001";"1041810";"ITC41";"S1314";"10";""
"2022-08-31";"1070001";"1041810";"ITC41";"450";"6029";""
"2022-08-31";"1070001";"1041810";"IT";"S12BI66";"37581909";""
"2022-08-31";"1070001";"1041810";"IT";"S1314";"7709576";""
"2022-08-31";"1070001";"1041810";"ITC41";"S13";"104626";""
"2022-07-31";"1070001";"1041810";"ITC4";"S11001";"4230097";""
"2022-07-31";"1070001";"1041810";"IT";"S124";"27378261";""
"2022-07-31";"1070001";"1041810";"IT";"S11001";"23929402";""
"2022-07-31";"1070001";"1041810";"ITC4";"S14";"264334711";""
"2022-07-31";"1070001";"1041810";"ITC4";"S1313";"1442156";""
"2022-07-31";"1070001";"1041810";"ITC4";"S1311";"1052454";""
"2022-07-31";"1070001";"1041810";"ITC4";"SBI59";"470431864";""
"2022-07-31";"1070001";"1041810";"IT";"S11BI8";"23740483";""
"2022-07-31";"1070001";"1041810";"ITC4";"S11BI7";"2927537";""
"2022-07-31";"1070001";"1041810";"ITC41";"SBI9";"118390";""
"2022-07-31";"1070001";"1041810";"ITC41";"S11BI8";"323965";""
"2022-07-31";"1070001";"1041810";"ITC41";"SBI59";"27371934";""
"2022-07-31";"1070001";"1041810";"ITC4";"S128";"3613369";""
"2022-07-31";"1070001";"1041810";"ITC4";"450";"191266";""
"2022-07-31";"1070001";"1041810";"IT";"S129";"8353671";""
"2022-07-31";"1070001";"1041810";"ITC4";"SBI9";"2480008";""
"2022-07-31";"1070001";"1041810";"ITC4";"S127";"6186439";""
"2022-07-31";"1070001";"1041810";"IT";"S12BI7";"126465994";""
"2022-07-31";"1070001";"1041810";"IT";"S1311";"29837577";""
"2022-07-31";"1070001";"1041810";"IT";"S1313";"13888550";""
"2022-07-31";"1070001";"1041810";"IT";"S128";"15897450";""
"2022-07-31";"1070001";"1041810";"ITC41";"S13";"102768";""
"2022-07-31";"1070001";"1041810";"ITC41";"450";"6139";""
"2022-07-31";"1070001";"1041810";"ITC41";"S129";"57";""
"2022-07-31";"1070001";"1041810";"ITC4";"S126";"14299384";""
"2022-07-31";"1070001";"1041810";"ITC4";"S1314";"90968";""
"2022-07-31";"1070001";"1041810";"IT";"S14";"1254672421";""
"2022-07-31";"1070001";"1041810";"ITC41";"S14BI2";"1219408";""
"2022-07-31";"1070001";"1041810";"ITC41";"S11";"5824547";""
"2022-07-31";"1070001";"1041810";"IT";"SBI9";"6600445";""
"2022-07-31";"1070001";"1041810";"IT";"600";"1165041713";""
"2022-07-31";"1070001";"1041810";"IT";"SBI59";"1905389579";""
"2022-07-31";"1070001";"1041810";"ITC4";"S129";"3413316";""
"2022-07-31";"1070001";"1041810";"IT";"S11BI7";"11453231";""
"2022-07-31";"1070001";"1041810";"ITC41";"S126";"56101";""
"2022-07-31";"1070001";"1041810";"ITC41";"S12BI66";"4358";""
"2022-07-31";"1070001";"1041810";"ITC41";"S11001";"126671";""
"2022-07-31";"1070001";"1041810";"ITC4";"S11BI8";"4608537";""
"2022-07-31";"1070001";"1041810";"ITC4";"S11BI32";"116067625";""
"2022-07-31";"1070001";"1041810";"ITC41";"S1311";"66987";""
"2022-07-31";"1070001";"1041810";"ITC41";"S11BI32";"5125316";""
"2022-07-31";"1070001";"1041810";"ITC41";"S12BI7";"297345";""
"2022-07-31";"1070001";"1041810";"ITC41";"S11BI7";"242457";""
"2022-07-31";"1070001";"1041810";"IT";"S11BI32";"371940014";""
"2022-07-31";"1070001";"1041810";"IT";"S11";"431969930";""
"2022-07-31";"1070001";"1041810";"ITC4";"S13";"2585578";""
"2022-07-31";"1070001";"1041810";"ITC4";"600";"246155352";""
"2022-07-31";"1070001";"1041810";"ITC4";"S11";"128025061";""
"2022-07-31";"1070001";"1041810";"IT";"S15";"34489814";""
"2022-07-31";"1070001";"1041810";"ITC41";"S14";"20699693";""
"2022-07-31";"1070001";"1041810";"ITC41";"S15";"329190";""
"2022-07-31";"1070001";"1041810";"ITC41";"S127";"220707";""
"2022-07-31";"1070001";"1041810";"ITC4";"S124";"21940381";""
"2022-07-31";"1070001";"1041810";"ITC4";"S14BI2";"18179359";""
"2022-07-31";"1070001";"1041810";"IT";"S126";"22306075";""
"2022-07-31";"1070001";"1041810";"ITC41";"S1313";"35772";""
"2022-07-31";"1070001";"1041810";"ITC41";"600";"19480284";""
"2022-07-31";"1070001";"1041810";"ITC4";"S12BI66";"16259756";""
"2022-07-31";"1070001";"1041810";"IT";"S13";"51190975";""
"2022-07-31";"1070001";"1041810";"IT";"S1314";"7464847";""
"2022-07-31";"1070001";"1041810";"IT";"S14BI2";"89630708";""
"2022-07-31";"1070001";"1041810";"IT";"450";"906800";""
"2022-07-31";"1070001";"1041810";"IT";"S12BI66";"38273202";""
"2022-07-31";"1070001";"1041810";"ITC4";"S12BI7";"65712645";""
"2022-07-31";"1070001";"1041810";"ITC41";"S124";"16123";""
"2022-07-31";"1070001";"1041810";"ITC41";"S1314";"9";""
"2022-07-31";"1070001";"1041810";"ITC4";"S15";"7293861";""
"2022-07-31";"1070001";"1041810";"IT";"S127";"14257335";""
"2022-06-30";"1070001";"1041810";"ITC41";"S1313";"40308";""
"2022-06-30";"1070001";"1041810";"ITC4";"600";"244672457";""
"2022-06-30";"1070001";"1041810";"ITC4";"S127";"6718501";""
"2022-06-30";"1070001";"1041810";"ITC4";"S12BI66";"16057936";""
"2022-06-30";"1070001";"1041810";"IT";"S13";"49151739";""
"2022-06-30";"1070001";"1041810";"IT";"S1313";"13836106";""
"2022-06-30";"1070001";"1041810";"ITC41";"S15";"343338";""
"2022-06-30";"1070001";"1041810";"ITC41";"S127";"108332";""
"2022-06-30";"1070001";"1041810";"ITC41";"S14";"20446089";""
"2022-06-30";"1070001";"1041810";"ITC41";"450";"6304";""
"2022-06-30";"1070001";"1041810";"ITC4";"S1311";"1045533";""
"2022-06-30";"1070001";"1041810";"ITC4";"S11BI7";"2593742";""
"2022-06-30";"1070001";"1041810";"ITC41";"S12BI7";"187177";""
"2022-06-30";"1070001";"1041810";"ITC4";"S129";"3954685";""
"2022-06-30";"1070001";"1041810";"ITC41";"S14BI2";"1121841";""
"2022-06-30";"1070001";"1041810";"IT";"S11001";"22151753";""
"2022-06-30";"1070001";"1041810";"IT";"SBI9";"6482856";""
"2022-06-30";"1070001";"1041810";"IT";"S11BI8";"21583891";""
"2022-06-30";"1070001";"1041810";"IT";"S127";"14874580";""
"2022-06-30";"1070001";"1041810";"IT";"600";"1156546986";""
"2022-06-30";"1070001";"1041810";"IT";"S14BI2";"86440511";""
"2022-06-30";"1070001";"1041810";"ITC4";"S124";"21894843";""
"2022-06-30";"1070001";"1041810";"ITC4";"S11BI8";"4187243";""
"2022-06-30";"1070001";"1041810";"ITC4";"S14BI2";"17171261";""
"2022-06-30";"1070001";"1041810";"ITC4";"S128";"2864125";""
"2022-06-30";"1070001";"1041810";"ITC4";"S1313";"1495357";""
"2022-06-30";"1070001";"1041810";"ITC4";"S11001";"4336461";""
"2022-06-30";"1070001";"1041810";"ITC4";"S12BI7";"66371155";""
"2022-06-30";"1070001";"1041810";"IT";"S128";"13496662";""
"2022-06-30";"1070001";"1041810";"ITC41";"S13";"105996";""
"2022-06-30";"1070001";"1041810";"ITC41";"600";"19324248";""
"2022-06-30";"1070001";"1041810";"ITC41";"S1311";"65688";""
"2022-06-30";"1070001";"1041810";"ITC4";"S14";"261843718";""
"2022-06-30";"1070001";"1041810";"ITC4";"SBI59";"462943235";""
"2022-06-30";"1070001";"1041810";"ITC41";"S126";"57857";""
"2022-06-30";"1070001";"1041810";"IT";"450";"873834";""
"2022-06-30";"1070001";"1041810";"ITC41";"S11BI7";"212981";""
"2022-06-30";"1070001";"1041810";"IT";"S124";"27341058";""
"2022-06-30";"1070001";"1041810";"ITC41";"S11001";"123390";""
"2022-06-30";"1070001";"1041810";"ITC41";"SBI59";"26602048";""
"2022-06-30";"1070001";"1041810";"ITC41";"S11BI8";"298780";""
"2022-06-30";"1070001";"1041810";"IT";"S126";"23011033";""
"2022-06-30";"1070001";"1041810";"ITC41";"S129";"57";""
"2022-06-30";"1070001";"1041810";"IT";"S12BI7";"127091247";""
"2022-06-30";"1070001";"1041810";"ITC4";"S126";"14881065";""
"2022-06-30";"1070001";"1041810";"ITC4";"S11BI32";"111148312";""
"2022-06-30";"1070001";"1041810";"IT";"S11";"410857042";""
"2022-06-30";"1070001";"1041810";"IT";"S129";"8498966";""
"2022-06-30";"1070001";"1041810";"IT";"S12BI66";"39868946";""
"2022-06-30";"1070001";"1041810";"IT";"SBI59";"1871766503";""
"2022-06-30";"1070001";"1041810";"IT";"S14";"1242987497";""
"2022-06-30";"1070001";"1041810";"IT";"S15";"35194069";""
"2022-06-30";"1070001";"1041810";"IT";"S11BI7";"10172289";""
"2022-06-30";"1070001";"1041810";"ITC4";"S11";"122455637";""
"2022-06-30";"1070001";"1041810";"ITC4";"S15";"7304905";""
"2022-06-30";"1070001";"1041810";"ITC4";"S1314";"39824";""
"2022-06-30";"1070001";"1041810";"ITC41";"S11";"5400845";""
"2022-06-30";"1070001";"1041810";"ITC41";"S124";"12758";""
"2022-06-30";"1070001";"1041810";"ITC41";"S12BI66";"8173";""
"2022-06-30";"1070001";"1041810";"IT";"S11BI32";"356075275";""
"2022-06-30";"1070001";"1041810";"ITC41";"S11BI32";"4759390";""
"2022-06-30";"1070001";"1041810";"ITC41";"S1314";"0";""
"2022-06-30";"1070001";"1041810";"ITC41";"SBI9";"118604";""
"2022-06-30";"1070001";"1041810";"IT";"S1314";"7081164";""
"2022-06-30";"1070001";"1041810";"ITC4";"450";"189879";""
"2022-06-30";"1070001";"1041810";"ITC4";"SBI9";"2385054";""
"2022-06-30";"1070001";"1041810";"ITC4";"S13";"2580714";""
"2022-06-30";"1070001";"1041810";"IT";"S1311";"28234469";""
"2022-05-31";"1070001";"1041810";"ITC4";"S129";"3552298";""
"2022-05-31";"1070001";"1041810";"ITC41";"S11";"5573441";""
"2022-05-31";"1070001";"1041810";"IT";"S11BI32";"359610488";""
"2022-05-31";"1070001";"1041810";"ITC4";"SBI59";"471050708";""
"2022-05-31";"1070001";"1041810";"ITC41";"S11BI7";"213551";""
"2022-05-31";"1070001";"1041810";"IT";"S126";"24966856";""
"2022-05-31";"1070001";"1041810";"IT";"S11";"415070008";""
"2022-05-31";"1070001";"1041810";"ITC4";"S12BI66";"16447120";""
"2022-05-31";"1070001";"1041810";"ITC4";"S14";"265019512";""
"2022-05-31";"1070001";"1041810";"IT";"S127";"14597980";""
"2022-05-31";"1070001";"1041810";"ITC41";"S13";"103683";""
"2022-05-31";"1070001";"1041810";"ITC4";"S11BI7";"2578815";""
"2022-05-31";"1070001";"1041810";"IT";"S1314";"6719188";""
"2022-05-31";"1070001";"1041810";"IT";"S14BI2";"86538648";""
"2022-05-31";"1070001";"1041810";"IT";"SBI9";"6163133";""
"2022-05-31";"1070001";"1041810";"ITC4";"S1314";"46741";""
"2022-05-31";"1070001";"1041810";"ITC41";"600";"19551111";""
"2022-05-31";"1070001";"1041810";"ITC41";"SBI59";"26960116";""
"2022-05-31";"1070001";"1041810";"ITC41";"450";"6234";""
"2022-05-31";"1070001";"1041810";"ITC4";"S127";"6513331";""
"2022-05-31";"1070001";"1041810";"ITC41";"S15";"333541";""
"2022-05-31";"1070001";"1041810";"ITC4";"S1311";"1052228";""
"2022-05-31";"1070001";"1041810";"ITC41";"S14";"20681788";""
"2022-05-31";"1070001";"1041810";"ITC41";"S129";"57";""
"2022-05-31";"1070001";"1041810";"ITC41";"S12BI66";"5977";""
"2022-05-31";"1070001";"1041810";"IT";"S1311";"28421852";""
"2022-05-31";"1070001";"1041810";"ITC4";"S11";"123651319";""
"2022-05-31";"1070001";"1041810";"IT";"S124";"28149676";""
"2022-05-31";"1070001";"1041810";"ITC41";"S12BI7";"145941";""
"2022-05-31";"1070001";"1041810";"ITC41";"S11BI32";"4933748";""
"2022-05-31";"1070001";"1041810";"ITC41";"S11BI8";"305133";""
"2022-05-31";"1070001";"1041810";"ITC4";"S11BI8";"4315679";""
"2022-05-31";"1070001";"1041810";"ITC4";"S124";"22952361";""
"2022-05-31";"1070001";"1041810";"ITC4";"S1313";"1529712";""
"2022-05-31";"1070001";"1041810";"ITC41";"S14BI2";"1130678";""
"2022-05-31";"1070001";"1041810";"ITC41";"SBI9";"121722";""
"2022-05-31";"1070001";"1041810";"IT";"450";"909955";""
"2022-05-31";"1070001";"1041810";"ITC4";"S11BI32";"112119658";""
"2022-05-31";"1070001";"1041810";"ITC4";"S11001";"4452581";""
"2022-05-31";"1070001";"1041810";"IT";"S12BI7";"131122174";""
"2022-05-31";"1070001";"1041810";"IT";"SBI59";"1889405237";""
"2022-05-31";"1070001";"1041810";"IT";"S11BI7";"10127876";""
"2022-05-31";"1070001";"1041810";"IT";"S128";"16102448";""
"2022-05-31";"1070001";"1041810";"ITC41";"S11001";"114775";""
"2022-05-31";"1070001";"1041810";"IT";"S129";"8326563";""
"2022-05-31";"1070001";"1041810";"IT";"S11001";"22750524";""
"2022-05-31";"1070001";"1041810";"ITC41";"S1314";"0";""
"2022-05-31";"1070001";"1041810";"ITC41";"S124";"10384";""
"2022-05-31";"1070001";"1041810";"ITC4";"S14BI2";"17329089";""
"2022-05-31";"1070001";"1041810";"IT";"S12BI66";"38978651";""
"2022-05-31";"1070001";"1041810";"IT";"S1313";"13801062";""
"2022-05-31";"1070001";"1041810";"ITC4";"S128";"4031937";""
"2022-05-31";"1070001";"1041810";"ITC41";"S127";"71848";""
"2022-05-31";"1070001";"1041810";"IT";"S15";"35156320";""
"2022-05-31";"1070001";"1041810";"IT";"600";"1166412853";""
"2022-05-31";"1070001";"1041810";"ITC4";"S13";"2628681";""
"2022-05-31";"1070001";"1041810";"ITC41";"S1311";"65463";""
"2022-05-31";"1070001";"1041810";"ITC41";"S1313";"38220";""
"2022-05-31";"1070001";"1041810";"ITC4";"S15";"7590311";""
"2022-05-31";"1070001";"1041810";"IT";"S13";"48942102";""
"2022-05-31";"1070001";"1041810";"IT";"S11BI8";"21671164";""
"2022-05-31";"1070001";"1041810";"IT";"S14";"1252951501";""
"2022-05-31";"1070001";"1041810";"ITC4";"S126";"16576321";""
"2022-05-31";"1070001";"1041810";"ITC4";"450";"184586";""
"2022-05-31";"1070001";"1041810";"ITC4";"600";"247690423";""
"2022-05-31";"1070001";"1041810";"ITC4";"SBI9";"2087516";""
"2022-05-31";"1070001";"1041810";"ITC41";"S126";"57676";""
"2022-05-31";"1070001";"1041810";"ITC4";"S12BI7";"70073369";""
"2022-04-30";"1070001";"1041810";"IT";"600";"1166390750";""
"2022-04-30";"1070001";"1041810";"ITC4";"450";"188360";""
"2022-04-30";"1070001";"1041810";"ITC41";"S15";"331921";""
"2022-04-30";"1070001";"1041810";"ITC4";"S128";"3697026";""
"2022-04-30";"1070001";"1041810";"ITC41";"SBI9";"112778";""
"2022-04-30";"1070001";"1041810";"ITC41";"S11BI8";"316920";""
"2022-04-30";"1070001";"1041810";"ITC41";"S14";"20661043";""
"2022-04-30";"1070001";"1041810";"ITC4";"S13";"2557766";""
"2022-04-30";"1070001";"1041810";"ITC4";"S124";"22896159";""
"2022-04-30";"1070001";"1041810";"ITC4";"S14";"264426114";""
"2022-04-30";"1070001";"1041810";"ITC4";"600";"246991244";""
"2022-04-30";"1070001";"1041810";"IT";"S11BI8";"22365633";""
"2022-04-30";"1070001";"1041810";"IT";"S14BI2";"87114668";""
"2022-04-30";"1070001";"1041810";"ITC4";"SBI59";"476912876";""
"2022-04-30";"1070001";"1041810";"ITC41";"S12BI66";"6074";""
"2022-04-30";"1070001";"1041810";"IT";"S11";"418479640";""
"2022-04-30";"1070001";"1041810";"ITC4";"S11BI32";"116118752";""
"2022-04-30";"1070001";"1041810";"ITC41";"S124";"14987";""
"2022-04-30";"1070001";"1041810";"IT";"S128";"16034496";""
"2022-04-30";"1070001";"1041810";"ITC41";"S11001";"116038";""
"2022-04-30";"1070001";"1041810";"ITC4";"S14BI2";"17434870";""
"2022-04-30";"1070001";"1041810";"IT";"S14";"1253505419";""
"2022-04-30";"1070001";"1041810";"ITC4";"S1313";"1494655";""
"2022-04-30";"1070001";"1041810";"IT";"S129";"8531931";""
"2022-04-30";"1070001";"1041810";"ITC41";"600";"19533948";""
"2022-04-30";"1070001";"1041810";"IT";"S12BI66";"42638532";""
"2022-04-30";"1070001";"1041810";"ITC41";"S12BI7";"148632";""
"2022-04-30";"1070001";"1041810";"ITC4";"S127";"5918871";""
"2022-04-30";"1070001";"1041810";"IT";"S126";"24106285";""
"2022-04-30";"1070001";"1041810";"IT";"S11BI7";"10830599";""
"2022-04-30";"1070001";"1041810";"IT";"S11001";"22968990";""
"2022-04-30";"1070001";"1041810";"IT";"SBI59";"1895500577";""
"2022-04-30";"1070001";"1041810";"ITC41";"S1314";"0";""
"2022-04-30";"1070001";"1041810";"ITC4";"S1311";"1014202";""
"2022-04-30";"1070001";"1041810";"ITC41";"S1313";"37782";""
"2022-04-30";"1070001";"1041810";"IT";"S124";"28162962";""
"2022-04-30";"1070001";"1041810";"IT";"S11BI32";"361401242";""
"2022-04-30";"1070001";"1041810";"ITC4";"S11";"128149197";""
"2022-04-30";"1070001";"1041810";"ITC4";"S12BI7";"72174766";""
"2022-04-30";"1070001";"1041810";"ITC4";"SBI9";"2076208";""
"2022-04-30";"1070001";"1041810";"ITC41";"S126";"51591";""
"2022-04-30";"1070001";"1041810";"ITC41";"SBI59";"27185494";""
"2022-04-30";"1070001";"1041810";"IT";"S127";"13703783";""
"2022-04-30";"1070001";"1041810";"IT";"SBI9";"6174152";""
"2022-04-30";"1070001";"1041810";"ITC4";"S11BI7";"2781456";""
"2022-04-30";"1070001";"1041810";"ITC41";"S127";"75922";""
"2022-04-30";"1070001";"1041810";"ITC4";"S12BI66";"19788713";""
"2022-04-30";"1070001";"1041810";"ITC41";"S13";"104018";""
"2022-04-30";"1070001";"1041810";"IT";"S1314";"6502218";""
"2022-04-30";"1070001";"1041810";"ITC4";"S15";"7528826";""
"2022-04-30";"1070001";"1041810";"IT";"S1313";"14006929";""
"2022-04-30";"1070001";"1041810";"ITC4";"S11BI8";"4492054";""
"2022-04-30";"1070001";"1041810";"IT";"S13";"49304497";""
"2022-04-30";"1070001";"1041810";"ITC41";"S11BI7";"228635";""
"2022-04-30";"1070001";"1041810";"ITC41";"S11BI32";"5159339";""
"2022-04-30";"1070001";"1041810";"ITC41";"S11";"5827103";""
"2022-04-30";"1070001";"1041810";"IT";"S12BI7";"133177990";""
"2022-04-30";"1070001";"1041810";"ITC41";"S14BI2";"1127095";""
"2022-04-30";"1070001";"1041810";"ITC41";"450";"6172";""
"2022-04-30";"1070001";"1041810";"ITC4";"S126";"16311895";""
"2022-04-30";"1070001";"1041810";"ITC4";"S129";"3562102";""
"2022-04-30";"1070001";"1041810";"IT";"S1311";"28795350";""
"2022-04-30";"1070001";"1041810";"ITC4";"S11001";"4568575";""
"2022-04-30";"1070001";"1041810";"ITC4";"S1314";"48908";""
"2022-04-30";"1070001";"1041810";"IT";"450";"913176";""
"2022-04-30";"1070001";"1041810";"ITC41";"S1311";"66236";""
"2022-04-30";"1070001";"1041810";"IT";"S15";"34858889";""
"2022-04-30";"1070001";"1041810";"ITC41";"S129";"57";""
"2022-03-31";"1070001";"1041810";"ITC41";"S129";"57";""
"2022-03-31";"1070001";"1041810";"ITC41";"S13";"131612";""
"2022-03-31";"1070001";"1041810";"IT";"S11001";"25470270";""
"2022-03-31";"1070001";"1041810";"ITC4";"S11BI8";"4100002";""
"2022-03-31";"1070001";"1041810";"ITC4";"S128";"3052090";""
"2022-03-31";"1070001";"1041810";"ITC4";"S14BI2";"16804545";""
"2022-03-31";"1070001";"1041810";"ITC41";"S1311";"90788";""
"2022-03-31";"1070001";"1041810";"ITC41";"S11BI8";"288892";""
"2022-03-31";"1070001";"1041810";"IT";"600";"1162921434";""
"2022-03-31";"1070001";"1041810";"IT";"S15";"34384059";""
"2022-03-31";"1070001";"1041810";"IT";"S11BI32";"343826847";""
"2022-03-31";"1070001";"1041810";"ITC4";"S127";"5786243";""
"2022-03-31";"1070001";"1041810";"IT";"S129";"8482439";""
"2022-03-31";"1070001";"1041810";"IT";"S12BI66";"42615455";""
"2022-03-31";"1070001";"1041810";"IT";"S12BI7";"131254162";""
"2022-03-31";"1070001";"1041810";"ITC41";"S126";"54892";""
"2022-03-31";"1070001";"1041810";"ITC41";"S14";"20584094";""
"2022-03-31";"1070001";"1041810";"IT";"S13";"49144751";""
"2022-03-31";"1070001";"1041810";"IT";"S128";"12749500";""
"2022-03-31";"1070001";"1041810";"ITC4";"S12BI66";"18336389";""
"2022-03-31";"1070001";"1041810";"ITC41";"S11001";"119378";""
"2022-03-31";"1070001";"1041810";"ITC41";"S11BI7";"205437";""
"2022-03-31";"1070001";"1041810";"ITC4";"S11001";"4878244";""
"2022-03-31";"1070001";"1041810";"ITC41";"S124";"17717";""
"2022-03-31";"1070001";"1041810";"ITC41";"S12BI66";"8338";""
"2022-03-31";"1070001";"1041810";"IT";"S1311";"28861270";""
"2022-03-31";"1070001";"1041810";"ITC41";"S15";"327421";""
"2022-03-31";"1070001";"1041810";"ITC4";"S124";"23644423";""
"2022-03-31";"1070001";"1041810";"ITC4";"S1311";"1333090";""
"2022-03-31";"1070001";"1041810";"ITC4";"S15";"7481276";""
"2022-03-31";"1070001";"1041810";"IT";"S1313";"13711438";""
"2022-03-31";"1070001";"1041810";"IT";"S11BI7";"9684901";""
"2022-03-31";"1070001";"1041810";"IT";"S124";"28737592";""
"2022-03-31";"1070001";"1041810";"IT";"S14";"1247248165";""
"2022-03-31";"1070001";"1041810";"ITC41";"600";"19526505";""
"2022-03-31";"1070001";"1041810";"ITC41";"SBI59";"26733460";""
"2022-03-31";"1070001";"1041810";"IT";"SBI9";"5566725";""
"2022-03-31";"1070001";"1041810";"ITC41";"S127";"76974";""
"2022-03-31";"1070001";"1041810";"IT";"450";"901118";""
"2022-03-31";"1070001";"1041810";"ITC4";"S1313";"1490899";""
"2022-03-31";"1070001";"1041810";"ITC4";"S1314";"43367";""
"2022-03-31";"1070001";"1041810";"ITC4";"S11BI32";"111204953";""
"2022-03-31";"1070001";"1041810";"ITC4";"S129";"3412974";""
"2022-03-31";"1070001";"1041810";"ITC41";"S14BI2";"1057588";""
"2022-03-31";"1070001";"1041810";"ITC4";"SBI9";"1952354";""
"2022-03-31";"1070001";"1041810";"ITC41";"450";"6108";""
"2022-03-31";"1070001";"1041810";"IT";"SBI59";"1868081575";""
"2022-03-31";"1070001";"1041810";"ITC41";"S1314";"0";""
"2022-03-31";"1070001";"1041810";"ITC4";"S11";"122829686";""
"2022-03-31";"1070001";"1041810";"ITC4";"S126";"16920223";""
"2022-03-31";"1070001";"1041810";"IT";"S11BI8";"20600586";""
"2022-03-31";"1070001";"1041810";"IT";"S126";"24960647";""
"2022-03-31";"1070001";"1041810";"IT";"S127";"13708529";""
"2022-03-31";"1070001";"1041810";"ITC41";"S11BI32";"4821061";""
"2022-03-31";"1070001";"1041810";"ITC41";"SBI9";"91479";""
"2022-03-31";"1070001";"1041810";"ITC41";"S12BI7";"157978";""
"2022-03-31";"1070001";"1041810";"ITC4";"S12BI7";"71152342";""
"2022-03-31";"1070001";"1041810";"IT";"S14BI2";"84326731";""
"2022-03-31";"1070001";"1041810";"ITC4";"SBI59";"469491171";""
"2022-03-31";"1070001";"1041810";"ITC41";"S1313";"40824";""
"2022-03-31";"1070001";"1041810";"ITC4";"S13";"2867357";""
"2022-03-31";"1070001";"1041810";"IT";"S11";"400483723";""
"2022-03-31";"1070001";"1041810";"ITC4";"450";"188604";""
"2022-03-31";"1070001";"1041810";"ITC4";"600";"246403611";""
"2022-03-31";"1070001";"1041810";"ITC4";"S11BI7";"2457883";""
"2022-03-31";"1070001";"1041810";"ITC4";"S14";"263208157";""
"2022-03-31";"1070001";"1041810";"ITC41";"S11";"5440876";""
"2022-03-31";"1070001";"1041810";"IT";"S1314";"6572044";""
"2022-02-28";"1070001";"1041810";"ITC41";"600";"19472305";""
"2022-02-28";"1070001";"1041810";"ITC41";"S11BI32";"4787052";""
"2022-02-28";"1070001";"1041810";"ITC41";"S11BI8";"281577";""
"2022-02-28";"1070001";"1041810";"IT";"S124";"28313666";""
"2022-02-28";"1070001";"1041810";"ITC41";"S126";"52771";""
"2022-02-28";"1070001";"1041810";"ITC4";"S14";"261502201";""
"2022-02-28";"1070001";"1041810";"ITC4";"S11BI8";"3989536";""
"2022-02-28";"1070001";"1041810";"ITC4";"S12BI7";"70596697";""
"2022-02-28";"1070001";"1041810";"ITC4";"S13";"2913559";""
"2022-02-28";"1070001";"1041810";"ITC41";"S15";"320033";""
"2022-02-28";"1070001";"1041810";"IT";"S11BI7";"9325633";""
"2022-02-28";"1070001";"1041810";"ITC41";"S11";"5392817";""
"2022-02-28";"1070001";"1041810";"ITC41";"S124";"13559";""
"2022-02-28";"1070001";"1041810";"IT";"S126";"25368772";""
"2022-02-28";"1070001";"1041810";"ITC41";"SBI9";"86982";""
"2022-02-28";"1070001";"1041810";"ITC4";"S124";"23147630";""
"2022-02-28";"1070001";"1041810";"ITC4";"S1313";"1503837";""
"2022-02-28";"1070001";"1041810";"IT";"S11BI32";"335723343";""
"2022-02-28";"1070001";"1041810";"ITC4";"SBI9";"1893032";""
"2022-02-28";"1070001";"1041810";"IT";"450";"1424352";""
"2022-02-28";"1070001";"1041810";"IT";"600";"1160423822";""
"2022-02-28";"1070001";"1041810";"ITC41";"S1313";"43241";""
"2022-02-28";"1070001";"1041810";"ITC41";"SBI59";"26599639";""
"2022-02-28";"1070001";"1041810";"ITC4";"S127";"5610859";""
"2022-02-28";"1070001";"1041810";"ITC4";"S1311";"1338990";""
"2022-02-28";"1070001";"1041810";"IT";"S11001";"27515456";""
"2022-02-28";"1070001";"1041810";"IT";"S128";"15519526";""
"2022-02-28";"1070001";"1041810";"IT";"S129";"7789485";""
"2022-02-28";"1070001";"1041810";"IT";"S1311";"29368984";""
"2022-02-28";"1070001";"1041810";"ITC4";"S15";"7435531";""
"2022-02-28";"1070001";"1041810";"ITC41";"S11001";"121885";""
"2022-02-28";"1070001";"1041810";"ITC41";"S11BI7";"196077";""
"2022-02-28";"1070001";"1041810";"ITC41";"S129";"50";""
"2022-02-28";"1070001";"1041810";"ITC4";"S11";"118985952";""
"2022-02-28";"1070001";"1041810";"ITC4";"S11001";"3819304";""
"2022-02-28";"1070001";"1041810";"ITC4";"S128";"3735409";""
"2022-02-28";"1070001";"1041810";"ITC4";"S12BI66";"18039836";""
"2022-02-28";"1070001";"1041810";"IT";"S14BI2";"82719112";""
"2022-02-28";"1070001";"1041810";"IT";"S11BI8";"20195930";""
"2022-02-28";"1070001";"1041810";"ITC41";"450";"6227";""
"2022-02-28";"1070001";"1041810";"ITC41";"S127";"88777";""
"2022-02-28";"1070001";"1041810";"IT";"S12BI66";"42198383";""
"2022-02-28";"1070001";"1041810";"ITC41";"S12BI7";"163715";""
"2022-02-28";"1070001";"1041810";"ITC4";"S11BI7";"2367643";""
"2022-02-28";"1070001";"1041810";"ITC4";"S129";"3112432";""
"2022-02-28";"1070001";"1041810";"IT";"S1314";"6226472";""
"2022-02-28";"1070001";"1041810";"IT";"SBI59";"1859552365";""
"2022-02-28";"1070001";"1041810";"ITC41";"S12BI66";"8559";""
"2022-02-28";"1070001";"1041810";"ITC41";"S1311";"88377";""
"2022-02-28";"1070001";"1041810";"ITC4";"S1314";"70731";""
"2022-02-28";"1070001";"1041810";"IT";"SBI9";"5623896";""
"2022-02-28";"1070001";"1041810";"ITC4";"S11BI32";"108622589";""
"2022-02-28";"1070001";"1041810";"IT";"S13";"49495570";""
"2022-02-28";"1070001";"1041810";"IT";"S1313";"13900114";""
"2022-02-28";"1070001";"1041810";"IT";"S15";"34156045";""
"2022-02-28";"1070001";"1041810";"IT";"S12BI7";"132949205";""
"2022-02-28";"1070001";"1041810";"ITC4";"SBI59";"463326972";""
"2022-02-28";"1070001";"1041810";"ITC4";"450";"186881";""
"2022-02-28";"1070001";"1041810";"ITC4";"600";"245247736";""
"2022-02-28";"1070001";"1041810";"ITC4";"S14BI2";"16254465";""
"2022-02-28";"1070001";"1041810";"IT";"S11";"394184715";""
"2022-02-28";"1070001";"1041810";"ITC41";"S13";"131618";""
"2022-02-28";"1070001";"1041810";"ITC41";"S14BI2";"1032169";""
"2022-02-28";"1070001";"1041810";"IT";"S14";"1243142934";""
"2022-02-28";"1070001";"1041810";"IT";"S127";"13759373";""
"2022-02-28";"1070001";"1041810";"ITC41";"S14";"20504474";""
"2022-02-28";"1070001";"1041810";"ITC4";"S126";"16950531";""
"2022-01-31";"1070001";"1041810";"ITC4";"S13";"3006326";""
"2022-01-31";"1070001";"1041810";"IT";"S126";"27358836";""
"2022-01-31";"1070001";"1041810";"ITC4";"S11001";"3974475";""
"2022-01-31";"1070001";"1041810";"ITC41";"S11BI7";"190157";""
"2022-01-31";"1070001";"1041810";"ITC41";"S1313";"43283";""
"2022-01-31";"1070001";"1041810";"ITC4";"S12BI7";"73549539";""
"2022-01-31";"1070001";"1041810";"ITC4";"SBI9";"1846044";""
"2022-01-31";"1070001";"1041810";"ITC4";"S1313";"1541508";""
"2022-01-31";"1070001";"1041810";"ITC4";"SBI59";"463402520";""
"2022-01-31";"1070001";"1041810";"ITC4";"S11BI8";"3939777";""
"2022-01-31";"1070001";"1041810";"ITC4";"S12BI66";"17923119";""
"2022-01-31";"1070001";"1041810";"IT";"SBI59";"1859318821";""
"2022-01-31";"1070001";"1041810";"ITC41";"S14";"20404641";""
"2022-01-31";"1070001";"1041810";"ITC41";"S12BI7";"182876";""
"2022-01-31";"1070001";"1041810";"IT";"S124";"28129167";""
"2022-01-31";"1070001";"1041810";"IT";"S127";"14362720";""
"2022-01-31";"1070001";"1041810";"ITC41";"SBI9";"86205";""
"2022-01-31";"1070001";"1041810";"IT";"600";"1157622558";""
"2022-01-31";"1070001";"1041810";"IT";"S11BI8";"20110736";""
"2022-01-31";"1070001";"1041810";"IT";"S13";"48803844";""
"2022-01-31";"1070001";"1041810";"IT";"S14BI2";"81710377";""
"2022-01-31";"1070001";"1041810";"IT";"450";"1423322";""
"2022-01-31";"1070001";"1041810";"IT";"S129";"9273562";""
"2022-01-31";"1070001";"1041810";"ITC4";"S14BI2";"15963290";""
"2022-01-31";"1070001";"1041810";"ITC41";"S11BI32";"4781100";""
"2022-01-31";"1070001";"1041810";"IT";"S1311";"27792032";""
"2022-01-31";"1070001";"1041810";"ITC4";"S14";"260117042";""
"2022-01-31";"1070001";"1041810";"IT";"S1314";"7298750";""
"2022-01-31";"1070001";"1041810";"ITC41";"S129";"50";""
"2022-01-31";"1070001";"1041810";"ITC4";"S1314";"159317";""
"2022-01-31";"1070001";"1041810";"ITC4";"450";"190736";""
"2022-01-31";"1070001";"1041810";"IT";"S14";"1239332935";""
"2022-01-31";"1070001";"1041810";"IT";"S128";"16281946";""
"2022-01-31";"1070001";"1041810";"ITC4";"600";"244153752";""
"2022-01-31";"1070001";"1041810";"ITC4";"S128";"4061084";""
"2022-01-31";"1070001";"1041810";"IT";"SBI9";"5699136";""
"2022-01-31";"1070001";"1041810";"IT";"S11001";"28804816";""
"2022-01-31";"1070001";"1041810";"ITC4";"S126";"18648060";""
"2022-01-31";"1070001";"1041810";"ITC41";"S11001";"117568";""
"2022-01-31";"1070001";"1041810";"ITC41";"S127";"95616";""
"2022-01-31";"1070001";"1041810";"IT";"S1313";"13713063";""
"2022-01-31";"1070001";"1041810";"IT";"S12BI66";"41864270";""
"2022-01-31";"1070001";"1041810";"IT";"S11";"394392556";""
"2022-01-31";"1070001";"1041810";"ITC4";"S11BI32";"107071320";""
"2022-01-31";"1070001";"1041810";"ITC4";"S124";"23039986";""
"2022-01-31";"1070001";"1041810";"IT";"S11BI32";"334803489";""
"2022-01-31";"1070001";"1041810";"ITC41";"600";"19399319";""
"2022-01-31";"1070001";"1041810";"ITC4";"S11";"117496655";""
"2022-01-31";"1070001";"1041810";"ITC41";"S11BI8";"276723";""
"2022-01-31";"1070001";"1041810";"ITC41";"450";"6242";""
"2022-01-31";"1070001";"1041810";"ITC41";"S12BI66";"8340";""
"2022-01-31";"1070001";"1041810";"ITC4";"S127";"5962759";""
"2022-01-31";"1070001";"1041810";"ITC41";"S124";"18015";""
"2022-01-31";"1070001";"1041810";"ITC4";"S1311";"1305501";""
"2022-01-31";"1070001";"1041810";"IT";"S11BI7";"9250193";""
"2022-01-31";"1070001";"1041810";"ITC41";"S15";"315237";""
"2022-01-31";"1070001";"1041810";"ITC41";"S14BI2";"1005322";""
"2022-01-31";"1070001";"1041810";"IT";"S12BI7";"137270501";""
"2022-01-31";"1070001";"1041810";"ITC41";"S126";"60855";""
"2022-01-31";"1070001";"1041810";"ITC4";"S15";"7386913";""
"2022-01-31";"1070001";"1041810";"ITC4";"S11BI7";"2320347";""
"2022-01-31";"1070001";"1041810";"ITC4";"S129";"3914532";""
"2022-01-31";"1070001";"1041810";"ITC41";"S11";"5371790";""
"2022-01-31";"1070001";"1041810";"ITC41";"S1311";"82656";""
"2022-01-31";"1070001";"1041810";"ITC41";"SBI59";"26486688";""
"2022-01-31";"1070001";"1041810";"ITC41";"S13";"125939";""
"2022-01-31";"1070001";"1041810";"IT";"S15";"33819848";""
"2021-12-31";"1070001";"1041810";"ITC4";"S13";"2808683";""
"2021-12-31";"1070001";"1041810";"IT";"S14";"1234585983";""
"2021-12-31";"1070001";"1041810";"ITC4";"S129";"3364961";""
"2021-12-31";"1070001";"1041810";"ITC4";"S126";"18647086";""
"2021-12-31";"1070001";"1041810";"ITC41";"S15";"330629";""
"2021-12-31";"1070001";"1041810";"ITC41";"S11";"5878195";""
"2021-12-31";"1070001";"1041810";"ITC41";"S1311";"84215";""
"2021-12-31";"1070001";"1041810";"ITC41";"450";"3491";""
"2021-12-31";"1070001";"1041810";"ITC41";"S12BI7";"184340";""
"2021-12-31";"1070001";"1041810";"ITC4";"S12BI7";"73843140";""
"2021-12-31";"1070001";"1041810";"IT";"S12BI7";"140998480";""
"2021-12-31";"1070001";"1041810";"ITC4";"SBI59";"473457571";""
"2021-12-31";"1070001";"1041810";"IT";"S128";"15078967";""
"2021-12-31";"1070001";"1041810";"ITC41";"S14BI2";"1001576";""
"2021-12-31";"1070001";"1041810";"IT";"S1311";"24004927";""
"2021-12-31";"1070001";"1041810";"ITC4";"S1314";"81085";""
"2021-12-31";"1070001";"1041810";"ITC41";"S127";"92755";""
"2021-12-31";"1070001";"1041810";"ITC41";"S14";"20318811";""
"2021-12-31";"1070001";"1041810";"IT";"S11BI7";"10122297";""
"2021-12-31";"1070001";"1041810";"ITC4";"S128";"3344850";""
"2021-12-31";"1070001";"1041810";"ITC4";"S15";"7234599";""
"2021-12-31";"1070001";"1041810";"ITC4";"S11BI8";"4113788";""
"2021-12-31";"1070001";"1041810";"ITC41";"S124";"18900";""
"2021-12-31";"1070001";"1041810";"IT";"S126";"26458827";""
"2021-12-31";"1070001";"1041810";"ITC4";"S124";"21998773";""
"2021-12-31";"1070001";"1041810";"ITC4";"S14";"259238458";""
"2021-12-31";"1070001";"1041810";"IT";"450";"874539";""
"2021-12-31";"1070001";"1041810";"IT";"S14BI2";"82291386";""
"2021-12-31";"1070001";"1041810";"IT";"SBI59";"1886959208";""
"2021-12-31";"1070001";"1041810";"ITC41";"S11BI7";"203515";""
"2021-12-31";"1070001";"1041810";"ITC4";"S11BI7";"2536698";""
"2021-12-31";"1070001";"1041810";"ITC41";"S126";"65052";""
"2021-12-31";"1070001";"1041810";"ITC4";"S1311";"1305269";""
"2021-12-31";"1070001";"1041810";"ITC4";"S11001";"4228170";""
"2021-12-31";"1070001";"1041810";"IT";"600";"1152294597";""
"2021-12-31";"1070001";"1041810";"ITC4";"S11BI32";"117339343";""
"2021-12-31";"1070001";"1041810";"ITC4";"SBI9";"1915534";""
"2021-12-31";"1070001";"1041810";"ITC41";"S129";"50";""
"2021-12-31";"1070001";"1041810";"IT";"S11001";"32661436";""
"2021-12-31";"1070001";"1041810";"IT";"S13";"44191658";""
"2021-12-31";"1070001";"1041810";"ITC4";"S14BI2";"15996987";""
"2021-12-31";"1070001";"1041810";"ITC41";"SBI59";"26916228";""
"2021-12-31";"1070001";"1041810";"IT";"S11BI8";"21044133";""
"2021-12-31";"1070001";"1041810";"IT";"S12BI66";"48410824";""
"2021-12-31";"1070001";"1041810";"IT";"S1313";"13050501";""
"2021-12-31";"1070001";"1041810";"ITC41";"600";"19317236";""
"2021-12-31";"1070001";"1041810";"ITC41";"S11BI8";"292002";""
"2021-12-31";"1070001";"1041810";"ITC41";"SBI9";"85027";""
"2021-12-31";"1070001";"1041810";"IT";"S129";"8868318";""
"2021-12-31";"1070001";"1041810";"IT";"S11";"427614826";""
"2021-12-31";"1070001";"1041810";"ITC41";"S11BI32";"5260987";""
"2021-12-31";"1070001";"1041810";"IT";"SBI9";"5670490";""
"2021-12-31";"1070001";"1041810";"ITC4";"S1313";"1422330";""
"2021-12-31";"1070001";"1041810";"ITC4";"S127";"6337375";""
"2021-12-31";"1070001";"1041810";"ITC41";"S12BI66";"7583";""
"2021-12-31";"1070001";"1041810";"ITC4";"450";"199157";""
"2021-12-31";"1070001";"1041810";"ITC4";"S12BI66";"20150096";""
"2021-12-31";"1070001";"1041810";"ITC4";"600";"243241471";""
"2021-12-31";"1070001";"1041810";"IT";"S127";"14987973";""
"2021-12-31";"1070001";"1041810";"ITC41";"S1313";"35009";""
"2021-12-31";"1070001";"1041810";"ITC41";"S13";"119225";""
"2021-12-31";"1070001";"1041810";"IT";"S124";"27193570";""
"2021-12-31";"1070001";"1041810";"IT";"S15";"33897770";""
"2021-12-31";"1070001";"1041810";"IT";"S1314";"7136230";""
"2021-12-31";"1070001";"1041810";"IT";"S11BI32";"362912422";""
"2021-12-31";"1070001";"1041810";"ITC41";"S11001";"118200";""
"2021-12-31";"1070001";"1041810";"ITC4";"S11";"128417156";""
"2021-11-30";"1070001";"1041810";"IT";"S12BI7";"141585145";""
"2021-11-30";"1070001";"1041810";"IT";"S13";"39832532";""
"2021-11-30";"1070001";"1041810";"IT";"450";"909676";""
"2021-11-30";"1070001";"1041810";"ITC41";"S11001";"125972";""
"2021-11-30";"1070001";"1041810";"IT";"S14";"1212387435";""
"2021-11-30";"1070001";"1041810";"IT";"600";"1131414221";""
"2021-11-30";"1070001";"1041810";"ITC4";"S126";"18474211";""
"2021-11-30";"1070001";"1041810";"ITC41";"600";"18963409";""
"2021-11-30";"1070001";"1041810";"ITC41";"S15";"351366";""
"2021-11-30";"1070001";"1041810";"ITC4";"S13";"2887133";""
"2021-11-30";"1070001";"1041810";"ITC4";"S1314";"98110";""
"2021-11-30";"1070001";"1041810";"ITC41";"S11BI7";"192754";""
"2021-11-30";"1070001";"1041810";"ITC4";"S11001";"3349123";""
"2021-11-30";"1070001";"1041810";"ITC4";"S11BI7";"2377591";""
"2021-11-30";"1070001";"1041810";"ITC4";"S11";"120871564";""
"2021-11-30";"1070001";"1041810";"ITC4";"450";"208972";""
"2021-11-30";"1070001";"1041810";"ITC41";"S124";"36079";""
"2021-11-30";"1070001";"1041810";"ITC4";"S11BI32";"110922420";""
"2021-11-30";"1070001";"1041810";"IT";"S11BI7";"9563020";""
"2021-11-30";"1070001";"1041810";"ITC41";"S129";"50";""
"2021-11-30";"1070001";"1041810";"ITC4";"S129";"3150918";""
"2021-11-30";"1070001";"1041810";"IT";"S11";"402442577";""
"2021-11-30";"1070001";"1041810";"ITC4";"S11BI8";"4013457";""
"2021-11-30";"1070001";"1041810";"ITC4";"S15";"7213191";""
"2021-11-30";"1070001";"1041810";"ITC4";"S1311";"1314396";""
"2021-11-30";"1070001";"1041810";"IT";"S11001";"26940154";""
"2021-11-30";"1070001";"1041810";"ITC41";"S13";"121082";""
"2021-11-30";"1070001";"1041810";"ITC41";"S1313";"37494";""
"2021-11-30";"1070001";"1041810";"ITC41";"S12BI66";"6775";""
"2021-11-30";"1070001";"1041810";"ITC4";"SBI59";"460506637";""
"2021-11-30";"1070001";"1041810";"ITC41";"SBI9";"88383";""
"2021-11-30";"1070001";"1041810";"IT";"S128";"19580962";""
"2021-11-30";"1070001";"1041810";"ITC4";"SBI9";"1818174";""
"2021-11-30";"1070001";"1041810";"ITC41";"S11BI8";"285456";""
"2021-11-30";"1070001";"1041810";"ITC4";"600";"237756566";""
"2021-11-30";"1070001";"1041810";"IT";"S1313";"13214278";""
"2021-11-30";"1070001";"1041810";"ITC41";"S14BI2";"980019";""
"2021-11-30";"1070001";"1041810";"ITC41";"S11BI32";"5076793";""
"2021-11-30";"1070001";"1041810";"ITC4";"S12BI66";"18579279";""
"2021-11-30";"1070001";"1041810";"ITC41";"S11";"5684421";""
"2021-11-30";"1070001";"1041810";"IT";"S126";"25273748";""
"2021-11-30";"1070001";"1041810";"ITC4";"S124";"22100601";""
"2021-11-30";"1070001";"1041810";"IT";"S12BI66";"45924716";""
"2021-11-30";"1070001";"1041810";"IT";"S11BI32";"344437466";""
"2021-11-30";"1070001";"1041810";"ITC4";"S14BI2";"16221068";""
"2021-11-30";"1070001";"1041810";"ITC41";"450";"3446";""
"2021-11-30";"1070001";"1041810";"ITC41";"S1311";"83588";""
"2021-11-30";"1070001";"1041810";"IT";"S15";"34330894";""
"2021-11-30";"1070001";"1041810";"ITC4";"S12BI7";"73738942";""
"2021-11-30";"1070001";"1041810";"IT";"S124";"27475613";""
"2021-11-30";"1070001";"1041810";"ITC41";"SBI59";"26530782";""
"2021-11-30";"1070001";"1041810";"ITC4";"S128";"4457381";""
"2021-11-30";"1070001";"1041810";"IT";"SBI59";"1836355566";""
"2021-11-30";"1070001";"1041810";"IT";"S14BI2";"80973214";""
"2021-11-30";"1070001";"1041810";"ITC41";"S12BI7";"342102";""
"2021-11-30";"1070001";"1041810";"ITC41";"S128";"0";""
"2021-11-30";"1070001";"1041810";"IT";"S11BI8";"20592262";""
"2021-11-30";"1070001";"1041810";"ITC41";"S14";"19943428";""
"2021-11-30";"1070001";"1041810";"ITC4";"S1313";"1474627";""
"2021-11-30";"1070001";"1041810";"IT";"SBI9";"5776983";""
"2021-11-30";"1070001";"1041810";"ITC4";"S127";"6976551";""
"2021-11-30";"1070001";"1041810";"IT";"S1311";"19556738";""
"2021-11-30";"1070001";"1041810";"ITC41";"S127";"250466";""
"2021-11-30";"1070001";"1041810";"ITC41";"S126";"48732";""
"2021-11-30";"1070001";"1041810";"IT";"S127";"15134237";""
"2021-11-30";"1070001";"1041810";"IT";"S129";"8195869";""
"2021-11-30";"1070001";"1041810";"IT";"S1314";"7061515";""
"2021-11-30";"1070001";"1041810";"ITC4";"S14";"253977634";""
"2021-10-31";"1070001";"1041810";"ITC41";"450";"3676";""
"2021-10-31";"1070001";"1041810";"ITC4";"S14BI2";"16385539";""
"2021-10-31";"1070001";"1041810";"ITC4";"S12BI7";"69916031";""
"2021-10-31";"1070001";"1041810";"IT";"S129";"8595605";""
"2021-10-31";"1070001";"1041810";"ITC41";"S1313";"39342";""
"2021-10-31";"1070001";"1041810";"IT";"S14";"1220138822";""
"2021-10-31";"1070001";"1041810";"ITC41";"600";"18924155";""
"2021-10-31";"1070001";"1041810";"IT";"S128";"19380399";""
"2021-10-31";"1070001";"1041810";"IT";"S1311";"20396051";""
"2021-10-31";"1070001";"1041810";"ITC4";"S13";"2905770";""
"2021-10-31";"1070001";"1041810";"ITC4";"S15";"7139075";""
"2021-10-31";"1070001";"1041810";"IT";"S126";"24458484";""
"2021-10-31";"1070001";"1041810";"IT";"450";"915518";""
"2021-10-31";"1070001";"1041810";"ITC4";"S129";"3536423";""
"2021-10-31";"1070001";"1041810";"ITC4";"S127";"6159335";""
"2021-10-31";"1070001";"1041810";"IT";"S13";"41126010";""
"2021-10-31";"1070001";"1041810";"ITC41";"S11BI32";"5390491";""
"2021-10-31";"1070001";"1041810";"ITC4";"S128";"4648214";""
"2021-10-31";"1070001";"1041810";"IT";"S12BI7";"137438206";""
"2021-10-31";"1070001";"1041810";"ITC41";"S13";"123473";""
"2021-10-31";"1070001";"1041810";"ITC4";"SBI9";"1807643";""
"2021-10-31";"1070001";"1041810";"ITC4";"S126";"17830714";""
"2021-10-31";"1070001";"1041810";"ITC4";"S14";"256020220";""
"2021-10-31";"1070001";"1041810";"ITC41";"S126";"49648";""
"2021-10-31";"1070001";"1041810";"ITC41";"S15";"350537";""
"2021-10-31";"1070001";"1041810";"ITC41";"SBI9";"89453";""
"2021-10-31";"1070001";"1041810";"IT";"S1313";"13222613";""
"2021-10-31";"1070001";"1041810";"IT";"S127";"14417795";""
"2021-10-31";"1070001";"1041810";"IT";"S11BI8";"22548370";""
"2021-10-31";"1070001";"1041810";"ITC41";"S11BI8";"313831";""
"2021-10-31";"1070001";"1041810";"ITC4";"450";"204427";""
"2021-10-31";"1070001";"1041810";"ITC4";"S12BI66";"16936404";""
"2021-10-31";"1070001";"1041810";"ITC41";"S128";"0";""
"2021-10-31";"1070001";"1041810";"IT";"S11BI7";"10874950";""
"2021-10-31";"1070001";"1041810";"ITC4";"S1314";"81490";""
"2021-10-31";"1070001";"1041810";"ITC4";"S124";"20804940";""
"2021-10-31";"1070001";"1041810";"ITC41";"S11";"6048124";""
"2021-10-31";"1070001";"1041810";"IT";"S11BI32";"357262384";""
"2021-10-31";"1070001";"1041810";"ITC4";"S11001";"3539250";""
"2021-10-31";"1070001";"1041810";"ITC4";"S11BI7";"2747843";""
"2021-10-31";"1070001";"1041810";"ITC4";"SBI59";"462530993";""
"2021-10-31";"1070001";"1041810";"IT";"S1314";"7507345";""
"2021-10-31";"1070001";"1041810";"IT";"S12BI66";"44378508";""
"2021-10-31";"1070001";"1041810";"ITC41";"S12BI7";"372847";""
"2021-10-31";"1070001";"1041810";"ITC4";"S11BI32";"113887797";""
"2021-10-31";"1070001";"1041810";"ITC4";"S11";"124742255";""
"2021-10-31";"1070001";"1041810";"ITC41";"S127";"283915";""
"2021-10-31";"1070001";"1041810";"ITC41";"S14";"19957543";""
"2021-10-31";"1070001";"1041810";"ITC41";"SBI59";"26941976";""
"2021-10-31";"1070001";"1041810";"ITC4";"S1311";"1279050";""
"2021-10-31";"1070001";"1041810";"ITC4";"S1313";"1545230";""
"2021-10-31";"1070001";"1041810";"ITC41";"S11001";"120045";""
"2021-10-31";"1070001";"1041810";"ITC41";"S129";"50";""
"2021-10-31";"1070001";"1041810";"IT";"S124";"26207414";""
"2021-10-31";"1070001";"1041810";"ITC41";"S12BI66";"7228";""
"2021-10-31";"1070001";"1041810";"IT";"S11001";"27536487";""
"2021-10-31";"1070001";"1041810";"IT";"S14BI2";"83215714";""
"2021-10-31";"1070001";"1041810";"ITC4";"600";"239634681";""
"2021-10-31";"1070001";"1041810";"ITC41";"S11BI7";"220081";""
"2021-10-31";"1070001";"1041810";"IT";"S15";"34181626";""
"2021-10-31";"1070001";"1041810";"ITC41";"S14BI2";"1033387";""
"2021-10-31";"1070001";"1041810";"ITC41";"S124";"32006";""
"2021-10-31";"1070001";"1041810";"ITC41";"S1311";"84131";""
"2021-10-31";"1070001";"1041810";"IT";"600";"1136923108";""
"2021-10-31";"1070001";"1041810";"ITC4";"S11BI8";"4362937";""
"2021-10-31";"1070001";"1041810";"IT";"SBI59";"1857693191";""
"2021-10-31";"1070001";"1041810";"IT";"S11";"419137709";""
"2021-10-31";"1070001";"1041810";"IT";"SBI9";"5670819";""
"2021-09-30";"1070001";"1041810";"IT";"S11001";"28826892";""
"2021-09-30";"1070001";"1041810";"ITC4";"450";"193826";""
"2021-09-30";"1070001";"1041810";"ITC41";"SBI9";"88916";""
"2021-09-30";"1070001";"1041810";"ITC4";"S124";"19548253";""
"2021-09-30";"1070001";"1041810";"IT";"SBI59";"1824658417";""
"2021-09-30";"1070001";"1041810";"ITC4";"S126";"17099807";""
"2021-09-30";"1070001";"1041810";"ITC41";"S11";"5455455";""
"2021-09-30";"1070001";"1041810";"ITC41";"S12BI7";"188567";""
"2021-09-30";"1070001";"1041810";"ITC4";"SBI9";"1725079";""
"2021-09-30";"1070001";"1041810";"ITC41";"S11001";"113784";""
"2021-09-30";"1070001";"1041810";"IT";"S1311";"23386015";""
"2021-09-30";"1070001";"1041810";"ITC41";"S13";"131803";""
"2021-09-30";"1070001";"1041810";"IT";"S129";"7532531";""
"2021-09-30";"1070001";"1041810";"ITC4";"600";"238331836";""
"2021-09-30";"1070001";"1041810";"ITC41";"S1313";"39692";""
"2021-09-30";"1070001";"1041810";"IT";"S14BI2";"80969393";""
"2021-09-30";"1070001";"1041810";"ITC4";"SBI59";"449113123";""
"2021-09-30";"1070001";"1041810";"ITC4";"S14";"254393456";""
"2021-09-30";"1070001";"1041810";"IT";"S15";"33846433";""
"2021-09-30";"1070001";"1041810";"IT";"450";"877155";""
"2021-09-30";"1070001";"1041810";"ITC4";"S12BI7";"65886192";""
"2021-09-30";"1070001";"1041810";"ITC4";"S1313";"1504472";""
"2021-09-30";"1070001";"1041810";"IT";"S128";"16068621";""
"2021-09-30";"1070001";"1041810";"ITC4";"S11";"117070191";""
"2021-09-30";"1070001";"1041810";"IT";"S12BI7";"128953173";""
"2021-09-30";"1070001";"1041810";"ITC41";"S15";"340658";""
"2021-09-30";"1070001";"1041810";"ITC41";"600";"18888155";""
"2021-09-30";"1070001";"1041810";"IT";"S127";"12982705";""
"2021-09-30";"1070001";"1041810";"IT";"S13";"43914121";""
"2021-09-30";"1070001";"1041810";"ITC41";"S12BI66";"8007";""
"2021-09-30";"1070001";"1041810";"IT";"S12BI66";"44035446";""
"2021-09-30";"1070001";"1041810";"ITC4";"S129";"3023564";""
"2021-09-30";"1070001";"1041810";"ITC41";"S128";"32";""
"2021-09-30";"1070001";"1041810";"ITC41";"S127";"88381";""
"2021-09-30";"1070001";"1041810";"ITC4";"S13";"2848615";""
"2021-09-30";"1070001";"1041810";"ITC4";"S11001";"3769760";""
"2021-09-30";"1070001";"1041810";"ITC4";"S11BI7";"2435525";""
"2021-09-30";"1070001";"1041810";"ITC4";"S11BI32";"106673080";""
"2021-09-30";"1070001";"1041810";"ITC4";"S1314";"71961";""
"2021-09-30";"1070001";"1041810";"ITC41";"S129";"50";""
"2021-09-30";"1070001";"1041810";"ITC41";"SBI59";"26080357";""
"2021-09-30";"1070001";"1041810";"ITC4";"S15";"7189590";""
"2021-09-30";"1070001";"1041810";"ITC41";"S11BI7";"195569";""
"2021-09-30";"1070001";"1041810";"IT";"S1313";"13314526";""
"2021-09-30";"1070001";"1041810";"IT";"S126";"24023843";""
"2021-09-30";"1070001";"1041810";"IT";"S11BI7";"9762349";""
"2021-09-30";"1070001";"1041810";"IT";"SBI9";"5446486";""
"2021-09-30";"1070001";"1041810";"ITC41";"S14BI2";"986803";""
"2021-09-30";"1070001";"1041810";"ITC41";"S11BI8";"288266";""
"2021-09-30";"1070001";"1041810";"ITC4";"S128";"3833882";""
"2021-09-30";"1070001";"1041810";"IT";"S1314";"7213580";""
"2021-09-30";"1070001";"1041810";"ITC4";"S127";"5562935";""
"2021-09-30";"1070001";"1041810";"ITC4";"S14BI2";"16061620";""
"2021-09-30";"1070001";"1041810";"ITC41";"S1311";"92112";""
"2021-09-30";"1070001";"1041810";"ITC41";"S124";"40847";""
"2021-09-30";"1070001";"1041810";"IT";"S11BI32";"338670314";""
"2021-09-30";"1070001";"1041810";"ITC4";"S12BI66";"16817751";""
"2021-09-30";"1070001";"1041810";"IT";"S14";"1213042619";""
"2021-09-30";"1070001";"1041810";"ITC4";"S1311";"1272182";""
"2021-09-30";"1070001";"1041810";"ITC41";"S14";"19874958";""
"2021-09-30";"1070001";"1041810";"ITC41";"S126";"51250";""
"2021-09-30";"1070001";"1041810";"ITC41";"450";"3070";""
"2021-09-30";"1070001";"1041810";"IT";"S11";"399455585";""
"2021-09-30";"1070001";"1041810";"ITC41";"S11BI32";"4854766";""
"2021-09-30";"1070001";"1041810";"IT";"S11BI8";"21318876";""
"2021-09-30";"1070001";"1041810";"IT";"600";"1132073226";""
"2021-09-30";"1070001";"1041810";"ITC4";"S11BI8";"3998000";""
"2021-09-30";"1070001";"1041810";"IT";"S124";"24310026";""
"2021-08-31";"1070001";"1041810";"IT";"SBI59";"1831570927";""
"2021-08-31";"1070001";"1041810";"IT";"S12BI66";"43252167";""
"2021-08-31";"1070001";"1041810";"ITC4";"S124";"20773735";""
"2021-08-31";"1070001";"1041810";"ITC41";"S124";"44170";""
"2021-08-31";"1070001";"1041810";"IT";"S11001";"27316333";""
"2021-08-31";"1070001";"1041810";"ITC4";"S11";"116626804";""
"2021-08-31";"1070001";"1041810";"ITC4";"S12BI66";"16122496";""
"2021-08-31";"1070001";"1041810";"IT";"S13";"49327167";""
"2021-08-31";"1070001";"1041810";"ITC4";"S1314";"78745";""
"2021-08-31";"1070001";"1041810";"IT";"SBI9";"5259601";""
"2021-08-31";"1070001";"1041810";"IT";"S14BI2";"81552093";""
"2021-08-31";"1070001";"1041810";"ITC4";"S11BI8";"4091232";""
"2021-08-31";"1070001";"1041810";"IT";"S128";"15464558";""
"2021-08-31";"1070001";"1041810";"ITC4";"S127";"5482606";""
"2021-08-31";"1070001";"1041810";"IT";"S11BI8";"21917305";""
"2021-08-31";"1070001";"1041810";"ITC4";"S1313";"1464866";""
"2021-08-31";"1070001";"1041810";"ITC41";"S15";"330202";""
"2021-08-31";"1070001";"1041810";"ITC41";"S129";"50";""
"2021-08-31";"1070001";"1041810";"IT";"S1311";"28203512";""
"2021-08-31";"1070001";"1041810";"IT";"S15";"33369834";""
"2021-08-31";"1070001";"1041810";"ITC4";"S129";"3166195";""
"2021-08-31";"1070001";"1041810";"ITC4";"SBI59";"449635772";""
"2021-08-31";"1070001";"1041810";"IT";"S126";"24355151";""
"2021-08-31";"1070001";"1041810";"ITC41";"S14BI2";"1000888";""
"2021-08-31";"1070001";"1041810";"ITC41";"S13";"131899";""
"2021-08-31";"1070001";"1041810";"ITC4";"S13";"2795559";""
"2021-08-31";"1070001";"1041810";"ITC41";"SBI9";"84534";""
"2021-08-31";"1070001";"1041810";"ITC41";"S11";"5620594";""
"2021-08-31";"1070001";"1041810";"IT";"S11BI7";"10114897";""
"2021-08-31";"1070001";"1041810";"ITC41";"S12BI7";"191059";""
"2021-08-31";"1070001";"1041810";"IT";"S11";"400490836";""
"2021-08-31";"1070001";"1041810";"ITC41";"450";"2906";""
"2021-08-31";"1070001";"1041810";"IT";"S127";"13045345";""
"2021-08-31";"1070001";"1041810";"ITC41";"S128";"1";""
"2021-08-31";"1070001";"1041810";"IT";"S129";"7916410";""
"2021-08-31";"1070001";"1041810";"ITC41";"S11BI7";"209002";""
"2021-08-31";"1070001";"1041810";"IT";"S1314";"7687432";""
"2021-08-31";"1070001";"1041810";"ITC4";"SBI9";"1646867";""
"2021-08-31";"1070001";"1041810";"ITC4";"S11001";"3155719";""
"2021-08-31";"1070001";"1041810";"ITC4";"S11BI7";"2549997";""
"2021-08-31";"1070001";"1041810";"ITC41";"S11BI32";"4997722";""
"2021-08-31";"1070001";"1041810";"IT";"450";"881835";""
"2021-08-31";"1070001";"1041810";"ITC41";"S127";"89878";""
"2021-08-31";"1070001";"1041810";"ITC41";"S1314";"3";""
"2021-08-31";"1070001";"1041810";"IT";"600";"1132053013";""
"2021-08-31";"1070001";"1041810";"ITC41";"600";"18864113";""
"2021-08-31";"1070001";"1041810";"ITC41";"SBI59";"26223289";""
"2021-08-31";"1070001";"1041810";"ITC4";"S14";"254377569";""
"2021-08-31";"1070001";"1041810";"ITC4";"S1311";"1251948";""
"2021-08-31";"1070001";"1041810";"ITC4";"S14BI2";"16049822";""
"2021-08-31";"1070001";"1041810";"ITC4";"600";"238327746";""
"2021-08-31";"1070001";"1041810";"IT";"S124";"25484752";""
"2021-08-31";"1070001";"1041810";"ITC4";"450";"198568";""
"2021-08-31";"1070001";"1041810";"ITC4";"S15";"7025283";""
"2021-08-31";"1070001";"1041810";"ITC41";"S1311";"93094";""
"2021-08-31";"1070001";"1041810";"ITC4";"S128";"4379929";""
"2021-08-31";"1070001";"1041810";"ITC4";"S12BI7";"67163691";""
"2021-08-31";"1070001";"1041810";"ITC4";"S11BI32";"106631287";""
"2021-08-31";"1070001";"1041810";"ITC41";"S14";"19865000";""
"2021-08-31";"1070001";"1041810";"IT";"S11BI32";"340260465";""
"2021-08-31";"1070001";"1041810";"ITC41";"S1313";"38803";""
"2021-08-31";"1070001";"1041810";"IT";"S12BI7";"129518382";""
"2021-08-31";"1070001";"1041810";"ITC41";"S11001";"115168";""
"2021-08-31";"1070001";"1041810";"ITC41";"S126";"48810";""
"2021-08-31";"1070001";"1041810";"IT";"S1313";"13436223";""
"2021-08-31";"1070001";"1041810";"ITC4";"S126";"17238731";""
"2021-08-31";"1070001";"1041810";"ITC41";"S11BI8";"295797";""
"2021-08-31";"1070001";"1041810";"ITC41";"S12BI66";"8151";""
"2021-08-31";"1070001";"1041810";"IT";"S14";"1213605106";""
"2021-07-31";"1070001";"1041810";"ITC4";"S126";"18147151";""
"2021-07-31";"1070001";"1041810";"ITC4";"S12BI66";"15999749";""
"2021-07-31";"1070001";"1041810";"IT";"S1313";"13352020";""
"2021-07-31";"1070001";"1041810";"ITC4";"S11BI8";"4322954";""
"2021-07-31";"1070001";"1041810";"IT";"S11001";"27693707";""
"2021-07-31";"1070001";"1041810";"IT";"S11BI8";"22029336";""
"2021-07-31";"1070001";"1041810";"ITC4";"S14BI2";"16493635";""
"2021-07-31";"1070001";"1041810";"IT";"S126";"25601086";""
"2021-07-31";"1070001";"1041810";"ITC41";"S13";"130416";""
"2021-07-31";"1070001";"1041810";"ITC41";"S1311";"92515";""
"2021-07-31";"1070001";"1041810";"ITC41";"S11BI7";"225194";""
"2021-07-31";"1070001";"1041810";"ITC41";"S1313";"37897";""
"2021-07-31";"1070001";"1041810";"ITC41";"S126";"59780";""
"2021-07-31";"1070001";"1041810";"ITC41";"S14BI2";"1042527";""
"2021-07-31";"1070001";"1041810";"ITC4";"S11";"119841193";""
"2021-07-31";"1070001";"1041810";"IT";"SBI59";"1842094763";""
"2021-07-31";"1070001";"1041810";"ITC41";"S1314";"4";""
"2021-07-31";"1070001";"1041810";"ITC41";"SBI59";"26363493";""
"2021-07-31";"1070001";"1041810";"ITC4";"S127";"5810119";""
"2021-07-31";"1070001";"1041810";"ITC4";"S124";"20829710";""
"2021-07-31";"1070001";"1041810";"IT";"S1311";"34032730";""
"2021-07-31";"1070001";"1041810";"ITC41";"450";"3047";""
"2021-07-31";"1070001";"1041810";"ITC41";"S14";"19788979";""
"2021-07-31";"1070001";"1041810";"IT";"S11BI32";"347958581";""
"2021-07-31";"1070001";"1041810";"ITC4";"S128";"4253401";""
"2021-07-31";"1070001";"1041810";"ITC41";"S12BI66";"8032";""
"2021-07-31";"1070001";"1041810";"IT";"S11BI7";"10942102";""
"2021-07-31";"1070001";"1041810";"IT";"SBI9";"5680901";""
"2021-07-31";"1070001";"1041810";"ITC4";"S12BI7";"68533630";""
"2021-07-31";"1070001";"1041810";"ITC41";"S129";"50";""
"2021-07-31";"1070001";"1041810";"IT";"S129";"8585840";""
"2021-07-31";"1070001";"1041810";"IT";"S12BI66";"43712873";""
"2021-07-31";"1070001";"1041810";"ITC41";"S127";"85202";""
"2021-07-31";"1070001";"1041810";"IT";"S127";"13567386";""
"2021-07-31";"1070001";"1041810";"IT";"S12BI7";"131591107";""
"2021-07-31";"1070001";"1041810";"ITC41";"600";"18746452";""
"2021-07-31";"1070001";"1041810";"IT";"S128";"14607249";""
"2021-07-31";"1070001";"1041810";"ITC4";"SBI59";"453064874";""
"2021-07-31";"1070001";"1041810";"ITC41";"S11BI8";"314516";""
"2021-07-31";"1070001";"1041810";"ITC4";"SBI9";"1818441";""
"2021-07-31";"1070001";"1041810";"ITC4";"S129";"3493500";""
"2021-07-31";"1070001";"1041810";"ITC41";"S11BI32";"5188017";""
"2021-07-31";"1070001";"1041810";"ITC4";"S15";"6903846";""
"2021-07-31";"1070001";"1041810";"ITC4";"S11BI32";"109155429";""
"2021-07-31";"1070001";"1041810";"IT";"S14";"1207745093";""
"2021-07-31";"1070001";"1041810";"ITC41";"S11001";"112989";""
"2021-07-31";"1070001";"1041810";"IT";"S15";"33153539";""
"2021-07-31";"1070001";"1041810";"IT";"450";"895837";""
"2021-07-31";"1070001";"1041810";"ITC4";"S1311";"1259099";""
"2021-07-31";"1070001";"1041810";"ITC41";"S15";"318631";""
"2021-07-31";"1070001";"1041810";"ITC4";"S1313";"1453220";""
"2021-07-31";"1070001";"1041810";"ITC41";"S124";"45122";""
"2021-07-31";"1070001";"1041810";"ITC4";"S1314";"141247";""
"2021-07-31";"1070001";"1041810";"ITC4";"S11001";"3379362";""
"2021-07-31";"1070001";"1041810";"ITC41";"S128";"91";""
"2021-07-31";"1070001";"1041810";"ITC41";"S11";"5843764";""
"2021-07-31";"1070001";"1041810";"ITC4";"S11BI7";"2773766";""
"2021-07-31";"1070001";"1041810";"IT";"600";"1124892061";""
"2021-07-31";"1070001";"1041810";"IT";"S13";"54404561";""
"2021-07-31";"1070001";"1041810";"ITC41";"SBI9";"83426";""
"2021-07-31";"1070001";"1041810";"ITC4";"600";"236620561";""
"2021-07-31";"1070001";"1041810";"ITC41";"S12BI7";"198277";""
"2021-07-31";"1070001";"1041810";"IT";"S1314";"7019811";""
"2021-07-31";"1070001";"1041810";"IT";"S11";"409519563";""
"2021-07-31";"1070001";"1041810";"IT";"S14BI2";"82853032";""
"2021-07-31";"1070001";"1041810";"IT";"S124";"25516674";""
"2021-07-31";"1070001";"1041810";"ITC4";"S14";"253114196";""
"2021-07-31";"1070001";"1041810";"ITC4";"S13";"2853567";""
"2021-07-31";"1070001";"1041810";"ITC4";"450";"209681";""
"2021-06-30";"1070001";"1041810";"ITC41";"S14";"19641854";""
"2021-06-30";"1070001";"1041810";"ITC4";"S129";"3922825";""
"2021-06-30";"1070001";"1041810";"ITC4";"S13";"2929007";""
"2021-06-30";"1070001";"1041810";"ITC4";"SBI59";"451715106";""
"2021-06-30";"1070001";"1041810";"ITC41";"SBI59";"25834038";""
"2021-06-30";"1070001";"1041810";"IT";"S128";"12706835";""
"2021-06-30";"1070001";"1041810";"ITC41";"S129";"50";""
"2021-06-30";"1070001";"1041810";"ITC41";"S12BI7";"183080";""
"2021-06-30";"1070001";"1041810";"ITC41";"S1313";"40197";""
"2021-06-30";"1070001";"1041810";"ITC4";"S11BI7";"2475898";""
"2021-06-30";"1070001";"1041810";"ITC4";"S127";"5988506";""
"2021-06-30";"1070001";"1041810";"ITC4";"S12BI7";"73124374";""
"2021-06-30";"1070001";"1041810";"ITC4";"S1311";"1248407";""
"2021-06-30";"1070001";"1041810";"ITC4";"S1313";"1515298";""
"2021-06-30";"1070001";"1041810";"ITC4";"S1314";"165302";""
"2021-06-30";"1070001";"1041810";"ITC4";"S14";"250851975";""
"2021-06-30";"1070001";"1041810";"IT";"450";"839033";""
"2021-06-30";"1070001";"1041810";"ITC41";"S124";"46970";""
"2021-06-30";"1070001";"1041810";"IT";"S13";"51112206";""
"2021-06-30";"1070001";"1041810";"IT";"600";"1118729299";""
"2021-06-30";"1070001";"1041810";"IT";"S12BI66";"46002066";""
"2021-06-30";"1070001";"1041810";"IT";"S11BI32";"333262623";""
"2021-06-30";"1070001";"1041810";"ITC41";"S11BI32";"4863686";""
"2021-06-30";"1070001";"1041810";"ITC41";"S11BI8";"292474";""
"2021-06-30";"1070001";"1041810";"ITC4";"S11BI32";"105486409";""
"2021-06-30";"1070001";"1041810";"ITC4";"S128";"3373249";""
"2021-06-30";"1070001";"1041810";"ITC41";"SBI9";"82806";""
"2021-06-30";"1070001";"1041810";"ITC4";"600";"235148472";""
"2021-06-30";"1070001";"1041810";"IT";"S1314";"6801861";""
"2021-06-30";"1070001";"1041810";"IT";"S14BI2";"79721005";""
"2021-06-30";"1070001";"1041810";"IT";"SBI59";"1815752124";""
"2021-06-30";"1070001";"1041810";"ITC41";"S13";"130515";""
"2021-06-30";"1070001";"1041810";"ITC4";"S126";"20136845";""
"2021-06-30";"1070001";"1041810";"ITC4";"S12BI66";"17169109";""
"2021-06-30";"1070001";"1041810";"ITC4";"S15";"6907923";""
"2021-06-30";"1070001";"1041810";"IT";"S11";"390376228";""
"2021-06-30";"1070001";"1041810";"ITC41";"S1314";"4";""
"2021-06-30";"1070001";"1041810";"ITC41";"S11001";"112666";""
"2021-06-30";"1070001";"1041810";"IT";"S1311";"30890682";""
"2021-06-30";"1070001";"1041810";"IT";"S14";"1198450304";""
"2021-06-30";"1070001";"1041810";"ITC4";"S11BI8";"4005653";""
"2021-06-30";"1070001";"1041810";"ITC4";"SBI9";"2421014";""
"2021-06-30";"1070001";"1041810";"ITC41";"600";"18644891";""
"2021-06-30";"1070001";"1041810";"IT";"S11BI8";"20085460";""
"2021-06-30";"1070001";"1041810";"ITC4";"450";"225255";""
"2021-06-30";"1070001";"1041810";"IT";"S127";"14204508";""
"2021-06-30";"1070001";"1041810";"IT";"SBI9";"6314576";""
"2021-06-30";"1070001";"1041810";"ITC4";"S11";"115480812";""
"2021-06-30";"1070001";"1041810";"IT";"S129";"8661135";""
"2021-06-30";"1070001";"1041810";"IT";"S124";"27135575";""
"2021-06-30";"1070001";"1041810";"IT";"S126";"27409203";""
"2021-06-30";"1070001";"1041810";"ITC41";"S126";"60157";""
"2021-06-30";"1070001";"1041810";"ITC41";"S127";"68833";""
"2021-06-30";"1070001";"1041810";"ITC41";"S128";"15";""
"2021-06-30";"1070001";"1041810";"ITC41";"S12BI66";"7053";""
"2021-06-30";"1070001";"1041810";"ITC41";"S1311";"90314";""
"2021-06-30";"1070001";"1041810";"ITC41";"S15";"324464";""
"2021-06-30";"1070001";"1041810";"ITC4";"S124";"22533840";""
"2021-06-30";"1070001";"1041810";"ITC41";"450";"3244";""
"2021-06-30";"1070001";"1041810";"IT";"S11BI7";"9797622";""
"2021-06-30";"1070001";"1041810";"ITC41";"S11";"5471319";""
"2021-06-30";"1070001";"1041810";"IT";"S1313";"13419662";""
"2021-06-30";"1070001";"1041810";"ITC41";"S14BI2";"996964";""
"2021-06-30";"1070001";"1041810";"ITC4";"S11001";"3287597";""
"2021-06-30";"1070001";"1041810";"ITC4";"S14BI2";"15703503";""
"2021-06-30";"1070001";"1041810";"IT";"S11001";"26391489";""
"2021-06-30";"1070001";"1041810";"ITC41";"S11BI7";"199249";""
"2021-06-30";"1070001";"1041810";"IT";"S12BI7";"136119321";""
"2021-06-30";"1070001";"1041810";"IT";"S15";"33379489";""
"2021-05-31";"1070001";"1041810";"IT";"SBI59";"1807112545";""
"2021-05-31";"1070001";"1041810";"ITC41";"S11BI8";"285489";""
"2021-05-31";"1070001";"1041810";"ITC41";"S126";"55475";""
"2021-05-31";"1070001";"1041810";"ITC4";"S13";"2953638";""
"2021-05-31";"1070001";"1041810";"ITC4";"S11BI8";"3928829";""
"2021-05-31";"1070001";"1041810";"IT";"S15";"32820636";""
"2021-05-31";"1070001";"1041810";"ITC41";"S11BI7";"189263";""
"2021-05-31";"1070001";"1041810";"ITC41";"S1314";"4";""
"2021-05-31";"1070001";"1041810";"ITC41";"S15";"319614";""
"2021-05-31";"1070001";"1041810";"ITC41";"SBI59";"25671163";""
"2021-05-31";"1070001";"1041810";"ITC4";"S15";"7035171";""
"2021-05-31";"1070001";"1041810";"IT";"S1314";"7429968";""
"2021-05-31";"1070001";"1041810";"ITC4";"S1313";"1541739";""
"2021-05-31";"1070001";"1041810";"ITC4";"S14";"250565368";""
"2021-05-31";"1070001";"1041810";"IT";"S12BI66";"43819581";""
"2021-05-31";"1070001";"1041810";"IT";"S1311";"29717085";""
"2021-05-31";"1070001";"1041810";"ITC4";"SBI59";"451090321";""
"2021-05-31";"1070001";"1041810";"IT";"S14BI2";"77726095";""
"2021-05-31";"1070001";"1041810";"ITC41";"S12BI7";"170564";""
"2021-05-31";"1070001";"1041810";"ITC41";"S11001";"118148";""
"2021-05-31";"1070001";"1041810";"ITC4";"S11BI32";"105987944";""
"2021-05-31";"1070001";"1041810";"ITC4";"S124";"21994474";""
"2021-05-31";"1070001";"1041810";"IT";"S124";"26606691";""
"2021-05-31";"1070001";"1041810";"IT";"S127";"13602608";""
"2021-05-31";"1070001";"1041810";"IT";"S1313";"13785218";""
"2021-05-31";"1070001";"1041810";"ITC41";"S124";"43510";""
"2021-05-31";"1070001";"1041810";"ITC41";"S12BI66";"6748";""
"2021-05-31";"1070001";"1041810";"ITC4";"S11BI7";"2345787";""
"2021-05-31";"1070001";"1041810";"ITC4";"S128";"4437564";""
"2021-05-31";"1070001";"1041810";"ITC4";"S12BI66";"15938565";""
"2021-05-31";"1070001";"1041810";"ITC41";"S14BI2";"977630";""
"2021-05-31";"1070001";"1041810";"ITC41";"S13";"127136";""
"2021-05-31";"1070001";"1041810";"ITC41";"S129";"50";""
"2021-05-31";"1070001";"1041810";"IT";"S129";"8379137";""
"2021-05-31";"1070001";"1041810";"IT";"600";"1118337234";""
"2021-05-31";"1070001";"1041810";"IT";"S11";"385205886";""
"2021-05-31";"1070001";"1041810";"ITC4";"450";"209579";""
"2021-05-31";"1070001";"1041810";"ITC4";"S11";"115945084";""
"2021-05-31";"1070001";"1041810";"ITC41";"S1311";"90302";""
"2021-05-31";"1070001";"1041810";"ITC4";"S12BI7";"72868709";""
"2021-05-31";"1070001";"1041810";"ITC4";"S1311";"1215015";""
"2021-05-31";"1070001";"1041810";"IT";"SBI9";"5445581";""
"2021-05-31";"1070001";"1041810";"IT";"S12BI7";"136644841";""
"2021-05-31";"1070001";"1041810";"ITC41";"S127";"64769";""
"2021-05-31";"1070001";"1041810";"ITC41";"S128";"11";""
"2021-05-31";"1070001";"1041810";"ITC41";"S11BI32";"4756332";""
"2021-05-31";"1070001";"1041810";"IT";"450";"826164";""
"2021-05-31";"1070001";"1041810";"ITC4";"SBI9";"1722351";""
"2021-05-31";"1070001";"1041810";"ITC41";"S11";"5352240";""
"2021-05-31";"1070001";"1041810";"IT";"S11001";"25728916";""
"2021-05-31";"1070001";"1041810";"ITC41";"SBI9";"74749";""
"2021-05-31";"1070001";"1041810";"ITC4";"600";"235308560";""
"2021-05-31";"1070001";"1041810";"ITC4";"S11001";"3472946";""
"2021-05-31";"1070001";"1041810";"ITC4";"S126";"20899340";""
"2021-05-31";"1070001";"1041810";"ITC4";"S1314";"196885";""
"2021-05-31";"1070001";"1041810";"ITC4";"S14BI2";"15256808";""
"2021-05-31";"1070001";"1041810";"IT";"S128";"16382217";""
"2021-05-31";"1070001";"1041810";"IT";"S14";"1196063329";""
"2021-05-31";"1070001";"1041810";"ITC41";"450";"3007";""
"2021-05-31";"1070001";"1041810";"ITC41";"600";"18649230";""
"2021-05-31";"1070001";"1041810";"IT";"S11BI8";"19183033";""
"2021-05-31";"1070001";"1041810";"IT";"S11BI7";"9346325";""
"2021-05-31";"1070001";"1041810";"ITC4";"S129";"3384939";""
"2021-05-31";"1070001";"1041810";"ITC41";"S1313";"36829";""
"2021-05-31";"1070001";"1041810";"ITC41";"S14";"19626860";""
"2021-05-31";"1070001";"1041810";"IT";"S126";"27854606";""
"2021-05-31";"1070001";"1041810";"IT";"S11BI32";"330121447";""
"2021-05-31";"1070001";"1041810";"IT";"S13";"50932272";""
"2021-05-31";"1070001";"1041810";"ITC4";"S127";"6213827";""
"2021-04-30";"1070001";"1041810";"IT";"S15";"32187939";""
"2021-04-30";"1070001";"1041810";"ITC4";"S11001";"3762791";""
"2021-04-30";"1070001";"1041810";"ITC41";"SBI59";"25483573";""
"2021-04-30";"1070001";"1041810";"ITC41";"SBI9";"73001";""
"2021-04-30";"1070001";"1041810";"IT";"S127";"13355422";""
"2021-04-30";"1070001";"1041810";"IT";"S13";"49928631";""
"2021-04-30";"1070001";"1041810";"ITC4";"S128";"4486626";""
"2021-04-30";"1070001";"1041810";"ITC4";"S129";"3656605";""
"2021-04-30";"1070001";"1041810";"ITC4";"450";"200149";""
"2021-04-30";"1070001";"1041810";"ITC41";"S11BI7";"183560";""
"2021-04-30";"1070001";"1041810";"ITC41";"S124";"36883";""
"2021-04-30";"1070001";"1041810";"ITC4";"S1311";"1212771";""
"2021-04-30";"1070001";"1041810";"ITC4";"S1313";"1534875";""
"2021-04-30";"1070001";"1041810";"IT";"S129";"8984637";""
"2021-04-30";"1070001";"1041810";"ITC41";"S13";"126677";""
"2021-04-30";"1070001";"1041810";"ITC41";"S14";"19505888";""
"2021-04-30";"1070001";"1041810";"ITC41";"S15";"319040";""
"2021-04-30";"1070001";"1041810";"IT";"S1311";"28668447";""
"2021-04-30";"1070001";"1041810";"IT";"S1313";"13849403";""
"2021-04-30";"1070001";"1041810";"ITC4";"600";"234552144";""
"2021-04-30";"1070001";"1041810";"ITC4";"S11BI32";"105671768";""
"2021-04-30";"1070001";"1041810";"ITC4";"SBI59";"450749502";""
"2021-04-30";"1070001";"1041810";"IT";"S11";"379036603";""
"2021-04-30";"1070001";"1041810";"IT";"S11BI7";"9180417";""
"2021-04-30";"1070001";"1041810";"IT";"SBI9";"4933879";""
"2021-04-30";"1070001";"1041810";"ITC41";"S1314";"4";""
"2021-04-30";"1070001";"1041810";"IT";"S14";"1194157638";""
"2021-04-30";"1070001";"1041810";"IT";"S14BI2";"76897633";""
"2021-04-30";"1070001";"1041810";"IT";"SBI59";"1798712236";""
"2021-04-30";"1070001";"1041810";"ITC4";"SBI9";"1694074";""
"2021-04-30";"1070001";"1041810";"ITC41";"450";"2964";""
"2021-04-30";"1070001";"1041810";"ITC41";"S11001";"115293";""
"2021-04-30";"1070001";"1041810";"ITC4";"S12BI7";"73710189";""
"2021-04-30";"1070001";"1041810";"ITC4";"S13";"2925105";""
"2021-04-30";"1070001";"1041810";"ITC4";"S14BI2";"15049790";""
"2021-04-30";"1070001";"1041810";"IT";"450";"796106";""
"2021-04-30";"1070001";"1041810";"IT";"S11001";"25693058";""
"2021-04-30";"1070001";"1041810";"IT";"S126";"27192740";""
"2021-04-30";"1070001";"1041810";"ITC41";"S1313";"36618";""
"2021-04-30";"1070001";"1041810";"ITC41";"600";"18560394";""
"2021-04-30";"1070001";"1041810";"ITC41";"S126";"53185";""
"2021-04-30";"1070001";"1041810";"ITC4";"S1314";"177459";""
"2021-04-30";"1070001";"1041810";"IT";"S11BI32";"324645591";""
"2021-04-30";"1070001";"1041810";"ITC4";"S11BI7";"2283403";""
"2021-04-30";"1070001";"1041810";"ITC41";"S12BI66";"6098";""
"2021-04-30";"1070001";"1041810";"ITC41";"S11BI8";"280749";""
"2021-04-30";"1070001";"1041810";"ITC41";"S128";"38";""
"2021-04-30";"1070001";"1041810";"ITC41";"S129";"50";""
"2021-04-30";"1070001";"1041810";"IT";"S124";"26442518";""
"2021-04-30";"1070001";"1041810";"IT";"S12BI66";"46160906";""
"2021-04-30";"1070001";"1041810";"IT";"S12BI7";"138467547";""
"2021-04-30";"1070001";"1041810";"ITC41";"S12BI7";"162682";""
"2021-04-30";"1070001";"1041810";"ITC41";"S1311";"90055";""
"2021-04-30";"1070001";"1041810";"ITC4";"S11BI8";"3881829";""
"2021-04-30";"1070001";"1041810";"ITC4";"S124";"22158505";""
"2021-04-30";"1070001";"1041810";"ITC4";"S11";"115799941";""
"2021-04-30";"1070001";"1041810";"ITC41";"S11BI32";"4713718";""
"2021-04-30";"1070001";"1041810";"IT";"S11BI8";"18721431";""
"2021-04-30";"1070001";"1041810";"ITC4";"S14";"249601934";""
"2021-04-30";"1070001";"1041810";"ITC4";"S15";"7018260";""
"2021-04-30";"1070001";"1041810";"IT";"S1314";"7410781";""
"2021-04-30";"1070001";"1041810";"ITC4";"S126";"20533216";""
"2021-04-30";"1070001";"1041810";"ITC4";"S127";"5915411";""
"2021-04-30";"1070001";"1041810";"ITC4";"S12BI66";"16959826";""
"2021-04-30";"1070001";"1041810";"ITC41";"S11";"5296284";""
"2021-04-30";"1070001";"1041810";"ITC41";"S127";"66428";""
"2021-04-30";"1070001";"1041810";"IT";"600";"1117260005";""
"2021-04-30";"1070001";"1041810";"IT";"S128";"16331323";""
"2021-04-30";"1070001";"1041810";"ITC41";"S14BI2";"945494";""
"2021-03-31";"1070001";"1041810";"ITC4";"S126";"17923948";""
"2021-03-31";"1070001";"1041810";"ITC4";"S128";"4026713";""
"2021-03-31";"1070001";"1041810";"ITC4";"SBI59";"444332235";""
"2021-03-31";"1070001";"1041810";"IT";"S14";"1191802416";""
"2021-03-31";"1070001";"1041810";"IT";"S14BI2";"74688695";""
"2021-03-31";"1070001";"1041810";"ITC41";"S11BI8";"273938";""
"2021-03-31";"1070001";"1041810";"ITC41";"SBI59";"25368455";""
"2021-03-31";"1070001";"1041810";"ITC4";"450";"205486";""
"2021-03-31";"1070001";"1041810";"ITC41";"S124";"46676";""
"2021-03-31";"1070001";"1041810";"ITC4";"S12BI7";"67932066";""
"2021-03-31";"1070001";"1041810";"ITC41";"S14";"19527339";""
"2021-03-31";"1070001";"1041810";"ITC41";"S14BI2";"914234";""
"2021-03-31";"1070001";"1041810";"IT";"S128";"12219213";""
"2021-03-31";"1070001";"1041810";"IT";"S11";"373726543";""
"2021-03-31";"1070001";"1041810";"IT";"S126";"24972601";""
"2021-03-31";"1070001";"1041810";"ITC4";"S124";"19785308";""
"2021-03-31";"1070001";"1041810";"ITC4";"S129";"2881656";""
"2021-03-31";"1070001";"1041810";"ITC4";"S12BI66";"17544413";""
"2021-03-31";"1070001";"1041810";"ITC4";"S14BI2";"14427763";""
"2021-03-31";"1070001";"1041810";"ITC4";"SBI9";"2040324";""
"2021-03-31";"1070001";"1041810";"ITC41";"S13";"124981";""
"2021-03-31";"1070001";"1041810";"ITC41";"S1314";"5";""
"2021-03-31";"1070001";"1041810";"IT";"SBI59";"1780794587";""
"2021-03-31";"1070001";"1041810";"IT";"SBI9";"5288890";""
"2021-03-31";"1070001";"1041810";"ITC4";"S11";"114882519";""
"2021-03-31";"1070001";"1041810";"IT";"S11001";"27017073";""
"2021-03-31";"1070001";"1041810";"IT";"S127";"13564857";""
"2021-03-31";"1070001";"1041810";"ITC41";"S11BI32";"4578223";""
"2021-03-31";"1070001";"1041810";"ITC41";"S126";"57784";""
"2021-03-31";"1070001";"1041810";"ITC41";"S128";"9";""
"2021-03-31";"1070001";"1041810";"ITC41";"S129";"50";""
"2021-03-31";"1070001";"1041810";"ITC4";"S11BI8";"3775576";""
"2021-03-31";"1070001";"1041810";"ITC4";"S127";"5770027";""
"2021-03-31";"1070001";"1041810";"IT";"S129";"7058863";""
"2021-03-31";"1070001";"1041810";"IT";"S13";"47996051";""
"2021-03-31";"1070001";"1041810";"IT";"S1311";"26750773";""
"2021-03-31";"1070001";"1041810";"ITC4";"600";"234950819";""
"2021-03-31";"1070001";"1041810";"ITC41";"S11BI7";"174689";""
"2021-03-31";"1070001";"1041810";"IT";"S124";"24249619";""
"2021-03-31";"1070001";"1041810";"ITC4";"S1311";"1202736";""
"2021-03-31";"1070001";"1041810";"ITC4";"S1313";"1551157";""
"2021-03-31";"1070001";"1041810";"ITC41";"450";"3568";""
"2021-03-31";"1070001";"1041810";"ITC41";"S11001";"118684";""
"2021-03-31";"1070001";"1041810";"ITC41";"S1311";"87832";""
"2021-03-31";"1070001";"1041810";"ITC41";"SBI9";"72184";""
"2021-03-31";"1070001";"1041810";"IT";"600";"1117113721";""
"2021-03-31";"1070001";"1041810";"IT";"S11BI7";"8919311";""
"2021-03-31";"1070001";"1041810";"IT";"S11BI8";"18208549";""
"2021-03-31";"1070001";"1041810";"IT";"S15";"32896917";""
"2021-03-31";"1070001";"1041810";"ITC4";"S11001";"4235352";""
"2021-03-31";"1070001";"1041810";"ITC41";"S127";"65553";""
"2021-03-31";"1070001";"1041810";"ITC4";"S11BI7";"2215724";""
"2021-03-31";"1070001";"1041810";"ITC4";"S13";"2916749";""
"2021-03-31";"1070001";"1041810";"ITC4";"S15";"7181996";""
"2021-03-31";"1070001";"1041810";"ITC41";"S1313";"37145";""
"2021-03-31";"1070001";"1041810";"ITC4";"S11BI32";"104450382";""
"2021-03-31";"1070001";"1041810";"IT";"S1313";"14136387";""
"2021-03-31";"1070001";"1041810";"IT";"450";"803214";""
"2021-03-31";"1070001";"1041810";"IT";"S12BI66";"47018617";""
"2021-03-31";"1070001";"1041810";"ITC41";"S12BI66";"6013";""
"2021-03-31";"1070001";"1041810";"ITC41";"S12BI7";"176086";""
"2021-03-31";"1070001";"1041810";"ITC4";"S1314";"162856";""
"2021-03-31";"1070001";"1041810";"ITC4";"S14";"249378581";""
"2021-03-31";"1070001";"1041810";"ITC41";"600";"18613105";""
"2021-03-31";"1070001";"1041810";"ITC41";"S11";"5149103";""
"2021-03-31";"1070001";"1041810";"IT";"S12BI7";"129083770";""
"2021-03-31";"1070001";"1041810";"IT";"S1314";"7108892";""
"2021-03-31";"1070001";"1041810";"IT";"S11BI32";"318778396";""
"2021-03-31";"1070001";"1041810";"ITC41";"S15";"318762";""
"2021-02-28";"1070001";"1041810";"ITC4";"S11BI7";"2317743";""
"2021-02-28";"1070001";"1041810";"ITC4";"S129";"3104960";""
"2021-02-28";"1070001";"1041810";"ITC41";"S127";"73470";""
"2021-02-28";"1070001";"1041810";"ITC41";"S13";"126767";""
"2021-02-28";"1070001";"1041810";"IT";"S12BI66";"44903993";""
"2021-02-28";"1070001";"1041810";"IT";"S1311";"28075319";""
"2021-02-28";"1070001";"1041810";"IT";"S1314";"7807758";""
"2021-02-28";"1070001";"1041810";"IT";"S14BI2";"74213883";""
"2021-02-28";"1070001";"1041810";"IT";"SBI59";"1784066755";""
"2021-02-28";"1070001";"1041810";"IT";"450";"771129";""
"2021-02-28";"1070001";"1041810";"ITC4";"S13";"3262299";""
"2021-02-28";"1070001";"1041810";"ITC4";"SBI9";"1919461";""
"2021-02-28";"1070001";"1041810";"ITC41";"S11001";"121557";""
"2021-02-28";"1070001";"1041810";"ITC41";"S11BI32";"4750848";""
"2021-02-28";"1070001";"1041810";"IT";"S11";"377947687";""
"2021-02-28";"1070001";"1041810";"IT";"S11001";"25738723";""
"2021-02-28";"1070001";"1041810";"ITC4";"450";"186737";""
"2021-02-28";"1070001";"1041810";"ITC4";"S11001";"3593652";""
"2021-02-28";"1070001";"1041810";"ITC41";"S14BI2";"886594";""
"2021-02-28";"1070001";"1041810";"ITC41";"S15";"324393";""
"2021-02-28";"1070001";"1041810";"IT";"S11BI8";"18764435";""
"2021-02-28";"1070001";"1041810";"IT";"S127";"13247728";""
"2021-02-28";"1070001";"1041810";"IT";"S1313";"14790435";""
"2021-02-28";"1070001";"1041810";"IT";"S14";"1188385982";""
"2021-02-28";"1070001";"1041810";"ITC4";"S11BI32";"106136032";""
"2021-02-28";"1070001";"1041810";"IT";"S126";"25027868";""
"2021-02-28";"1070001";"1041810";"ITC4";"S126";"18060946";""
"2021-02-28";"1070001";"1041810";"ITC4";"S14";"247933704";""
"2021-02-28";"1070001";"1041810";"ITC4";"S14BI2";"14249348";""
"2021-02-28";"1070001";"1041810";"ITC4";"S15";"7245574";""
"2021-02-28";"1070001";"1041810";"ITC41";"S128";"25";""
"2021-02-28";"1070001";"1041810";"IT";"600";"1114172099";""
"2021-02-28";"1070001";"1041810";"ITC41";"S14";"19502384";""
"2021-02-28";"1070001";"1041810";"ITC4";"S11BI8";"3903187";""
"2021-02-28";"1070001";"1041810";"ITC4";"S127";"5200223";""
"2021-02-28";"1070001";"1041810";"ITC4";"600";"233684356";""
"2021-02-28";"1070001";"1041810";"ITC4";"S11";"116137352";""
"2021-02-28";"1070001";"1041810";"ITC41";"S12BI7";"153905";""
"2021-02-28";"1070001";"1041810";"IT";"S128";"14788737";""
"2021-02-28";"1070001";"1041810";"IT";"S13";"50673512";""
"2021-02-28";"1070001";"1041810";"IT";"S15";"33016960";""
"2021-02-28";"1070001";"1041810";"ITC4";"SBI59";"443867203";""
"2021-02-28";"1070001";"1041810";"ITC41";"S1314";"5";""
"2021-02-28";"1070001";"1041810";"ITC41";"SBI9";"72048";""
"2021-02-28";"1070001";"1041810";"ITC4";"S1313";"1914055";""
"2021-02-28";"1070001";"1041810";"ITC41";"S124";"21798";""
"2021-02-28";"1070001";"1041810";"ITC41";"S126";"52669";""
"2021-02-28";"1070001";"1041810";"ITC41";"S129";"50";""
"2021-02-28";"1070001";"1041810";"ITC4";"S12BI7";"67368814";""
"2021-02-28";"1070001";"1041810";"IT";"S129";"7312543";""
"2021-02-28";"1070001";"1041810";"IT";"S12BI7";"128846151";""
"2021-02-28";"1070001";"1041810";"IT";"SBI9";"5196464";""
"2021-02-28";"1070001";"1041810";"IT";"S11BI7";"9208048";""
"2021-02-28";"1070001";"1041810";"ITC4";"S1311";"1184548";""
"2021-02-28";"1070001";"1041810";"ITC41";"450";"3272";""
"2021-02-28";"1070001";"1041810";"ITC41";"600";"18615790";""
"2021-02-28";"1070001";"1041810";"ITC41";"S11BI8";"280050";""
"2021-02-28";"1070001";"1041810";"ITC41";"SBI59";"25511737";""
"2021-02-28";"1070001";"1041810";"ITC41";"S12BI66";"5894";""
"2021-02-28";"1070001";"1041810";"ITC41";"S1311";"88379";""
"2021-02-28";"1070001";"1041810";"IT";"S124";"23565283";""
"2021-02-28";"1070001";"1041810";"ITC4";"S124";"19471048";""
"2021-02-28";"1070001";"1041810";"ITC4";"S128";"5125312";""
"2021-02-28";"1070001";"1041810";"ITC4";"S12BI66";"16406325";""
"2021-02-28";"1070001";"1041810";"ITC4";"S1314";"163696";""
"2021-02-28";"1070001";"1041810";"ITC41";"S11";"5332241";""
"2021-02-28";"1070001";"1041810";"ITC41";"S11BI7";"176513";""
"2021-02-28";"1070001";"1041810";"IT";"S11BI32";"323465352";""
"2021-02-28";"1070001";"1041810";"ITC41";"S1313";"38383";""
"2021-01-31";"1070001";"1041810";"IT";"S14";"1182042235";""
"2021-01-31";"1070001";"1041810";"IT";"SBI9";"5248618";""
"2021-01-31";"1070001";"1041810";"ITC4";"S1313";"1470277";""
"2021-01-31";"1070001";"1041810";"ITC4";"S1314";"156991";""
"2021-01-31";"1070001";"1041810";"ITC4";"SBI59";"441126454";""
"2021-01-31";"1070001";"1041810";"ITC41";"S11BI32";"4602973";""
"2021-01-31";"1070001";"1041810";"IT";"S12BI7";"131854068";""
"2021-01-31";"1070001";"1041810";"ITC41";"S14";"19444002";""
"2021-01-31";"1070001";"1041810";"ITC41";"S11BI8";"274838";""
"2021-01-31";"1070001";"1041810";"IT";"450";"763784";""
"2021-01-31";"1070001";"1041810";"IT";"S11";"375545908";""
"2021-01-31";"1070001";"1041810";"IT";"S11001";"26279508";""
"2021-01-31";"1070001";"1041810";"IT";"S11BI7";"9141751";""
"2021-01-31";"1070001";"1041810";"ITC4";"S13";"2826521";""
"2021-01-31";"1070001";"1041810";"ITC41";"S124";"11397";""
"2021-01-31";"1070001";"1041810";"ITC41";"S15";"324686";""
"2021-01-31";"1070001";"1041810";"ITC4";"S127";"5024369";""
"2021-01-31";"1070001";"1041810";"ITC41";"450";"3207";""
"2021-01-31";"1070001";"1041810";"ITC41";"S11001";"120372";""
"2021-01-31";"1070001";"1041810";"ITC41";"S11BI7";"174666";""
"2021-01-31";"1070001";"1041810";"ITC4";"S11BI32";"103736618";""
"2021-01-31";"1070001";"1041810";"IT";"600";"1108872868";""
"2021-01-31";"1070001";"1041810";"IT";"S11BI8";"18654074";""
"2021-01-31";"1070001";"1041810";"IT";"S127";"12800050";""
"2021-01-31";"1070001";"1041810";"ITC4";"S129";"3529381";""
"2021-01-31";"1070001";"1041810";"ITC4";"S12BI66";"18272316";""
"2021-01-31";"1070001";"1041810";"ITC4";"S1311";"1199254";""
"2021-01-31";"1070001";"1041810";"ITC4";"S126";"17850759";""
"2021-01-31";"1070001";"1041810";"IT";"S129";"8188432";""
"2021-01-31";"1070001";"1041810";"IT";"S12BI66";"47830434";""
"2021-01-31";"1070001";"1041810";"IT";"S13";"49582065";""
"2021-01-31";"1070001";"1041810";"IT";"S1313";"13914987";""
"2021-01-31";"1070001";"1041810";"ITC41";"S1313";"39488";""
"2021-01-31";"1070001";"1041810";"ITC41";"S1314";"4";""
"2021-01-31";"1070001";"1041810";"IT";"S126";"24877717";""
"2021-01-31";"1070001";"1041810";"ITC4";"S14";"246556433";""
"2021-01-31";"1070001";"1041810";"ITC4";"S15";"7271437";""
"2021-01-31";"1070001";"1041810";"ITC41";"S129";"45";""
"2021-01-31";"1070001";"1041810";"ITC41";"S128";"4";""
"2021-01-31";"1070001";"1041810";"IT";"S1314";"8207777";""
"2021-01-31";"1070001";"1041810";"IT";"S15";"32650451";""
"2021-01-31";"1070001";"1041810";"ITC41";"S12BI7";"147981";""
"2021-01-31";"1070001";"1041810";"ITC41";"SBI59";"25289584";""
"2021-01-31";"1070001";"1041810";"ITC41";"SBI9";"69566";""
"2021-01-31";"1070001";"1041810";"ITC41";"S127";"70385";""
"2021-01-31";"1070001";"1041810";"ITC41";"S1311";"87800";""
"2021-01-31";"1070001";"1041810";"ITC4";"600";"232779318";""
"2021-01-31";"1070001";"1041810";"ITC4";"S11BI7";"2281502";""
"2021-01-31";"1070001";"1041810";"IT";"S1311";"27459302";""
"2021-01-31";"1070001";"1041810";"ITC41";"S13";"127292";""
"2021-01-31";"1070001";"1041810";"ITC4";"S14BI2";"13777114";""
"2021-01-31";"1070001";"1041810";"ITC4";"SBI9";"1906748";""
"2021-01-31";"1070001";"1041810";"IT";"S11BI32";"320706790";""
"2021-01-31";"1070001";"1041810";"IT";"S124";"23675021";""
"2021-01-31";"1070001";"1041810";"ITC4";"S128";"4643119";""
"2021-01-31";"1070001";"1041810";"IT";"S14BI2";"73169368";""
"2021-01-31";"1070001";"1041810";"ITC4";"S11";"113647690";""
"2021-01-31";"1070001";"1041810";"ITC4";"S11001";"3598511";""
"2021-01-31";"1070001";"1041810";"ITC4";"S11BI8";"3843679";""
"2021-01-31";"1070001";"1041810";"ITC41";"S126";"60136";""
"2021-01-31";"1070001";"1041810";"ITC41";"S12BI66";"6016";""
"2021-01-31";"1070001";"1041810";"ITC41";"S14BI2";"825381";""
"2021-01-31";"1070001";"1041810";"ITC41";"600";"18618622";""
"2021-01-31";"1070001";"1041810";"ITC41";"S11";"5176055";""
"2021-01-31";"1070001";"1041810";"IT";"SBI59";"1776923345";""
"2021-01-31";"1070001";"1041810";"ITC4";"450";"187379";""
"2021-01-31";"1070001";"1041810";"ITC4";"S124";"19597681";""
"2021-01-31";"1070001";"1041810";"IT";"S128";"14482413";""
"2021-01-31";"1070001";"1041810";"ITC4";"S12BI7";"68917626";""
"2020-12-31";"1070001";"1041810";"IT";"S124";"23153922";""
"2020-12-31";"1070001";"1041810";"IT";"S127";"12809818";""
"2020-12-31";"1070001";"1041810";"IT";"S1311";"27036807";""
"2020-12-31";"1070001";"1041810";"ITC4";"S15";"7086926";""
"2020-12-31";"1070001";"1041810";"ITC41";"S11BI7";"170764";""
"2020-12-31";"1070001";"1041810";"ITC41";"S124";"43934";""
"2020-12-31";"1070001";"1041810";"IT";"S129";"7528505";""
"2020-12-31";"1070001";"1041810";"IT";"S12BI66";"51861389";""
"2020-12-31";"1070001";"1041810";"ITC4";"S14BI2";"13410270";""
"2020-12-31";"1070001";"1041810";"ITC4";"S14";"244687835";""
"2020-12-31";"1070001";"1041810";"ITC41";"S13";"118732";""
"2020-12-31";"1070001";"1041810";"ITC41";"S1313";"31220";""
"2020-12-31";"1070001";"1041810";"ITC4";"S124";"19084405";""
"2020-12-31";"1070001";"1041810";"ITC4";"S127";"5408442";""
"2020-12-31";"1070001";"1041810";"ITC4";"450";"193114";""
"2020-12-31";"1070001";"1041810";"ITC4";"S11BI7";"2209100";""
"2020-12-31";"1070001";"1041810";"ITC4";"SBI59";"438830110";""
"2020-12-31";"1070001";"1041810";"ITC41";"S12BI66";"6367";""
"2020-12-31";"1070001";"1041810";"ITC41";"SBI59";"25164206";""
"2020-12-31";"1070001";"1041810";"ITC4";"600";"231277565";""
"2020-12-31";"1070001";"1041810";"IT";"S14BI2";"71809784";""
"2020-12-31";"1070001";"1041810";"IT";"SBI9";"6237118";""
"2020-12-31";"1070001";"1041810";"IT";"S11BI32";"325924064";""
"2020-12-31";"1070001";"1041810";"IT";"S11BI7";"8857357";""
"2020-12-31";"1070001";"1041810";"ITC41";"S12BI7";"179887";""
"2020-12-31";"1070001";"1041810";"ITC41";"S1314";"4";""
"2020-12-31";"1070001";"1041810";"ITC4";"S128";"3306996";""
"2020-12-31";"1070001";"1041810";"ITC4";"S12BI7";"66530168";""
"2020-12-31";"1070001";"1041810";"ITC41";"S11001";"119067";""
"2020-12-31";"1070001";"1041810";"IT";"450";"786209";""
"2020-12-31";"1070001";"1041810";"ITC41";"S128";"58";""
"2020-12-31";"1070001";"1041810";"ITC41";"S129";"45";""
"2020-12-31";"1070001";"1041810";"ITC41";"S1311";"87508";""
"2020-12-31";"1070001";"1041810";"ITC41";"S14";"19261011";""
"2020-12-31";"1070001";"1041810";"IT";"S1313";"13440146";""
"2020-12-31";"1070001";"1041810";"IT";"S1314";"8278207";""
"2020-12-31";"1070001";"1041810";"ITC4";"S12BI66";"20201459";""
"2020-12-31";"1070001";"1041810";"ITC4";"S13";"2784268";""
"2020-12-31";"1070001";"1041810";"ITC4";"SBI9";"2806696";""
"2020-12-31";"1070001";"1041810";"ITC41";"450";"3331";""
"2020-12-31";"1070001";"1041810";"ITC41";"S11";"5207136";""
"2020-12-31";"1070001";"1041810";"IT";"S12BI7";"128836965";""
"2020-12-31";"1070001";"1041810";"ITC4";"S11BI32";"105006680";""
"2020-12-31";"1070001";"1041810";"ITC4";"S11BI8";"3661360";""
"2020-12-31";"1070001";"1041810";"ITC4";"S129";"3202844";""
"2020-12-31";"1070001";"1041810";"ITC4";"S1313";"1443654";""
"2020-12-31";"1070001";"1041810";"ITC4";"S1314";"151074";""
"2020-12-31";"1070001";"1041810";"IT";"S128";"11845472";""
"2020-12-31";"1070001";"1041810";"ITC41";"600";"18460797";""
"2020-12-31";"1070001";"1041810";"ITC41";"S11BI8";"265413";""
"2020-12-31";"1070001";"1041810";"ITC41";"S14BI2";"800214";""
"2020-12-31";"1070001";"1041810";"ITC41";"S126";"67194";""
"2020-12-31";"1070001";"1041810";"ITC4";"S11";"114934216";""
"2020-12-31";"1070001";"1041810";"ITC4";"S11001";"3863962";""
"2020-12-31";"1070001";"1041810";"ITC41";"S15";"328776";""
"2020-12-31";"1070001";"1041810";"ITC41";"SBI9";"68664";""
"2020-12-31";"1070001";"1041810";"IT";"S13";"48755160";""
"2020-12-31";"1070001";"1041810";"IT";"S14";"1172921772";""
"2020-12-31";"1070001";"1041810";"IT";"S15";"32780876";""
"2020-12-31";"1070001";"1041810";"IT";"SBI59";"1772248188";""
"2020-12-31";"1070001";"1041810";"IT";"600";"1101111988";""
"2020-12-31";"1070001";"1041810";"IT";"S11";"382716298";""
"2020-12-31";"1070001";"1041810";"IT";"S11001";"29018450";""
"2020-12-31";"1070001";"1041810";"IT";"S11BI8";"18130217";""
"2020-12-31";"1070001";"1041810";"IT";"S126";"21637858";""
"2020-12-31";"1070001";"1041810";"ITC41";"S11BI32";"4648561";""
"2020-12-31";"1070001";"1041810";"ITC41";"S127";"62289";""
"2020-12-31";"1070001";"1041810";"ITC4";"S126";"15326021";""
"2020-12-31";"1070001";"1041810";"ITC4";"S1311";"1189540";""
"2020-11-30";"1070001";"1041810";"IT";"450";"810484";""
"2020-11-30";"1070001";"1041810";"IT";"S11BI7";"8592517";""
"2020-11-30";"1070001";"1041810";"ITC4";"S15";"7086835";""
"2020-11-30";"1070001";"1041810";"ITC41";"S12BI66";"6556";""
"2020-11-30";"1070001";"1041810";"ITC41";"S12BI7";"122850";""
"2020-11-30";"1070001";"1041810";"IT";"SBI59";"1743423084";""
"2020-11-30";"1070001";"1041810";"ITC4";"S11BI7";"2133634";""
"2020-11-30";"1070001";"1041810";"IT";"S11BI32";"315118433";""
"2020-11-30";"1070001";"1041810";"IT";"S12BI7";"133195153";""
"2020-11-30";"1070001";"1041810";"IT";"S1313";"13224371";""
"2020-11-30";"1070001";"1041810";"ITC4";"S126";"15317101";""
"2020-11-30";"1070001";"1041810";"ITC4";"S12BI7";"67359323";""
"2020-11-30";"1070001";"1041810";"ITC4";"S14";"240185101";""
"2020-11-30";"1070001";"1041810";"ITC41";"S11001";"129007";""
"2020-11-30";"1070001";"1041810";"ITC41";"S124";"4120";""
"2020-11-30";"1070001";"1041810";"ITC41";"S128";"15";""
"2020-11-30";"1070001";"1041810";"ITC4";"600";"226742173";""
"2020-11-30";"1070001";"1041810";"ITC4";"S11BI32";"102567750";""
"2020-11-30";"1070001";"1041810";"IT";"S13";"50148467";""
"2020-11-30";"1070001";"1041810";"IT";"S15";"32760627";""
"2020-11-30";"1070001";"1041810";"ITC4";"S128";"4583773";""
"2020-11-30";"1070001";"1041810";"ITC4";"S13";"2835752";""
"2020-11-30";"1070001";"1041810";"ITC4";"S14BI2";"13442928";""
"2020-11-30";"1070001";"1041810";"ITC41";"S11BI32";"4554692";""
"2020-11-30";"1070001";"1041810";"ITC41";"S129";"45";""
"2020-11-30";"1070001";"1041810";"ITC41";"S13";"127819";""
"2020-11-30";"1070001";"1041810";"IT";"S1311";"28068159";""
"2020-11-30";"1070001";"1041810";"IT";"S14";"1152794419";""
"2020-11-30";"1070001";"1041810";"ITC4";"S127";"5633491";""
"2020-11-30";"1070001";"1041810";"ITC4";"S129";"3103959";""
"2020-11-30";"1070001";"1041810";"ITC41";"S11";"5113215";""
"2020-11-30";"1070001";"1041810";"ITC41";"S1314";"4";""
"2020-11-30";"1070001";"1041810";"ITC41";"S14";"18885313";""
"2020-11-30";"1070001";"1041810";"IT";"600";"1081693394";""
"2020-11-30";"1070001";"1041810";"ITC4";"450";"203710";""
"2020-11-30";"1070001";"1041810";"ITC4";"S11001";"3351048";""
"2020-11-30";"1070001";"1041810";"IT";"S128";"16419214";""
"2020-11-30";"1070001";"1041810";"ITC41";"S1313";"34042";""
"2020-11-30";"1070001";"1041810";"ITC4";"S124";"20052481";""
"2020-11-30";"1070001";"1041810";"ITC4";"S1311";"1213936";""
"2020-11-30";"1070001";"1041810";"ITC41";"S11BI7";"164682";""
"2020-11-30";"1070001";"1041810";"ITC41";"S126";"49066";""
"2020-11-30";"1070001";"1041810";"ITC4";"S11BI8";"3583294";""
"2020-11-30";"1070001";"1041810";"IT";"S11";"368679138";""
"2020-11-30";"1070001";"1041810";"IT";"S11001";"26187400";""
"2020-11-30";"1070001";"1041810";"ITC41";"S15";"337805";""
"2020-11-30";"1070001";"1041810";"IT";"S129";"7841286";""
"2020-11-30";"1070001";"1041810";"IT";"S1314";"8855938";""
"2020-11-30";"1070001";"1041810";"ITC4";"S12BI66";"18668518";""
"2020-11-30";"1070001";"1041810";"ITC4";"S1313";"1443682";""
"2020-11-30";"1070001";"1041810";"ITC4";"S1314";"178134";""
"2020-11-30";"1070001";"1041810";"ITC41";"600";"18056668";""
"2020-11-30";"1070001";"1041810";"IT";"S124";"23926838";""
"2020-11-30";"1070001";"1041810";"IT";"S127";"13325868";""
"2020-11-30";"1070001";"1041810";"ITC41";"SBI59";"24656954";""
"2020-11-30";"1070001";"1041810";"ITC41";"SBI9";"69953";""
"2020-11-30";"1070001";"1041810";"ITC4";"SBI59";"431803352";""
"2020-11-30";"1070001";"1041810";"ITC41";"450";"3589";""
"2020-11-30";"1070001";"1041810";"ITC41";"S1311";"93772";""
"2020-11-30";"1070001";"1041810";"IT";"S12BI66";"49706785";""
"2020-11-30";"1070001";"1041810";"IT";"S14BI2";"71101025";""
"2020-11-30";"1070001";"1041810";"IT";"SBI9";"5845281";""
"2020-11-30";"1070001";"1041810";"ITC4";"S11";"111839436";""
"2020-11-30";"1070001";"1041810";"IT";"S11BI8";"17970303";""
"2020-11-30";"1070001";"1041810";"IT";"S126";"21975163";""
"2020-11-30";"1070001";"1041810";"ITC4";"SBI9";"2496904";""
"2020-11-30";"1070001";"1041810";"ITC41";"S11BI8";"261246";""
"2020-11-30";"1070001";"1041810";"ITC41";"S127";"63048";""
"2020-11-30";"1070001";"1041810";"ITC41";"S14BI2";"828646";""
"2020-10-31";"1070001";"1041810";"ITC41";"S1313";"34264";""
"2020-10-31";"1070001";"1041810";"ITC4";"S1313";"1426202";""
"2020-10-31";"1070001";"1041810";"IT";"S124";"22110310";""
"2020-10-31";"1070001";"1041810";"IT";"S12BI7";"127580554";""
"2020-10-31";"1070001";"1041810";"IT";"SBI59";"1745673710";""
"2020-10-31";"1070001";"1041810";"IT";"SBI9";"5768378";""
"2020-10-31";"1070001";"1041810";"ITC4";"S15";"7049865";""
"2020-10-31";"1070001";"1041810";"ITC41";"S11001";"120315";""
"2020-10-31";"1070001";"1041810";"ITC41";"S11BI7";"190609";""
"2020-10-31";"1070001";"1041810";"ITC41";"S128";"37";""
"2020-10-31";"1070001";"1041810";"ITC41";"S12BI66";"7404";""
"2020-10-31";"1070001";"1041810";"ITC41";"S14";"18956829";""
"2020-10-31";"1070001";"1041810";"ITC4";"S11";"114467510";""
"2020-10-31";"1070001";"1041810";"ITC4";"S129";"2941873";""
"2020-10-31";"1070001";"1041810";"ITC4";"S13";"2835777";""
"2020-10-31";"1070001";"1041810";"ITC4";"S14";"240345359";""
"2020-10-31";"1070001";"1041810";"IT";"S11";"381072467";""
"2020-10-31";"1070001";"1041810";"ITC41";"S11BI8";"284824";""
"2020-10-31";"1070001";"1041810";"ITC4";"450";"195227";""
"2020-10-31";"1070001";"1041810";"ITC4";"S11001";"3248869";""
"2020-10-31";"1070001";"1041810";"ITC4";"S11BI7";"2445308";""
"2020-10-31";"1070001";"1041810";"IT";"450";"811493";""
"2020-10-31";"1070001";"1041810";"IT";"S11001";"25659533";""
"2020-10-31";"1070001";"1041810";"IT";"S1314";"7410288";""
"2020-10-31";"1070001";"1041810";"IT";"S14";"1151679049";""
"2020-10-31";"1070001";"1041810";"ITC4";"S127";"5338755";""
"2020-10-31";"1070001";"1041810";"ITC4";"S1311";"1247453";""
"2020-10-31";"1070001";"1041810";"ITC4";"SBI9";"2446375";""
"2020-10-31";"1070001";"1041810";"ITC41";"S129";"45";""
"2020-10-31";"1070001";"1041810";"ITC41";"S1311";"91956";""
"2020-10-31";"1070001";"1041810";"IT";"S11BI32";"325300038";""
"2020-10-31";"1070001";"1041810";"IT";"S1311";"27333963";""
"2020-10-31";"1070001";"1041810";"ITC41";"S126";"50917";""
"2020-10-31";"1070001";"1041810";"ITC41";"SBI9";"65672";""
"2020-10-31";"1070001";"1041810";"ITC4";"S11BI32";"104639831";""
"2020-10-31";"1070001";"1041810";"ITC4";"S124";"18501116";""
"2020-10-31";"1070001";"1041810";"ITC4";"S128";"4399213";""
"2020-10-31";"1070001";"1041810";"ITC4";"S12BI7";"62836979";""
"2020-10-31";"1070001";"1041810";"IT";"S128";"15636851";""
"2020-10-31";"1070001";"1041810";"IT";"S12BI66";"47836971";""
"2020-10-31";"1070001";"1041810";"IT";"S1313";"12581700";""
"2020-10-31";"1070001";"1041810";"IT";"S14BI2";"72962100";""
"2020-10-31";"1070001";"1041810";"IT";"S15";"32247310";""
"2020-10-31";"1070001";"1041810";"ITC41";"S124";"2356";""
"2020-10-31";"1070001";"1041810";"ITC41";"S13";"126225";""
"2020-10-31";"1070001";"1041810";"ITC41";"S14BI2";"843210";""
"2020-10-31";"1070001";"1041810";"ITC41";"S15";"337767";""
"2020-10-31";"1070001";"1041810";"IT";"S126";"21732401";""
"2020-10-31";"1070001";"1041810";"IT";"S127";"12932768";""
"2020-10-31";"1070001";"1041810";"ITC4";"SBI59";"429981865";""
"2020-10-31";"1070001";"1041810";"ITC41";"450";"3559";""
"2020-10-31";"1070001";"1041810";"ITC41";"600";"18113619";""
"2020-10-31";"1070001";"1041810";"ITC41";"S11";"5251468";""
"2020-10-31";"1070001";"1041810";"ITC41";"S127";"70753";""
"2020-10-31";"1070001";"1041810";"ITC41";"S12BI7";"131512";""
"2020-10-31";"1070001";"1041810";"ITC4";"S126";"15329198";""
"2020-10-31";"1070001";"1041810";"ITC4";"S1314";"162122";""
"2020-10-31";"1070001";"1041810";"ITC4";"S14BI2";"13935205";""
"2020-10-31";"1070001";"1041810";"IT";"S11BI7";"9661259";""
"2020-10-31";"1070001";"1041810";"IT";"S11BI8";"19640145";""
"2020-10-31";"1070001";"1041810";"IT";"S129";"7331253";""
"2020-10-31";"1070001";"1041810";"ITC41";"S11BI32";"4652161";""
"2020-10-31";"1070001";"1041810";"ITC41";"S1314";"5";""
"2020-10-31";"1070001";"1041810";"ITC41";"SBI59";"24869473";""
"2020-10-31";"1070001";"1041810";"ITC4";"600";"226410155";""
"2020-10-31";"1070001";"1041810";"ITC4";"S11BI8";"3938275";""
"2020-10-31";"1070001";"1041810";"ITC4";"S12BI66";"16326825";""
"2020-10-31";"1070001";"1041810";"IT";"600";"1078716950";""
"2020-10-31";"1070001";"1041810";"IT";"S13";"47325952";""
"2020-09-30";"1070001";"1041810";"IT";"450";"820259";""
"2020-09-30";"1070001";"1041810";"IT";"S1314";"6966167";""
"2020-09-30";"1070001";"1041810";"IT";"S14";"1139113580";""
"2020-09-30";"1070001";"1041810";"IT";"SBI9";"5757633";""
"2020-09-30";"1070001";"1041810";"ITC4";"S11BI32";"98418557";""
"2020-09-30";"1070001";"1041810";"ITC4";"S127";"5595588";""
"2020-09-30";"1070001";"1041810";"ITC4";"S1314";"155042";""
"2020-09-30";"1070001";"1041810";"ITC4";"SBI9";"2393592";""
"2020-09-30";"1070001";"1041810";"ITC41";"600";"17924903";""
"2020-09-30";"1070001";"1041810";"ITC41";"S11";"4865039";""
"2020-09-30";"1070001";"1041810";"ITC41";"S12BI7";"122603";""
"2020-09-30";"1070001";"1041810";"ITC41";"S1311";"92602";""
"2020-09-30";"1070001";"1041810";"ITC41";"S14";"18721753";""
"2020-09-30";"1070001";"1041810";"IT";"SBI59";"1704209646";""
"2020-09-30";"1070001";"1041810";"ITC4";"450";"210664";""
"2020-09-30";"1070001";"1041810";"ITC4";"S11001";"2797888";""
"2020-09-30";"1070001";"1041810";"ITC4";"S11BI8";"3620794";""
"2020-09-30";"1070001";"1041810";"IT";"S11001";"25999761";""
"2020-09-30";"1070001";"1041810";"IT";"S11BI32";"305432838";""
"2020-09-30";"1070001";"1041810";"IT";"S11BI8";"18459354";""
"2020-09-30";"1070001";"1041810";"IT";"S13";"45187653";""
"2020-09-30";"1070001";"1041810";"IT";"S1311";"26271816";""
"2020-09-30";"1070001";"1041810";"IT";"S1313";"11949670";""
"2020-09-30";"1070001";"1041810";"ITC4";"S13";"2894446";""
"2020-09-30";"1070001";"1041810";"ITC41";"S11001";"102462";""
"2020-09-30";"1070001";"1041810";"ITC41";"S11BI32";"4324002";""
"2020-09-30";"1070001";"1041810";"ITC41";"S11BI7";"169269";""
"2020-09-30";"1070001";"1041810";"ITC41";"S128";"2";""
"2020-09-30";"1070001";"1041810";"IT";"S11";"359313989";""
"2020-09-30";"1070001";"1041810";"IT";"S11BI7";"8601777";""
"2020-09-30";"1070001";"1041810";"IT";"S129";"6505294";""
"2020-09-30";"1070001";"1041810";"IT";"S12BI7";"123353030";""
"2020-09-30";"1070001";"1041810";"IT";"S14BI2";"70335147";""
"2020-09-30";"1070001";"1041810";"ITC4";"S11BI7";"2146488";""
"2020-09-30";"1070001";"1041810";"ITC4";"S124";"18000396";""
"2020-09-30";"1070001";"1041810";"ITC4";"S1311";"1270525";""
"2020-09-30";"1070001";"1041810";"ITC41";"S126";"49809";""
"2020-09-30";"1070001";"1041810";"ITC41";"SBI59";"24237246";""
"2020-09-30";"1070001";"1041810";"IT";"600";"1068778433";""
"2020-09-30";"1070001";"1041810";"IT";"S127";"13066142";""
"2020-09-30";"1070001";"1041810";"ITC4";"600";"223519571";""
"2020-09-30";"1070001";"1041810";"ITC4";"S129";"2726737";""
"2020-09-30";"1070001";"1041810";"ITC4";"S14";"236848700";""
"2020-09-30";"1070001";"1041810";"ITC4";"S14BI2";"13329129";""
"2020-09-30";"1070001";"1041810";"ITC4";"SBI59";"417927756";""
"2020-09-30";"1070001";"1041810";"ITC41";"S124";"4077";""
"2020-09-30";"1070001";"1041810";"ITC41";"S12BI66";"7147";""
"2020-09-30";"1070001";"1041810";"ITC41";"S14BI2";"796850";""
"2020-09-30";"1070001";"1041810";"ITC4";"S128";"3722349";""
"2020-09-30";"1070001";"1041810";"ITC41";"450";"3542";""
"2020-09-30";"1070001";"1041810";"ITC41";"S13";"127154";""
"2020-09-30";"1070001";"1041810";"IT";"S126";"21130871";""
"2020-09-30";"1070001";"1041810";"IT";"S12BI66";"48079796";""
"2020-09-30";"1070001";"1041810";"ITC4";"S12BI66";"16003446";""
"2020-09-30";"1070001";"1041810";"ITC4";"S1313";"1468879";""
"2020-09-30";"1070001";"1041810";"ITC4";"S15";"7028021";""
"2020-09-30";"1070001";"1041810";"ITC41";"S1313";"34547";""
"2020-09-30";"1070001";"1041810";"ITC41";"SBI9";"66891";""
"2020-09-30";"1070001";"1041810";"IT";"S15";"31483761";""
"2020-09-30";"1070001";"1041810";"IT";"S124";"21294082";""
"2020-09-30";"1070001";"1041810";"IT";"S128";"13276845";""
"2020-09-30";"1070001";"1041810";"ITC4";"S11";"107194390";""
"2020-09-30";"1070001";"1041810";"ITC4";"S126";"15520090";""
"2020-09-30";"1070001";"1041810";"ITC4";"S12BI7";"61568606";""
"2020-09-30";"1070001";"1041810";"ITC41";"S11BI8";"265763";""
"2020-09-30";"1070001";"1041810";"ITC41";"S127";"61524";""
"2020-09-30";"1070001";"1041810";"ITC41";"S129";"45";""
"2020-09-30";"1070001";"1041810";"ITC41";"S1314";"5";""
"2020-09-30";"1070001";"1041810";"ITC41";"S15";"333807";""
"2020-08-31";"1070001";"1041810";"ITC4";"S11BI32";"97141091";""
"2020-08-31";"1070001";"1041810";"ITC4";"S1311";"1316291";""
"2020-08-31";"1070001";"1041810";"ITC4";"S14BI2";"13889015";""
"2020-08-31";"1070001";"1041810";"ITC4";"SBI9";"2333518";""
"2020-08-31";"1070001";"1041810";"ITC41";"S11";"4770944";""
"2020-08-31";"1070001";"1041810";"ITC41";"S11BI32";"4226777";""
"2020-08-31";"1070001";"1041810";"ITC41";"S11BI8";"259663";""
"2020-08-31";"1070001";"1041810";"ITC41";"S1311";"96948";""
"2020-08-31";"1070001";"1041810";"ITC41";"S14BI2";"868846";""
"2020-08-31";"1070001";"1041810";"IT";"S11001";"27136863";""
"2020-08-31";"1070001";"1041810";"IT";"S12BI66";"48355209";""
"2020-08-31";"1070001";"1041810";"IT";"S12BI7";"125147309";""
"2020-08-31";"1070001";"1041810";"IT";"SBI9";"5650351";""
"2020-08-31";"1070001";"1041810";"ITC4";"S11";"105945171";""
"2020-08-31";"1070001";"1041810";"ITC4";"S11BI7";"2155068";""
"2020-08-31";"1070001";"1041810";"ITC41";"S126";"46835";""
"2020-08-31";"1070001";"1041810";"IT";"S11";"353810569";""
"2020-08-31";"1070001";"1041810";"IT";"S11BI32";"298852294";""
"2020-08-31";"1070001";"1041810";"IT";"S11BI7";"8565283";""
"2020-08-31";"1070001";"1041810";"IT";"S129";"7001310";""
"2020-08-31";"1070001";"1041810";"IT";"S14BI2";"73677550";""
"2020-08-31";"1070001";"1041810";"ITC4";"S15";"6706675";""
"2020-08-31";"1070001";"1041810";"ITC41";"S11001";"106631";""
"2020-08-31";"1070001";"1041810";"ITC41";"S11BI7";"174223";""
"2020-08-31";"1070001";"1041810";"ITC41";"S129";"45";""
"2020-08-31";"1070001";"1041810";"ITC41";"S14";"18621813";""
"2020-08-31";"1070001";"1041810";"IT";"S14";"1134626652";""
"2020-08-31";"1070001";"1041810";"ITC4";"S11001";"2848345";""
"2020-08-31";"1070001";"1041810";"ITC4";"S124";"18303618";""
"2020-08-31";"1070001";"1041810";"ITC41";"S127";"66827";""
"2020-08-31";"1070001";"1041810";"ITC41";"S12BI7";"125048";""
"2020-08-31";"1070001";"1041810";"ITC41";"S1313";"35927";""
"2020-08-31";"1070001";"1041810";"ITC41";"S1314";"5";""
"2020-08-31";"1070001";"1041810";"ITC41";"S15";"324248";""
"2020-08-31";"1070001";"1041810";"IT";"S128";"13719738";""
"2020-08-31";"1070001";"1041810";"ITC4";"S11BI8";"3586404";""
"2020-08-31";"1070001";"1041810";"ITC4";"S12BI7";"62665602";""
"2020-08-31";"1070001";"1041810";"ITC4";"S13";"2975734";""
"2020-08-31";"1070001";"1041810";"ITC41";"450";"3650";""
"2020-08-31";"1070001";"1041810";"IT";"450";"800027";""
"2020-08-31";"1070001";"1041810";"IT";"S11BI8";"18456102";""
"2020-08-31";"1070001";"1041810";"IT";"S126";"21399418";""
"2020-08-31";"1070001";"1041810";"IT";"S1311";"20228978";""
"2020-08-31";"1070001";"1041810";"ITC41";"SBI59";"24041413";""
"2020-08-31";"1070001";"1041810";"IT";"S1314";"6695277";""
"2020-08-31";"1070001";"1041810";"ITC4";"S126";"15490011";""
"2020-08-31";"1070001";"1041810";"ITC4";"S14";"235668657";""
"2020-08-31";"1070001";"1041810";"ITC4";"SBI59";"416295357";""
"2020-08-31";"1070001";"1041810";"ITC41";"600";"17752967";""
"2020-08-31";"1070001";"1041810";"ITC41";"S128";"1";""
"2020-08-31";"1070001";"1041810";"ITC41";"S12BI66";"6921";""
"2020-08-31";"1070001";"1041810";"IT";"S1313";"12093907";""
"2020-08-31";"1070001";"1041810";"IT";"S15";"30950952";""
"2020-08-31";"1070001";"1041810";"IT";"SBI59";"1689203995";""
"2020-08-31";"1070001";"1041810";"ITC4";"450";"214263";""
"2020-08-31";"1070001";"1041810";"ITC4";"S129";"2933680";""
"2020-08-31";"1070001";"1041810";"ITC4";"S12BI66";"16350620";""
"2020-08-31";"1070001";"1041810";"ITC41";"SBI9";"66481";""
"2020-08-31";"1070001";"1041810";"ITC4";"600";"221779642";""
"2020-08-31";"1070001";"1041810";"ITC4";"S127";"5527862";""
"2020-08-31";"1070001";"1041810";"ITC4";"S128";"4059811";""
"2020-08-31";"1070001";"1041810";"ITC4";"S1313";"1492129";""
"2020-08-31";"1070001";"1041810";"ITC4";"S1314";"167314";""
"2020-08-31";"1070001";"1041810";"ITC41";"S124";"4418";""
"2020-08-31";"1070001";"1041810";"ITC41";"S13";"132880";""
"2020-08-31";"1070001";"1041810";"IT";"600";"1060949102";""
"2020-08-31";"1070001";"1041810";"IT";"S124";"21787824";""
"2020-08-31";"1070001";"1041810";"IT";"S127";"12883811";""
"2020-08-31";"1070001";"1041810";"IT";"S13";"39018162";""
"2020-07-31";"1070001";"1041810";"ITC4";"S124";"19305476";""
"2020-07-31";"1070001";"1041810";"ITC4";"S128";"4290578";""
"2020-07-31";"1070001";"1041810";"ITC41";"450";"3541";""
"2020-07-31";"1070001";"1041810";"ITC41";"S128";"5";""
"2020-07-31";"1070001";"1041810";"IT";"S11BI8";"17855161";""
"2020-07-31";"1070001";"1041810";"ITC4";"S11001";"2726796";""
"2020-07-31";"1070001";"1041810";"ITC4";"S11BI32";"93437376";""
"2020-07-31";"1070001";"1041810";"ITC4";"S126";"16164221";""
"2020-07-31";"1070001";"1041810";"ITC41";"600";"17667104";""
"2020-07-31";"1070001";"1041810";"ITC41";"S11BI32";"4069338";""
"2020-07-31";"1070001";"1041810";"IT";"600";"1054449106";""
"2020-07-31";"1070001";"1041810";"IT";"S11BI32";"287796658";""
"2020-07-31";"1070001";"1041810";"IT";"S11BI7";"8795654";""
"2020-07-31";"1070001";"1041810";"IT";"S14";"1128692812";""
"2020-07-31";"1070001";"1041810";"ITC4";"600";"220479322";""
"2020-07-31";"1070001";"1041810";"ITC4";"S11BI7";"2219389";""
"2020-07-31";"1070001";"1041810";"ITC4";"S127";"5573996";""
"2020-07-31";"1070001";"1041810";"ITC4";"S14BI2";"14223833";""
"2020-07-31";"1070001";"1041810";"ITC41";"S124";"5397";""
"2020-07-31";"1070001";"1041810";"ITC41";"S127";"66288";""
"2020-07-31";"1070001";"1041810";"ITC41";"S1311";"99119";""
"2020-07-31";"1070001";"1041810";"IT";"450";"807452";""
"2020-07-31";"1070001";"1041810";"IT";"S15";"30826617";""
"2020-07-31";"1070001";"1041810";"ITC4";"450";"227574";""
"2020-07-31";"1070001";"1041810";"ITC4";"S13";"2929512";""
"2020-07-31";"1070001";"1041810";"ITC41";"S11001";"98564";""
"2020-07-31";"1070001";"1041810";"ITC41";"S11BI7";"177713";""
"2020-07-31";"1070001";"1041810";"ITC41";"S126";"58593";""
"2020-07-31";"1070001";"1041810";"ITC41";"S13";"136622";""
"2020-07-31";"1070001";"1041810";"ITC41";"S1314";"5";""
"2020-07-31";"1070001";"1041810";"ITC41";"S14BI2";"887789";""
"2020-07-31";"1070001";"1041810";"ITC41";"SBI9";"68246";""
"2020-07-31";"1070001";"1041810";"IT";"S12BI66";"49048252";""
"2020-07-31";"1070001";"1041810";"ITC41";"SBI59";"23834566";""
"2020-07-31";"1070001";"1041810";"ITC4";"S1313";"1488790";""
"2020-07-31";"1070001";"1041810";"ITC41";"S11BI8";"265395";""
"2020-07-31";"1070001";"1041810";"ITC41";"S129";"45";""
"2020-07-31";"1070001";"1041810";"ITC41";"S12BI66";"6996";""
"2020-07-31";"1070001";"1041810";"ITC41";"S12BI7";"137324";""
"2020-07-31";"1070001";"1041810";"ITC41";"S15";"322930";""
"2020-07-31";"1070001";"1041810";"IT";"S11001";"28444697";""
"2020-07-31";"1070001";"1041810";"IT";"S124";"22842679";""
"2020-07-31";"1070001";"1041810";"ITC4";"S11";"102237234";""
"2020-07-31";"1070001";"1041810";"ITC4";"S11BI8";"3626099";""
"2020-07-31";"1070001";"1041810";"ITC4";"S12BI66";"17084811";""
"2020-07-31";"1070001";"1041810";"ITC4";"S1314";"158747";""
"2020-07-31";"1070001";"1041810";"ITC4";"SBI59";"414921513";""
"2020-07-31";"1070001";"1041810";"ITC4";"SBI9";"2700528";""
"2020-07-31";"1070001";"1041810";"ITC41";"S1313";"37498";""
"2020-07-31";"1070001";"1041810";"IT";"S127";"12931492";""
"2020-07-31";"1070001";"1041810";"IT";"S12BI7";"128970518";""
"2020-07-31";"1070001";"1041810";"IT";"S14BI2";"74243707";""
"2020-07-31";"1070001";"1041810";"IT";"SBI59";"1678619359";""
"2020-07-31";"1070001";"1041810";"ITC4";"S14";"234703156";""
"2020-07-31";"1070001";"1041810";"ITC4";"S15";"6750802";""
"2020-07-31";"1070001";"1041810";"ITC41";"S14";"18554893";""
"2020-07-31";"1070001";"1041810";"ITC4";"S12BI7";"65600281";""
"2020-07-31";"1070001";"1041810";"ITC4";"S1311";"1281974";""
"2020-07-31";"1070001";"1041810";"IT";"S11";"343699622";""
"2020-07-31";"1070001";"1041810";"IT";"S126";"22376897";""
"2020-07-31";"1070001";"1041810";"IT";"S129";"7617383";""
"2020-07-31";"1070001";"1041810";"IT";"S1311";"21106001";""
"2020-07-31";"1070001";"1041810";"IT";"S1313";"12197345";""
"2020-07-31";"1070001";"1041810";"ITC4";"S129";"3181198";""
"2020-07-31";"1070001";"1041810";"ITC41";"S11";"4614552";""
"2020-07-31";"1070001";"1041810";"IT";"S128";"14153815";""
"2020-07-31";"1070001";"1041810";"IT";"S13";"40355942";""
"2020-07-31";"1070001";"1041810";"IT";"S1314";"7052596";""
"2020-07-31";"1070001";"1041810";"IT";"SBI9";"6073849";""
"2020-06-30";"1070001";"1041810";"IT";"S11001";"27788712";""
"2020-06-30";"1070001";"1041810";"IT";"S124";"22122274";""
"2020-06-30";"1070001";"1041810";"IT";"S126";"20808687";""
"2020-06-30";"1070001";"1041810";"IT";"S127";"13476864";""
"2020-06-30";"1070001";"1041810";"IT";"S1314";"6796762";""
"2020-06-30";"1070001";"1041810";"IT";"S14";"1125152008";""
"2020-06-30";"1070001";"1041810";"IT";"S15";"30171912";""
"2020-06-30";"1070001";"1041810";"ITC4";"S127";"5735830";""
"2020-06-30";"1070001";"1041810";"ITC4";"S129";"2899094";""
"2020-06-30";"1070001";"1041810";"ITC41";"600";"17623926";""
"2020-06-30";"1070001";"1041810";"ITC41";"S1314";"4";""
"2020-06-30";"1070001";"1041810";"ITC4";"SBI9";"2465625";""
"2020-06-30";"1070001";"1041810";"ITC41";"S11BI32";"3987632";""
"2020-06-30";"1070001";"1041810";"ITC41";"S126";"57435";""
"2020-06-30";"1070001";"1041810";"ITC41";"S129";"45";""
"2020-06-30";"1070001";"1041810";"ITC41";"S12BI66";"7399";""
"2020-06-30";"1070001";"1041810";"IT";"S14BI2";"71913379";""
"2020-06-30";"1070001";"1041810";"ITC4";"S126";"15595343";""
"2020-06-30";"1070001";"1041810";"ITC4";"S128";"3525745";""
"2020-06-30";"1070001";"1041810";"ITC4";"S14BI2";"13849951";""
"2020-06-30";"1070001";"1041810";"ITC4";"S1311";"1357541";""
"2020-06-30";"1070001";"1041810";"ITC41";"S11";"4512219";""
"2020-06-30";"1070001";"1041810";"ITC41";"S11001";"100736";""
"2020-06-30";"1070001";"1041810";"ITC41";"S11BI8";"251810";""
"2020-06-30";"1070001";"1041810";"IT";"S11BI32";"275744482";""
"2020-06-30";"1070001";"1041810";"IT";"S12BI66";"49268172";""
"2020-06-30";"1070001";"1041810";"ITC4";"450";"221413";""
"2020-06-30";"1070001";"1041810";"IT";"SBI59";"1653337018";""
"2020-06-30";"1070001";"1041810";"IT";"SBI9";"5945704";""
"2020-06-30";"1070001";"1041810";"ITC4";"S15";"6636803";""
"2020-06-30";"1070001";"1041810";"ITC41";"S13";"171235";""
"2020-06-30";"1070001";"1041810";"ITC41";"S14BI2";"846108";""
"2020-06-30";"1070001";"1041810";"ITC41";"SBI9";"72129";""
"2020-06-30";"1070001";"1041810";"ITC4";"600";"220017278";""
"2020-06-30";"1070001";"1041810";"ITC4";"S11BI32";"90345563";""
"2020-06-30";"1070001";"1041810";"ITC4";"S11BI8";"3487144";""
"2020-06-30";"1070001";"1041810";"ITC4";"S1313";"1356679";""
"2020-06-30";"1070001";"1041810";"IT";"S128";"11763546";""
"2020-06-30";"1070001";"1041810";"IT";"S1311";"20006906";""
"2020-06-30";"1070001";"1041810";"IT";"S1313";"12089140";""
"2020-06-30";"1070001";"1041810";"ITC4";"S11BI7";"2121331";""
"2020-06-30";"1070001";"1041810";"ITC4";"S124";"18703829";""
"2020-06-30";"1070001";"1041810";"ITC4";"S12BI7";"63901387";""
"2020-06-30";"1070001";"1041810";"ITC4";"S13";"2864367";""
"2020-06-30";"1070001";"1041810";"ITC4";"S1314";"150146";""
"2020-06-30";"1070001";"1041810";"ITC41";"450";"3691";""
"2020-06-30";"1070001";"1041810";"ITC41";"S127";"67563";""
"2020-06-30";"1070001";"1041810";"IT";"450";"783176";""
"2020-06-30";"1070001";"1041810";"IT";"600";"1053238628";""
"2020-06-30";"1070001";"1041810";"IT";"S11";"329139102";""
"2020-06-30";"1070001";"1041810";"IT";"S129";"6595941";""
"2020-06-30";"1070001";"1041810";"IT";"S12BI7";"124035485";""
"2020-06-30";"1070001";"1041810";"IT";"S13";"38892808";""
"2020-06-30";"1070001";"1041810";"ITC4";"S11";"99045373";""
"2020-06-30";"1070001";"1041810";"ITC41";"S11BI7";"168350";""
"2020-06-30";"1070001";"1041810";"ITC41";"S1313";"39048";""
"2020-06-30";"1070001";"1041810";"ITC41";"S15";"313429";""
"2020-06-30";"1070001";"1041810";"IT";"S11BI7";"8241110";""
"2020-06-30";"1070001";"1041810";"IT";"S11BI8";"16581621";""
"2020-06-30";"1070001";"1041810";"ITC4";"S12BI66";"17441546";""
"2020-06-30";"1070001";"1041810";"ITC41";"S128";"16";""
"2020-06-30";"1070001";"1041810";"ITC41";"S12BI7";"135986";""
"2020-06-30";"1070001";"1041810";"ITC41";"S14";"18470034";""
"2020-06-30";"1070001";"1041810";"ITC4";"S11001";"2869921";""
"2020-06-30";"1070001";"1041810";"ITC4";"S14";"233867229";""
"2020-06-30";"1070001";"1041810";"ITC4";"SBI59";"408780784";""
"2020-06-30";"1070001";"1041810";"ITC41";"S124";"3528";""
"2020-06-30";"1070001";"1041810";"ITC41";"S1311";"132182";""
"2020-06-30";"1070001";"1041810";"ITC41";"SBI59";"23675032";""
"2020-05-31";"1070001";"1041810";"ITC41";"S124";"2610";""
"2020-05-31";"1070001";"1041810";"ITC41";"S126";"54982";""
"2020-05-31";"1070001";"1041810";"ITC41";"S128";"2";""
"2020-05-31";"1070001";"1041810";"ITC41";"SBI59";"23633897";""
"2020-05-31";"1070001";"1041810";"ITC4";"450";"241140";""
"2020-05-31";"1070001";"1041810";"ITC4";"S11001";"2837098";""
"2020-05-31";"1070001";"1041810";"ITC4";"S11BI8";"3500791";""
"2020-05-31";"1070001";"1041810";"ITC4";"S1314";"134980";""
"2020-05-31";"1070001";"1041810";"ITC4";"SBI9";"2307421";""
"2020-05-31";"1070001";"1041810";"IT";"S11";"328472091";""
"2020-05-31";"1070001";"1041810";"IT";"S11BI32";"273512516";""
"2020-05-31";"1070001";"1041810";"IT";"S12BI66";"48076529";""
"2020-05-31";"1070001";"1041810";"IT";"S14BI2";"69867290";""
"2020-05-31";"1070001";"1041810";"ITC41";"S11BI8";"244372";""
"2020-05-31";"1070001";"1041810";"ITC41";"S129";"45";""
"2020-05-31";"1070001";"1041810";"ITC41";"S14BI2";"826349";""
"2020-05-31";"1070001";"1041810";"ITC41";"S15";"312841";""
"2020-05-31";"1070001";"1041810";"ITC4";"S11BI7";"2072425";""
"2020-05-31";"1070001";"1041810";"ITC4";"S12BI7";"66796895";""
"2020-05-31";"1070001";"1041810";"ITC4";"S1311";"1416918";""
"2020-05-31";"1070001";"1041810";"ITC4";"S1313";"1373814";""
"2020-05-31";"1070001";"1041810";"ITC4";"S15";"6622367";""
"2020-05-31";"1070001";"1041810";"IT";"S127";"13113019";""
"2020-05-31";"1070001";"1041810";"IT";"S128";"15966504";""
"2020-05-31";"1070001";"1041810";"IT";"S14";"1126049887";""
"2020-05-31";"1070001";"1041810";"IT";"600";"1056182597";""
"2020-05-31";"1070001";"1041810";"IT";"S1314";"6534108";""
"2020-05-31";"1070001";"1041810";"IT";"SBI9";"5776092";""
"2020-05-31";"1070001";"1041810";"ITC41";"450";"4506";""
"2020-05-31";"1070001";"1041810";"ITC41";"S11BI7";"164539";""
"2020-05-31";"1070001";"1041810";"ITC41";"S12BI7";"127308";""
"2020-05-31";"1070001";"1041810";"ITC41";"S13";"176975";""
"2020-05-31";"1070001";"1041810";"ITC41";"S1314";"4";""
"2020-05-31";"1070001";"1041810";"ITC4";"SBI59";"412099840";""
"2020-05-31";"1070001";"1041810";"IT";"S126";"22209732";""
"2020-05-31";"1070001";"1041810";"IT";"S13";"39216690";""
"2020-05-31";"1070001";"1041810";"ITC41";"S11";"4465172";""
"2020-05-31";"1070001";"1041810";"ITC41";"S11001";"101971";""
"2020-05-31";"1070001";"1041810";"ITC41";"S127";"62925";""
"2020-05-31";"1070001";"1041810";"ITC41";"S14";"18477827";""
"2020-05-31";"1070001";"1041810";"ITC4";"600";"220742320";""
"2020-05-31";"1070001";"1041810";"ITC4";"S11";"99115768";""
"2020-05-31";"1070001";"1041810";"ITC4";"S127";"5890659";""
"2020-05-31";"1070001";"1041810";"ITC4";"S14BI2";"13589358";""
"2020-05-31";"1070001";"1041810";"IT";"450";"796016";""
"2020-05-31";"1070001";"1041810";"IT";"S11BI7";"7999782";""
"2020-05-31";"1070001";"1041810";"IT";"S1311";"20444268";""
"2020-05-31";"1070001";"1041810";"IT";"S1313";"12238314";""
"2020-05-31";"1070001";"1041810";"ITC4";"S13";"2925712";""
"2020-05-31";"1070001";"1041810";"ITC41";"600";"17651478";""
"2020-05-31";"1070001";"1041810";"ITC41";"S11BI32";"3949784";""
"2020-05-31";"1070001";"1041810";"ITC41";"SBI9";"73773";""
"2020-05-31";"1070001";"1041810";"ITC4";"S11BI32";"90464314";""
"2020-05-31";"1070001";"1041810";"ITC4";"S124";"18696475";""
"2020-05-31";"1070001";"1041810";"ITC4";"S126";"16554093";""
"2020-05-31";"1070001";"1041810";"ITC4";"S129";"4405537";""
"2020-05-31";"1070001";"1041810";"ITC4";"S14";"234331678";""
"2020-05-31";"1070001";"1041810";"IT";"S11001";"29883060";""
"2020-05-31";"1070001";"1041810";"IT";"S12BI7";"129754991";""
"2020-05-31";"1070001";"1041810";"IT";"S15";"29065224";""
"2020-05-31";"1070001";"1041810";"IT";"S11BI8";"16280716";""
"2020-05-31";"1070001";"1041810";"IT";"S124";"22415274";""
"2020-05-31";"1070001";"1041810";"IT";"S129";"7973933";""
"2020-05-31";"1070001";"1041810";"IT";"SBI59";"1658334974";""
"2020-05-31";"1070001";"1041810";"ITC4";"S128";"4353347";""
"2020-05-31";"1070001";"1041810";"ITC4";"S12BI66";"16896783";""
"2020-05-31";"1070001";"1041810";"ITC41";"S12BI66";"6744";""
"2020-05-31";"1070001";"1041810";"ITC41";"S1311";"140233";""
"2020-05-31";"1070001";"1041810";"ITC41";"S1313";"36737";""
"2020-04-30";"1070001";"1041810";"IT";"S14";"1129154490";""
"2020-04-30";"1070001";"1041810";"ITC41";"SBI59";"23208786";""
"2020-04-30";"1070001";"1041810";"ITC4";"S126";"17537875";""
"2020-04-30";"1070001";"1041810";"ITC41";"450";"4078";""
"2020-04-30";"1070001";"1041810";"ITC41";"S124";"2459";""
"2020-04-30";"1070001";"1041810";"ITC41";"S128";"6";""
"2020-04-30";"1070001";"1041810";"ITC41";"S12BI7";"130219";""
"2020-04-30";"1070001";"1041810";"IT";"S12BI7";"134329082";""
"2020-04-30";"1070001";"1041810";"IT";"S128";"15759174";""
"2020-04-30";"1070001";"1041810";"ITC41";"S1311";"139591";""
"2020-04-30";"1070001";"1041810";"ITC4";"S1313";"1380178";""
"2020-04-30";"1070001";"1041810";"ITC41";"S11";"4004324";""
"2020-04-30";"1070001";"1041810";"ITC41";"S11BI32";"3549201";""
"2020-04-30";"1070001";"1041810";"ITC41";"S12BI66";"6712";""
"2020-04-30";"1070001";"1041810";"ITC4";"450";"246314";""
"2020-04-30";"1070001";"1041810";"IT";"450";"857504";""
"2020-04-30";"1070001";"1041810";"IT";"S126";"23142018";""
"2020-04-30";"1070001";"1041810";"ITC41";"SBI9";"71612";""
"2020-04-30";"1070001";"1041810";"IT";"S15";"29285971";""
"2020-04-30";"1070001";"1041810";"IT";"SBI9";"5987141";""
"2020-04-30";"1070001";"1041810";"ITC4";"S11001";"2615005";""
"2020-04-30";"1070001";"1041810";"ITC4";"S11BI32";"83724945";""
"2020-04-30";"1070001";"1041810";"ITC4";"S1314";"148548";""
"2020-04-30";"1070001";"1041810";"ITC4";"S14BI2";"12850268";""
"2020-04-30";"1070001";"1041810";"ITC4";"S15";"6619953";""
"2020-04-30";"1070001";"1041810";"IT";"S11001";"29562558";""
"2020-04-30";"1070001";"1041810";"IT";"S11BI7";"6826882";""
"2020-04-30";"1070001";"1041810";"ITC41";"S14BI2";"767311";""
"2020-04-30";"1070001";"1041810";"IT";"S13";"39628609";""
"2020-04-30";"1070001";"1041810";"IT";"S14BI2";"66237351";""
"2020-04-30";"1070001";"1041810";"IT";"SBI59";"1642441714";""
"2020-04-30";"1070001";"1041810";"ITC41";"600";"17748886";""
"2020-04-30";"1070001";"1041810";"ITC41";"S11BI7";"137493";""
"2020-04-30";"1070001";"1041810";"ITC41";"S126";"51499";""
"2020-04-30";"1070001";"1041810";"ITC41";"S129";"45";""
"2020-04-30";"1070001";"1041810";"ITC4";"600";"222328864";""
"2020-04-30";"1070001";"1041810";"IT";"S11";"304056420";""
"2020-04-30";"1070001";"1041810";"IT";"S11BI32";"252261410";""
"2020-04-30";"1070001";"1041810";"IT";"S11BI8";"14548066";""
"2020-04-30";"1070001";"1041810";"ITC41";"S14";"18516197";""
"2020-04-30";"1070001";"1041810";"ITC4";"S11BI7";"1759510";""
"2020-04-30";"1070001";"1041810";"ITC4";"S11BI8";"3103300";""
"2020-04-30";"1070001";"1041810";"ITC4";"S124";"19943907";""
"2020-04-30";"1070001";"1041810";"ITC4";"S127";"6513105";""
"2020-04-30";"1070001";"1041810";"ITC4";"S128";"3924913";""
"2020-04-30";"1070001";"1041810";"ITC4";"S129";"4310562";""
"2020-04-30";"1070001";"1041810";"ITC4";"S14";"235179131";""
"2020-04-30";"1070001";"1041810";"ITC4";"SBI59";"409346010";""
"2020-04-30";"1070001";"1041810";"IT";"600";"1062917139";""
"2020-04-30";"1070001";"1041810";"ITC41";"S1314";"4";""
"2020-04-30";"1070001";"1041810";"IT";"S1314";"6217373";""
"2020-04-30";"1070001";"1041810";"ITC41";"S13";"178072";""
"2020-04-30";"1070001";"1041810";"ITC4";"SBI9";"2504466";""
"2020-04-30";"1070001";"1041810";"ITC41";"S11BI8";"214369";""
"2020-04-30";"1070001";"1041810";"ITC4";"S11";"91449074";""
"2020-04-30";"1070001";"1041810";"ITC41";"S1313";"38476";""
"2020-04-30";"1070001";"1041810";"ITC41";"S15";"308362";""
"2020-04-30";"1070001";"1041810";"ITC4";"S12BI7";"70631451";""
"2020-04-30";"1070001";"1041810";"ITC4";"S13";"2961934";""
"2020-04-30";"1070001";"1041810";"IT";"S1313";"12135038";""
"2020-04-30";"1070001";"1041810";"IT";"S12BI66";"49908827";""
"2020-04-30";"1070001";"1041810";"IT";"S1311";"21276199";""
"2020-04-30";"1070001";"1041810";"IT";"S124";"23786053";""
"2020-04-30";"1070001";"1041810";"IT";"S127";"13474463";""
"2020-04-30";"1070001";"1041810";"IT";"S129";"8258547";""
"2020-04-30";"1070001";"1041810";"ITC4";"S12BI66";"18401089";""
"2020-04-30";"1070001";"1041810";"ITC4";"S1311";"1433207";""
"2020-04-30";"1070001";"1041810";"ITC41";"S11001";"99183";""
"2020-04-30";"1070001";"1041810";"ITC41";"S127";"69499";""
"2020-03-31";"1070001";"1041810";"ITC4";"S11BI7";"1718189";""
"2020-03-31";"1070001";"1041810";"ITC4";"S11BI8";"3028195";""
"2020-03-31";"1070001";"1041810";"ITC4";"S1311";"1413250";""
"2020-03-31";"1070001";"1041810";"IT";"S11BI8";"14273653";""
"2020-03-31";"1070001";"1041810";"IT";"S129";"6928454";""
"2020-03-31";"1070001";"1041810";"IT";"S13";"46129171";""
"2020-03-31";"1070001";"1041810";"IT";"S1311";"27231268";""
"2020-03-31";"1070001";"1041810";"IT";"450";"828843";""
"2020-03-31";"1070001";"1041810";"ITC41";"S127";"77673";""
"2020-03-31";"1070001";"1041810";"ITC41";"S13";"179879";""
"2020-03-31";"1070001";"1041810";"ITC41";"S1311";"141474";""
"2020-03-31";"1070001";"1041810";"ITC4";"S1313";"1394174";""
"2020-03-31";"1070001";"1041810";"IT";"S14";"1121272980";""
"2020-03-31";"1070001";"1041810";"ITC41";"S14BI2";"749552";""
"2020-03-31";"1070001";"1041810";"ITC41";"SBI59";"23008426";""
"2020-03-31";"1070001";"1041810";"ITC41";"600";"17664848";""
"2020-03-31";"1070001";"1041810";"ITC41";"S11001";"97786";""
"2020-03-31";"1070001";"1041810";"IT";"S124";"24827415";""
"2020-03-31";"1070001";"1041810";"IT";"S128";"12479393";""
"2020-03-31";"1070001";"1041810";"ITC41";"S11BI8";"211446";""
"2020-03-31";"1070001";"1041810";"ITC41";"S124";"1423";""
"2020-03-31";"1070001";"1041810";"ITC41";"S11";"3897962";""
"2020-03-31";"1070001";"1041810";"ITC4";"600";"221124992";""
"2020-03-31";"1070001";"1041810";"ITC4";"S11";"90326607";""
"2020-03-31";"1070001";"1041810";"ITC4";"S11001";"2607628";""
"2020-03-31";"1070001";"1041810";"ITC4";"S126";"16223046";""
"2020-03-31";"1070001";"1041810";"ITC4";"S12BI7";"68360246";""
"2020-03-31";"1070001";"1041810";"IT";"S11BI7";"6671751";""
"2020-03-31";"1070001";"1041810";"IT";"S1314";"6515115";""
"2020-03-31";"1070001";"1041810";"IT";"SBI59";"1630906909";""
"2020-03-31";"1070001";"1041810";"ITC41";"S14";"18414400";""
"2020-03-31";"1070001";"1041810";"ITC41";"SBI9";"73373";""
"2020-03-31";"1070001";"1041810";"ITC4";"SBI59";"404369381";""
"2020-03-31";"1070001";"1041810";"ITC4";"S124";"20897441";""
"2020-03-31";"1070001";"1041810";"IT";"S126";"20940252";""
"2020-03-31";"1070001";"1041810";"IT";"S1313";"12382788";""
"2020-03-31";"1070001";"1041810";"IT";"S15";"29264899";""
"2020-03-31";"1070001";"1041810";"IT";"SBI9";"5926152";""
"2020-03-31";"1070001";"1041810";"ITC4";"SBI9";"2399768";""
"2020-03-31";"1070001";"1041810";"ITC4";"S128";"3623314";""
"2020-03-31";"1070001";"1041810";"ITC4";"S129";"3160522";""
"2020-03-31";"1070001";"1041810";"ITC4";"S12BI66";"18278578";""
"2020-03-31";"1070001";"1041810";"ITC4";"S13";"2951409";""
"2020-03-31";"1070001";"1041810";"IT";"S11BI32";"247717401";""
"2020-03-31";"1070001";"1041810";"IT";"S127";"13148121";""
"2020-03-31";"1070001";"1041810";"IT";"S12BI66";"50687164";""
"2020-03-31";"1070001";"1041810";"IT";"S12BI7";"129010799";""
"2020-03-31";"1070001";"1041810";"IT";"S14BI2";"65012833";""
"2020-03-31";"1070001";"1041810";"ITC41";"S129";"45";""
"2020-03-31";"1070001";"1041810";"ITC4";"S1314";"143986";""
"2020-03-31";"1070001";"1041810";"ITC41";"S11BI32";"3452143";""
"2020-03-31";"1070001";"1041810";"IT";"S11001";"29811261";""
"2020-03-31";"1070001";"1041810";"ITC4";"S14BI2";"12578989";""
"2020-03-31";"1070001";"1041810";"ITC4";"S15";"6627369";""
"2020-03-31";"1070001";"1041810";"ITC41";"450";"3504";""
"2020-03-31";"1070001";"1041810";"ITC41";"S128";"2";""
"2020-03-31";"1070001";"1041810";"ITC41";"S12BI7";"134733";""
"2020-03-31";"1070001";"1041810";"ITC41";"S1314";"10";""
"2020-03-31";"1070001";"1041810";"ITC4";"450";"223568";""
"2020-03-31";"1070001";"1041810";"ITC4";"S11BI32";"82749027";""
"2020-03-31";"1070001";"1041810";"ITC4";"S127";"6177346";""
"2020-03-31";"1070001";"1041810";"IT";"600";"1056260147";""
"2020-03-31";"1070001";"1041810";"IT";"S11";"299302908";""
"2020-03-31";"1070001";"1041810";"ITC41";"S12BI66";"9701";""
"2020-03-31";"1070001";"1041810";"ITC41";"S1313";"38395";""
"2020-03-31";"1070001";"1041810";"ITC41";"S15";"308080";""
"2020-03-31";"1070001";"1041810";"ITC4";"S14";"233703981";""
"2020-03-31";"1070001";"1041810";"ITC41";"S11BI7";"133082";""
"2020-03-31";"1070001";"1041810";"ITC41";"S126";"45889";""
"2020-02-29";"1070001";"1041810";"ITC4";"450";"214266";""
"2020-02-29";"1070001";"1041810";"ITC4";"S11BI8";"3178209";""
"2020-02-29";"1070001";"1041810";"ITC4";"S12BI7";"69085005";""
"2020-02-29";"1070001";"1041810";"ITC41";"S12BI66";"10392";""
"2020-02-29";"1070001";"1041810";"IT";"S1313";"12348281";""
"2020-02-29";"1070001";"1041810";"IT";"S1314";"6994453";""
"2020-02-29";"1070001";"1041810";"IT";"SBI59";"1623698716";""
"2020-02-29";"1070001";"1041810";"ITC41";"450";"3490";""
"2020-02-29";"1070001";"1041810";"ITC41";"S11BI8";"225119";""
"2020-02-29";"1070001";"1041810";"ITC41";"S15";"314186";""
"2020-02-29";"1070001";"1041810";"ITC4";"S11";"90469470";""
"2020-02-29";"1070001";"1041810";"ITC4";"S11BI32";"82408563";""
"2020-02-29";"1070001";"1041810";"ITC4";"S124";"21867444";""
"2020-02-29";"1070001";"1041810";"ITC4";"S126";"16331607";""
"2020-02-29";"1070001";"1041810";"ITC4";"S127";"6273073";""
"2020-02-29";"1070001";"1041810";"ITC4";"S128";"4185912";""
"2020-02-29";"1070001";"1041810";"ITC4";"S1314";"157749";""
"2020-02-29";"1070001";"1041810";"ITC41";"S126";"46870";""
"2020-02-29";"1070001";"1041810";"IT";"S11001";"27742344";""
"2020-02-29";"1070001";"1041810";"IT";"S11BI7";"7088606";""
"2020-02-29";"1070001";"1041810";"IT";"S126";"21570590";""
"2020-02-29";"1070001";"1041810";"IT";"S127";"13327150";""
"2020-02-29";"1070001";"1041810";"IT";"S128";"14316128";""
"2020-02-29";"1070001";"1041810";"IT";"S12BI7";"130207169";""
"2020-02-29";"1070001";"1041810";"ITC4";"S11BI7";"1850518";""
"2020-02-29";"1070001";"1041810";"ITC4";"S12BI66";"17759120";""
"2020-02-29";"1070001";"1041810";"ITC4";"S1313";"1389147";""
"2020-02-29";"1070001";"1041810";"ITC4";"SBI9";"2395108";""
"2020-02-29";"1070001";"1041810";"ITC41";"S12BI7";"115284";""
"2020-02-29";"1070001";"1041810";"ITC41";"S13";"185976";""
"2020-02-29";"1070001";"1041810";"ITC41";"S1314";"9";""
"2020-02-29";"1070001";"1041810";"ITC4";"S11001";"2817915";""
"2020-02-29";"1070001";"1041810";"ITC4";"SBI59";"400653583";""
"2020-02-29";"1070001";"1041810";"IT";"S11BI32";"246262277";""
"2020-02-29";"1070001";"1041810";"IT";"S124";"25336667";""
"2020-02-29";"1070001";"1041810";"ITC41";"S124";"2650";""
"2020-02-29";"1070001";"1041810";"IT";"S12BI66";"49418690";""
"2020-02-29";"1070001";"1041810";"IT";"450";"848972";""
"2020-02-29";"1070001";"1041810";"ITC4";"S1311";"1420833";""
"2020-02-29";"1070001";"1041810";"ITC4";"S14";"229066230";""
"2020-02-29";"1070001";"1041810";"ITC4";"S14BI2";"12589739";""
"2020-02-29";"1070001";"1041810";"ITC41";"S127";"55325";""
"2020-02-29";"1070001";"1041810";"ITC41";"S1311";"146093";""
"2020-02-29";"1070001";"1041810";"ITC41";"S1313";"39875";""
"2020-02-29";"1070001";"1041810";"IT";"S14BI2";"65327914";""
"2020-02-29";"1070001";"1041810";"IT";"S15";"29576972";""
"2020-02-29";"1070001";"1041810";"IT";"SBI9";"6007805";""
"2020-02-29";"1070001";"1041810";"ITC41";"600";"17349308";""
"2020-02-29";"1070001";"1041810";"ITC41";"S11";"4032032";""
"2020-02-29";"1070001";"1041810";"ITC41";"S11BI32";"3565724";""
"2020-02-29";"1070001";"1041810";"ITC4";"600";"216476491";""
"2020-02-29";"1070001";"1041810";"ITC4";"S129";"2667849";""
"2020-02-29";"1070001";"1041810";"ITC4";"S15";"6670041";""
"2020-02-29";"1070001";"1041810";"IT";"S11BI8";"15051262";""
"2020-02-29";"1070001";"1041810";"ITC41";"S128";"1";""
"2020-02-29";"1070001";"1041810";"ITC41";"S14";"18109752";""
"2020-02-29";"1070001";"1041810";"ITC41";"SBI59";"22831374";""
"2020-02-29";"1070001";"1041810";"ITC41";"SBI9";"74143";""
"2020-02-29";"1070001";"1041810";"IT";"S11";"296993460";""
"2020-02-29";"1070001";"1041810";"ITC4";"S13";"2967728";""
"2020-02-29";"1070001";"1041810";"ITC41";"S11001";"96691";""
"2020-02-29";"1070001";"1041810";"ITC41";"S11BI7";"141008";""
"2020-02-29";"1070001";"1041810";"ITC41";"S129";"45";""
"2020-02-29";"1070001";"1041810";"ITC41";"S14BI2";"760444";""
"2020-02-29";"1070001";"1041810";"IT";"S129";"6237944";""
"2020-02-29";"1070001";"1041810";"IT";"S13";"57813667";""
"2020-02-29";"1070001";"1041810";"IT";"S1311";"38470933";""
"2020-02-29";"1070001";"1041810";"IT";"S14";"1103099643";""
"2020-02-29";"1070001";"1041810";"IT";"600";"1037771728";""
"2020-01-31";"1070001";"1041810";"ITC4";"S12BI7";"69339313";""
"2020-01-31";"1070001";"1041810";"ITC4";"S129";"3156057";""
"2020-01-31";"1070001";"1041810";"IT";"S14";"1094741195";""
"2020-01-31";"1070001";"1041810";"IT";"SBI59";"1602371056";""
"2020-01-31";"1070001";"1041810";"ITC4";"S14BI2";"12099495";""
"2020-01-31";"1070001";"1041810";"ITC4";"S15";"6779691";""
"2020-01-31";"1070001";"1041810";"ITC41";"450";"3417";""
"2020-01-31";"1070001";"1041810";"ITC41";"SBI59";"22368202";""
"2020-01-31";"1070001";"1041810";"ITC4";"S1311";"1406864";""
"2020-01-31";"1070001";"1041810";"ITC4";"S1314";"133432";""
"2020-01-31";"1070001";"1041810";"ITC4";"600";"214794688";""
"2020-01-31";"1070001";"1041810";"IT";"S126";"21977721";""
"2020-01-31";"1070001";"1041810";"ITC41";"S126";"58461";""
"2020-01-31";"1070001";"1041810";"ITC41";"S12BI66";"10631";""
"2020-01-31";"1070001";"1041810";"ITC4";"S11";"86430654";""
"2020-01-31";"1070001";"1041810";"ITC4";"S127";"5810124";""
"2020-01-31";"1070001";"1041810";"IT";"S15";"29439852";""
"2020-01-31";"1070001";"1041810";"ITC4";"SBI9";"2760348";""
"2020-01-31";"1070001";"1041810";"IT";"S11001";"27658018";""
"2020-01-31";"1070001";"1041810";"ITC41";"S124";"4410";""
"2020-01-31";"1070001";"1041810";"ITC41";"SBI9";"70181";""
"2020-01-31";"1070001";"1041810";"IT";"S1311";"37586252";""
"2020-01-31";"1070001";"1041810";"ITC4";"450";"206503";""
"2020-01-31";"1070001";"1041810";"ITC4";"S124";"20830383";""
"2020-01-31";"1070001";"1041810";"ITC4";"S13";"2977437";""
"2020-01-31";"1070001";"1041810";"IT";"S11BI32";"234721940";""
"2020-01-31";"1070001";"1041810";"ITC41";"S11BI32";"3309080";""
"2020-01-31";"1070001";"1041810";"ITC41";"S129";"39";""
"2020-01-31";"1070001";"1041810";"ITC41";"S13";"183692";""
"2020-01-31";"1070001";"1041810";"ITC41";"S14BI2";"703239";""
"2020-01-31";"1070001";"1041810";"IT";"S1313";"12584985";""
"2020-01-31";"1070001";"1041810";"IT";"450";"832592";""
"2020-01-31";"1070001";"1041810";"IT";"600";"1031060919";""
"2020-01-31";"1070001";"1041810";"ITC41";"S11";"3746679";""
"2020-01-31";"1070001";"1041810";"ITC4";"S12BI66";"19007405";""
"2020-01-31";"1070001";"1041810";"ITC4";"S128";"4106688";""
"2020-01-31";"1070001";"1041810";"IT";"S1314";"6997451";""
"2020-01-31";"1070001";"1041810";"IT";"S128";"13387946";""
"2020-01-31";"1070001";"1041810";"IT";"S11BI8";"14054645";""
"2020-01-31";"1070001";"1041810";"ITC41";"S1311";"141446";""
"2020-01-31";"1070001";"1041810";"ITC41";"S15";"310707";""
"2020-01-31";"1070001";"1041810";"ITC4";"S14";"226894184";""
"2020-01-31";"1070001";"1041810";"ITC41";"600";"17231007";""
"2020-01-31";"1070001";"1041810";"ITC4";"S126";"16428655";""
"2020-01-31";"1070001";"1041810";"IT";"SBI9";"6285963";""
"2020-01-31";"1070001";"1041810";"IT";"S11BI7";"6465518";""
"2020-01-31";"1070001";"1041810";"IT";"S124";"24627903";""
"2020-01-31";"1070001";"1041810";"IT";"S129";"7257889";""
"2020-01-31";"1070001";"1041810";"ITC41";"S128";"7";""
"2020-01-31";"1070001";"1041810";"ITC41";"S1314";"4";""
"2020-01-31";"1070001";"1041810";"IT";"S14BI2";"63680277";""
"2020-01-31";"1070001";"1041810";"ITC41";"S11001";"97317";""
"2020-01-31";"1070001";"1041810";"ITC4";"S1313";"1437141";""
"2020-01-31";"1070001";"1041810";"ITC41";"S11BI8";"206561";""
"2020-01-31";"1070001";"1041810";"ITC41";"S127";"49148";""
"2020-01-31";"1070001";"1041810";"ITC41";"S14";"17934246";""
"2020-01-31";"1070001";"1041810";"IT";"S12BI66";"50722106";""
"2020-01-31";"1070001";"1041810";"ITC4";"S11001";"2840678";""
"2020-01-31";"1070001";"1041810";"ITC4";"S11BI32";"78786856";""
"2020-01-31";"1070001";"1041810";"ITC4";"S11BI7";"1656768";""
"2020-01-31";"1070001";"1041810";"ITC4";"S11BI8";"2939849";""
"2020-01-31";"1070001";"1041810";"ITC4";"SBI59";"395181627";""
"2020-01-31";"1070001";"1041810";"IT";"S11";"283732713";""
"2020-01-31";"1070001";"1041810";"IT";"S127";"13029080";""
"2020-01-31";"1070001";"1041810";"ITC41";"S12BI7";"122696";""
"2020-01-31";"1070001";"1041810";"ITC41";"S1313";"42242";""
"2020-01-31";"1070001";"1041810";"IT";"S12BI7";"131002644";""
"2020-01-31";"1070001";"1041810";"IT";"S13";"57168689";""
"2020-01-31";"1070001";"1041810";"ITC41";"S11BI7";"130304";""
"2019-12-31";"1070001";"1041810";"IT";"S11BI32";"246029743";""
"2019-12-31";"1070001";"1041810";"IT";"S11BI7";"6831876";""
"2019-12-31";"1070001";"1041810";"ITC4";"S11001";"3000395";""
"2019-12-31";"1070001";"1041810";"IT";"S1314";"6982081";""
"2019-12-31";"1070001";"1041810";"IT";"S1313";"12224399";""
"2019-12-31";"1070001";"1041810";"ITC41";"S11BI7";"139895";""
"2019-12-31";"1070001";"1041810";"IT";"S124";"24128850";""
"2019-12-31";"1070001";"1041810";"ITC4";"S13";"2848060";""
"2019-12-31";"1070001";"1041810";"ITC4";"S14";"227124416";""
"2019-12-31";"1070001";"1041810";"IT";"S14BI2";"63712389";""
"2019-12-31";"1070001";"1041810";"IT";"S15";"29546439";""
"2019-12-31";"1070001";"1041810";"ITC4";"S11BI7";"1764444";""
"2019-12-31";"1070001";"1041810";"IT";"S12BI7";"131081188";""
"2019-12-31";"1070001";"1041810";"IT";"SBI9";"6432319";""
"2019-12-31";"1070001";"1041810";"IT";"S11BI8";"14418298";""
"2019-12-31";"1070001";"1041810";"ITC41";"600";"17272143";""
"2019-12-31";"1070001";"1041810";"ITC41";"S129";"39";""
"2019-12-31";"1070001";"1041810";"ITC41";"S12BI7";"133176";""
"2019-12-31";"1070001";"1041810";"ITC4";"S11BI32";"82881572";""
"2019-12-31";"1070001";"1041810";"ITC4";"S127";"5642445";""
"2019-12-31";"1070001";"1041810";"IT";"S13";"49518021";""
"2019-12-31";"1070001";"1041810";"IT";"S1311";"30311541";""
"2019-12-31";"1070001";"1041810";"ITC41";"S124";"2346";""
"2019-12-31";"1070001";"1041810";"ITC41";"S14BI2";"709411";""
"2019-12-31";"1070001";"1041810";"IT";"S11";"296592170";""
"2019-12-31";"1070001";"1041810";"ITC41";"S11001";"97448";""
"2019-12-31";"1070001";"1041810";"ITC41";"S14";"17981553";""
"2019-12-31";"1070001";"1041810";"ITC41";"S11BI8";"212928";""
"2019-12-31";"1070001";"1041810";"ITC41";"S126";"61956";""
"2019-12-31";"1070001";"1041810";"ITC4";"S12BI7";"68108641";""
"2019-12-31";"1070001";"1041810";"ITC4";"S14BI2";"12010257";""
"2019-12-31";"1070001";"1041810";"ITC41";"450";"3561";""
"2019-12-31";"1070001";"1041810";"IT";"S126";"21179034";""
"2019-12-31";"1070001";"1041810";"ITC4";"S124";"20736643";""
"2019-12-31";"1070001";"1041810";"IT";"S11001";"28494803";""
"2019-12-31";"1070001";"1041810";"ITC41";"S127";"57132";""
"2019-12-31";"1070001";"1041810";"ITC41";"S128";"4";""
"2019-12-31";"1070001";"1041810";"ITC41";"S1311";"145428";""
"2019-12-31";"1070001";"1041810";"IT";"450";"817450";""
"2019-12-31";"1070001";"1041810";"IT";"S12BI66";"54973661";""
"2019-12-31";"1070001";"1041810";"ITC41";"SBI59";"22719173";""
"2019-12-31";"1070001";"1041810";"IT";"SBI59";"1607829140";""
"2019-12-31";"1070001";"1041810";"ITC4";"S1314";"144598";""
"2019-12-31";"1070001";"1041810";"ITC4";"SBI9";"2843479";""
"2019-12-31";"1070001";"1041810";"ITC41";"S13";"176526";""
"2019-12-31";"1070001";"1041810";"ITC4";"S11BI8";"2997547";""
"2019-12-31";"1070001";"1041810";"ITC41";"S1313";"31095";""
"2019-12-31";"1070001";"1041810";"ITC41";"S11BI32";"3590581";""
"2019-12-31";"1070001";"1041810";"IT";"S129";"7042010";""
"2019-12-31";"1070001";"1041810";"ITC4";"S1313";"1303963";""
"2019-12-31";"1070001";"1041810";"ITC41";"S12BI66";"11699";""
"2019-12-31";"1070001";"1041810";"ITC4";"450";"219053";""
"2019-12-31";"1070001";"1041810";"ITC4";"S11";"90863011";""
"2019-12-31";"1070001";"1041810";"ITC4";"S126";"15940385";""
"2019-12-31";"1070001";"1041810";"IT";"S127";"13235259";""
"2019-12-31";"1070001";"1041810";"IT";"S128";"10522374";""
"2019-12-31";"1070001";"1041810";"ITC41";"S11";"4044413";""
"2019-12-31";"1070001";"1041810";"ITC4";"S128";"2904254";""
"2019-12-31";"1070001";"1041810";"ITC4";"S129";"2605065";""
"2019-12-31";"1070001";"1041810";"ITC4";"S12BI66";"20279849";""
"2019-12-31";"1070001";"1041810";"ITC4";"S1311";"1399499";""
"2019-12-31";"1070001";"1041810";"ITC4";"600";"215114159";""
"2019-12-31";"1070001";"1041810";"IT";"600";"1030946613";""
"2019-12-31";"1070001";"1041810";"IT";"S14";"1094659003";""
"2019-12-31";"1070001";"1041810";"ITC41";"S1314";"3";""
"2019-12-31";"1070001";"1041810";"ITC41";"S15";"313722";""
"2019-12-31";"1070001";"1041810";"ITC41";"SBI9";"69783";""
"2019-12-31";"1070001";"1041810";"ITC4";"S15";"6602953";""
"2019-12-31";"1070001";"1041810";"ITC4";"SBI59";"398390560";""
"2019-11-30";"1070001";"1041810";"IT";"S14BI2";"65491524";""
"2019-11-30";"1070001";"1041810";"ITC41";"S14BI2";"749443";""
"2019-11-30";"1070001";"1041810";"ITC41";"S1311";"152227";""
"2019-11-30";"1070001";"1041810";"ITC41";"S126";"46003";""
"2019-11-30";"1070001";"1041810";"ITC41";"S127";"72978";""
"2019-11-30";"1070001";"1041810";"IT";"S15";"30219135";""
"2019-11-30";"1070001";"1041810";"ITC4";"S12BI66";"19083605";""
"2019-11-30";"1070001";"1041810";"ITC4";"S12BI7";"71251720";""
"2019-11-30";"1070001";"1041810";"IT";"S11BI8";"15796918";""
"2019-11-30";"1070001";"1041810";"IT";"S128";"15523839";""
"2019-11-30";"1070001";"1041810";"IT";"S129";"5997359";""
"2019-11-30";"1070001";"1041810";"IT";"S11001";"26605173";""
"2019-11-30";"1070001";"1041810";"ITC4";"S14";"224975859";""
"2019-11-30";"1070001";"1041810";"ITC41";"600";"17023497";""
"2019-11-30";"1070001";"1041810";"ITC41";"S11";"4318374";""
"2019-11-30";"1070001";"1041810";"ITC41";"S11BI8";"236274";""
"2019-11-30";"1070001";"1041810";"ITC4";"S1313";"1307410";""
"2019-11-30";"1070001";"1041810";"ITC4";"S11001";"3285724";""
"2019-11-30";"1070001";"1041810";"ITC41";"S12BI7";"131076";""
"2019-11-30";"1070001";"1041810";"ITC41";"S15";"323740";""
"2019-11-30";"1070001";"1041810";"IT";"S127";"13343122";""
"2019-11-30";"1070001";"1041810";"IT";"600";"1018464436";""
"2019-11-30";"1070001";"1041810";"ITC41";"S11BI7";"158765";""
"2019-11-30";"1070001";"1041810";"ITC4";"SBI9";"2595482";""
"2019-11-30";"1070001";"1041810";"IT";"SBI59";"1628566772";""
"2019-11-30";"1070001";"1041810";"IT";"S1314";"8056369";""
"2019-11-30";"1070001";"1041810";"ITC41";"S13";"186032";""
"2019-11-30";"1070001";"1041810";"ITC41";"S124";"3680";""
"2019-11-30";"1070001";"1041810";"ITC41";"S1314";"4";""
"2019-11-30";"1070001";"1041810";"ITC41";"SBI59";"22801429";""
"2019-11-30";"1070001";"1041810";"IT";"S124";"26610360";""
"2019-11-30";"1070001";"1041810";"IT";"SBI9";"6278968";""
"2019-11-30";"1070001";"1041810";"IT";"S12BI7";"135051516";""
"2019-11-30";"1070001";"1041810";"ITC4";"600";"212352196";""
"2019-11-30";"1070001";"1041810";"ITC4";"S11BI32";"88911181";""
"2019-11-30";"1070001";"1041810";"ITC4";"S126";"16288200";""
"2019-11-30";"1070001";"1041810";"ITC4";"S14BI2";"12623662";""
"2019-11-30";"1070001";"1041810";"ITC4";"S1314";"137517";""
"2019-11-30";"1070001";"1041810";"IT";"S1313";"12423765";""
"2019-11-30";"1070001";"1041810";"ITC4";"450";"235809";""
"2019-11-30";"1070001";"1041810";"ITC4";"S11";"97727206";""
"2019-11-30";"1070001";"1041810";"ITC4";"S127";"5682913";""
"2019-11-30";"1070001";"1041810";"IT";"S12BI66";"52021105";""
"2019-11-30";"1070001";"1041810";"IT";"S14";"1083955959";""
"2019-11-30";"1070001";"1041810";"ITC4";"S1311";"1362640";""
"2019-11-30";"1070001";"1041810";"ITC4";"S11BI7";"2004511";""
"2019-11-30";"1070001";"1041810";"ITC4";"S11BI8";"3289982";""
"2019-11-30";"1070001";"1041810";"ITC4";"S124";"23369504";""
"2019-11-30";"1070001";"1041810";"IT";"S11BI7";"7654880";""
"2019-11-30";"1070001";"1041810";"ITC4";"S129";"2529558";""
"2019-11-30";"1070001";"1041810";"IT";"S13";"64144367";""
"2019-11-30";"1070001";"1041810";"IT";"S1311";"43664233";""
"2019-11-30";"1070001";"1041810";"ITC4";"S15";"6698761";""
"2019-11-30";"1070001";"1041810";"ITC41";"S11001";"99164";""
"2019-11-30";"1070001";"1041810";"ITC41";"S11BI32";"3820531";""
"2019-11-30";"1070001";"1041810";"ITC4";"S128";"4297941";""
"2019-11-30";"1070001";"1041810";"ITC41";"S129";"39";""
"2019-11-30";"1070001";"1041810";"ITC41";"SBI9";"69267";""
"2019-11-30";"1070001";"1041810";"ITC4";"S13";"2807568";""
"2019-11-30";"1070001";"1041810";"ITC4";"SBI59";"406056596";""
"2019-11-30";"1070001";"1041810";"ITC41";"S12BI66";"8373";""
"2019-11-30";"1070001";"1041810";"ITC41";"S1313";"33802";""
"2019-11-30";"1070001";"1041810";"ITC41";"S14";"17772940";""
"2019-11-30";"1070001";"1041810";"IT";"S126";"21555731";""
"2019-11-30";"1070001";"1041810";"IT";"450";"878601";""
"2019-11-30";"1070001";"1041810";"IT";"S11";"308916827";""
"2019-11-30";"1070001";"1041810";"IT";"S11BI32";"257981254";""
"2019-11-30";"1070001";"1041810";"ITC41";"450";"3641";""
"2019-11-30";"1070001";"1041810";"ITC41";"S128";"2";""
"2019-10-31";"1070001";"1041810";"ITC4";"S128";"4547406";""
"2019-10-31";"1070001";"1041810";"IT";"S1314";"7745487";""
"2019-10-31";"1070001";"1041810";"IT";"SBI59";"1610613382";""
"2019-10-31";"1070001";"1041810";"ITC4";"S12BI7";"70603522";""
"2019-10-31";"1070001";"1041810";"ITC4";"S1314";"160244";""
"2019-10-31";"1070001";"1041810";"ITC41";"S11BI32";"3576906";""
"2019-10-31";"1070001";"1041810";"ITC4";"600";"211326317";""
"2019-10-31";"1070001";"1041810";"ITC4";"S11BI32";"84339312";""
"2019-10-31";"1070001";"1041810";"ITC4";"S11BI7";"1898102";""
"2019-10-31";"1070001";"1041810";"ITC4";"S126";"16341783";""
"2019-10-31";"1070001";"1041810";"ITC4";"S127";"5757352";""
"2019-10-31";"1070001";"1041810";"ITC41";"S124";"4765";""
"2019-10-31";"1070001";"1041810";"ITC41";"S14BI2";"734977";""
"2019-10-31";"1070001";"1041810";"IT";"S11BI32";"244977580";""
"2019-10-31";"1070001";"1041810";"IT";"S124";"25797380";""
"2019-10-31";"1070001";"1041810";"IT";"S1313";"12190981";""
"2019-10-31";"1070001";"1041810";"ITC4";"S14BI2";"12337245";""
"2019-10-31";"1070001";"1041810";"ITC4";"S11001";"3486702";""
"2019-10-31";"1070001";"1041810";"ITC41";"S15";"327377";""
"2019-10-31";"1070001";"1041810";"ITC41";"SBI9";"72147";""
"2019-10-31";"1070001";"1041810";"ITC41";"S127";"74008";""
"2019-10-31";"1070001";"1041810";"IT";"S127";"13054813";""
"2019-10-31";"1070001";"1041810";"IT";"SBI9";"6605787";""
"2019-10-31";"1070001";"1041810";"ITC4";"S13";"2763873";""
"2019-10-31";"1070001";"1041810";"ITC4";"S1313";"1307596";""
"2019-10-31";"1070001";"1041810";"ITC41";"S126";"46687";""
"2019-10-31";"1070001";"1041810";"ITC4";"450";"231789";""
"2019-10-31";"1070001";"1041810";"IT";"S11BI7";"7339963";""
"2019-10-31";"1070001";"1041810";"IT";"S14BI2";"64545346";""
"2019-10-31";"1070001";"1041810";"ITC4";"SBI9";"2854082";""
"2019-10-31";"1070001";"1041810";"ITC41";"S11";"4066454";""
"2019-10-31";"1070001";"1041810";"ITC4";"S12BI66";"18264631";""
"2019-10-31";"1070001";"1041810";"ITC4";"S1311";"1296034";""
"2019-10-31";"1070001";"1041810";"ITC41";"S129";"39";""
"2019-10-31";"1070001";"1041810";"IT";"S11";"296723263";""
"2019-10-31";"1070001";"1041810";"IT";"S11BI8";"15564594";""
"2019-10-31";"1070001";"1041810";"IT";"S129";"7908264";""
"2019-10-31";"1070001";"1041810";"IT";"S15";"30601294";""
"2019-10-31";"1070001";"1041810";"IT";"450";"856837";""
"2019-10-31";"1070001";"1041810";"ITC41";"S12BI66";"8547";""
"2019-10-31";"1070001";"1041810";"ITC41";"S1314";"4";""
"2019-10-31";"1070001";"1041810";"ITC4";"S11";"93143254";""
"2019-10-31";"1070001";"1041810";"ITC4";"S124";"22616486";""
"2019-10-31";"1070001";"1041810";"IT";"600";"1015013427";""
"2019-10-31";"1070001";"1041810";"IT";"S128";"14040355";""
"2019-10-31";"1070001";"1041810";"IT";"S12BI66";"49523672";""
"2019-10-31";"1070001";"1041810";"ITC41";"600";"16876542";""
"2019-10-31";"1070001";"1041810";"ITC41";"S11001";"103194";""
"2019-10-31";"1070001";"1041810";"ITC41";"S11BI7";"153050";""
"2019-10-31";"1070001";"1041810";"ITC41";"S128";"7";""
"2019-10-31";"1070001";"1041810";"ITC41";"S13";"184636";""
"2019-10-31";"1070001";"1041810";"ITC41";"S1311";"151233";""
"2019-10-31";"1070001";"1041810";"IT";"S13";"64886599";""
"2019-10-31";"1070001";"1041810";"IT";"S14";"1079558772";""
"2019-10-31";"1070001";"1041810";"ITC4";"S14";"223663562";""
"2019-10-31";"1070001";"1041810";"ITC4";"SBI59";"399785742";""
"2019-10-31";"1070001";"1041810";"ITC41";"450";"3596";""
"2019-10-31";"1070001";"1041810";"ITC41";"S11BI8";"229708";""
"2019-10-31";"1070001";"1041810";"ITC41";"S1313";"33399";""
"2019-10-31";"1070001";"1041810";"ITC41";"S14";"17611519";""
"2019-10-31";"1070001";"1041810";"ITC4";"S129";"3075864";""
"2019-10-31";"1070001";"1041810";"IT";"S11001";"27984289";""
"2019-10-31";"1070001";"1041810";"IT";"S126";"21913181";""
"2019-10-31";"1070001";"1041810";"IT";"S1311";"44950131";""
"2019-10-31";"1070001";"1041810";"IT";"S12BI7";"132237667";""
"2019-10-31";"1070001";"1041810";"ITC4";"S15";"6757448";""
"2019-10-31";"1070001";"1041810";"ITC41";"S12BI7";"134053";""
"2019-10-31";"1070001";"1041810";"ITC4";"S11BI8";"3187348";""
"2019-10-31";"1070001";"1041810";"ITC41";"SBI59";"22396185";""
"2019-09-30";"1070001";"1041810";"ITC41";"S11BI7";"149341";""
"2019-09-30";"1070001";"1041810";"ITC41";"S11BI8";"229338";""
"2019-09-30";"1070001";"1041810";"ITC41";"S124";"1967";""
"2019-09-30";"1070001";"1041810";"ITC41";"S127";"74376";""
"2019-09-30";"1070001";"1041810";"ITC41";"S128";"3";""
"2019-09-30";"1070001";"1041810";"ITC41";"S129";"39";""
"2019-09-30";"1070001";"1041810";"ITC41";"S13";"181391";""
"2019-09-30";"1070001";"1041810";"ITC41";"S1314";"4";""
"2019-09-30";"1070001";"1041810";"ITC41";"SBI59";"22266351";""
"2019-09-30";"1070001";"1041810";"ITC4";"600";"212169955";""
"2019-09-30";"1070001";"1041810";"ITC4";"S1313";"1340818";""
"2019-09-30";"1070001";"1041810";"IT";"S12BI7";"129932873";""
"2019-09-30";"1070001";"1041810";"IT";"S13";"61737463";""
"2019-09-30";"1070001";"1041810";"ITC41";"S12BI7";"129785";""
"2019-09-30";"1070001";"1041810";"ITC41";"S1313";"33231";""
"2019-09-30";"1070001";"1041810";"ITC41";"SBI9";"70333";""
"2019-09-30";"1070001";"1041810";"ITC41";"600";"16928749";""
"2019-09-30";"1070001";"1041810";"ITC4";"S1311";"1255494";""
"2019-09-30";"1070001";"1041810";"ITC4";"S14";"224310945";""
"2019-09-30";"1070001";"1041810";"IT";"SBI9";"6667696";""
"2019-09-30";"1070001";"1041810";"ITC4";"S11";"89771880";""
"2019-09-30";"1070001";"1041810";"ITC4";"S12BI7";"70155713";""
"2019-09-30";"1070001";"1041810";"ITC41";"S11001";"101998";""
"2019-09-30";"1070001";"1041810";"ITC41";"S14";"17645140";""
"2019-09-30";"1070001";"1041810";"ITC4";"S11001";"3447865";""
"2019-09-30";"1070001";"1041810";"ITC4";"S124";"22618572";""
"2019-09-30";"1070001";"1041810";"IT";"S14BI2";"63803385";""
"2019-09-30";"1070001";"1041810";"IT";"S1313";"12429390";""
"2019-09-30";"1070001";"1041810";"IT";"S1311";"41899556";""
"2019-09-30";"1070001";"1041810";"ITC4";"SBI9";"2905202";""
"2019-09-30";"1070001";"1041810";"ITC4";"SBI59";"396669048";""
"2019-09-30";"1070001";"1041810";"ITC4";"S11BI8";"3093263";""
"2019-09-30";"1070001";"1041810";"ITC4";"S128";"3900541";""
"2019-09-30";"1070001";"1041810";"ITC4";"S12BI66";"18834933";""
"2019-09-30";"1070001";"1041810";"IT";"S1314";"7408517";""
"2019-09-30";"1070001";"1041810";"IT";"S14";"1082653853";""
"2019-09-30";"1070001";"1041810";"IT";"S11001";"27158973";""
"2019-09-30";"1070001";"1041810";"IT";"S126";"20888739";""
"2019-09-30";"1070001";"1041810";"IT";"S129";"6092638";""
"2019-09-30";"1070001";"1041810";"IT";"S12BI66";"51467484";""
"2019-09-30";"1070001";"1041810";"ITC41";"S12BI66";"8499";""
"2019-09-30";"1070001";"1041810";"ITC41";"S1311";"148156";""
"2019-09-30";"1070001";"1041810";"ITC41";"S15";"322522";""
"2019-09-30";"1070001";"1041810";"ITC4";"S126";"15965656";""
"2019-09-30";"1070001";"1041810";"IT";"S15";"29836085";""
"2019-09-30";"1070001";"1041810";"ITC41";"S126";"44902";""
"2019-09-30";"1070001";"1041810";"IT";"600";"1018850469";""
"2019-09-30";"1070001";"1041810";"IT";"S11BI7";"7093913";""
"2019-09-30";"1070001";"1041810";"IT";"S124";"25771504";""
"2019-09-30";"1070001";"1041810";"ITC41";"S11BI32";"3432960";""
"2019-09-30";"1070001";"1041810";"ITC4";"S15";"6709776";""
"2019-09-30";"1070001";"1041810";"ITC4";"S129";"2713425";""
"2019-09-30";"1070001";"1041810";"IT";"450";"885833";""
"2019-09-30";"1070001";"1041810";"IT";"S11";"288691231";""
"2019-09-30";"1070001";"1041810";"ITC41";"S14BI2";"716391";""
"2019-09-30";"1070001";"1041810";"ITC4";"S11BI32";"81151803";""
"2019-09-30";"1070001";"1041810";"ITC4";"S11BI7";"1831274";""
"2019-09-30";"1070001";"1041810";"ITC4";"S13";"2815532";""
"2019-09-30";"1070001";"1041810";"ITC4";"S1314";"219219";""
"2019-09-30";"1070001";"1041810";"IT";"SBI59";"1599519201";""
"2019-09-30";"1070001";"1041810";"IT";"S128";"12767634";""
"2019-09-30";"1070001";"1041810";"ITC41";"S11";"3917179";""
"2019-09-30";"1070001";"1041810";"IT";"S11BI32";"238023796";""
"2019-09-30";"1070001";"1041810";"IT";"S11BI8";"15528716";""
"2019-09-30";"1070001";"1041810";"IT";"S127";"12944875";""
"2019-09-30";"1070001";"1041810";"ITC41";"450";"3543";""
"2019-09-30";"1070001";"1041810";"ITC4";"450";"247677";""
"2019-09-30";"1070001";"1041810";"ITC4";"S127";"6122587";""
"2019-09-30";"1070001";"1041810";"ITC4";"S14BI2";"12140990";""
"2019-08-31";"1070001";"1041810";"ITC41";"S12BI66";"9730";""
"2019-08-31";"1070001";"1041810";"ITC41";"SBI9";"67156";""
"2019-08-31";"1070001";"1041810";"ITC4";"SBI9";"2694934";""
"2019-08-31";"1070001";"1041810";"ITC41";"450";"3461";""
"2019-08-31";"1070001";"1041810";"ITC4";"S13";"2795728";""
"2019-08-31";"1070001";"1041810";"IT";"S11BI8";"16947042";""
"2019-08-31";"1070001";"1041810";"IT";"S14BI2";"65398089";""
"2019-08-31";"1070001";"1041810";"ITC41";"S127";"75786";""
"2019-08-31";"1070001";"1041810";"ITC41";"S129";"39";""
"2019-08-31";"1070001";"1041810";"IT";"600";"1012856452";""
"2019-08-31";"1070001";"1041810";"ITC4";"S14BI2";"12561056";""
"2019-08-31";"1070001";"1041810";"ITC41";"S11BI7";"167210";""
"2019-08-31";"1070001";"1041810";"ITC41";"S126";"42324";""
"2019-08-31";"1070001";"1041810";"ITC41";"S12BI7";"129045";""
"2019-08-31";"1070001";"1041810";"ITC41";"S13";"181210";""
"2019-08-31";"1070001";"1041810";"ITC41";"S1313";"34680";""
"2019-08-31";"1070001";"1041810";"ITC41";"S14";"17594448";""
"2019-08-31";"1070001";"1041810";"ITC41";"S15";"312628";""
"2019-08-31";"1070001";"1041810";"IT";"S1313";"11777690";""
"2019-08-31";"1070001";"1041810";"IT";"S11BI32";"246171439";""
"2019-08-31";"1070001";"1041810";"IT";"S11BI7";"7959542";""
"2019-08-31";"1070001";"1041810";"IT";"S127";"13278763";""
"2019-08-31";"1070001";"1041810";"ITC4";"S11";"92168964";""
"2019-08-31";"1070001";"1041810";"ITC4";"S14";"223242103";""
"2019-08-31";"1070001";"1041810";"ITC4";"S11BI8";"3376666";""
"2019-08-31";"1070001";"1041810";"ITC4";"S128";"4003194";""
"2019-08-31";"1070001";"1041810";"ITC4";"S1314";"219372";""
"2019-08-31";"1070001";"1041810";"IT";"S15";"29236872";""
"2019-08-31";"1070001";"1041810";"IT";"SBI9";"6444916";""
"2019-08-31";"1070001";"1041810";"ITC4";"450";"194357";""
"2019-08-31";"1070001";"1041810";"ITC41";"S11";"4203464";""
"2019-08-31";"1070001";"1041810";"ITC41";"S11001";"104301";""
"2019-08-31";"1070001";"1041810";"ITC41";"S124";"1164";""
"2019-08-31";"1070001";"1041810";"IT";"450";"794505";""
"2019-08-31";"1070001";"1041810";"ITC4";"S127";"5628315";""
"2019-08-31";"1070001";"1041810";"IT";"S12BI66";"49054461";""
"2019-08-31";"1070001";"1041810";"IT";"S13";"54420866";""
"2019-08-31";"1070001";"1041810";"IT";"S1311";"36117878";""
"2019-08-31";"1070001";"1041810";"IT";"S126";"21356393";""
"2019-08-31";"1070001";"1041810";"IT";"S128";"14841659";""
"2019-08-31";"1070001";"1041810";"ITC4";"S11BI7";"2056695";""
"2019-08-31";"1070001";"1041810";"ITC4";"SBI59";"398176989";""
"2019-08-31";"1070001";"1041810";"ITC41";"SBI59";"22487949";""
"2019-08-31";"1070001";"1041810";"ITC41";"S11BI32";"3679801";""
"2019-08-31";"1070001";"1041810";"ITC41";"S11BI8";"248691";""
"2019-08-31";"1070001";"1041810";"ITC4";"S15";"6642637";""
"2019-08-31";"1070001";"1041810";"ITC4";"S124";"24975426";""
"2019-08-31";"1070001";"1041810";"IT";"S12BI7";"133507177";""
"2019-08-31";"1070001";"1041810";"IT";"S1314";"6525298";""
"2019-08-31";"1070001";"1041810";"ITC4";"600";"210681047";""
"2019-08-31";"1070001";"1041810";"ITC4";"S11001";"3141566";""
"2019-08-31";"1070001";"1041810";"ITC41";"S128";"1";""
"2019-08-31";"1070001";"1041810";"ITC41";"600";"16845328";""
"2019-08-31";"1070001";"1041810";"ITC4";"S129";"2888453";""
"2019-08-31";"1070001";"1041810";"ITC4";"S12BI66";"17440200";""
"2019-08-31";"1070001";"1041810";"ITC4";"S12BI7";"70632621";""
"2019-08-31";"1070001";"1041810";"ITC4";"S1313";"1340624";""
"2019-08-31";"1070001";"1041810";"IT";"S11";"298487242";""
"2019-08-31";"1070001";"1041810";"IT";"S129";"6602254";""
"2019-08-31";"1070001";"1041810";"ITC4";"S11BI32";"83399680";""
"2019-08-31";"1070001";"1041810";"ITC41";"S1311";"146527";""
"2019-08-31";"1070001";"1041810";"ITC41";"S1314";"3";""
"2019-08-31";"1070001";"1041810";"ITC41";"S14BI2";"749120";""
"2019-08-31";"1070001";"1041810";"ITC4";"S126";"15697034";""
"2019-08-31";"1070001";"1041810";"ITC4";"S1311";"1235733";""
"2019-08-31";"1070001";"1041810";"IT";"S11001";"26614716";""
"2019-08-31";"1070001";"1041810";"IT";"S14";"1078254542";""
"2019-08-31";"1070001";"1041810";"IT";"SBI59";"1600351615";""
"2019-08-31";"1070001";"1041810";"IT";"S124";"28373646";""
"2019-07-31";"1070001";"1041810";"ITC41";"S128";"33";""
"2019-07-31";"1070001";"1041810";"IT";"S11BI8";"15723967";""
"2019-07-31";"1070001";"1041810";"ITC4";"S124";"26556454";""
"2019-07-31";"1070001";"1041810";"ITC4";"S12BI66";"17921734";""
"2019-07-31";"1070001";"1041810";"ITC41";"S1313";"35807";""
"2019-07-31";"1070001";"1041810";"ITC41";"SBI9";"68482";""
"2019-07-31";"1070001";"1041810";"IT";"SBI59";"1577132467";""
"2019-07-31";"1070001";"1041810";"ITC4";"S1311";"1238814";""
"2019-07-31";"1070001";"1041810";"ITC4";"S1314";"181175";""
"2019-07-31";"1070001";"1041810";"ITC41";"600";"16662801";""
"2019-07-31";"1070001";"1041810";"ITC41";"S11BI32";"3407018";""
"2019-07-31";"1070001";"1041810";"ITC41";"S126";"53707";""
"2019-07-31";"1070001";"1041810";"ITC41";"S127";"74075";""
"2019-07-31";"1070001";"1041810";"IT";"600";"1003583428";""
"2019-07-31";"1070001";"1041810";"IT";"S11";"283150016";""
"2019-07-31";"1070001";"1041810";"IT";"S127";"13338924";""
"2019-07-31";"1070001";"1041810";"IT";"S129";"7787675";""
"2019-07-31";"1070001";"1041810";"IT";"S13";"54175218";""
"2019-07-31";"1070001";"1041810";"IT";"S1313";"12230667";""
"2019-07-31";"1070001";"1041810";"ITC4";"S11BI7";"1950415";""
"2019-07-31";"1070001";"1041810";"ITC41";"S1311";"147431";""
"2019-07-31";"1070001";"1041810";"IT";"SBI9";"6511943";""
"2019-07-31";"1070001";"1041810";"ITC4";"S128";"4143984";""
"2019-07-31";"1070001";"1041810";"ITC4";"S14BI2";"12510605";""
"2019-07-31";"1070001";"1041810";"ITC4";"S15";"6530816";""
"2019-07-31";"1070001";"1041810";"ITC41";"S14";"17414585";""
"2019-07-31";"1070001";"1041810";"IT";"S14";"1068159671";""
"2019-07-31";"1070001";"1041810";"ITC4";"S127";"5752370";""
"2019-07-31";"1070001";"1041810";"ITC4";"S1313";"1375959";""
"2019-07-31";"1070001";"1041810";"ITC41";"S11001";"101827";""
"2019-07-31";"1070001";"1041810";"ITC41";"S11BI7";"158666";""
"2019-07-31";"1070001";"1041810";"IT";"S11001";"25318132";""
"2019-07-31";"1070001";"1041810";"ITC41";"S129";"39";""
"2019-07-31";"1070001";"1041810";"ITC4";"S11";"87776840";""
"2019-07-31";"1070001";"1041810";"ITC4";"S11BI32";"79224742";""
"2019-07-31";"1070001";"1041810";"ITC4";"S12BI7";"73562623";""
"2019-07-31";"1070001";"1041810";"ITC4";"S14";"221395208";""
"2019-07-31";"1070001";"1041810";"ITC41";"S11";"3909091";""
"2019-07-31";"1070001";"1041810";"ITC41";"S12BI66";"16905";""
"2019-07-31";"1070001";"1041810";"ITC41";"S1314";"3";""
"2019-07-31";"1070001";"1041810";"IT";"S11BI32";"233745447";""
"2019-07-31";"1070001";"1041810";"IT";"S11BI7";"7493658";""
"2019-07-31";"1070001";"1041810";"IT";"S126";"21315881";""
"2019-07-31";"1070001";"1041810";"ITC4";"450";"240335";""
"2019-07-31";"1070001";"1041810";"ITC4";"S11001";"3087764";""
"2019-07-31";"1070001";"1041810";"ITC41";"450";"3614";""
"2019-07-31";"1070001";"1041810";"ITC41";"S11BI8";"237966";""
"2019-07-31";"1070001";"1041810";"ITC41";"S12BI7";"148042";""
"2019-07-31";"1070001";"1041810";"ITC41";"S15";"316624";""
"2019-07-31";"1070001";"1041810";"IT";"S15";"29006495";""
"2019-07-31";"1070001";"1041810";"IT";"450";"868812";""
"2019-07-31";"1070001";"1041810";"ITC4";"S129";"3175221";""
"2019-07-31";"1070001";"1041810";"ITC4";"S13";"2795948";""
"2019-07-31";"1070001";"1041810";"ITC4";"SBI59";"394855729";""
"2019-07-31";"1070001";"1041810";"ITC4";"SBI9";"2794294";""
"2019-07-31";"1070001";"1041810";"ITC41";"S14BI2";"751784";""
"2019-07-31";"1070001";"1041810";"ITC41";"SBI59";"22040064";""
"2019-07-31";"1070001";"1041810";"IT";"S12BI7";"136129125";""
"2019-07-31";"1070001";"1041810";"IT";"S14BI2";"64576243";""
"2019-07-31";"1070001";"1041810";"IT";"S124";"30534534";""
"2019-07-31";"1070001";"1041810";"IT";"S128";"13867535";""
"2019-07-31";"1070001";"1041810";"IT";"S12BI66";"49284575";""
"2019-07-31";"1070001";"1041810";"IT";"S1311";"35511377";""
"2019-07-31";"1070001";"1041810";"IT";"S1314";"6433173";""
"2019-07-31";"1070001";"1041810";"ITC4";"600";"208884603";""
"2019-07-31";"1070001";"1041810";"ITC4";"S11BI8";"3273585";""
"2019-07-31";"1070001";"1041810";"ITC4";"S126";"16012861";""
"2019-07-31";"1070001";"1041810";"ITC41";"S124";"3283";""
"2019-07-31";"1070001";"1041810";"ITC41";"S13";"183240";""
"2019-06-30";"1070001";"1041810";"IT";"SBI9";"6665364";""
"2019-06-30";"1070001";"1041810";"IT";"450";"848279";""
"2019-06-30";"1070001";"1041810";"ITC4";"S11001";"3235503";""
"2019-06-30";"1070001";"1041810";"ITC4";"S126";"15753149";""
"2019-06-30";"1070001";"1041810";"ITC4";"S14BI2";"12604400";""
"2019-06-30";"1070001";"1041810";"ITC4";"S15";"6476414";""
"2019-06-30";"1070001";"1041810";"ITC41";"450";"4016";""
"2019-06-30";"1070001";"1041810";"ITC41";"S1313";"36900";""
"2019-06-30";"1070001";"1041810";"ITC41";"S15";"332468";""
"2019-06-30";"1070001";"1041810";"IT";"S127";"14382191";""
"2019-06-30";"1070001";"1041810";"IT";"S12BI66";"52106515";""
"2019-06-30";"1070001";"1041810";"IT";"S12BI7";"135562230";""
"2019-06-30";"1070001";"1041810";"ITC4";"S11BI32";"80981838";""
"2019-06-30";"1070001";"1041810";"ITC4";"S13";"2795292";""
"2019-06-30";"1070001";"1041810";"ITC41";"600";"16535010";""
"2019-06-30";"1070001";"1041810";"ITC41";"S12BI66";"17499";""
"2019-06-30";"1070001";"1041810";"ITC41";"S12BI7";"145969";""
"2019-06-30";"1070001";"1041810";"ITC41";"S1311";"146544";""
"2019-06-30";"1070001";"1041810";"ITC41";"SBI9";"70465";""
"2019-06-30";"1070001";"1041810";"IT";"S129";"7143656";""
"2019-06-30";"1070001";"1041810";"IT";"S1314";"6506312";""
"2019-06-30";"1070001";"1041810";"IT";"S11";"292116431";""
"2019-06-30";"1070001";"1041810";"IT";"S11001";"25238645";""
"2019-06-30";"1070001";"1041810";"ITC41";"S11BI32";"3468269";""
"2019-06-30";"1070001";"1041810";"ITC4";"450";"237964";""
"2019-06-30";"1070001";"1041810";"ITC4";"S129";"3153854";""
"2019-06-30";"1070001";"1041810";"ITC4";"S12BI66";"18557832";""
"2019-06-30";"1070001";"1041810";"ITC4";"S1314";"162445";""
"2019-06-30";"1070001";"1041810";"ITC41";"S129";"39";""
"2019-06-30";"1070001";"1041810";"IT";"S1313";"12196272";""
"2019-06-30";"1070001";"1041810";"IT";"SBI59";"1578158151";""
"2019-06-30";"1070001";"1041810";"ITC41";"S124";"2733";""
"2019-06-30";"1070001";"1041810";"ITC4";"600";"207178883";""
"2019-06-30";"1070001";"1041810";"ITC4";"S11BI7";"2043880";""
"2019-06-30";"1070001";"1041810";"ITC4";"SBI59";"394956881";""
"2019-06-30";"1070001";"1041810";"ITC41";"S128";"3";""
"2019-06-30";"1070001";"1041810";"ITC41";"S13";"183448";""
"2019-06-30";"1070001";"1041810";"ITC41";"S1314";"4";""
"2019-06-30";"1070001";"1041810";"IT";"S126";"20769667";""
"2019-06-30";"1070001";"1041810";"IT";"S1311";"34408996";""
"2019-06-30";"1070001";"1041810";"IT";"600";"997216251";""
"2019-06-30";"1070001";"1041810";"ITC41";"S11BI7";"167768";""
"2019-06-30";"1070001";"1041810";"ITC4";"S124";"26593700";""
"2019-06-30";"1070001";"1041810";"ITC41";"S11001";"98196";""
"2019-06-30";"1070001";"1041810";"ITC41";"S127";"75420";""
"2019-06-30";"1070001";"1041810";"ITC41";"S14";"17284065";""
"2019-06-30";"1070001";"1041810";"ITC41";"S14BI2";"749055";""
"2019-06-30";"1070001";"1041810";"IT";"S14";"1061610467";""
"2019-06-30";"1070001";"1041810";"IT";"S14BI2";"64394215";""
"2019-06-30";"1070001";"1041810";"IT";"S11BI7";"7826069";""
"2019-06-30";"1070001";"1041810";"IT";"S11BI8";"15998605";""
"2019-06-30";"1070001";"1041810";"ITC41";"S126";"50275";""
"2019-06-30";"1070001";"1041810";"ITC4";"S12BI7";"73089425";""
"2019-06-30";"1070001";"1041810";"ITC4";"S1313";"1404034";""
"2019-06-30";"1070001";"1041810";"ITC4";"S14";"219783283";""
"2019-06-30";"1070001";"1041810";"ITC4";"SBI9";"2909191";""
"2019-06-30";"1070001";"1041810";"IT";"S13";"53111581";""
"2019-06-30";"1070001";"1041810";"ITC4";"S127";"5858226";""
"2019-06-30";"1070001";"1041810";"ITC4";"S128";"3172663";""
"2019-06-30";"1070001";"1041810";"ITC41";"S11";"3984089";""
"2019-06-30";"1070001";"1041810";"IT";"S128";"10858172";""
"2019-06-30";"1070001";"1041810";"IT";"S15";"29092079";""
"2019-06-30";"1070001";"1041810";"IT";"S11BI32";"242204832";""
"2019-06-30";"1070001";"1041810";"IT";"S124";"30302029";""
"2019-06-30";"1070001";"1041810";"ITC41";"S11BI8";"245840";""
"2019-06-30";"1070001";"1041810";"ITC4";"S11";"89903276";""
"2019-06-30";"1070001";"1041810";"ITC4";"S11BI8";"3404091";""
"2019-06-30";"1070001";"1041810";"ITC4";"S1311";"1228813";""
"2019-06-30";"1070001";"1041810";"ITC41";"SBI59";"22000504";""
"2019-05-31";"1070001";"1041810";"ITC41";"S15";"331536";""
"2019-05-31";"1070001";"1041810";"ITC4";"S1311";"1262344";""
"2019-05-31";"1070001";"1041810";"ITC4";"S129";"2874134";""
"2019-05-31";"1070001";"1041810";"ITC4";"S12BI66";"17827405";""
"2019-05-31";"1070001";"1041810";"ITC4";"600";"206638943";""
"2019-05-31";"1070001";"1041810";"ITC4";"S15";"6812982";""
"2019-05-31";"1070001";"1041810";"IT";"S14";"1056696924";""
"2019-05-31";"1070001";"1041810";"IT";"S11BI8";"14765756";""
"2019-05-31";"1070001";"1041810";"IT";"S126";"21722419";""
"2019-05-31";"1070001";"1041810";"IT";"S127";"13636398";""
"2019-05-31";"1070001";"1041810";"IT";"S129";"7257129";""
"2019-05-31";"1070001";"1041810";"IT";"S11";"277406551";""
"2019-05-31";"1070001";"1041810";"ITC41";"S11BI8";"232124";""
"2019-05-31";"1070001";"1041810";"ITC41";"S1311";"144202";""
"2019-05-31";"1070001";"1041810";"ITC41";"S14BI2";"722610";""
"2019-05-31";"1070001";"1041810";"ITC4";"S126";"16702247";""
"2019-05-31";"1070001";"1041810";"ITC41";"S12BI7";"147050";""
"2019-05-31";"1070001";"1041810";"IT";"S11BI7";"6940355";""
"2019-05-31";"1070001";"1041810";"IT";"S1314";"6806254";""
"2019-05-31";"1070001";"1041810";"ITC4";"S128";"3621285";""
"2019-05-31";"1070001";"1041810";"ITC41";"S127";"76704";""
"2019-05-31";"1070001";"1041810";"ITC41";"S129";"39";""
"2019-05-31";"1070001";"1041810";"IT";"S12BI7";"137844522";""
"2019-05-31";"1070001";"1041810";"IT";"SBI9";"6575547";""
"2019-05-31";"1070001";"1041810";"IT";"S11001";"24312229";""
"2019-05-31";"1070001";"1041810";"ITC41";"S11BI7";"139616";""
"2019-05-31";"1070001";"1041810";"ITC41";"S1314";"7";""
"2019-05-31";"1070001";"1041810";"ITC4";"S1313";"1395795";""
"2019-05-31";"1070001";"1041810";"ITC4";"SBI9";"2912060";""
"2019-05-31";"1070001";"1041810";"ITC4";"S11BI32";"78828573";""
"2019-05-31";"1070001";"1041810";"ITC4";"S124";"26759052";""
"2019-05-31";"1070001";"1041810";"IT";"S13";"52712463";""
"2019-05-31";"1070001";"1041810";"IT";"S1313";"11319561";""
"2019-05-31";"1070001";"1041810";"ITC4";"S11001";"3117493";""
"2019-05-31";"1070001";"1041810";"ITC4";"S11BI7";"1795214";""
"2019-05-31";"1070001";"1041810";"ITC41";"S12BI66";"17017";""
"2019-05-31";"1070001";"1041810";"ITC41";"S14";"17258914";""
"2019-05-31";"1070001";"1041810";"ITC41";"SBI59";"21796960";""
"2019-05-31";"1070001";"1041810";"ITC4";"S14";"218592031";""
"2019-05-31";"1070001";"1041810";"ITC41";"450";"4167";""
"2019-05-31";"1070001";"1041810";"IT";"S124";"30508014";""
"2019-05-31";"1070001";"1041810";"IT";"S128";"15164262";""
"2019-05-31";"1070001";"1041810";"IT";"S12BI66";"49556301";""
"2019-05-31";"1070001";"1041810";"IT";"SBI59";"1560095875";""
"2019-05-31";"1070001";"1041810";"ITC41";"S11001";"103102";""
"2019-05-31";"1070001";"1041810";"ITC4";"S1314";"86575";""
"2019-05-31";"1070001";"1041810";"ITC4";"S127";"5412715";""
"2019-05-31";"1070001";"1041810";"ITC4";"S13";"2744714";""
"2019-05-31";"1070001";"1041810";"IT";"600";"994633035";""
"2019-05-31";"1070001";"1041810";"ITC41";"S124";"2586";""
"2019-05-31";"1070001";"1041810";"ITC41";"S126";"50702";""
"2019-05-31";"1070001";"1041810";"ITC41";"S13";"177945";""
"2019-05-31";"1070001";"1041810";"ITC41";"S1313";"33736";""
"2019-05-31";"1070001";"1041810";"IT";"S15";"28859867";""
"2019-05-31";"1070001";"1041810";"ITC4";"S14BI2";"11953087";""
"2019-05-31";"1070001";"1041810";"ITC4";"SBI59";"391399308";""
"2019-05-31";"1070001";"1041810";"ITC41";"600";"16536305";""
"2019-05-31";"1070001";"1041810";"ITC4";"S12BI7";"73196838";""
"2019-05-31";"1070001";"1041810";"ITC41";"S11BI32";"3329605";""
"2019-05-31";"1070001";"1041810";"IT";"S1311";"34586648";""
"2019-05-31";"1070001";"1041810";"IT";"S14BI2";"62063889";""
"2019-05-31";"1070001";"1041810";"IT";"450";"854121";""
"2019-05-31";"1070001";"1041810";"IT";"S11BI32";"230534089";""
"2019-05-31";"1070001";"1041810";"ITC41";"S128";"2";""
"2019-05-31";"1070001";"1041810";"ITC41";"SBI9";"72901";""
"2019-05-31";"1070001";"1041810";"ITC41";"S11";"3808614";""
"2019-05-31";"1070001";"1041810";"ITC4";"S11";"87140682";""
"2019-05-31";"1070001";"1041810";"ITC4";"S11BI8";"3161861";""
"2019-05-31";"1070001";"1041810";"ITC4";"450";"237542";""
"2019-04-30";"1070001";"1041810";"ITC4";"S11";"86946406";""
"2019-04-30";"1070001";"1041810";"ITC4";"S11001";"3533315";""
"2019-04-30";"1070001";"1041810";"IT";"S11";"276444431";""
"2019-04-30";"1070001";"1041810";"ITC41";"S1311";"143304";""
"2019-04-30";"1070001";"1041810";"ITC4";"S11BI7";"1771773";""
"2019-04-30";"1070001";"1041810";"IT";"S11BI7";"6882498";""
"2019-04-30";"1070001";"1041810";"IT";"S12BI66";"48358487";""
"2019-04-30";"1070001";"1041810";"IT";"S1313";"11259390";""
"2019-04-30";"1070001";"1041810";"ITC4";"S12BI66";"17657094";""
"2019-04-30";"1070001";"1041810";"ITC4";"S14";"218713889";""
"2019-04-30";"1070001";"1041810";"ITC41";"S12BI7";"136039";""
"2019-04-30";"1070001";"1041810";"ITC4";"450";"232994";""
"2019-04-30";"1070001";"1041810";"ITC4";"S124";"24398122";""
"2019-04-30";"1070001";"1041810";"IT";"S11001";"24991590";""
"2019-04-30";"1070001";"1041810";"IT";"S11BI32";"229005749";""
"2019-04-30";"1070001";"1041810";"IT";"S13";"50877609";""
"2019-04-30";"1070001";"1041810";"IT";"S1314";"6254510";""
"2019-04-30";"1070001";"1041810";"ITC4";"SBI59";"387986142";""
"2019-04-30";"1070001";"1041810";"ITC41";"600";"16458621";""
"2019-04-30";"1070001";"1041810";"ITC41";"S128";"5";""
"2019-04-30";"1070001";"1041810";"ITC41";"S1313";"35820";""
"2019-04-30";"1070001";"1041810";"ITC41";"S1314";"4";""
"2019-04-30";"1070001";"1041810";"ITC41";"S14BI2";"711983";""
"2019-04-30";"1070001";"1041810";"ITC4";"S11BI32";"78301201";""
"2019-04-30";"1070001";"1041810";"IT";"S11BI8";"14656678";""
"2019-04-30";"1070001";"1041810";"IT";"S127";"13346794";""
"2019-04-30";"1070001";"1041810";"IT";"S12BI7";"133010983";""
"2019-04-30";"1070001";"1041810";"ITC41";"450";"3924";""
"2019-04-30";"1070001";"1041810";"ITC4";"S14BI2";"12061549";""
"2019-04-30";"1070001";"1041810";"ITC41";"S11BI32";"3229179";""
"2019-04-30";"1070001";"1041810";"ITC41";"S124";"7296";""
"2019-04-30";"1070001";"1041810";"ITC41";"S127";"66502";""
"2019-04-30";"1070001";"1041810";"ITC41";"SBI9";"73868";""
"2019-04-30";"1070001";"1041810";"IT";"SBI59";"1550927714";""
"2019-04-30";"1070001";"1041810";"ITC4";"SBI9";"3032055";""
"2019-04-30";"1070001";"1041810";"IT";"S124";"28116688";""
"2019-04-30";"1070001";"1041810";"IT";"S128";"15796096";""
"2019-04-30";"1070001";"1041810";"IT";"S1311";"33363709";""
"2019-04-30";"1070001";"1041810";"IT";"S14";"1055099652";""
"2019-04-30";"1070001";"1041810";"ITC41";"S11001";"97136";""
"2019-04-30";"1070001";"1041810";"ITC41";"S13";"179128";""
"2019-04-30";"1070001";"1041810";"ITC4";"S127";"6191793";""
"2019-04-30";"1070001";"1041810";"ITC4";"S129";"2974586";""
"2019-04-30";"1070001";"1041810";"ITC4";"S13";"2670168";""
"2019-04-30";"1070001";"1041810";"ITC41";"S11";"3697485";""
"2019-04-30";"1070001";"1041810";"ITC41";"S11BI8";"229901";""
"2019-04-30";"1070001";"1041810";"ITC41";"SBI59";"21569058";""
"2019-04-30";"1070001";"1041810";"ITC4";"S11BI8";"3107123";""
"2019-04-30";"1070001";"1041810";"IT";"S129";"7291164";""
"2019-04-30";"1070001";"1041810";"ITC4";"S15";"6732843";""
"2019-04-30";"1070001";"1041810";"ITC4";"S12BI7";"69890781";""
"2019-04-30";"1070001";"1041810";"ITC4";"S1314";"61881";""
"2019-04-30";"1070001";"1041810";"ITC41";"S126";"44950";""
"2019-04-30";"1070001";"1041810";"ITC41";"S14";"17170604";""
"2019-04-30";"1070001";"1041810";"ITC4";"600";"206652340";""
"2019-04-30";"1070001";"1041810";"IT";"SBI9";"6755690";""
"2019-04-30";"1070001";"1041810";"ITC4";"S128";"3984384";""
"2019-04-30";"1070001";"1041810";"ITC4";"S126";"14684801";""
"2019-04-30";"1070001";"1041810";"IT";"450";"907916";""
"2019-04-30";"1070001";"1041810";"IT";"600";"993016331";""
"2019-04-30";"1070001";"1041810";"IT";"S126";"20101754";""
"2019-04-30";"1070001";"1041810";"IT";"S14BI2";"62083322";""
"2019-04-30";"1070001";"1041810";"IT";"S15";"28739349";""
"2019-04-30";"1070001";"1041810";"ITC4";"S1311";"1211179";""
"2019-04-30";"1070001";"1041810";"ITC4";"S1313";"1397108";""
"2019-04-30";"1070001";"1041810";"ITC41";"S11BI7";"137345";""
"2019-04-30";"1070001";"1041810";"ITC41";"S129";"39";""
"2019-04-30";"1070001";"1041810";"ITC41";"S12BI66";"17248";""
"2019-04-30";"1070001";"1041810";"ITC41";"S15";"311934";""
"2019-03-31";"1070001";"1041810";"ITC41";"S11BI7";"144797";""
"2019-03-31";"1070001";"1041810";"ITC41";"S124";"5531";""
"2019-03-31";"1070001";"1041810";"ITC41";"S12BI66";"18109";""
"2019-03-31";"1070001";"1041810";"ITC4";"S128";"3069509";""
"2019-03-31";"1070001";"1041810";"ITC4";"600";"204854029";""
"2019-03-31";"1070001";"1041810";"IT";"S12BI7";"129412272";""
"2019-03-31";"1070001";"1041810";"IT";"S11BI7";"7228975";""
"2019-03-31";"1070001";"1041810";"ITC4";"S14";"216711219";""
"2019-03-31";"1070001";"1041810";"ITC4";"S15";"6488331";""
"2019-03-31";"1070001";"1041810";"ITC41";"S127";"61868";""
"2019-03-31";"1070001";"1041810";"ITC41";"S12BI7";"133529";""
"2019-03-31";"1070001";"1041810";"ITC41";"S13";"170804";""
"2019-03-31";"1070001";"1041810";"ITC4";"450";"216110";""
"2019-03-31";"1070001";"1041810";"ITC4";"S11";"86975391";""
"2019-03-31";"1070001";"1041810";"ITC4";"S13";"2617220";""
"2019-03-31";"1070001";"1041810";"IT";"S12BI66";"50183125";""
"2019-03-31";"1070001";"1041810";"ITC41";"450";"4104";""
"2019-03-31";"1070001";"1041810";"ITC41";"S14";"17157235";""
"2019-03-31";"1070001";"1041810";"ITC4";"S11001";"3146712";""
"2019-03-31";"1070001";"1041810";"ITC4";"S12BI66";"18512514";""
"2019-03-31";"1070001";"1041810";"IT";"S14BI2";"61707737";""
"2019-03-31";"1070001";"1041810";"IT";"S126";"20133441";""
"2019-03-31";"1070001";"1041810";"IT";"S13";"50860400";""
"2019-03-31";"1070001";"1041810";"IT";"S1314";"6491575";""
"2019-03-31";"1070001";"1041810";"IT";"S11";"280382430";""
"2019-03-31";"1070001";"1041810";"IT";"S11BI32";"232371016";""
"2019-03-31";"1070001";"1041810";"ITC41";"SBI59";"21771778";""
"2019-03-31";"1070001";"1041810";"ITC4";"S12BI7";"69203843";""
"2019-03-31";"1070001";"1041810";"ITC4";"S126";"14833996";""
"2019-03-31";"1070001";"1041810";"ITC4";"S127";"5576306";""
"2019-03-31";"1070001";"1041810";"ITC4";"S129";"2795742";""
"2019-03-31";"1070001";"1041810";"IT";"S127";"12870563";""
"2019-03-31";"1070001";"1041810";"IT";"S129";"6823851";""
"2019-03-31";"1070001";"1041810";"ITC4";"S1314";"56873";""
"2019-03-31";"1070001";"1041810";"ITC41";"S11BI32";"3441816";""
"2019-03-31";"1070001";"1041810";"ITC41";"S126";"47978";""
"2019-03-31";"1070001";"1041810";"ITC4";"S124";"24415776";""
"2019-03-31";"1070001";"1041810";"ITC4";"S1311";"1189413";""
"2019-03-31";"1070001";"1041810";"IT";"S124";"28084386";""
"2019-03-31";"1070001";"1041810";"IT";"S1311";"33048733";""
"2019-03-31";"1070001";"1041810";"IT";"S1313";"11320093";""
"2019-03-31";"1070001";"1041810";"IT";"S11001";"24907599";""
"2019-03-31";"1070001";"1041810";"ITC4";"SBI9";"3533231";""
"2019-03-31";"1070001";"1041810";"ITC41";"S11BI8";"236077";""
"2019-03-31";"1070001";"1041810";"ITC41";"S1314";"4";""
"2019-03-31";"1070001";"1041810";"ITC41";"S14BI2";"711646";""
"2019-03-31";"1070001";"1041810";"ITC41";"SBI9";"73324";""
"2019-03-31";"1070001";"1041810";"ITC4";"S11BI7";"1886094";""
"2019-03-31";"1070001";"1041810";"ITC4";"S11BI8";"3161610";""
"2019-03-31";"1070001";"1041810";"IT";"S15";"28071101";""
"2019-03-31";"1070001";"1041810";"IT";"SBI9";"7286096";""
"2019-03-31";"1070001";"1041810";"ITC41";"S11001";"92909";""
"2019-03-31";"1070001";"1041810";"ITC41";"S129";"39";""
"2019-03-31";"1070001";"1041810";"ITC41";"S1313";"36992";""
"2019-03-31";"1070001";"1041810";"ITC41";"S15";"317184";""
"2019-03-31";"1070001";"1041810";"ITC4";"S14BI2";"11857190";""
"2019-03-31";"1070001";"1041810";"ITC41";"600";"16445589";""
"2019-03-31";"1070001";"1041810";"ITC4";"S11BI32";"78564865";""
"2019-03-31";"1070001";"1041810";"ITC4";"S1313";"1370934";""
"2019-03-31";"1070001";"1041810";"IT";"S128";"11316907";""
"2019-03-31";"1070001";"1041810";"IT";"S11BI8";"14929843";""
"2019-03-31";"1070001";"1041810";"IT";"450";"944997";""
"2019-03-31";"1070001";"1041810";"ITC4";"SBI59";"385529234";""
"2019-03-31";"1070001";"1041810";"ITC41";"S11";"3919701";""
"2019-03-31";"1070001";"1041810";"ITC41";"S128";"4";""
"2019-03-31";"1070001";"1041810";"ITC41";"S1311";"133808";""
"2019-03-31";"1070001";"1041810";"IT";"S14";"1052975365";""
"2019-03-31";"1070001";"1041810";"IT";"SBI59";"1548987665";""
"2019-03-31";"1070001";"1041810";"IT";"600";"991267628";""
"2019-02-28";"1070001";"1041810";"ITC41";"S124";"1786";""
"2019-02-28";"1070001";"1041810";"ITC41";"600";"16384265";""
"2019-02-28";"1070001";"1041810";"ITC4";"S128";"3914042";""
"2019-02-28";"1070001";"1041810";"ITC41";"S127";"82930";""
"2019-02-28";"1070001";"1041810";"ITC41";"S128";"2";""
"2019-02-28";"1070001";"1041810";"ITC41";"S13";"166207";""
"2019-02-28";"1070001";"1041810";"ITC41";"S15";"308738";""
"2019-02-28";"1070001";"1041810";"IT";"S1313";"11274012";""
"2019-02-28";"1070001";"1041810";"IT";"S11";"262633935";""
"2019-02-28";"1070001";"1041810";"IT";"S124";"27492484";""
"2019-02-28";"1070001";"1041810";"IT";"SBI9";"6595953";""
"2019-02-28";"1070001";"1041810";"ITC4";"S14BI2";"11494089";""
"2019-02-28";"1070001";"1041810";"ITC4";"S15";"6441989";""
"2019-02-28";"1070001";"1041810";"ITC41";"S12BI66";"16889";""
"2019-02-28";"1070001";"1041810";"ITC41";"S12BI7";"144298";""
"2019-02-28";"1070001";"1041810";"ITC41";"S1313";"38186";""
"2019-02-28";"1070001";"1041810";"ITC41";"S14";"17072084";""
"2019-02-28";"1070001";"1041810";"ITC4";"S11BI32";"74516049";""
"2019-02-28";"1070001";"1041810";"ITC4";"S11BI8";"2942640";""
"2019-02-28";"1070001";"1041810";"IT";"S12BI7";"128861308";""
"2019-02-28";"1070001";"1041810";"IT";"S1311";"34347686";""
"2019-02-28";"1070001";"1041810";"ITC41";"S129";"39";""
"2019-02-28";"1070001";"1041810";"ITC41";"S14BI2";"687820";""
"2019-02-28";"1070001";"1041810";"ITC4";"S12BI7";"68737575";""
"2019-02-28";"1070001";"1041810";"ITC4";"S1311";"1163643";""
"2019-02-28";"1070001";"1041810";"ITC41";"S11BI7";"126660";""
"2019-02-28";"1070001";"1041810";"IT";"S11001";"23853459";""
"2019-02-28";"1070001";"1041810";"IT";"S11BI8";"13848488";""
"2019-02-28";"1070001";"1041810";"IT";"S12BI66";"47979368";""
"2019-02-28";"1070001";"1041810";"IT";"S13";"52024777";""
"2019-02-28";"1070001";"1041810";"ITC4";"SBI9";"2815644";""
"2019-02-28";"1070001";"1041810";"ITC41";"S11BI8";"216441";""
"2019-02-28";"1070001";"1041810";"IT";"S126";"20684370";""
"2019-02-28";"1070001";"1041810";"IT";"S127";"12688041";""
"2019-02-28";"1070001";"1041810";"IT";"S11BI32";"217519864";""
"2019-02-28";"1070001";"1041810";"IT";"S15";"27909857";""
"2019-02-28";"1070001";"1041810";"IT";"SBI59";"1525415789";""
"2019-02-28";"1070001";"1041810";"ITC4";"S124";"23647406";""
"2019-02-28";"1070001";"1041810";"ITC41";"S1311";"128017";""
"2019-02-28";"1070001";"1041810";"ITC41";"SBI9";"72886";""
"2019-02-28";"1070001";"1041810";"ITC41";"S11001";"99508";""
"2019-02-28";"1070001";"1041810";"IT";"S1314";"6403079";""
"2019-02-28";"1070001";"1041810";"IT";"S11BI7";"6463287";""
"2019-02-28";"1070001";"1041810";"ITC41";"S126";"42650";""
"2019-02-28";"1070001";"1041810";"ITC4";"S14";"215452596";""
"2019-02-28";"1070001";"1041810";"ITC4";"SBI59";"378074602";""
"2019-02-28";"1070001";"1041810";"ITC41";"450";"3298";""
"2019-02-28";"1070001";"1041810";"ITC41";"SBI59";"21329619";""
"2019-02-28";"1070001";"1041810";"ITC41";"S11";"3565406";""
"2019-02-28";"1070001";"1041810";"ITC41";"S11BI32";"3119498";""
"2019-02-28";"1070001";"1041810";"ITC4";"600";"203958507";""
"2019-02-28";"1070001";"1041810";"ITC4";"S11";"81996768";""
"2019-02-28";"1070001";"1041810";"ITC4";"S126";"15022657";""
"2019-02-28";"1070001";"1041810";"IT";"S129";"6410330";""
"2019-02-28";"1070001";"1041810";"ITC4";"S129";"2737375";""
"2019-02-28";"1070001";"1041810";"ITC4";"S1314";"66100";""
"2019-02-28";"1070001";"1041810";"ITC4";"S11001";"2645501";""
"2019-02-28";"1070001";"1041810";"ITC4";"S11BI7";"1654340";""
"2019-02-28";"1070001";"1041810";"IT";"450";"948837";""
"2019-02-28";"1070001";"1041810";"ITC4";"S12BI66";"17842706";""
"2019-02-28";"1070001";"1041810";"ITC4";"S13";"2630030";""
"2019-02-28";"1070001";"1041810";"ITC4";"S1313";"1400286";""
"2019-02-28";"1070001";"1041810";"ITC41";"S1314";"4";""
"2019-02-28";"1070001";"1041810";"ITC4";"450";"238237";""
"2019-02-28";"1070001";"1041810";"ITC4";"S127";"5573390";""
"2019-02-28";"1070001";"1041810";"IT";"600";"987155094";""
"2019-02-28";"1070001";"1041810";"IT";"S128";"13606716";""
"2019-02-28";"1070001";"1041810";"IT";"S14";"1047389959";""
"2019-02-28";"1070001";"1041810";"IT";"S14BI2";"60234865";""
"2019-01-31";"1070001";"1041810";"ITC4";"450";"253113";""
"2019-01-31";"1070001";"1041810";"ITC41";"600";"16341013";""
"2019-01-31";"1070001";"1041810";"IT";"S11001";"23620641";""
"2019-01-31";"1070001";"1041810";"IT";"S11BI7";"6390058";""
"2019-01-31";"1070001";"1041810";"IT";"S12BI7";"129432869";""
"2019-01-31";"1070001";"1041810";"ITC41";"S124";"2407";""
"2019-01-31";"1070001";"1041810";"ITC41";"S126";"54393";""
"2019-01-31";"1070001";"1041810";"ITC41";"S12BI66";"16795";""
"2019-01-31";"1070001";"1041810";"ITC41";"S15";"297436";""
"2019-01-31";"1070001";"1041810";"ITC4";"S14";"213839244";""
"2019-01-31";"1070001";"1041810";"ITC4";"S12BI66";"18191868";""
"2019-01-31";"1070001";"1041810";"ITC4";"S11";"79980111";""
"2019-01-31";"1070001";"1041810";"ITC4";"600";"202513841";""
"2019-01-31";"1070001";"1041810";"IT";"S1311";"33605506";""
"2019-01-31";"1070001";"1041810";"ITC4";"S15";"6493839";""
"2019-01-31";"1070001";"1041810";"ITC41";"S11BI32";"3184904";""
"2019-01-31";"1070001";"1041810";"ITC41";"S11BI7";"124135";""
"2019-01-31";"1070001";"1041810";"IT";"450";"919700";""
"2019-01-31";"1070001";"1041810";"IT";"S11";"261079477";""
"2019-01-31";"1070001";"1041810";"IT";"S14BI2";"59611218";""
"2019-01-31";"1070001";"1041810";"ITC4";"S14BI2";"11325403";""
"2019-01-31";"1070001";"1041810";"ITC41";"S127";"77676";""
"2019-01-31";"1070001";"1041810";"IT";"600";"981853631";""
"2019-01-31";"1070001";"1041810";"IT";"SBI9";"6604150";""
"2019-01-31";"1070001";"1041810";"IT";"S128";"14003401";""
"2019-01-31";"1070001";"1041810";"IT";"S1313";"11338246";""
"2019-01-31";"1070001";"1041810";"IT";"S124";"27089238";""
"2019-01-31";"1070001";"1041810";"IT";"S126";"20529481";""
"2019-01-31";"1070001";"1041810";"IT";"S127";"13091262";""
"2019-01-31";"1070001";"1041810";"IT";"S12BI66";"46731456";""
"2019-01-31";"1070001";"1041810";"ITC4";"S1311";"1143638";""
"2019-01-31";"1070001";"1041810";"ITC4";"SBI59";"374714925";""
"2019-01-31";"1070001";"1041810";"ITC41";"S128";"5";""
"2019-01-31";"1070001";"1041810";"ITC41";"S12BI7";"151310";""
"2019-01-31";"1070001";"1041810";"ITC41";"S14";"17027890";""
"2019-01-31";"1070001";"1041810";"ITC4";"S128";"3689047";""
"2019-01-31";"1070001";"1041810";"ITC4";"S11001";"2551481";""
"2019-01-31";"1070001";"1041810";"ITC4";"S11BI32";"72671585";""
"2019-01-31";"1070001";"1041810";"ITC4";"S11BI7";"1618638";""
"2019-01-31";"1070001";"1041810";"IT";"S11BI8";"13709110";""
"2019-01-31";"1070001";"1041810";"IT";"S129";"7988031";""
"2019-01-31";"1070001";"1041810";"ITC4";"S1313";"1422375";""
"2019-01-31";"1070001";"1041810";"ITC41";"S11";"3618830";""
"2019-01-31";"1070001";"1041810";"ITC41";"S14BI2";"686877";""
"2019-01-31";"1070001";"1041810";"ITC41";"SBI9";"69656";""
"2019-01-31";"1070001";"1041810";"ITC4";"S126";"14399331";""
"2019-01-31";"1070001";"1041810";"IT";"S14";"1041464849";""
"2019-01-31";"1070001";"1041810";"IT";"S15";"27373508";""
"2019-01-31";"1070001";"1041810";"ITC4";"S1314";"64438";""
"2019-01-31";"1070001";"1041810";"ITC41";"450";"3185";""
"2019-01-31";"1070001";"1041810";"ITC41";"S11001";"95102";""
"2019-01-31";"1070001";"1041810";"ITC41";"S129";"34";""
"2019-01-31";"1070001";"1041810";"ITC41";"S1311";"126405";""
"2019-01-31";"1070001";"1041810";"IT";"S11BI32";"216439968";""
"2019-01-31";"1070001";"1041810";"IT";"S13";"51664578";""
"2019-01-31";"1070001";"1041810";"ITC4";"S124";"23663127";""
"2019-01-31";"1070001";"1041810";"ITC4";"S13";"2630451";""
"2019-01-31";"1070001";"1041810";"ITC4";"SBI9";"2779450";""
"2019-01-31";"1070001";"1041810";"ITC41";"S11BI8";"211504";""
"2019-01-31";"1070001";"1041810";"ITC41";"S1313";"41141";""
"2019-01-31";"1070001";"1041810";"ITC4";"S11BI8";"2885294";""
"2019-01-31";"1070001";"1041810";"ITC4";"S127";"5908359";""
"2019-01-31";"1070001";"1041810";"ITC4";"S12BI7";"68991830";""
"2019-01-31";"1070001";"1041810";"IT";"S1314";"6720826";""
"2019-01-31";"1070001";"1041810";"IT";"SBI59";"1517619430";""
"2019-01-31";"1070001";"1041810";"ITC41";"S13";"167550";""
"2019-01-31";"1070001";"1041810";"ITC41";"S1314";"4";""
"2019-01-31";"1070001";"1041810";"ITC41";"SBI59";"21332671";""
"2019-01-31";"1070001";"1041810";"ITC4";"S129";"3140097";""
"2018-12-31";"1070001";"1041810";"ITC4";"S128";"2909459";""
"2018-12-31";"1070001";"1041810";"ITC41";"S127";"69121";""
"2018-12-31";"1070001";"1041810";"ITC41";"S128";"8";""
"2018-12-31";"1070001";"1041810";"ITC4";"S11001";"3318274";""
"2018-12-31";"1070001";"1041810";"ITC41";"S1313";"33467";""
"2018-12-31";"1070001";"1041810";"ITC41";"S14";"16989147";""
"2018-12-31";"1070001";"1041810";"ITC41";"S11001";"97732";""
"2018-12-31";"1070001";"1041810";"ITC41";"S126";"57766";""
"2018-12-31";"1070001";"1041810";"ITC4";"S15";"6252002";""
"2018-12-31";"1070001";"1041810";"ITC4";"SBI9";"2970904";""
"2018-12-31";"1070001";"1041810";"ITC41";"S1311";"125909";""
"2018-12-31";"1070001";"1041810";"IT";"S11BI32";"232597935";""
"2018-12-31";"1070001";"1041810";"IT";"S11001";"25564234";""
"2018-12-31";"1070001";"1041810";"ITC4";"600";"201651325";""
"2018-12-31";"1070001";"1041810";"ITC4";"S11";"86300132";""
"2018-12-31";"1070001";"1041810";"ITC4";"S11BI7";"1754011";""
"2018-12-31";"1070001";"1041810";"ITC4";"S11BI8";"2906126";""
"2018-12-31";"1070001";"1041810";"ITC4";"S13";"2703836";""
"2018-12-31";"1070001";"1041810";"ITC41";"S12BI7";"144985";""
"2018-12-31";"1070001";"1041810";"IT";"450";"879772";""
"2018-12-31";"1070001";"1041810";"IT";"600";"978618139";""
"2018-12-31";"1070001";"1041810";"IT";"S12BI7";"126619919";""
"2018-12-31";"1070001";"1041810";"ITC41";"SBI9";"70072";""
"2018-12-31";"1070001";"1041810";"ITC41";"S124";"894";""
"2018-12-31";"1070001";"1041810";"ITC4";"S11BI32";"78101741";""
"2018-12-31";"1070001";"1041810";"ITC4";"S1311";"1138161";""
"2018-12-31";"1070001";"1041810";"ITC4";"S1313";"1503323";""
"2018-12-31";"1070001";"1041810";"ITC4";"S14";"213069308";""
"2018-12-31";"1070001";"1041810";"ITC41";"S1314";"3";""
"2018-12-31";"1070001";"1041810";"ITC41";"S14BI2";"684183";""
"2018-12-31";"1070001";"1041810";"ITC41";"S15";"301697";""
"2018-12-31";"1070001";"1041810";"IT";"S11";"279947519";""
"2018-12-31";"1070001";"1041810";"ITC4";"S124";"21784752";""
"2018-12-31";"1070001";"1041810";"ITC4";"S126";"13807266";""
"2018-12-31";"1070001";"1041810";"ITC4";"S127";"5539813";""
"2018-12-31";"1070001";"1041810";"ITC4";"S12BI66";"19389795";""
"2018-12-31";"1070001";"1041810";"ITC41";"600";"16304964";""
"2018-12-31";"1070001";"1041810";"ITC41";"S11BI8";"216490";""
"2018-12-31";"1070001";"1041810";"ITC41";"S12BI66";"17161";""
"2018-12-31";"1070001";"1041810";"IT";"S15";"27321063";""
"2018-12-31";"1070001";"1041810";"IT";"SBI59";"1517270326";""
"2018-12-31";"1070001";"1041810";"ITC41";"SBI59";"21495987";""
"2018-12-31";"1070001";"1041810";"ITC4";"S14BI2";"11417983";""
"2018-12-31";"1070001";"1041810";"ITC41";"450";"3266";""
"2018-12-31";"1070001";"1041810";"ITC41";"S129";"34";""
"2018-12-31";"1070001";"1041810";"ITC41";"S13";"159378";""
"2018-12-31";"1070001";"1041810";"ITC4";"450";"219981";""
"2018-12-31";"1070001";"1041810";"ITC4";"S129";"2828097";""
"2018-12-31";"1070001";"1041810";"ITC4";"SBI59";"377555364";""
"2018-12-31";"1070001";"1041810";"ITC41";"S11";"3830708";""
"2018-12-31";"1070001";"1041810";"ITC41";"S11BI32";"3375961";""
"2018-12-31";"1070001";"1041810";"IT";"S129";"6407107";""
"2018-12-31";"1070001";"1041810";"IT";"S13";"37827954";""
"2018-12-31";"1070001";"1041810";"IT";"S1311";"20409515";""
"2018-12-31";"1070001";"1041810";"IT";"S1314";"6147326";""
"2018-12-31";"1070001";"1041810";"IT";"S11BI7";"6817900";""
"2018-12-31";"1070001";"1041810";"IT";"S11BI8";"14087679";""
"2018-12-31";"1070001";"1041810";"IT";"S126";"19977586";""
"2018-12-31";"1070001";"1041810";"IT";"S128";"11607409";""
"2018-12-31";"1070001";"1041810";"ITC4";"S12BI7";"66259182";""
"2018-12-31";"1070001";"1041810";"ITC4";"S1314";"62353";""
"2018-12-31";"1070001";"1041810";"ITC41";"S11BI7";"137258";""
"2018-12-31";"1070001";"1041810";"IT";"S124";"25118226";""
"2018-12-31";"1070001";"1041810";"IT";"S127";"12565442";""
"2018-12-31";"1070001";"1041810";"IT";"S12BI66";"50944149";""
"2018-12-31";"1070001";"1041810";"IT";"S1313";"11271113";""
"2018-12-31";"1070001";"1041810";"IT";"S14";"1038772311";""
"2018-12-31";"1070001";"1041810";"IT";"S14BI2";"60154172";""
"2018-12-31";"1070001";"1041810";"IT";"SBI9";"6781559";""
"2018-11-30";"1070001";"1041810";"ITC41";"S12BI7";"132902";""
"2018-11-30";"1070001";"1041810";"ITC4";"S12BI7";"66615261";""
"2018-11-30";"1070001";"1041810";"ITC4";"S14BI2";"11187526";""
"2018-11-30";"1070001";"1041810";"ITC41";"S126";"45135";""
"2018-11-30";"1070001";"1041810";"ITC4";"S11BI32";"76109507";""
"2018-11-30";"1070001";"1041810";"IT";"S13";"57508303";""
"2018-11-30";"1070001";"1041810";"IT";"S1313";"11347034";""
"2018-11-30";"1070001";"1041810";"IT";"S11BI7";"6657952";""
"2018-11-30";"1070001";"1041810";"IT";"S128";"14033471";""
"2018-11-30";"1070001";"1041810";"ITC4";"450";"248110";""
"2018-11-30";"1070001";"1041810";"ITC4";"S11BI7";"1692154";""
"2018-11-30";"1070001";"1041810";"ITC41";"SBI59";"21109579";""
"2018-11-30";"1070001";"1041810";"ITC4";"S1314";"82624";""
"2018-11-30";"1070001";"1041810";"ITC4";"S15";"6403781";""
"2018-11-30";"1070001";"1041810";"ITC41";"S11BI7";"135405";""
"2018-11-30";"1070001";"1041810";"IT";"S14";"1019646102";""
"2018-11-30";"1070001";"1041810";"ITC41";"S14";"16586883";""
"2018-11-30";"1070001";"1041810";"ITC4";"S12BI66";"17742245";""
"2018-11-30";"1070001";"1041810";"ITC41";"S11001";"101435";""
"2018-11-30";"1070001";"1041810";"ITC41";"S127";"69597";""
"2018-11-30";"1070001";"1041810";"IT";"S1311";"40026335";""
"2018-11-30";"1070001";"1041810";"IT";"S11001";"23933971";""
"2018-11-30";"1070001";"1041810";"IT";"S11";"272617512";""
"2018-11-30";"1070001";"1041810";"ITC4";"600";"196656053";""
"2018-11-30";"1070001";"1041810";"ITC4";"S127";"5093597";""
"2018-11-30";"1070001";"1041810";"ITC41";"S1313";"36985";""
"2018-11-30";"1070001";"1041810";"ITC4";"S1313";"1413941";""
"2018-11-30";"1070001";"1041810";"ITC4";"SBI59";"370093258";""
"2018-11-30";"1070001";"1041810";"ITC41";"600";"15920648";""
"2018-11-30";"1070001";"1041810";"ITC41";"S11BI32";"3384527";""
"2018-11-30";"1070001";"1041810";"ITC41";"S11BI8";"215415";""
"2018-11-30";"1070001";"1041810";"ITC41";"S124";"555";""
"2018-11-30";"1070001";"1041810";"ITC4";"S126";"13514590";""
"2018-11-30";"1070001";"1041810";"IT";"S14BI2";"58869802";""
"2018-11-30";"1070001";"1041810";"IT";"S15";"27808792";""
"2018-11-30";"1070001";"1041810";"IT";"SBI59";"1510152797";""
"2018-11-30";"1070001";"1041810";"IT";"S124";"25955330";""
"2018-11-30";"1070001";"1041810";"IT";"S129";"7418356";""
"2018-11-30";"1070001";"1041810";"ITC41";"S128";"3";""
"2018-11-30";"1070001";"1041810";"ITC41";"S129";"34";""
"2018-11-30";"1070001";"1041810";"ITC41";"S15";"315281";""
"2018-11-30";"1070001";"1041810";"ITC4";"S13";"2644786";""
"2018-11-30";"1070001";"1041810";"IT";"S11BI32";"226970088";""
"2018-11-30";"1070001";"1041810";"IT";"S127";"12416565";""
"2018-11-30";"1070001";"1041810";"IT";"450";"902672";""
"2018-11-30";"1070001";"1041810";"ITC4";"S11";"83916838";""
"2018-11-30";"1070001";"1041810";"ITC4";"S128";"3652534";""
"2018-11-30";"1070001";"1041810";"IT";"SBI9";"6578001";""
"2018-11-30";"1070001";"1041810";"ITC4";"S11001";"2986592";""
"2018-11-30";"1070001";"1041810";"ITC4";"S129";"3816867";""
"2018-11-30";"1070001";"1041810";"ITC41";"S13";"163236";""
"2018-11-30";"1070001";"1041810";"ITC41";"S14BI2";"666235";""
"2018-11-30";"1070001";"1041810";"ITC41";"450";"3746";""
"2018-11-30";"1070001";"1041810";"IT";"S12BI7";"125994086";""
"2018-11-30";"1070001";"1041810";"ITC41";"S1311";"126247";""
"2018-11-30";"1070001";"1041810";"ITC4";"S1311";"1148220";""
"2018-11-30";"1070001";"1041810";"ITC4";"S14";"207843579";""
"2018-11-30";"1070001";"1041810";"ITC41";"S11";"3840528";""
"2018-11-30";"1070001";"1041810";"IT";"S11BI8";"14152830";""
"2018-11-30";"1070001";"1041810";"IT";"600";"960776300";""
"2018-11-30";"1070001";"1041810";"IT";"S1314";"6134934";""
"2018-11-30";"1070001";"1041810";"IT";"S12BI66";"46998194";""
"2018-11-30";"1070001";"1041810";"ITC41";"SBI9";"70749";""
"2018-11-30";"1070001";"1041810";"ITC4";"SBI9";"2669014";""
"2018-11-30";"1070001";"1041810";"ITC4";"S11BI8";"2880474";""
"2018-11-30";"1070001";"1041810";"ITC4";"S124";"22795427";""
"2018-11-30";"1070001";"1041810";"ITC41";"S12BI66";"17579";""
"2018-11-30";"1070001";"1041810";"ITC41";"S1314";"4";""
"2018-11-30";"1070001";"1041810";"IT";"S126";"19172170";""
"2018-10-31";"1070001";"1041810";"IT";"S11BI8";"15236462";""
"2018-10-31";"1070001";"1041810";"ITC4";"S11BI32";"76158212";""
"2018-10-31";"1070001";"1041810";"ITC4";"S11001";"3302452";""
"2018-10-31";"1070001";"1041810";"ITC41";"S11";"3897550";""
"2018-10-31";"1070001";"1041810";"IT";"S13";"59512773";""
"2018-10-31";"1070001";"1041810";"ITC41";"S126";"49922";""
"2018-10-31";"1070001";"1041810";"ITC41";"S128";"4";""
"2018-10-31";"1070001";"1041810";"ITC4";"S1313";"1408617";""
"2018-10-31";"1070001";"1041810";"ITC4";"S127";"5028013";""
"2018-10-31";"1070001";"1041810";"ITC41";"S127";"81998";""
"2018-10-31";"1070001";"1041810";"ITC41";"S11BI32";"3412484";""
"2018-10-31";"1070001";"1041810";"IT";"S12BI7";"126590545";""
"2018-10-31";"1070001";"1041810";"ITC4";"450";"243037";""
"2018-10-31";"1070001";"1041810";"IT";"S14BI2";"60474556";""
"2018-10-31";"1070001";"1041810";"IT";"SBI9";"7130144";""
"2018-10-31";"1070001";"1041810";"ITC41";"S1313";"37876";""
"2018-10-31";"1070001";"1041810";"ITC41";"S14BI2";"702479";""
"2018-10-31";"1070001";"1041810";"IT";"S11BI32";"230921432";""
"2018-10-31";"1070001";"1041810";"IT";"S127";"12286167";""
"2018-10-31";"1070001";"1041810";"ITC4";"S15";"6473128";""
"2018-10-31";"1070001";"1041810";"ITC4";"SBI9";"3197062";""
"2018-10-31";"1070001";"1041810";"IT";"S1311";"42068903";""
"2018-10-31";"1070001";"1041810";"ITC41";"S11001";"99723";""
"2018-10-31";"1070001";"1041810";"IT";"S11";"276925155";""
"2018-10-31";"1070001";"1041810";"ITC4";"S124";"22970010";""
"2018-10-31";"1070001";"1041810";"ITC41";"S12BI66";"15481";""
"2018-10-31";"1070001";"1041810";"ITC41";"S12BI7";"148183";""
"2018-10-31";"1070001";"1041810";"ITC4";"S13";"2615510";""
"2018-10-31";"1070001";"1041810";"IT";"S1314";"6143976";""
"2018-10-31";"1070001";"1041810";"IT";"S15";"27993792";""
"2018-10-31";"1070001";"1041810";"IT";"S12BI66";"46554257";""
"2018-10-31";"1070001";"1041810";"ITC41";"SBI9";"69634";""
"2018-10-31";"1070001";"1041810";"ITC41";"S15";"313959";""
"2018-10-31";"1070001";"1041810";"ITC41";"SBI59";"21275376";""
"2018-10-31";"1070001";"1041810";"IT";"S124";"26130147";""
"2018-10-31";"1070001";"1041810";"ITC41";"600";"15983206";""
"2018-10-31";"1070001";"1041810";"ITC41";"S124";"744";""
"2018-10-31";"1070001";"1041810";"IT";"S126";"20218120";""
"2018-10-31";"1070001";"1041810";"ITC4";"S1314";"76133";""
"2018-10-31";"1070001";"1041810";"ITC4";"S14";"209093431";""
"2018-10-31";"1070001";"1041810";"IT";"S128";"14064736";""
"2018-10-31";"1070001";"1041810";"IT";"S129";"7337119";""
"2018-10-31";"1070001";"1041810";"IT";"450";"904181";""
"2018-10-31";"1070001";"1041810";"ITC4";"600";"197604857";""
"2018-10-31";"1070001";"1041810";"IT";"S14";"1025378461";""
"2018-10-31";"1070001";"1041810";"IT";"SBI59";"1523530870";""
"2018-10-31";"1070001";"1041810";"ITC41";"S129";"34";""
"2018-10-31";"1070001";"1041810";"IT";"S11001";"22610378";""
"2018-10-31";"1070001";"1041810";"IT";"S11BI7";"7252703";""
"2018-10-31";"1070001";"1041810";"ITC4";"S12BI7";"66981101";""
"2018-10-31";"1070001";"1041810";"ITC4";"S126";"14534419";""
"2018-10-31";"1070001";"1041810";"ITC4";"S128";"3674386";""
"2018-10-31";"1070001";"1041810";"IT";"S1313";"11299894";""
"2018-10-31";"1070001";"1041810";"ITC41";"S11BI8";"230961";""
"2018-10-31";"1070001";"1041810";"IT";"600";"964903905";""
"2018-10-31";"1070001";"1041810";"ITC4";"S11";"84696446";""
"2018-10-31";"1070001";"1041810";"ITC41";"S1311";"122486";""
"2018-10-31";"1070001";"1041810";"ITC4";"S1311";"1130761";""
"2018-10-31";"1070001";"1041810";"ITC4";"S14BI2";"11488574";""
"2018-10-31";"1070001";"1041810";"ITC4";"SBI59";"373056678";""
"2018-10-31";"1070001";"1041810";"ITC41";"450";"3827";""
"2018-10-31";"1070001";"1041810";"ITC4";"S129";"2887114";""
"2018-10-31";"1070001";"1041810";"ITC4";"S12BI66";"17887159";""
"2018-10-31";"1070001";"1041810";"ITC41";"S11BI7";"150554";""
"2018-10-31";"1070001";"1041810";"ITC4";"S11BI7";"1860120";""
"2018-10-31";"1070001";"1041810";"ITC4";"S11BI8";"3132625";""
"2018-10-31";"1070001";"1041810";"ITC41";"S13";"160366";""
"2018-10-31";"1070001";"1041810";"ITC41";"S1314";"4";""
"2018-10-31";"1070001";"1041810";"ITC41";"S14";"16685685";""
"2018-09-30";"1070001";"1041810";"ITC4";"S128";"3923761";""
"2018-09-30";"1070001";"1041810";"ITC4";"S1313";"1425981";""
"2018-09-30";"1070001";"1041810";"ITC4";"S14";"209044872";""
"2018-09-30";"1070001";"1041810";"ITC41";"S11BI32";"3508355";""
"2018-09-30";"1070001";"1041810";"ITC41";"S129";"34";""
"2018-09-30";"1070001";"1041810";"IT";"SBI9";"7037853";""
"2018-09-30";"1070001";"1041810";"ITC41";"S14";"16649023";""
"2018-09-30";"1070001";"1041810";"IT";"600";"965782435";""
"2018-09-30";"1070001";"1041810";"IT";"S11BI32";"243980405";""
"2018-09-30";"1070001";"1041810";"IT";"S12BI7";"124155626";""
"2018-09-30";"1070001";"1041810";"IT";"S1311";"38620999";""
"2018-09-30";"1070001";"1041810";"IT";"S1314";"5846837";""
"2018-09-30";"1070001";"1041810";"ITC4";"S13";"2625297";""
"2018-09-30";"1070001";"1041810";"ITC4";"S1311";"1130397";""
"2018-09-30";"1070001";"1041810";"ITC4";"SBI59";"373641120";""
"2018-09-30";"1070001";"1041810";"ITC4";"SBI9";"3157792";""
"2018-09-30";"1070001";"1041810";"ITC41";"450";"3813";""
"2018-09-30";"1070001";"1041810";"IT";"S129";"6420295";""
"2018-09-30";"1070001";"1041810";"ITC41";"S11BI7";"159462";""
"2018-09-30";"1070001";"1041810";"ITC41";"S126";"41604";""
"2018-09-30";"1070001";"1041810";"ITC41";"S127";"81490";""
"2018-09-30";"1070001";"1041810";"ITC41";"S14BI2";"710175";""
"2018-09-30";"1070001";"1041810";"ITC4";"600";"197566940";""
"2018-09-30";"1070001";"1041810";"IT";"S11001";"25329556";""
"2018-09-30";"1070001";"1041810";"IT";"S11BI7";"7587859";""
"2018-09-30";"1070001";"1041810";"IT";"S124";"23738605";""
"2018-09-30";"1070001";"1041810";"IT";"S126";"19733175";""
"2018-09-30";"1070001";"1041810";"ITC41";"S128";"2";""
"2018-09-30";"1070001";"1041810";"IT";"S15";"27745889";""
"2018-09-30";"1070001";"1041810";"ITC4";"S1314";"68919";""
"2018-09-30";"1070001";"1041810";"ITC41";"S15";"304982";""
"2018-09-30";"1070001";"1041810";"IT";"450";"916132";""
"2018-09-30";"1070001";"1041810";"IT";"S11";"293688449";""
"2018-09-30";"1070001";"1041810";"IT";"S11BI8";"15874497";""
"2018-09-30";"1070001";"1041810";"IT";"S1313";"11447766";""
"2018-09-30";"1070001";"1041810";"ITC41";"S1313";"38053";""
"2018-09-30";"1070001";"1041810";"ITC4";"S11BI7";"1955000";""
"2018-09-30";"1070001";"1041810";"ITC4";"S129";"2843914";""
"2018-09-30";"1070001";"1041810";"ITC41";"S11BI8";"238361";""
"2018-09-30";"1070001";"1041810";"ITC41";"S13";"161078";""
"2018-09-30";"1070001";"1041810";"IT";"S14BI2";"60744611";""
"2018-09-30";"1070001";"1041810";"ITC41";"SBI59";"21341971";""
"2018-09-30";"1070001";"1041810";"IT";"S127";"11785321";""
"2018-09-30";"1070001";"1041810";"ITC4";"S12BI7";"64694021";""
"2018-09-30";"1070001";"1041810";"IT";"S14";"1026527046";""
"2018-09-30";"1070001";"1041810";"ITC41";"S12BI66";"19995";""
"2018-09-30";"1070001";"1041810";"ITC41";"S1311";"123021";""
"2018-09-30";"1070001";"1041810";"ITC4";"S11BI8";"3218903";""
"2018-09-30";"1070001";"1041810";"ITC4";"S15";"6302701";""
"2018-09-30";"1070001";"1041810";"ITC41";"600";"15938848";""
"2018-09-30";"1070001";"1041810";"ITC41";"S11";"4010658";""
"2018-09-30";"1070001";"1041810";"ITC41";"S11001";"100667";""
"2018-09-30";"1070001";"1041810";"ITC4";"S11";"87816436";""
"2018-09-30";"1070001";"1041810";"ITC4";"S11001";"3690493";""
"2018-09-30";"1070001";"1041810";"ITC4";"S11BI32";"78697616";""
"2018-09-30";"1070001";"1041810";"ITC41";"S124";"917";""
"2018-09-30";"1070001";"1041810";"ITC41";"S12BI7";"144042";""
"2018-09-30";"1070001";"1041810";"ITC41";"SBI9";"72188";""
"2018-09-30";"1070001";"1041810";"ITC4";"450";"254424";""
"2018-09-30";"1070001";"1041810";"ITC4";"S124";"20776216";""
"2018-09-30";"1070001";"1041810";"ITC4";"S126";"14314072";""
"2018-09-30";"1070001";"1041810";"ITC4";"S127";"4837008";""
"2018-09-30";"1070001";"1041810";"ITC4";"S12BI66";"17999051";""
"2018-09-30";"1070001";"1041810";"ITC4";"S14BI2";"11477932";""
"2018-09-30";"1070001";"1041810";"IT";"S128";"12049963";""
"2018-09-30";"1070001";"1041810";"IT";"S12BI66";"50428267";""
"2018-09-30";"1070001";"1041810";"IT";"S13";"55915601";""
"2018-09-30";"1070001";"1041810";"ITC41";"S1314";"4";""
"2018-09-30";"1070001";"1041810";"IT";"SBI59";"1535070465";""
"2018-08-31";"1070001";"1041810";"IT";"S11BI7";"7021054";""
"2018-08-31";"1070001";"1041810";"IT";"S12BI7";"124329263";""
"2018-08-31";"1070001";"1041810";"IT";"S1311";"34464051";""
"2018-08-31";"1070001";"1041810";"ITC4";"450";"256682";""
"2018-08-31";"1070001";"1041810";"ITC4";"S11001";"3042082";""
"2018-08-31";"1070001";"1041810";"ITC41";"450";"4430";""
"2018-08-31";"1070001";"1041810";"ITC41";"S124";"860";""
"2018-08-31";"1070001";"1041810";"ITC41";"S14";"16618789";""
"2018-08-31";"1070001";"1041810";"ITC4";"SBI59";"366533955";""
"2018-08-31";"1070001";"1041810";"IT";"450";"916852";""
"2018-08-31";"1070001";"1041810";"IT";"600";"961791151";""
"2018-08-31";"1070001";"1041810";"IT";"S127";"12008017";""
"2018-08-31";"1070001";"1041810";"ITC41";"S129";"34";""
"2018-08-31";"1070001";"1041810";"ITC41";"S13";"163626";""
"2018-08-31";"1070001";"1041810";"ITC41";"S14BI2";"697410";""
"2018-08-31";"1070001";"1041810";"ITC41";"S15";"296896";""
"2018-08-31";"1070001";"1041810";"ITC4";"S15";"6247191";""
"2018-08-31";"1070001";"1041810";"IT";"S11";"275522304";""
"2018-08-31";"1070001";"1041810";"ITC4";"S127";"5532612";""
"2018-08-31";"1070001";"1041810";"ITC4";"S128";"3794819";""
"2018-08-31";"1070001";"1041810";"ITC4";"S129";"2801890";""
"2018-08-31";"1070001";"1041810";"ITC41";"S11001";"101219";""
"2018-08-31";"1070001";"1041810";"ITC41";"S11BI7";"148509";""
"2018-08-31";"1070001";"1041810";"IT";"S12BI66";"49334016";""
"2018-08-31";"1070001";"1041810";"IT";"S1313";"11330199";""
"2018-08-31";"1070001";"1041810";"ITC4";"S11BI32";"74549002";""
"2018-08-31";"1070001";"1041810";"ITC4";"S11BI7";"1808968";""
"2018-08-31";"1070001";"1041810";"IT";"S14";"1021330902";""
"2018-08-31";"1070001";"1041810";"ITC4";"S126";"14529610";""
"2018-08-31";"1070001";"1041810";"ITC4";"S12BI66";"17986540";""
"2018-08-31";"1070001";"1041810";"ITC41";"S11";"3852333";""
"2018-08-31";"1070001";"1041810";"ITC41";"S11BI32";"3371850";""
"2018-08-31";"1070001";"1041810";"ITC41";"S11BI8";"226326";""
"2018-08-31";"1070001";"1041810";"ITC41";"S1314";"3";""
"2018-08-31";"1070001";"1041810";"ITC4";"SBI9";"2458331";""
"2018-08-31";"1070001";"1041810";"IT";"S126";"19812305";""
"2018-08-31";"1070001";"1041810";"ITC4";"S11";"82618840";""
"2018-08-31";"1070001";"1041810";"ITC4";"S1311";"1109999";""
"2018-08-31";"1070001";"1041810";"ITC41";"600";"15921379";""
"2018-08-31";"1070001";"1041810";"ITC41";"S126";"42084";""
"2018-08-31";"1070001";"1041810";"ITC41";"S128";"2";""
"2018-08-31";"1070001";"1041810";"IT";"S128";"13332406";""
"2018-08-31";"1070001";"1041810";"IT";"S13";"51879102";""
"2018-08-31";"1070001";"1041810";"IT";"S14BI2";"59539752";""
"2018-08-31";"1070001";"1041810";"ITC4";"S1313";"1412693";""
"2018-08-31";"1070001";"1041810";"IT";"SBI9";"6260981";""
"2018-08-31";"1070001";"1041810";"ITC41";"S12BI7";"157407";""
"2018-08-31";"1070001";"1041810";"IT";"S124";"23151747";""
"2018-08-31";"1070001";"1041810";"ITC4";"S12BI7";"64494493";""
"2018-08-31";"1070001";"1041810";"ITC4";"S13";"2575128";""
"2018-08-31";"1070001";"1041810";"ITC4";"S14BI2";"11209757";""
"2018-08-31";"1070001";"1041810";"ITC41";"S12BI66";"23413";""
"2018-08-31";"1070001";"1041810";"ITC41";"SBI59";"21157677";""
"2018-08-31";"1070001";"1041810";"IT";"S11001";"23204033";""
"2018-08-31";"1070001";"1041810";"IT";"S11BI32";"229319672";""
"2018-08-31";"1070001";"1041810";"IT";"S11BI8";"15060693";""
"2018-08-31";"1070001";"1041810";"IT";"S129";"6690771";""
"2018-08-31";"1070001";"1041810";"ITC4";"600";"196930215";""
"2018-08-31";"1070001";"1041810";"ITC4";"S11BI8";"2962106";""
"2018-08-31";"1070001";"1041810";"ITC4";"S124";"19849022";""
"2018-08-31";"1070001";"1041810";"IT";"S1314";"6084851";""
"2018-08-31";"1070001";"1041810";"ITC4";"S1314";"52436";""
"2018-08-31";"1070001";"1041810";"ITC4";"S14";"208139972";""
"2018-08-31";"1070001";"1041810";"IT";"S15";"27548967";""
"2018-08-31";"1070001";"1041810";"IT";"SBI59";"1506871519";""
"2018-08-31";"1070001";"1041810";"ITC41";"S127";"91014";""
"2018-08-31";"1070001";"1041810";"ITC41";"S1311";"123828";""
"2018-08-31";"1070001";"1041810";"ITC41";"S1313";"39794";""
"2018-08-31";"1070001";"1041810";"ITC41";"SBI9";"68626";""
"2018-07-31";"1070001";"1041810";"ITC41";"S12BI66";"23446";""
"2018-07-31";"1070001";"1041810";"ITC41";"S13";"161243";""
"2018-07-31";"1070001";"1041810";"ITC41";"S1311";"119480";""
"2018-07-31";"1070001";"1041810";"ITC41";"SBI59";"21106667";""
"2018-07-31";"1070001";"1041810";"ITC41";"SBI9";"73419";""
"2018-07-31";"1070001";"1041810";"IT";"450";"904762";""
"2018-07-31";"1070001";"1041810";"IT";"S126";"20813607";""
"2018-07-31";"1070001";"1041810";"IT";"S128";"12196066";""
"2018-07-31";"1070001";"1041810";"IT";"S1311";"34096255";""
"2018-07-31";"1070001";"1041810";"ITC4";"450";"241517";""
"2018-07-31";"1070001";"1041810";"ITC41";"S127";"92753";""
"2018-07-31";"1070001";"1041810";"ITC41";"S129";"34";""
"2018-07-31";"1070001";"1041810";"IT";"S11";"268517709";""
"2018-07-31";"1070001";"1041810";"IT";"S11BI8";"14903892";""
"2018-07-31";"1070001";"1041810";"IT";"S1314";"5874594";""
"2018-07-31";"1070001";"1041810";"ITC4";"S13";"2604908";""
"2018-07-31";"1070001";"1041810";"ITC41";"450";"4863";""
"2018-07-31";"1070001";"1041810";"ITC41";"S11001";"99307";""
"2018-07-31";"1070001";"1041810";"ITC41";"S11BI8";"236186";""
"2018-07-31";"1070001";"1041810";"ITC4";"600";"196773681";""
"2018-07-31";"1070001";"1041810";"ITC4";"S11";"80395637";""
"2018-07-31";"1070001";"1041810";"ITC4";"S11BI8";"3051107";""
"2018-07-31";"1070001";"1041810";"ITC4";"S126";"15651882";""
"2018-07-31";"1070001";"1041810";"IT";"S11BI7";"7192871";""
"2018-07-31";"1070001";"1041810";"IT";"S129";"7398854";""
"2018-07-31";"1070001";"1041810";"ITC4";"S14BI2";"11578479";""
"2018-07-31";"1070001";"1041810";"ITC41";"S11BI32";"3253136";""
"2018-07-31";"1070001";"1041810";"ITC41";"S128";"4";""
"2018-07-31";"1070001";"1041810";"ITC41";"S1314";"4";""
"2018-07-31";"1070001";"1041810";"ITC4";"S14";"208352159";""
"2018-07-31";"1070001";"1041810";"IT";"S11BI32";"223241842";""
"2018-07-31";"1070001";"1041810";"ITC4";"S11BI32";"72171858";""
"2018-07-31";"1070001";"1041810";"ITC4";"SBI59";"368856543";""
"2018-07-31";"1070001";"1041810";"ITC4";"S15";"6149107";""
"2018-07-31";"1070001";"1041810";"IT";"S127";"12824965";""
"2018-07-31";"1070001";"1041810";"IT";"S12BI66";"52135452";""
"2018-07-31";"1070001";"1041810";"ITC4";"S11001";"3082542";""
"2018-07-31";"1070001";"1041810";"ITC4";"S11BI7";"1848613";""
"2018-07-31";"1070001";"1041810";"ITC4";"S1313";"1445404";""
"2018-07-31";"1070001";"1041810";"IT";"S14BI2";"60750030";""
"2018-07-31";"1070001";"1041810";"ITC41";"S11BI7";"153263";""
"2018-07-31";"1070001";"1041810";"ITC4";"S1314";"47901";""
"2018-07-31";"1070001";"1041810";"ITC41";"600";"15955014";""
"2018-07-31";"1070001";"1041810";"IT";"SBI9";"6665459";""
"2018-07-31";"1070001";"1041810";"ITC4";"S127";"6239545";""
"2018-07-31";"1070001";"1041810";"ITC4";"S128";"3887460";""
"2018-07-31";"1070001";"1041810";"ITC41";"S11";"3746755";""
"2018-07-31";"1070001";"1041810";"ITC41";"S124";"1630";""
"2018-07-31";"1070001";"1041810";"ITC41";"S12BI7";"167771";""
"2018-07-31";"1070001";"1041810";"ITC41";"S14";"16663717";""
"2018-07-31";"1070001";"1041810";"IT";"S11001";"22274343";""
"2018-07-31";"1070001";"1041810";"IT";"S124";"24019376";""
"2018-07-31";"1070001";"1041810";"IT";"S12BI7";"129388320";""
"2018-07-31";"1070001";"1041810";"IT";"S13";"51657187";""
"2018-07-31";"1070001";"1041810";"IT";"S14";"1019979418";""
"2018-07-31";"1070001";"1041810";"IT";"S15";"27627915";""
"2018-07-31";"1070001";"1041810";"IT";"SBI59";"1503836008";""
"2018-07-31";"1070001";"1041810";"ITC4";"SBI9";"2772533";""
"2018-07-31";"1070001";"1041810";"ITC41";"S126";"49903";""
"2018-07-31";"1070001";"1041810";"ITC41";"S1313";"41759";""
"2018-07-31";"1070001";"1041810";"ITC41";"S14BI2";"708704";""
"2018-07-31";"1070001";"1041810";"ITC41";"S15";"293762";""
"2018-07-31";"1070001";"1041810";"IT";"600";"959229389";""
"2018-07-31";"1070001";"1041810";"IT";"S1313";"11686338";""
"2018-07-31";"1070001";"1041810";"ITC4";"S124";"20342228";""
"2018-07-31";"1070001";"1041810";"ITC4";"S129";"3153061";""
"2018-07-31";"1070001";"1041810";"ITC4";"S12BI66";"19308022";""
"2018-07-31";"1070001";"1041810";"ITC4";"S12BI7";"68582197";""
"2018-07-31";"1070001";"1041810";"ITC4";"S1311";"1111603";""
"2018-06-30";"1070001";"1041810";"IT";"S1311";"32842469";""
"2018-06-30";"1070001";"1041810";"ITC41";"SBI9";"72252";""
"2018-06-30";"1070001";"1041810";"ITC4";"S11BI32";"76100891";""
"2018-06-30";"1070001";"1041810";"ITC4";"S11BI8";"3262936";""
"2018-06-30";"1070001";"1041810";"IT";"S14BI2";"61637801";""
"2018-06-30";"1070001";"1041810";"ITC4";"S15";"6110742";""
"2018-06-30";"1070001";"1041810";"ITC4";"S13";"2570878";""
"2018-06-30";"1070001";"1041810";"IT";"450";"916409";""
"2018-06-30";"1070001";"1041810";"IT";"S11BI7";"7742672";""
"2018-06-30";"1070001";"1041810";"ITC41";"S129";"34";""
"2018-06-30";"1070001";"1041810";"ITC41";"S13";"158952";""
"2018-06-30";"1070001";"1041810";"ITC41";"S1311";"116005";""
"2018-06-30";"1070001";"1041810";"ITC4";"S1311";"1101372";""
"2018-06-30";"1070001";"1041810";"IT";"S129";"6731539";""
"2018-06-30";"1070001";"1041810";"IT";"SBI59";"1527848462";""
"2018-06-30";"1070001";"1041810";"ITC4";"SBI59";"376486130";""
"2018-06-30";"1070001";"1041810";"ITC41";"S11BI8";"249922";""
"2018-06-30";"1070001";"1041810";"ITC41";"S127";"89529";""
"2018-06-30";"1070001";"1041810";"ITC41";"S12BI66";"23026";""
"2018-06-30";"1070001";"1041810";"ITC41";"S1313";"42940";""
"2018-06-30";"1070001";"1041810";"IT";"S124";"24620788";""
"2018-06-30";"1070001";"1041810";"IT";"S12BI66";"55173292";""
"2018-06-30";"1070001";"1041810";"IT";"S1313";"11783309";""
"2018-06-30";"1070001";"1041810";"ITC4";"S128";"4016224";""
"2018-06-30";"1070001";"1041810";"ITC4";"S129";"2644460";""
"2018-06-30";"1070001";"1041810";"ITC4";"S11";"85823553";""
"2018-06-30";"1070001";"1041810";"ITC4";"S126";"15615361";""
"2018-06-30";"1070001";"1041810";"ITC4";"S127";"6820353";""
"2018-06-30";"1070001";"1041810";"ITC41";"S14BI2";"728673";""
"2018-06-30";"1070001";"1041810";"IT";"600";"960266463";""
"2018-06-30";"1070001";"1041810";"ITC4";"450";"232950";""
"2018-06-30";"1070001";"1041810";"IT";"S15";"28775961";""
"2018-06-30";"1070001";"1041810";"ITC4";"S1314";"48880";""
"2018-06-30";"1070001";"1041810";"ITC41";"450";"4969";""
"2018-06-30";"1070001";"1041810";"ITC41";"S124";"796";""
"2018-06-30";"1070001";"1041810";"ITC41";"S128";"3";""
"2018-06-30";"1070001";"1041810";"ITC41";"S15";"314977";""
"2018-06-30";"1070001";"1041810";"IT";"S11";"287121127";""
"2018-06-30";"1070001";"1041810";"IT";"S11BI8";"15458811";""
"2018-06-30";"1070001";"1041810";"IT";"S12BI7";"133221346";""
"2018-06-30";"1070001";"1041810";"IT";"S13";"50243155";""
"2018-06-30";"1070001";"1041810";"ITC4";"600";"197109762";""
"2018-06-30";"1070001";"1041810";"ITC4";"S12BI66";"20392315";""
"2018-06-30";"1070001";"1041810";"IT";"S14";"1021904265";""
"2018-06-30";"1070001";"1041810";"ITC4";"S14";"208939601";""
"2018-06-30";"1070001";"1041810";"ITC41";"600";"15890096";""
"2018-06-30";"1070001";"1041810";"ITC41";"S11BI32";"3497176";""
"2018-06-30";"1070001";"1041810";"ITC41";"S14";"16618769";""
"2018-06-30";"1070001";"1041810";"ITC41";"SBI59";"21339538";""
"2018-06-30";"1070001";"1041810";"IT";"S11001";"24405769";""
"2018-06-30";"1070001";"1041810";"IT";"S11BI32";"238597466";""
"2018-06-30";"1070001";"1041810";"IT";"S126";"20845471";""
"2018-06-30";"1070001";"1041810";"IT";"S128";"12337867";""
"2018-06-30";"1070001";"1041810";"ITC4";"S12BI7";"70290984";""
"2018-06-30";"1070001";"1041810";"ITC4";"S11001";"4209481";""
"2018-06-30";"1070001";"1041810";"ITC4";"S11BI7";"2017296";""
"2018-06-30";"1070001";"1041810";"ITC4";"S124";"20802271";""
"2018-06-30";"1070001";"1041810";"ITC4";"S14BI2";"11829839";""
"2018-06-30";"1070001";"1041810";"ITC4";"SBI9";"2750371";""
"2018-06-30";"1070001";"1041810";"ITC41";"S11BI7";"165041";""
"2018-06-30";"1070001";"1041810";"IT";"SBI9";"6582608";""
"2018-06-30";"1070001";"1041810";"IT";"S127";"13512390";""
"2018-06-30";"1070001";"1041810";"IT";"S1314";"5617377";""
"2018-06-30";"1070001";"1041810";"ITC41";"S11";"4012744";""
"2018-06-30";"1070001";"1041810";"ITC41";"S11001";"95636";""
"2018-06-30";"1070001";"1041810";"ITC41";"S126";"48456";""
"2018-06-30";"1070001";"1041810";"ITC41";"S12BI7";"161844";""
"2018-06-30";"1070001";"1041810";"ITC41";"S1314";"7";""
"2018-06-30";"1070001";"1041810";"ITC4";"S1313";"1420627";""
"2018-05-31";"1070001";"1041810";"IT";"S127";"12674442";""
"2018-05-31";"1070001";"1041810";"IT";"S129";"7040991";""
"2018-05-31";"1070001";"1041810";"IT";"S1311";"28348609";""
"2018-05-31";"1070001";"1041810";"IT";"S1314";"7505759";""
"2018-05-31";"1070001";"1041810";"ITC41";"S1314";"8";""
"2018-05-31";"1070001";"1041810";"ITC4";"S11BI7";"1810939";""
"2018-05-31";"1070001";"1041810";"ITC4";"S127";"6619224";""
"2018-05-31";"1070001";"1041810";"ITC4";"S1314";"56208";""
"2018-05-31";"1070001";"1041810";"ITC41";"600";"15949082";""
"2018-05-31";"1070001";"1041810";"ITC4";"450";"226173";""
"2018-05-31";"1070001";"1041810";"IT";"450";"900933";""
"2018-05-31";"1070001";"1041810";"IT";"600";"961012419";""
"2018-05-31";"1070001";"1041810";"IT";"S11BI8";"14419039";""
"2018-05-31";"1070001";"1041810";"IT";"S13";"47366632";""
"2018-05-31";"1070001";"1041810";"ITC41";"S14";"16642777";""
"2018-05-31";"1070001";"1041810";"ITC41";"S128";"7";""
"2018-05-31";"1070001";"1041810";"IT";"S11BI32";"227092064";""
"2018-05-31";"1070001";"1041810";"ITC4";"S1311";"1109140";""
"2018-05-31";"1070001";"1041810";"ITC4";"S14BI2";"11442903";""
"2018-05-31";"1070001";"1041810";"IT";"SBI59";"1507971589";""
"2018-05-31";"1070001";"1041810";"ITC41";"S12BI66";"23704";""
"2018-05-31";"1070001";"1041810";"ITC41";"S15";"307334";""
"2018-05-31";"1070001";"1041810";"ITC4";"S12BI7";"67835755";""
"2018-05-31";"1070001";"1041810";"ITC4";"S15";"6060886";""
"2018-05-31";"1070001";"1041810";"ITC41";"S11BI7";"147003";""
"2018-05-31";"1070001";"1041810";"ITC41";"S126";"49747";""
"2018-05-31";"1070001";"1041810";"IT";"S11001";"25202613";""
"2018-05-31";"1070001";"1041810";"IT";"SBI9";"6425802";""
"2018-05-31";"1070001";"1041810";"ITC41";"S1313";"44318";""
"2018-05-31";"1070001";"1041810";"ITC41";"SBI9";"71799";""
"2018-05-31";"1070001";"1041810";"ITC4";"S11BI32";"73267859";""
"2018-05-31";"1070001";"1041810";"ITC4";"S126";"15769662";""
"2018-05-31";"1070001";"1041810";"ITC41";"S11BI32";"3235356";""
"2018-05-31";"1070001";"1041810";"IT";"S12BI7";"131187011";""
"2018-05-31";"1070001";"1041810";"IT";"S11";"274547096";""
"2018-05-31";"1070001";"1041810";"ITC41";"S13";"149553";""
"2018-05-31";"1070001";"1041810";"ITC41";"S1311";"105226";""
"2018-05-31";"1070001";"1041810";"ITC4";"S11BI8";"3082714";""
"2018-05-31";"1070001";"1041810";"ITC4";"S129";"2814311";""
"2018-05-31";"1070001";"1041810";"ITC4";"S13";"2620039";""
"2018-05-31";"1070001";"1041810";"ITC4";"SBI59";"369750852";""
"2018-05-31";"1070001";"1041810";"ITC41";"450";"4986";""
"2018-05-31";"1070001";"1041810";"IT";"S124";"24287836";""
"2018-05-31";"1070001";"1041810";"IT";"S126";"21661839";""
"2018-05-31";"1070001";"1041810";"IT";"S128";"15053200";""
"2018-05-31";"1070001";"1041810";"IT";"S12BI66";"50468703";""
"2018-05-31";"1070001";"1041810";"IT";"S1313";"11512264";""
"2018-05-31";"1070001";"1041810";"ITC41";"SBI59";"21060078";""
"2018-05-31";"1070001";"1041810";"ITC4";"SBI9";"2624743";""
"2018-05-31";"1070001";"1041810";"ITC41";"S127";"92461";""
"2018-05-31";"1070001";"1041810";"IT";"S14BI2";"59618835";""
"2018-05-31";"1070001";"1041810";"ITC4";"600";"196901819";""
"2018-05-31";"1070001";"1041810";"ITC4";"S11001";"3877023";""
"2018-05-31";"1070001";"1041810";"ITC4";"S124";"20490248";""
"2018-05-31";"1070001";"1041810";"ITC4";"S1313";"1454691";""
"2018-05-31";"1070001";"1041810";"ITC4";"S14";"208344721";""
"2018-05-31";"1070001";"1041810";"ITC41";"S11";"3720793";""
"2018-05-31";"1070001";"1041810";"IT";"S14";"1020631254";""
"2018-05-31";"1070001";"1041810";"IT";"S11BI7";"6932447";""
"2018-05-31";"1070001";"1041810";"IT";"S15";"27813793";""
"2018-05-31";"1070001";"1041810";"ITC41";"S12BI7";"167823";""
"2018-05-31";"1070001";"1041810";"ITC41";"S14BI2";"693695";""
"2018-05-31";"1070001";"1041810";"ITC4";"S11";"82264708";""
"2018-05-31";"1070001";"1041810";"ITC4";"S128";"4434538";""
"2018-05-31";"1070001";"1041810";"ITC4";"S12BI66";"17707773";""
"2018-05-31";"1070001";"1041810";"ITC41";"S11001";"98696";""
"2018-05-31";"1070001";"1041810";"ITC41";"S11BI8";"234752";""
"2018-05-31";"1070001";"1041810";"ITC41";"S124";"1876";""
"2018-05-31";"1070001";"1041810";"ITC41";"S129";"29";""
"2018-04-30";"1070001";"1041810";"IT";"SBI59";"1498733019";""
"2018-04-30";"1070001";"1041810";"IT";"S11BI32";"222650031";""
"2018-04-30";"1070001";"1041810";"IT";"S127";"10037623";""
"2018-04-30";"1070001";"1041810";"ITC4";"S12BI66";"16429532";""
"2018-04-30";"1070001";"1041810";"ITC41";"S129";"29";""
"2018-04-30";"1070001";"1041810";"ITC41";"S15";"305073";""
"2018-04-30";"1070001";"1041810";"IT";"S128";"15775276";""
"2018-04-30";"1070001";"1041810";"ITC41";"S128";"1";""
"2018-04-30";"1070001";"1041810";"ITC4";"S1313";"1456630";""
"2018-04-30";"1070001";"1041810";"ITC4";"S15";"6073194";""
"2018-04-30";"1070001";"1041810";"ITC41";"S11BI8";"229559";""
"2018-04-30";"1070001";"1041810";"IT";"S124";"23437842";""
"2018-04-30";"1070001";"1041810";"IT";"S12BI66";"47762408";""
"2018-04-30";"1070001";"1041810";"IT";"S12BI7";"125367552";""
"2018-04-30";"1070001";"1041810";"IT";"S1313";"11195407";""
"2018-04-30";"1070001";"1041810";"ITC4";"S127";"4269498";""
"2018-04-30";"1070001";"1041810";"ITC4";"S129";"2925506";""
"2018-04-30";"1070001";"1041810";"ITC41";"S11001";"98990";""
"2018-04-30";"1070001";"1041810";"ITC41";"S11BI32";"3156924";""
"2018-04-30";"1070001";"1041810";"ITC41";"S12BI7";"158958";""
"2018-04-30";"1070001";"1041810";"ITC41";"S14BI2";"689945";""
"2018-04-30";"1070001";"1041810";"IT";"S11";"269357281";""
"2018-04-30";"1070001";"1041810";"IT";"S11001";"24801682";""
"2018-04-30";"1070001";"1041810";"IT";"S11BI7";"6808164";""
"2018-04-30";"1070001";"1041810";"ITC4";"S124";"20149750";""
"2018-04-30";"1070001";"1041810";"ITC4";"S1314";"53283";""
"2018-04-30";"1070001";"1041810";"ITC4";"S14BI2";"11461024";""
"2018-04-30";"1070001";"1041810";"ITC41";"S124";"1366";""
"2018-04-30";"1070001";"1041810";"ITC41";"S126";"43066";""
"2018-04-30";"1070001";"1041810";"ITC41";"S1313";"42522";""
"2018-04-30";"1070001";"1041810";"IT";"S14BI2";"59590560";""
"2018-04-30";"1070001";"1041810";"IT";"600";"963481041";""
"2018-04-30";"1070001";"1041810";"IT";"S14";"1023071602";""
"2018-04-30";"1070001";"1041810";"ITC41";"S13";"143551";""
"2018-04-30";"1070001";"1041810";"ITC41";"S1311";"101021";""
"2018-04-30";"1070001";"1041810";"ITC41";"S1314";"7";""
"2018-04-30";"1070001";"1041810";"ITC41";"SBI9";"74818";""
"2018-04-30";"1070001";"1041810";"ITC4";"S11BI7";"1749020";""
"2018-04-30";"1070001";"1041810";"ITC4";"S11BI8";"3046247";""
"2018-04-30";"1070001";"1041810";"ITC4";"SBI9";"2939879";""
"2018-04-30";"1070001";"1041810";"IT";"S15";"27881897";""
"2018-04-30";"1070001";"1041810";"IT";"450";"912513";""
"2018-04-30";"1070001";"1041810";"IT";"S1314";"7360870";""
"2018-04-30";"1070001";"1041810";"ITC4";"S11";"80560924";""
"2018-04-30";"1070001";"1041810";"ITC4";"S128";"4264268";""
"2018-04-30";"1070001";"1041810";"ITC4";"S12BI7";"63714619";""
"2018-04-30";"1070001";"1041810";"ITC4";"S14";"208794169";""
"2018-04-30";"1070001";"1041810";"ITC41";"600";"16065816";""
"2018-04-30";"1070001";"1041810";"IT";"S11BI8";"14184892";""
"2018-04-30";"1070001";"1041810";"IT";"S129";"6749159";""
"2018-04-30";"1070001";"1041810";"IT";"S13";"46180983";""
"2018-04-30";"1070001";"1041810";"ITC41";"S12BI66";"23607";""
"2018-04-30";"1070001";"1041810";"ITC4";"600";"197333145";""
"2018-04-30";"1070001";"1041810";"IT";"SBI9";"6873704";""
"2018-04-30";"1070001";"1041810";"IT";"S126";"21605244";""
"2018-04-30";"1070001";"1041810";"IT";"S1311";"27624706";""
"2018-04-30";"1070001";"1041810";"ITC41";"S127";"90888";""
"2018-04-30";"1070001";"1041810";"ITC41";"S14";"16755762";""
"2018-04-30";"1070001";"1041810";"ITC41";"SBI59";"21072677";""
"2018-04-30";"1070001";"1041810";"ITC4";"450";"251368";""
"2018-04-30";"1070001";"1041810";"ITC4";"S11001";"3736142";""
"2018-04-30";"1070001";"1041810";"ITC4";"S11BI32";"71778146";""
"2018-04-30";"1070001";"1041810";"ITC4";"S126";"15676065";""
"2018-04-30";"1070001";"1041810";"ITC4";"S13";"2615718";""
"2018-04-30";"1070001";"1041810";"ITC4";"S1311";"1105806";""
"2018-04-30";"1070001";"1041810";"ITC4";"SBI59";"364698503";""
"2018-04-30";"1070001";"1041810";"ITC41";"450";"4357";""
"2018-04-30";"1070001";"1041810";"ITC41";"S11";"3634516";""
"2018-04-30";"1070001";"1041810";"ITC41";"S11BI7";"144685";""
"2018-03-31";"1070001";"1041810";"IT";"S11BI32";"227944910";""
"2018-03-31";"1070001";"1041810";"IT";"S14";"1017506210";""
"2018-03-31";"1070001";"1041810";"ITC41";"S128";"6";""
"2018-03-31";"1070001";"1041810";"ITC41";"S12BI7";"143105";""
"2018-03-31";"1070001";"1041810";"ITC4";"S12BI66";"18150156";""
"2018-03-31";"1070001";"1041810";"ITC41";"S11";"3815648";""
"2018-03-31";"1070001";"1041810";"ITC41";"S124";"2057";""
"2018-03-31";"1070001";"1041810";"ITC41";"S1311";"97109";""
"2018-03-31";"1070001";"1041810";"ITC41";"S14BI2";"686731";""
"2018-03-31";"1070001";"1041810";"ITC4";"S11BI7";"1844382";""
"2018-03-31";"1070001";"1041810";"ITC4";"S11BI8";"3071787";""
"2018-03-31";"1070001";"1041810";"ITC4";"S124";"18488993";""
"2018-03-31";"1070001";"1041810";"ITC4";"S1313";"1439929";""
"2018-03-31";"1070001";"1041810";"ITC4";"S1314";"51177";""
"2018-03-31";"1070001";"1041810";"ITC41";"600";"15917661";""
"2018-03-31";"1070001";"1041810";"ITC41";"S11BI32";"3329649";""
"2018-03-31";"1070001";"1041810";"ITC4";"S11001";"3766221";""
"2018-03-31";"1070001";"1041810";"IT";"600";"958889517";""
"2018-03-31";"1070001";"1041810";"IT";"S11";"275545389";""
"2018-03-31";"1070001";"1041810";"IT";"S11BI7";"7090401";""
"2018-03-31";"1070001";"1041810";"IT";"S124";"21473095";""
"2018-03-31";"1070001";"1041810";"IT";"S127";"9574827";""
"2018-03-31";"1070001";"1041810";"IT";"S1313";"11075282";""
"2018-03-31";"1070001";"1041810";"IT";"S15";"27799000";""
"2018-03-31";"1070001";"1041810";"IT";"SBI59";"1499763329";""
"2018-03-31";"1070001";"1041810";"ITC41";"S12BI66";"22711";""
"2018-03-31";"1070001";"1041810";"ITC4";"S128";"4013065";""
"2018-03-31";"1070001";"1041810";"ITC4";"S14";"206834228";""
"2018-03-31";"1070001";"1041810";"ITC41";"S11001";"92522";""
"2018-03-31";"1070001";"1041810";"ITC41";"S1314";"7";""
"2018-03-31";"1070001";"1041810";"ITC4";"600";"195501334";""
"2018-03-31";"1070001";"1041810";"IT";"S129";"6366882";""
"2018-03-31";"1070001";"1041810";"ITC41";"S127";"70835";""
"2018-03-31";"1070001";"1041810";"ITC4";"S126";"15359565";""
"2018-03-31";"1070001";"1041810";"ITC4";"S129";"2717660";""
"2018-03-31";"1070001";"1041810";"ITC4";"S13";"2586285";""
"2018-03-31";"1070001";"1041810";"ITC4";"S14BI2";"11332894";""
"2018-03-31";"1070001";"1041810";"ITC4";"SBI9";"2582982";""
"2018-03-31";"1070001";"1041810";"ITC41";"S126";"47466";""
"2018-03-31";"1070001";"1041810";"ITC41";"S1313";"45127";""
"2018-03-31";"1070001";"1041810";"ITC41";"S13";"142243";""
"2018-03-31";"1070001";"1041810";"ITC4";"S12BI7";"62575579";""
"2018-03-31";"1070001";"1041810";"ITC4";"S1311";"1095179";""
"2018-03-31";"1070001";"1041810";"ITC4";"S11";"82469573";""
"2018-03-31";"1070001";"1041810";"IT";"S11001";"25268301";""
"2018-03-31";"1070001";"1041810";"IT";"S11BI8";"14379218";""
"2018-03-31";"1070001";"1041810";"IT";"S12BI66";"51794167";""
"2018-03-31";"1070001";"1041810";"IT";"S1311";"28957848";""
"2018-03-31";"1070001";"1041810";"ITC4";"S15";"6039541";""
"2018-03-31";"1070001";"1041810";"ITC41";"SBI9";"79250";""
"2018-03-31";"1070001";"1041810";"ITC4";"S11BI32";"73584094";""
"2018-03-31";"1070001";"1041810";"IT";"S128";"14935401";""
"2018-03-31";"1070001";"1041810";"IT";"SBI9";"6500740";""
"2018-03-31";"1070001";"1041810";"ITC41";"S15";"295632";""
"2018-03-31";"1070001";"1041810";"ITC41";"SBI59";"21080270";""
"2018-03-31";"1070001";"1041810";"ITC41";"450";"3835";""
"2018-03-31";"1070001";"1041810";"ITC41";"S11BI7";"156183";""
"2018-03-31";"1070001";"1041810";"ITC41";"S11BI8";"233459";""
"2018-03-31";"1070001";"1041810";"ITC4";"450";"203089";""
"2018-03-31";"1070001";"1041810";"IT";"450";"862558";""
"2018-03-31";"1070001";"1041810";"IT";"S126";"21535821";""
"2018-03-31";"1070001";"1041810";"IT";"S12BI7";"125680193";""
"2018-03-31";"1070001";"1041810";"IT";"S13";"46731798";""
"2018-03-31";"1070001";"1041810";"IT";"S1314";"6698667";""
"2018-03-31";"1070001";"1041810";"IT";"S14BI2";"58616693";""
"2018-03-31";"1070001";"1041810";"ITC41";"S129";"29";""
"2018-03-31";"1070001";"1041810";"ITC4";"S127";"3846141";""
"2018-03-31";"1070001";"1041810";"ITC4";"SBI59";"363088189";""
"2018-03-31";"1070001";"1041810";"ITC41";"S14";"16604392";""
"2018-02-28";"1070001";"1041810";"ITC4";"S12BI66";"16069934";""
"2018-02-28";"1070001";"1041810";"IT";"S124";"20463162";""
"2018-02-28";"1070001";"1041810";"IT";"S15";"27435153";""
"2018-02-28";"1070001";"1041810";"ITC41";"600";"15942777";""
"2018-02-28";"1070001";"1041810";"ITC41";"S1313";"46983";""
"2018-02-28";"1070001";"1041810";"IT";"S11";"260130656";""
"2018-02-28";"1070001";"1041810";"IT";"S127";"9049972";""
"2018-02-28";"1070001";"1041810";"IT";"S12BI66";"48468584";""
"2018-02-28";"1070001";"1041810";"IT";"S14BI2";"56831432";""
"2018-02-28";"1070001";"1041810";"ITC4";"S14";"206247994";""
"2018-02-28";"1070001";"1041810";"ITC41";"S128";"33";""
"2018-02-28";"1070001";"1041810";"ITC41";"S14";"16596919";""
"2018-02-28";"1070001";"1041810";"ITC4";"600";"195383930";""
"2018-02-28";"1070001";"1041810";"ITC4";"S11BI7";"1631462";""
"2018-02-28";"1070001";"1041810";"ITC4";"S12BI7";"60551666";""
"2018-02-28";"1070001";"1041810";"ITC4";"S128";"4360000";""
"2018-02-28";"1070001";"1041810";"ITC4";"S129";"2823132";""
"2018-02-28";"1070001";"1041810";"IT";"S13";"53361639";""
"2018-02-28";"1070001";"1041810";"IT";"S1313";"11129906";""
"2018-02-28";"1070001";"1041810";"ITC41";"S11";"3495447";""
"2018-02-28";"1070001";"1041810";"ITC41";"S11BI32";"3050118";""
"2018-02-28";"1070001";"1041810";"ITC41";"S12BI7";"136063";""
"2018-02-28";"1070001";"1041810";"ITC41";"S15";"295148";""
"2018-02-28";"1070001";"1041810";"IT";"S128";"16245975";""
"2018-02-28";"1070001";"1041810";"IT";"S1311";"35483698";""
"2018-02-28";"1070001";"1041810";"IT";"S14";"1015310085";""
"2018-02-28";"1070001";"1041810";"IT";"S11BI32";"214420392";""
"2018-02-28";"1070001";"1041810";"ITC41";"S1311";"94859";""
"2018-02-28";"1070001";"1041810";"ITC4";"S127";"3599341";""
"2018-02-28";"1070001";"1041810";"ITC41";"S11BI8";"212685";""
"2018-02-28";"1070001";"1041810";"ITC4";"S11";"77869725";""
"2018-02-28";"1070001";"1041810";"ITC4";"S11BI8";"2824203";""
"2018-02-28";"1070001";"1041810";"ITC4";"S124";"17217613";""
"2018-02-28";"1070001";"1041810";"ITC4";"S126";"16481645";""
"2018-02-28";"1070001";"1041810";"ITC41";"450";"3879";""
"2018-02-28";"1070001";"1041810";"ITC41";"S11BI7";"135777";""
"2018-02-28";"1070001";"1041810";"ITC41";"S12BI66";"16806";""
"2018-02-28";"1070001";"1041810";"ITC41";"S14BI2";"654142";""
"2018-02-28";"1070001";"1041810";"IT";"600";"958478654";""
"2018-02-28";"1070001";"1041810";"IT";"S11001";"25179756";""
"2018-02-28";"1070001";"1041810";"ITC41";"S126";"45650";""
"2018-02-28";"1070001";"1041810";"ITC41";"S127";"72402";""
"2018-02-28";"1070001";"1041810";"ITC41";"S129";"29";""
"2018-02-28";"1070001";"1041810";"ITC41";"S1314";"8";""
"2018-02-28";"1070001";"1041810";"ITC41";"SBI59";"20744476";""
"2018-02-28";"1070001";"1041810";"ITC41";"SBI9";"79048";""
"2018-02-28";"1070001";"1041810";"IT";"S126";"22644901";""
"2018-02-28";"1070001";"1041810";"IT";"SBI59";"1486189711";""
"2018-02-28";"1070001";"1041810";"IT";"SBI9";"6742273";""
"2018-02-28";"1070001";"1041810";"ITC4";"S1314";"73018";""
"2018-02-28";"1070001";"1041810";"ITC4";"S14BI2";"10864064";""
"2018-02-28";"1070001";"1041810";"IT";"S11BI7";"6323628";""
"2018-02-28";"1070001";"1041810";"IT";"S11BI8";"13289425";""
"2018-02-28";"1070001";"1041810";"ITC41";"S13";"141850";""
"2018-02-28";"1070001";"1041810";"ITC4";"S13";"2582155";""
"2018-02-28";"1070001";"1041810";"ITC4";"S1313";"1417529";""
"2018-02-28";"1070001";"1041810";"ITC4";"SBI59";"356021630";""
"2018-02-28";"1070001";"1041810";"IT";"450";"917454";""
"2018-02-28";"1070001";"1041810";"IT";"S129";"6337311";""
"2018-02-28";"1070001";"1041810";"IT";"S12BI7";"123209905";""
"2018-02-28";"1070001";"1041810";"IT";"S1314";"6748035";""
"2018-02-28";"1070001";"1041810";"ITC4";"S1311";"1091608";""
"2018-02-28";"1070001";"1041810";"ITC4";"S15";"6000914";""
"2018-02-28";"1070001";"1041810";"ITC4";"SBI9";"2769177";""
"2018-02-28";"1070001";"1041810";"ITC41";"S11001";"92987";""
"2018-02-28";"1070001";"1041810";"ITC41";"S124";"1144";""
"2018-02-28";"1070001";"1041810";"ITC4";"450";"233593";""
"2018-02-28";"1070001";"1041810";"ITC4";"S11001";"3696544";""
"2018-02-28";"1070001";"1041810";"ITC4";"S11BI32";"69483923";""
"2018-01-31";"1070001";"1041810";"IT";"S11001";"25252599";""
"2018-01-31";"1070001";"1041810";"IT";"S1313";"11022518";""
"2018-01-31";"1070001";"1041810";"IT";"S15";"26810818";""
"2018-01-31";"1070001";"1041810";"ITC41";"S13";"137805";""
"2018-01-31";"1070001";"1041810";"ITC41";"S1313";"48349";""
"2018-01-31";"1070001";"1041810";"IT";"S13";"68494312";""
"2018-01-31";"1070001";"1041810";"IT";"600";"954476920";""
"2018-01-31";"1070001";"1041810";"IT";"S1314";"7000804";""
"2018-01-31";"1070001";"1041810";"IT";"S14BI2";"56621293";""
"2018-01-31";"1070001";"1041810";"ITC41";"S14";"16531576";""
"2018-01-31";"1070001";"1041810";"IT";"S1311";"50470991";""
"2018-01-31";"1070001";"1041810";"IT";"SBI59";"1500549748";""
"2018-01-31";"1070001";"1041810";"IT";"S127";"10875102";""
"2018-01-31";"1070001";"1041810";"IT";"S128";"14712049";""
"2018-01-31";"1070001";"1041810";"IT";"S129";"7113625";""
"2018-01-31";"1070001";"1041810";"IT";"450";"964981";""
"2018-01-31";"1070001";"1041810";"ITC4";"S14";"205472496";""
"2018-01-31";"1070001";"1041810";"IT";"S11BI32";"217433800";""
"2018-01-31";"1070001";"1041810";"IT";"S11BI7";"6291126";""
"2018-01-31";"1070001";"1041810";"IT";"S126";"22874187";""
"2018-01-31";"1070001";"1041810";"ITC4";"S11BI8";"2772410";""
"2018-01-31";"1070001";"1041810";"ITC4";"S129";"3121567";""
"2018-01-31";"1070001";"1041810";"ITC41";"S11BI8";"210686";""
"2018-01-31";"1070001";"1041810";"ITC41";"S12BI66";"16642";""
"2018-01-31";"1070001";"1041810";"ITC41";"SBI9";"77944";""
"2018-01-31";"1070001";"1041810";"IT";"S14";"1011098213";""
"2018-01-31";"1070001";"1041810";"IT";"S11BI8";"13222344";""
"2018-01-31";"1070001";"1041810";"ITC4";"450";"221492";""
"2018-01-31";"1070001";"1041810";"ITC4";"600";"194635332";""
"2018-01-31";"1070001";"1041810";"ITC4";"S11";"78121083";""
"2018-01-31";"1070001";"1041810";"ITC4";"SBI9";"2649349";""
"2018-01-31";"1070001";"1041810";"ITC41";"S128";"5";""
"2018-01-31";"1070001";"1041810";"ITC41";"S14BI2";"645083";""
"2018-01-31";"1070001";"1041810";"ITC4";"SBI59";"358361775";""
"2018-01-31";"1070001";"1041810";"ITC41";"S1311";"89446";""
"2018-01-31";"1070001";"1041810";"ITC41";"SBI59";"20699462";""
"2018-01-31";"1070001";"1041810";"ITC4";"S11BI32";"69748865";""
"2018-01-31";"1070001";"1041810";"ITC4";"S11BI7";"1594296";""
"2018-01-31";"1070001";"1041810";"ITC4";"S13";"2532020";""
"2018-01-31";"1070001";"1041810";"IT";"SBI9";"6510371";""
"2018-01-31";"1070001";"1041810";"IT";"S124";"19967530";""
"2018-01-31";"1070001";"1041810";"ITC4";"S11001";"3784020";""
"2018-01-31";"1070001";"1041810";"ITC4";"S126";"16181779";""
"2018-01-31";"1070001";"1041810";"ITC4";"S127";"5512517";""
"2018-01-31";"1070001";"1041810";"ITC4";"S128";"4551792";""
"2018-01-31";"1070001";"1041810";"ITC4";"S1311";"1070518";""
"2018-01-31";"1070001";"1041810";"ITC4";"S1313";"1407462";""
"2018-01-31";"1070001";"1041810";"ITC4";"S1314";"54039";""
"2018-01-31";"1070001";"1041810";"ITC41";"S11";"3513318";""
"2018-01-31";"1070001";"1041810";"ITC41";"S124";"742";""
"2018-01-31";"1070001";"1041810";"ITC41";"S1314";"10";""
"2018-01-31";"1070001";"1041810";"ITC41";"S15";"286109";""
"2018-01-31";"1070001";"1041810";"ITC41";"S11001";"88344";""
"2018-01-31";"1070001";"1041810";"ITC41";"S11BI7";"134614";""
"2018-01-31";"1070001";"1041810";"IT";"S11";"263164851";""
"2018-01-31";"1070001";"1041810";"IT";"S12BI66";"48928691";""
"2018-01-31";"1070001";"1041810";"IT";"S12BI7";"124471183";""
"2018-01-31";"1070001";"1041810";"ITC4";"S124";"17063476";""
"2018-01-31";"1070001";"1041810";"ITC4";"S12BI66";"17109543";""
"2018-01-31";"1070001";"1041810";"ITC4";"S12BI7";"63540674";""
"2018-01-31";"1070001";"1041810";"ITC4";"S14BI2";"10837164";""
"2018-01-31";"1070001";"1041810";"ITC4";"S15";"6046153";""
"2018-01-31";"1070001";"1041810";"ITC41";"450";"3736";""
"2018-01-31";"1070001";"1041810";"ITC41";"600";"15886492";""
"2018-01-31";"1070001";"1041810";"ITC41";"S126";"53760";""
"2018-01-31";"1070001";"1041810";"ITC41";"S127";"81531";""
"2018-01-31";"1070001";"1041810";"ITC41";"S129";"29";""
"2018-01-31";"1070001";"1041810";"ITC41";"S12BI7";"152710";""
"2018-01-31";"1070001";"1041810";"ITC41";"S11BI32";"3075938";""
"2017-12-31";"1070001";"1041810";"IT";"600";"955572995";""
"2017-12-31";"1070001";"1041810";"ITC4";"S124";"16105449";""
"2017-12-31";"1070001";"1041810";"ITC41";"S128";"13";""
"2017-12-31";"1070001";"1041810";"ITC41";"S12BI66";"16690";""
"2017-12-31";"1070001";"1041810";"ITC41";"S1313";"39105";""
"2017-12-31";"1070001";"1041810";"ITC41";"SBI59";"20951857";""
"2017-12-31";"1070001";"1041810";"IT";"S127";"10395572";""
"2017-12-31";"1070001";"1041810";"IT";"S14";"1013235888";""
"2017-12-31";"1070001";"1041810";"IT";"S15";"26500354";""
"2017-12-31";"1070001";"1041810";"IT";"S11001";"25475109";""
"2017-12-31";"1070001";"1041810";"IT";"S124";"18975152";""
"2017-12-31";"1070001";"1041810";"ITC4";"S127";"4975515";""
"2017-12-31";"1070001";"1041810";"ITC4";"S1314";"28471";""
"2017-12-31";"1070001";"1041810";"ITC41";"450";"4167";""
"2017-12-31";"1070001";"1041810";"ITC41";"S126";"48670";""
"2017-12-31";"1070001";"1041810";"ITC41";"S12BI7";"146260";""
"2017-12-31";"1070001";"1041810";"IT";"S1314";"6655471";""
"2017-12-31";"1070001";"1041810";"IT";"S14BI2";"57662893";""
"2017-12-31";"1070001";"1041810";"IT";"S11BI8";"14265361";""
"2017-12-31";"1070001";"1041810";"ITC4";"S128";"3313007";""
"2017-12-31";"1070001";"1041810";"ITC4";"S13";"2377605";""
"2017-12-31";"1070001";"1041810";"ITC41";"S11001";"93710";""
"2017-12-31";"1070001";"1041810";"ITC41";"S11BI7";"158654";""
"2017-12-31";"1070001";"1041810";"ITC41";"S14BI2";"657995";""
"2017-12-31";"1070001";"1041810";"ITC4";"S11BI32";"72360733";""
"2017-12-31";"1070001";"1041810";"ITC4";"S11BI8";"2926499";""
"2017-12-31";"1070001";"1041810";"IT";"S128";"11526512";""
"2017-12-31";"1070001";"1041810";"IT";"S129";"6313312";""
"2017-12-31";"1070001";"1041810";"IT";"S13";"58489940";""
"2017-12-31";"1070001";"1041810";"IT";"S126";"21452321";""
"2017-12-31";"1070001";"1041810";"ITC4";"S1311";"1050256";""
"2017-12-31";"1070001";"1041810";"ITC4";"SBI59";"356876588";""
"2017-12-31";"1070001";"1041810";"ITC41";"S1311";"88241";""
"2017-12-31";"1070001";"1041810";"ITC4";"450";"192968";""
"2017-12-31";"1070001";"1041810";"ITC4";"S11";"81033840";""
"2017-12-31";"1070001";"1041810";"IT";"S12BI66";"52980320";""
"2017-12-31";"1070001";"1041810";"IT";"S1311";"40838543";""
"2017-12-31";"1070001";"1041810";"IT";"450";"899556";""
"2017-12-31";"1070001";"1041810";"ITC4";"600";"194706597";""
"2017-12-31";"1070001";"1041810";"ITC4";"S126";"14699858";""
"2017-12-31";"1070001";"1041810";"ITC4";"S129";"2693615";""
"2017-12-31";"1070001";"1041810";"ITC4";"S12BI66";"17036304";""
"2017-12-31";"1070001";"1041810";"ITC4";"S14";"205738696";""
"2017-12-31";"1070001";"1041810";"ITC4";"S14BI2";"11032099";""
"2017-12-31";"1070001";"1041810";"ITC4";"S15";"5844004";""
"2017-12-31";"1070001";"1041810";"ITC41";"600";"15846695";""
"2017-12-31";"1070001";"1041810";"ITC41";"S124";"4383";""
"2017-12-31";"1070001";"1041810";"ITC41";"S129";"29";""
"2017-12-31";"1070001";"1041810";"ITC41";"S1314";"11";""
"2017-12-31";"1070001";"1041810";"ITC41";"S14";"16504690";""
"2017-12-31";"1070001";"1041810";"ITC41";"S15";"293834";""
"2017-12-31";"1070001";"1041810";"ITC41";"SBI9";"77071";""
"2017-12-31";"1070001";"1041810";"IT";"S12BI7";"121643189";""
"2017-12-31";"1070001";"1041810";"IT";"S1313";"10995926";""
"2017-12-31";"1070001";"1041810";"ITC4";"S1313";"1298878";""
"2017-12-31";"1070001";"1041810";"ITC4";"SBI9";"3058695";""
"2017-12-31";"1070001";"1041810";"ITC41";"S127";"76475";""
"2017-12-31";"1070001";"1041810";"IT";"SBI59";"1501208065";""
"2017-12-31";"1070001";"1041810";"IT";"SBI9";"7002149";""
"2017-12-31";"1070001";"1041810";"IT";"S11BI32";"226584567";""
"2017-12-31";"1070001";"1041810";"IT";"S11BI7";"7111951";""
"2017-12-31";"1070001";"1041810";"ITC4";"S12BI7";"58823748";""
"2017-12-31";"1070001";"1041810";"ITC41";"S11";"3802644";""
"2017-12-31";"1070001";"1041810";"IT";"S11";"274336544";""
"2017-12-31";"1070001";"1041810";"ITC41";"S11BI32";"3317820";""
"2017-12-31";"1070001";"1041810";"ITC41";"S11BI8";"228293";""
"2017-12-31";"1070001";"1041810";"ITC41";"S13";"127357";""
"2017-12-31";"1070001";"1041810";"ITC4";"S11001";"3719223";""
"2017-12-31";"1070001";"1041810";"ITC4";"S11BI7";"1834417";""
"2017-11-30";"1070001";"1041810";"IT";"S124";"21719738";""
"2017-11-30";"1070001";"1041810";"IT";"S12BI7";"120660875";""
"2017-11-30";"1070001";"1041810";"ITC41";"S1313";"40281";""
"2017-11-30";"1070001";"1041810";"ITC4";"450";"256188";""
"2017-11-30";"1070001";"1041810";"ITC4";"S127";"5103299";""
"2017-11-30";"1070001";"1041810";"ITC41";"S11BI8";"208231";""
"2017-11-30";"1070001";"1041810";"ITC41";"S124";"3450";""
"2017-11-30";"1070001";"1041810";"IT";"S127";"9995509";""
"2017-11-30";"1070001";"1041810";"ITC41";"S1311";"90118";""
"2017-11-30";"1070001";"1041810";"ITC4";"600";"190121563";""
"2017-11-30";"1070001";"1041810";"ITC4";"S126";"14268980";""
"2017-11-30";"1070001";"1041810";"ITC4";"S14";"200763037";""
"2017-11-30";"1070001";"1041810";"IT";"S11BI7";"6542006";""
"2017-11-30";"1070001";"1041810";"IT";"S12BI66";"48145098";""
"2017-11-30";"1070001";"1041810";"ITC4";"S12BI7";"60239375";""
"2017-11-30";"1070001";"1041810";"ITC4";"S1313";"1309560";""
"2017-11-30";"1070001";"1041810";"ITC41";"S11001";"89811";""
"2017-11-30";"1070001";"1041810";"ITC41";"S126";"41908";""
"2017-11-30";"1070001";"1041810";"ITC41";"S127";"40415";""
"2017-11-30";"1070001";"1041810";"ITC41";"S128";"14";""
"2017-11-30";"1070001";"1041810";"ITC41";"SBI59";"20351824";""
"2017-11-30";"1070001";"1041810";"ITC41";"S12BI66";"18363";""
"2017-11-30";"1070001";"1041810";"ITC41";"S12BI7";"104180";""
"2017-11-30";"1070001";"1041810";"IT";"S126";"20574166";""
"2017-11-30";"1070001";"1041810";"IT";"S128";"13806087";""
"2017-11-30";"1070001";"1041810";"IT";"S13";"54033671";""
"2017-11-30";"1070001";"1041810";"IT";"S1313";"10738515";""
"2017-11-30";"1070001";"1041810";"IT";"S14BI2";"55460320";""
"2017-11-30";"1070001";"1041810";"IT";"S1314";"7484243";""
"2017-11-30";"1070001";"1041810";"ITC4";"S11BI8";"2783839";""
"2017-11-30";"1070001";"1041810";"ITC4";"S128";"3654210";""
"2017-11-30";"1070001";"1041810";"ITC4";"S13";"2432740";""
"2017-11-30";"1070001";"1041810";"ITC4";"S1314";"55011";""
"2017-11-30";"1070001";"1041810";"ITC4";"S15";"5886021";""
"2017-11-30";"1070001";"1041810";"ITC41";"450";"4579";""
"2017-11-30";"1070001";"1041810";"ITC41";"S11BI7";"146049";""
"2017-11-30";"1070001";"1041810";"IT";"S14";"991390884";""
"2017-11-30";"1070001";"1041810";"ITC4";"S11";"77085447";""
"2017-11-30";"1070001";"1041810";"IT";"S11BI8";"13502460";""
"2017-11-30";"1070001";"1041810";"IT";"S129";"6420276";""
"2017-11-30";"1070001";"1041810";"ITC4";"S124";"18707400";""
"2017-11-30";"1070001";"1041810";"ITC4";"S129";"2807700";""
"2017-11-30";"1070001";"1041810";"ITC41";"S11";"3601250";""
"2017-11-30";"1070001";"1041810";"ITC41";"S129";"29";""
"2017-11-30";"1070001";"1041810";"IT";"S11";"260827924";""
"2017-11-30";"1070001";"1041810";"IT";"S11001";"23239687";""
"2017-11-30";"1070001";"1041810";"IT";"S11BI32";"216554437";""
"2017-11-30";"1070001";"1041810";"ITC4";"S1311";"1068169";""
"2017-11-30";"1070001";"1041810";"ITC4";"SBI59";"349412231";""
"2017-11-30";"1070001";"1041810";"ITC41";"600";"15488612";""
"2017-11-30";"1070001";"1041810";"ITC41";"S13";"130408";""
"2017-11-30";"1070001";"1041810";"ITC41";"S1314";"9";""
"2017-11-30";"1070001";"1041810";"ITC41";"S14";"16137640";""
"2017-11-30";"1070001";"1041810";"ITC4";"S11001";"3332168";""
"2017-11-30";"1070001";"1041810";"ITC4";"S11BI7";"1739930";""
"2017-11-30";"1070001";"1041810";"IT";"450";"989334";""
"2017-11-30";"1070001";"1041810";"ITC41";"S11BI32";"3152580";""
"2017-11-30";"1070001";"1041810";"ITC41";"S14BI2";"649028";""
"2017-11-30";"1070001";"1041810";"ITC41";"S15";"298436";""
"2017-11-30";"1070001";"1041810";"ITC41";"SBI9";"79909";""
"2017-11-30";"1070001";"1041810";"IT";"S15";"26541364";""
"2017-11-30";"1070001";"1041810";"IT";"SBI59";"1460408350";""
"2017-11-30";"1070001";"1041810";"IT";"SBI9";"6953632";""
"2017-11-30";"1070001";"1041810";"ITC4";"S11BI32";"68973322";""
"2017-11-30";"1070001";"1041810";"IT";"600";"935930564";""
"2017-11-30";"1070001";"1041810";"IT";"S1311";"35810913";""
"2017-11-30";"1070001";"1041810";"ITC4";"S12BI66";"15697787";""
"2017-11-30";"1070001";"1041810";"ITC4";"S14BI2";"10641474";""
"2017-11-30";"1070001";"1041810";"ITC4";"SBI9";"3005611";""
"2017-10-31";"1070001";"1041810";"IT";"S11001";"22720935";""
"2017-10-31";"1070001";"1041810";"IT";"S11BI7";"7142777";""
"2017-10-31";"1070001";"1041810";"ITC4";"S12BI66";"15655723";""
"2017-10-31";"1070001";"1041810";"ITC4";"S1311";"1128890";""
"2017-10-31";"1070001";"1041810";"ITC4";"S1314";"79709";""
"2017-10-31";"1070001";"1041810";"ITC41";"450";"4748";""
"2017-10-31";"1070001";"1041810";"ITC4";"S11";"77845720";""
"2017-10-31";"1070001";"1041810";"ITC41";"S12BI7";"106035";""
"2017-10-31";"1070001";"1041810";"ITC41";"S1311";"90701";""
"2017-10-31";"1070001";"1041810";"ITC41";"S14BI2";"684074";""
"2017-10-31";"1070001";"1041810";"IT";"S1314";"7567924";""
"2017-10-31";"1070001";"1041810";"IT";"S14";"995193250";""
"2017-10-31";"1070001";"1041810";"ITC41";"S15";"294583";""
"2017-10-31";"1070001";"1041810";"ITC41";"SBI9";"80375";""
"2017-10-31";"1070001";"1041810";"ITC41";"S11BI32";"3135352";""
"2017-10-31";"1070001";"1041810";"ITC41";"S124";"5123";""
"2017-10-31";"1070001";"1041810";"IT";"S12BI66";"46739520";""
"2017-10-31";"1070001";"1041810";"ITC41";"600";"15606206";""
"2017-10-31";"1070001";"1041810";"ITC4";"S127";"4454274";""
"2017-10-31";"1070001";"1041810";"ITC4";"S128";"3786333";""
"2017-10-31";"1070001";"1041810";"ITC4";"S15";"5862833";""
"2017-10-31";"1070001";"1041810";"ITC4";"S11BI32";"69099213";""
"2017-10-31";"1070001";"1041810";"ITC4";"S124";"16806795";""
"2017-10-31";"1070001";"1041810";"IT";"S124";"19984754";""
"2017-10-31";"1070001";"1041810";"ITC41";"S126";"45922";""
"2017-10-31";"1070001";"1041810";"ITC4";"S129";"2837514";""
"2017-10-31";"1070001";"1041810";"ITC41";"S1313";"40851";""
"2017-10-31";"1070001";"1041810";"IT";"S12BI7";"120192082";""
"2017-10-31";"1070001";"1041810";"IT";"S13";"74019212";""
"2017-10-31";"1070001";"1041810";"IT";"S15";"26473930";""
"2017-10-31";"1070001";"1041810";"ITC41";"S11BI7";"163037";""
"2017-10-31";"1070001";"1041810";"ITC4";"450";"268028";""
"2017-10-31";"1070001";"1041810";"IT";"S1311";"55630288";""
"2017-10-31";"1070001";"1041810";"IT";"SBI9";"6796288";""
"2017-10-31";"1070001";"1041810";"IT";"450";"949436";""
"2017-10-31";"1070001";"1041810";"IT";"S126";"22530728";""
"2017-10-31";"1070001";"1041810";"ITC41";"S11";"3621606";""
"2017-10-31";"1070001";"1041810";"ITC41";"S13";"131553";""
"2017-10-31";"1070001";"1041810";"ITC4";"SBI59";"351759715";""
"2017-10-31";"1070001";"1041810";"IT";"600";"938002953";""
"2017-10-31";"1070001";"1041810";"ITC41";"S11001";"89271";""
"2017-10-31";"1070001";"1041810";"ITC41";"S11BI8";"229197";""
"2017-10-31";"1070001";"1041810";"ITC41";"S129";"29";""
"2017-10-31";"1070001";"1041810";"ITC4";"S13";"2545910";""
"2017-10-31";"1070001";"1041810";"ITC4";"S14";"201665903";""
"2017-10-31";"1070001";"1041810";"ITC4";"SBI9";"2903064";""
"2017-10-31";"1070001";"1041810";"ITC4";"S11001";"3643883";""
"2017-10-31";"1070001";"1041810";"IT";"S127";"9383387";""
"2017-10-31";"1070001";"1041810";"IT";"S129";"6896351";""
"2017-10-31";"1070001";"1041810";"ITC4";"S126";"17395647";""
"2017-10-31";"1070001";"1041810";"IT";"S128";"14657342";""
"2017-10-31";"1070001";"1041810";"IT";"S14BI2";"57190297";""
"2017-10-31";"1070001";"1041810";"IT";"SBI59";"1486731463";""
"2017-10-31";"1070001";"1041810";"ITC4";"S14BI2";"10876386";""
"2017-10-31";"1070001";"1041810";"IT";"S11BI8";"14541915";""
"2017-10-31";"1070001";"1041810";"ITC41";"S127";"37083";""
"2017-10-31";"1070001";"1041810";"ITC4";"S1313";"1337311";""
"2017-10-31";"1070001";"1041810";"ITC4";"S11BI8";"2960810";""
"2017-10-31";"1070001";"1041810";"ITC41";"S14";"16290280";""
"2017-10-31";"1070001";"1041810";"IT";"S1313";"10821000";""
"2017-10-31";"1070001";"1041810";"ITC41";"SBI59";"20524431";""
"2017-10-31";"1070001";"1041810";"IT";"S11";"264056701";""
"2017-10-31";"1070001";"1041810";"IT";"S11BI32";"218701638";""
"2017-10-31";"1070001";"1041810";"ITC41";"S128";"3";""
"2017-10-31";"1070001";"1041810";"ITC41";"S12BI66";"17875";""
"2017-10-31";"1070001";"1041810";"ITC4";"S12BI7";"60936286";""
"2017-10-31";"1070001";"1041810";"ITC4";"600";"190789517";""
"2017-10-31";"1070001";"1041810";"ITC4";"S11BI7";"1873785";""
"2017-09-30";"1070001";"1041810";"ITC41";"S124";"6969";""
"2017-09-30";"1070001";"1041810";"ITC41";"S129";"35";""
"2017-09-30";"1070001";"1041810";"ITC41";"SBI59";"20575930";""
"2017-09-30";"1070001";"1041810";"ITC4";"S129";"2781859";""
"2017-09-30";"1070001";"1041810";"ITC4";"S13";"2536503";""
"2017-09-30";"1070001";"1041810";"ITC4";"S15";"5840149";""
"2017-09-30";"1070001";"1041810";"IT";"S1313";"10785488";""
"2017-09-30";"1070001";"1041810";"ITC4";"S11BI8";"3036076";""
"2017-09-30";"1070001";"1041810";"ITC41";"S14";"16284318";""
"2017-09-30";"1070001";"1041810";"ITC41";"S14BI2";"655866";""
"2017-09-30";"1070001";"1041810";"ITC41";"S1311";"91321";""
"2017-09-30";"1070001";"1041810";"ITC41";"S1313";"40783";""
"2017-09-30";"1070001";"1041810";"ITC41";"S1314";"11";""
"2017-09-30";"1070001";"1041810";"ITC4";"S12BI7";"58467087";""
"2017-09-30";"1070001";"1041810";"IT";"S128";"15520657";""
"2017-09-30";"1070001";"1041810";"ITC41";"S15";"283424";""
"2017-09-30";"1070001";"1041810";"ITC4";"600";"191003758";""
"2017-09-30";"1070001";"1041810";"ITC4";"450";"279292";""
"2017-09-30";"1070001";"1041810";"ITC41";"S128";"2";""
"2017-09-30";"1070001";"1041810";"ITC41";"S12BI66";"17337";""
"2017-09-30";"1070001";"1041810";"ITC4";"S1311";"1142419";""
"2017-09-30";"1070001";"1041810";"ITC41";"S11BI8";"231588";""
"2017-09-30";"1070001";"1041810";"IT";"S126";"21411273";""
"2017-09-30";"1070001";"1041810";"IT";"600";"938725068";""
"2017-09-30";"1070001";"1041810";"IT";"S11";"265623855";""
"2017-09-30";"1070001";"1041810";"IT";"S129";"6277612";""
"2017-09-30";"1070001";"1041810";"ITC41";"S127";"38750";""
"2017-09-30";"1070001";"1041810";"ITC41";"S12BI7";"99363";""
"2017-09-30";"1070001";"1041810";"ITC41";"S13";"132116";""
"2017-09-30";"1070001";"1041810";"IT";"S1314";"7901468";""
"2017-09-30";"1070001";"1041810";"IT";"S14BI2";"56693122";""
"2017-09-30";"1070001";"1041810";"ITC4";"S12BI66";"15297222";""
"2017-09-30";"1070001";"1041810";"ITC41";"600";"15628452";""
"2017-09-30";"1070001";"1041810";"ITC4";"S126";"16338362";""
"2017-09-30";"1070001";"1041810";"IT";"S124";"20468799";""
"2017-09-30";"1070001";"1041810";"ITC4";"S11";"77250262";""
"2017-09-30";"1070001";"1041810";"ITC41";"SBI9";"79751";""
"2017-09-30";"1070001";"1041810";"ITC4";"SBI9";"2823329";""
"2017-09-30";"1070001";"1041810";"ITC41";"S11001";"87636";""
"2017-09-30";"1070001";"1041810";"IT";"S15";"26144200";""
"2017-09-30";"1070001";"1041810";"ITC4";"S124";"17439361";""
"2017-09-30";"1070001";"1041810";"ITC4";"S127";"3154275";""
"2017-09-30";"1070001";"1041810";"IT";"S11001";"22079159";""
"2017-09-30";"1070001";"1041810";"ITC41";"S126";"36270";""
"2017-09-30";"1070001";"1041810";"ITC41";"450";"4376";""
"2017-09-30";"1070001";"1041810";"ITC41";"S11BI32";"3209299";""
"2017-09-30";"1070001";"1041810";"IT";"S13";"74351506";""
"2017-09-30";"1070001";"1041810";"IT";"S14";"995418191";""
"2017-09-30";"1070001";"1041810";"IT";"450";"985876";""
"2017-09-30";"1070001";"1041810";"IT";"S12BI7";"119194578";""
"2017-09-30";"1070001";"1041810";"ITC4";"S14BI2";"10748282";""
"2017-09-30";"1070001";"1041810";"ITC41";"S11BI7";"164060";""
"2017-09-30";"1070001";"1041810";"IT";"S1311";"55664549";""
"2017-09-30";"1070001";"1041810";"IT";"SBI59";"1487488959";""
"2017-09-30";"1070001";"1041810";"IT";"SBI9";"6756631";""
"2017-09-30";"1070001";"1041810";"IT";"S11BI7";"7378904";""
"2017-09-30";"1070001";"1041810";"IT";"S11BI8";"15230047";""
"2017-09-30";"1070001";"1041810";"IT";"S127";"7938566";""
"2017-09-30";"1070001";"1041810";"IT";"S12BI66";"47577671";""
"2017-09-30";"1070001";"1041810";"ITC4";"S128";"3456009";""
"2017-09-30";"1070001";"1041810";"ITC4";"S11001";"3600511";""
"2017-09-30";"1070001";"1041810";"ITC4";"S11BI32";"68427750";""
"2017-09-30";"1070001";"1041810";"ITC4";"S1313";"1334913";""
"2017-09-30";"1070001";"1041810";"ITC4";"S1314";"59171";""
"2017-09-30";"1070001";"1041810";"ITC4";"S14";"201752040";""
"2017-09-30";"1070001";"1041810";"ITC4";"SBI59";"348669370";""
"2017-09-30";"1070001";"1041810";"ITC41";"S11";"3696959";""
"2017-09-30";"1070001";"1041810";"IT";"S11BI32";"219949868";""
"2017-09-30";"1070001";"1041810";"ITC4";"S11BI7";"1906633";""
"2017-08-31";"1070001";"1041810";"IT";"S1311";"56987852";""
"2017-08-31";"1070001";"1041810";"IT";"S14BI2";"55405588";""
"2017-08-31";"1070001";"1041810";"ITC41";"S12BI7";"96470";""
"2017-08-31";"1070001";"1041810";"ITC41";"S13";"131415";""
"2017-08-31";"1070001";"1041810";"ITC4";"S14BI2";"10408587";""
"2017-08-31";"1070001";"1041810";"IT";"S11";"253825390";""
"2017-08-31";"1070001";"1041810";"ITC4";"SBI9";"2336454";""
"2017-08-31";"1070001";"1041810";"ITC41";"S11BI7";"153858";""
"2017-08-31";"1070001";"1041810";"ITC41";"S14BI2";"638265";""
"2017-08-31";"1070001";"1041810";"IT";"S127";"8627629";""
"2017-08-31";"1070001";"1041810";"ITC4";"S11001";"2346373";""
"2017-08-31";"1070001";"1041810";"ITC4";"S11BI32";"65479494";""
"2017-08-31";"1070001";"1041810";"ITC41";"S11001";"90602";""
"2017-08-31";"1070001";"1041810";"IT";"S13";"75855826";""
"2017-08-31";"1070001";"1041810";"IT";"S15";"25885006";""
"2017-08-31";"1070001";"1041810";"IT";"SBI9";"6170566";""
"2017-08-31";"1070001";"1041810";"ITC4";"S11BI8";"2818908";""
"2017-08-31";"1070001";"1041810";"ITC4";"S127";"4002966";""
"2017-08-31";"1070001";"1041810";"IT";"S124";"21003084";""
"2017-08-31";"1070001";"1041810";"IT";"S126";"20879449";""
"2017-08-31";"1070001";"1041810";"ITC4";"SBI59";"342384153";""
"2017-08-31";"1070001";"1041810";"ITC41";"S1314";"10";""
"2017-08-31";"1070001";"1041810";"ITC41";"S126";"37476";""
"2017-08-31";"1070001";"1041810";"ITC4";"S11BI7";"1762149";""
"2017-08-31";"1070001";"1041810";"ITC4";"S1314";"70693";""
"2017-08-31";"1070001";"1041810";"ITC4";"S14";"200524010";""
"2017-08-31";"1070001";"1041810";"IT";"600";"935415196";""
"2017-08-31";"1070001";"1041810";"ITC41";"S127";"37908";""
"2017-08-31";"1070001";"1041810";"ITC41";"S1311";"89150";""
"2017-08-31";"1070001";"1041810";"ITC4";"S124";"18003021";""
"2017-08-31";"1070001";"1041810";"ITC4";"S13";"2606630";""
"2017-08-31";"1070001";"1041810";"ITC4";"S1311";"1131335";""
"2017-08-31";"1070001";"1041810";"IT";"S14";"990820784";""
"2017-08-31";"1070001";"1041810";"IT";"S11BI8";"14386119";""
"2017-08-31";"1070001";"1041810";"ITC41";"600";"15552303";""
"2017-08-31";"1070001";"1041810";"ITC41";"S11BI32";"3014345";""
"2017-08-31";"1070001";"1041810";"ITC41";"S14";"16190568";""
"2017-08-31";"1070001";"1041810";"ITC41";"S15";"272989";""
"2017-08-31";"1070001";"1041810";"IT";"S1314";"7937881";""
"2017-08-31";"1070001";"1041810";"ITC4";"600";"190115422";""
"2017-08-31";"1070001";"1041810";"ITC4";"S128";"3506457";""
"2017-08-31";"1070001";"1041810";"ITC4";"S129";"2767799";""
"2017-08-31";"1070001";"1041810";"ITC4";"S12BI66";"14603864";""
"2017-08-31";"1070001";"1041810";"IT";"S11BI32";"210645936";""
"2017-08-31";"1070001";"1041810";"IT";"S12BI66";"46209458";""
"2017-08-31";"1070001";"1041810";"ITC4";"S1313";"1404602";""
"2017-08-31";"1070001";"1041810";"ITC41";"S129";"35";""
"2017-08-31";"1070001";"1041810";"ITC41";"S12BI66";"17323";""
"2017-08-31";"1070001";"1041810";"ITC4";"450";"203021";""
"2017-08-31";"1070001";"1041810";"ITC4";"S11";"72609944";""
"2017-08-31";"1070001";"1041810";"ITC4";"S12BI7";"58582894";""
"2017-08-31";"1070001";"1041810";"ITC41";"450";"4540";""
"2017-08-31";"1070001";"1041810";"ITC41";"S11BI8";"216578";""
"2017-08-31";"1070001";"1041810";"ITC4";"S15";"5724221";""
"2017-08-31";"1070001";"1041810";"IT";"S11BI7";"6772213";""
"2017-08-31";"1070001";"1041810";"ITC41";"S1313";"42254";""
"2017-08-31";"1070001";"1041810";"ITC41";"SBI59";"20247855";""
"2017-08-31";"1070001";"1041810";"ITC41";"SBI9";"76490";""
"2017-08-31";"1070001";"1041810";"ITC41";"S124";"3725";""
"2017-08-31";"1070001";"1041810";"IT";"S12BI7";"118171954";""
"2017-08-31";"1070001";"1041810";"IT";"S1313";"10930092";""
"2017-08-31";"1070001";"1041810";"IT";"SBI59";"1470729526";""
"2017-08-31";"1070001";"1041810";"IT";"S128";"15008587";""
"2017-08-31";"1070001";"1041810";"IT";"S129";"6443746";""
"2017-08-31";"1070001";"1041810";"ITC4";"S126";"15698787";""
"2017-08-31";"1070001";"1041810";"ITC41";"S128";"3";""
"2017-08-31";"1070001";"1041810";"IT";"S11001";"21105299";""
"2017-08-31";"1070001";"1041810";"ITC41";"S11";"3479923";""
"2017-08-31";"1070001";"1041810";"IT";"450";"915823";""
"2017-07-31";"1070001";"1041810";"ITC4";"S11BI8";"2867024";""
"2017-07-31";"1070001";"1041810";"ITC4";"S12BI7";"59837869";""
"2017-07-31";"1070001";"1041810";"ITC4";"S1313";"1413002";""
"2017-07-31";"1070001";"1041810";"ITC41";"600";"15452271";""
"2017-07-31";"1070001";"1041810";"ITC41";"S1311";"99750";""
"2017-07-31";"1070001";"1041810";"IT";"S11BI7";"6816880";""
"2017-07-31";"1070001";"1041810";"IT";"S12BI7";"119001408";""
"2017-07-31";"1070001";"1041810";"ITC4";"600";"189341481";""
"2017-07-31";"1070001";"1041810";"ITC4";"S11001";"2127996";""
"2017-07-31";"1070001";"1041810";"ITC41";"S129";"35";""
"2017-07-31";"1070001";"1041810";"ITC41";"S13";"143295";""
"2017-07-31";"1070001";"1041810";"ITC41";"S14BI2";"679793";""
"2017-07-31";"1070001";"1041810";"ITC41";"S11001";"78719";""
"2017-07-31";"1070001";"1041810";"ITC41";"S11BI32";"2879902";""
"2017-07-31";"1070001";"1041810";"ITC4";"S128";"3615169";""
"2017-07-31";"1070001";"1041810";"IT";"S15";"25768301";""
"2017-07-31";"1070001";"1041810";"ITC41";"S11BI8";"226491";""
"2017-07-31";"1070001";"1041810";"IT";"S13";"76093058";""
"2017-07-31";"1070001";"1041810";"ITC4";"S11";"70290203";""
"2017-07-31";"1070001";"1041810";"IT";"600";"931131061";""
"2017-07-31";"1070001";"1041810";"ITC4";"S129";"3210471";""
"2017-07-31";"1070001";"1041810";"IT";"S1314";"7460173";""
"2017-07-31";"1070001";"1041810";"IT";"SBI9";"7026661";""
"2017-07-31";"1070001";"1041810";"ITC41";"450";"5024";""
"2017-07-31";"1070001";"1041810";"IT";"S11BI32";"205636394";""
"2017-07-31";"1070001";"1041810";"IT";"S124";"19792636";""
"2017-07-31";"1070001";"1041810";"IT";"S126";"22353156";""
"2017-07-31";"1070001";"1041810";"IT";"S129";"7618935";""
"2017-07-31";"1070001";"1041810";"ITC4";"450";"266013";""
"2017-07-31";"1070001";"1041810";"IT";"S11";"248313820";""
"2017-07-31";"1070001";"1041810";"ITC4";"S11BI7";"1747091";""
"2017-07-31";"1070001";"1041810";"ITC4";"S126";"16716604";""
"2017-07-31";"1070001";"1041810";"IT";"S1313";"10894731";""
"2017-07-31";"1070001";"1041810";"IT";"S14BI2";"56291669";""
"2017-07-31";"1070001";"1041810";"ITC41";"S11BI7";"154953";""
"2017-07-31";"1070001";"1041810";"ITC41";"S124";"3749";""
"2017-07-31";"1070001";"1041810";"IT";"S11BI8";"14062089";""
"2017-07-31";"1070001";"1041810";"ITC4";"S11BI32";"63282079";""
"2017-07-31";"1070001";"1041810";"ITC41";"S127";"38054";""
"2017-07-31";"1070001";"1041810";"ITC41";"S128";"7";""
"2017-07-31";"1070001";"1041810";"ITC41";"S14";"16132063";""
"2017-07-31";"1070001";"1041810";"ITC4";"S127";"4081727";""
"2017-07-31";"1070001";"1041810";"ITC4";"S1314";"61825";""
"2017-07-31";"1070001";"1041810";"ITC4";"S14BI2";"10745123";""
"2017-07-31";"1070001";"1041810";"ITC4";"S15";"5553054";""
"2017-07-31";"1070001";"1041810";"ITC4";"SBI59";"341621676";""
"2017-07-31";"1070001";"1041810";"ITC4";"SBI9";"3200917";""
"2017-07-31";"1070001";"1041810";"IT";"450";"1013495";""
"2017-07-31";"1070001";"1041810";"ITC4";"S1311";"1178202";""
"2017-07-31";"1070001";"1041810";"ITC4";"S14";"200086604";""
"2017-07-31";"1070001";"1041810";"ITC41";"S126";"46801";""
"2017-07-31";"1070001";"1041810";"ITC41";"S12BI7";"105876";""
"2017-07-31";"1070001";"1041810";"ITC41";"S1313";"43539";""
"2017-07-31";"1070001";"1041810";"ITC41";"S1314";"6";""
"2017-07-31";"1070001";"1041810";"ITC41";"SBI59";"20066223";""
"2017-07-31";"1070001";"1041810";"ITC41";"SBI9";"68966";""
"2017-07-31";"1070001";"1041810";"IT";"S14";"987422729";""
"2017-07-31";"1070001";"1041810";"IT";"S127";"8489996";""
"2017-07-31";"1070001";"1041810";"IT";"S12BI66";"47051845";""
"2017-07-31";"1070001";"1041810";"IT";"S11001";"20784962";""
"2017-07-31";"1070001";"1041810";"ITC4";"S124";"16725077";""
"2017-07-31";"1070001";"1041810";"ITC4";"S12BI66";"15488820";""
"2017-07-31";"1070001";"1041810";"ITC4";"S13";"2653029";""
"2017-07-31";"1070001";"1041810";"ITC41";"S11";"3345089";""
"2017-07-31";"1070001";"1041810";"ITC41";"S12BI66";"17230";""
"2017-07-31";"1070001";"1041810";"ITC41";"S15";"270933";""
"2017-07-31";"1070001";"1041810";"IT";"S1311";"57738155";""
"2017-07-31";"1070001";"1041810";"IT";"SBI59";"1463625978";""
"2017-07-31";"1070001";"1041810";"IT";"S128";"13694839";""
"2017-06-30";"1070001";"1041810";"IT";"S11001";"22850934";""
"2017-06-30";"1070001";"1041810";"IT";"S126";"19161716";""
"2017-06-30";"1070001";"1041810";"IT";"S13";"74439389";""
"2017-06-30";"1070001";"1041810";"ITC41";"S11";"3405213";""
"2017-06-30";"1070001";"1041810";"ITC4";"S127";"4050771";""
"2017-06-30";"1070001";"1041810";"ITC4";"S1314";"69668";""
"2017-06-30";"1070001";"1041810";"ITC4";"S15";"5617246";""
"2017-06-30";"1070001";"1041810";"IT";"S11";"247703453";""
"2017-06-30";"1070001";"1041810";"IT";"S128";"12641090";""
"2017-06-30";"1070001";"1041810";"ITC4";"S14BI2";"10471316";""
"2017-06-30";"1070001";"1041810";"ITC4";"S12BI66";"14143114";""
"2017-06-30";"1070001";"1041810";"ITC4";"S1313";"1348067";""
"2017-06-30";"1070001";"1041810";"ITC41";"S14BI2";"651228";""
"2017-06-30";"1070001";"1041810";"ITC41";"S15";"290002";""
"2017-06-30";"1070001";"1041810";"ITC41";"SBI9";"63803";""
"2017-06-30";"1070001";"1041810";"ITC4";"S129";"2564944";""
"2017-06-30";"1070001";"1041810";"ITC4";"S12BI7";"54672056";""
"2017-06-30";"1070001";"1041810";"ITC4";"S11001";"2786785";""
"2017-06-30";"1070001";"1041810";"IT";"450";"1028664";""
"2017-06-30";"1070001";"1041810";"IT";"S11BI7";"6725948";""
"2017-06-30";"1070001";"1041810";"IT";"S1313";"10817329";""
"2017-06-30";"1070001";"1041810";"ITC41";"S12BI7";"107206";""
"2017-06-30";"1070001";"1041810";"ITC41";"S1314";"12";""
"2017-06-30";"1070001";"1041810";"ITC4";"600";"189714306";""
"2017-06-30";"1070001";"1041810";"IT";"600";"930972114";""
"2017-06-30";"1070001";"1041810";"IT";"S11BI32";"203443397";""
"2017-06-30";"1070001";"1041810";"IT";"S127";"8872626";""
"2017-06-30";"1070001";"1041810";"ITC41";"S126";"46505";""
"2017-06-30";"1070001";"1041810";"ITC41";"S1311";"98684";""
"2017-06-30";"1070001";"1041810";"ITC41";"S11BI32";"2960592";""
"2017-06-30";"1070001";"1041810";"ITC41";"S11BI7";"142918";""
"2017-06-30";"1070001";"1041810";"ITC41";"SBI59";"20137923";""
"2017-06-30";"1070001";"1041810";"ITC4";"S11BI32";"64442176";""
"2017-06-30";"1070001";"1041810";"ITC4";"450";"248600";""
"2017-06-30";"1070001";"1041810";"ITC41";"S124";"5233";""
"2017-06-30";"1070001";"1041810";"IT";"SBI59";"1458045590";""
"2017-06-30";"1070001";"1041810";"ITC41";"S14";"16138884";""
"2017-06-30";"1070001";"1041810";"ITC4";"S11BI8";"2820486";""
"2017-06-30";"1070001";"1041810";"ITC4";"S126";"12768529";""
"2017-06-30";"1070001";"1041810";"ITC4";"SBI9";"3068272";""
"2017-06-30";"1070001";"1041810";"ITC41";"450";"5318";""
"2017-06-30";"1070001";"1041810";"IT";"S12BI66";"48210825";""
"2017-06-30";"1070001";"1041810";"IT";"S1311";"56202847";""
"2017-06-30";"1070001";"1041810";"ITC41";"S11001";"77968";""
"2017-06-30";"1070001";"1041810";"ITC41";"S127";"36223";""
"2017-06-30";"1070001";"1041810";"ITC41";"S128";"13";""
"2017-06-30";"1070001";"1041810";"ITC4";"SBI59";"338210630";""
"2017-06-30";"1070001";"1041810";"ITC4";"S11";"72029786";""
"2017-06-30";"1070001";"1041810";"IT";"S12BI7";"115965787";""
"2017-06-30";"1070001";"1041810";"IT";"S14";"986702861";""
"2017-06-30";"1070001";"1041810";"IT";"S15";"26254343";""
"2017-06-30";"1070001";"1041810";"IT";"S124";"20307563";""
"2017-06-30";"1070001";"1041810";"IT";"S14BI2";"55730747";""
"2017-06-30";"1070001";"1041810";"IT";"SBI9";"6979758";""
"2017-06-30";"1070001";"1041810";"ITC41";"S12BI66";"19197";""
"2017-06-30";"1070001";"1041810";"ITC41";"S1313";"34119";""
"2017-06-30";"1070001";"1041810";"ITC41";"S13";"132815";""
"2017-06-30";"1070001";"1041810";"ITC41";"600";"15487656";""
"2017-06-30";"1070001";"1041810";"ITC4";"S11BI7";"1731739";""
"2017-06-30";"1070001";"1041810";"ITC4";"S124";"17483992";""
"2017-06-30";"1070001";"1041810";"ITC4";"S1311";"1219913";""
"2017-06-30";"1070001";"1041810";"ITC4";"S13";"2637648";""
"2017-06-30";"1070001";"1041810";"ITC41";"S11BI8";"218416";""
"2017-06-30";"1070001";"1041810";"IT";"S11BI8";"13654511";""
"2017-06-30";"1070001";"1041810";"IT";"S129";"6771967";""
"2017-06-30";"1070001";"1041810";"IT";"S1314";"7419212";""
"2017-06-30";"1070001";"1041810";"ITC41";"S129";"35";""
"2017-06-30";"1070001";"1041810";"ITC4";"S128";"3660706";""
"2017-06-30";"1070001";"1041810";"ITC4";"S14";"200185622";""
"2017-05-31";"1070001";"1041810";"ITC4";"S14BI2";"10501586";""
"2017-05-31";"1070001";"1041810";"ITC4";"SBI9";"2302415";""
"2017-05-31";"1070001";"1041810";"ITC41";"S11";"3450465";""
"2017-05-31";"1070001";"1041810";"ITC41";"S11001";"81039";""
"2017-05-31";"1070001";"1041810";"ITC41";"S11BI32";"3000272";""
"2017-05-31";"1070001";"1041810";"ITC41";"S15";"294466";""
"2017-05-31";"1070001";"1041810";"IT";"S11001";"22444585";""
"2017-05-31";"1070001";"1041810";"IT";"S11BI32";"205460984";""
"2017-05-31";"1070001";"1041810";"IT";"S1311";"51473597";""
"2017-05-31";"1070001";"1041810";"IT";"S12BI7";"113458718";""
"2017-05-31";"1070001";"1041810";"ITC41";"S128";"30";""
"2017-05-31";"1070001";"1041810";"ITC4";"S11BI8";"2908696";""
"2017-05-31";"1070001";"1041810";"ITC4";"S128";"4246389";""
"2017-05-31";"1070001";"1041810";"ITC4";"S1313";"1355507";""
"2017-05-31";"1070001";"1041810";"IT";"S11";"249371284";""
"2017-05-31";"1070001";"1041810";"IT";"SBI9";"6217905";""
"2017-05-31";"1070001";"1041810";"ITC41";"S1314";"17";""
"2017-05-31";"1070001";"1041810";"ITC41";"SBI59";"20236933";""
"2017-05-31";"1070001";"1041810";"ITC4";"SBI59";"336422662";""
"2017-05-31";"1070001";"1041810";"ITC4";"S126";"12370163";""
"2017-05-31";"1070001";"1041810";"ITC4";"S12BI66";"13590405";""
"2017-05-31";"1070001";"1041810";"IT";"450";"1009456";""
"2017-05-31";"1070001";"1041810";"ITC41";"S11BI7";"141032";""
"2017-05-31";"1070001";"1041810";"ITC41";"S11BI8";"222615";""
"2017-05-31";"1070001";"1041810";"ITC41";"S129";"35";""
"2017-05-31";"1070001";"1041810";"ITC41";"S1313";"34604";""
"2017-05-31";"1070001";"1041810";"ITC41";"S14";"16191235";""
"2017-05-31";"1070001";"1041810";"IT";"S11BI7";"6676642";""
"2017-05-31";"1070001";"1041810";"IT";"S11BI8";"13779617";""
"2017-05-31";"1070001";"1041810";"IT";"S126";"18688268";""
"2017-05-31";"1070001";"1041810";"IT";"S128";"14295603";""
"2017-05-31";"1070001";"1041810";"ITC4";"S11BI7";"1719567";""
"2017-05-31";"1070001";"1041810";"ITC4";"S124";"16194506";""
"2017-05-31";"1070001";"1041810";"ITC41";"450";"5506";""
"2017-05-31";"1070001";"1041810";"ITC41";"S127";"43298";""
"2017-05-31";"1070001";"1041810";"IT";"S1314";"7331856";""
"2017-05-31";"1070001";"1041810";"IT";"S14";"988978950";""
"2017-05-31";"1070001";"1041810";"ITC4";"600";"189723805";""
"2017-05-31";"1070001";"1041810";"ITC4";"S1314";"70961";""
"2017-05-31";"1070001";"1041810";"ITC4";"S15";"5712090";""
"2017-05-31";"1070001";"1041810";"ITC41";"S12BI7";"108797";""
"2017-05-31";"1070001";"1041810";"ITC41";"S1311";"96179";""
"2017-05-31";"1070001";"1041810";"IT";"600";"933293436";""
"2017-05-31";"1070001";"1041810";"IT";"S1313";"10755072";""
"2017-05-31";"1070001";"1041810";"IT";"S14BI2";"55685514";""
"2017-05-31";"1070001";"1041810";"ITC4";"S11BI32";"65380529";""
"2017-05-31";"1070001";"1041810";"ITC4";"S127";"4182156";""
"2017-05-31";"1070001";"1041810";"ITC4";"S129";"2445301";""
"2017-05-31";"1070001";"1041810";"ITC4";"S14";"200225391";""
"2017-05-31";"1070001";"1041810";"ITC41";"600";"15543761";""
"2017-05-31";"1070001";"1041810";"ITC41";"S124";"3916";""
"2017-05-31";"1070001";"1041810";"ITC41";"S13";"130800";""
"2017-05-31";"1070001";"1041810";"IT";"S127";"8654936";""
"2017-05-31";"1070001";"1041810";"IT";"S15";"25698161";""
"2017-05-31";"1070001";"1041810";"IT";"S12BI66";"46378729";""
"2017-05-31";"1070001";"1041810";"ITC4";"450";"272036";""
"2017-05-31";"1070001";"1041810";"ITC4";"S11";"72536895";""
"2017-05-31";"1070001";"1041810";"ITC4";"S12BI7";"53028921";""
"2017-05-31";"1070001";"1041810";"ITC41";"SBI9";"61170";""
"2017-05-31";"1070001";"1041810";"ITC41";"S126";"43829";""
"2017-05-31";"1070001";"1041810";"ITC41";"S12BI66";"17688";""
"2017-05-31";"1070001";"1041810";"ITC41";"S14BI2";"647474";""
"2017-05-31";"1070001";"1041810";"IT";"S124";"19328668";""
"2017-05-31";"1070001";"1041810";"IT";"S13";"69560525";""
"2017-05-31";"1070001";"1041810";"IT";"SBI59";"1453285543";""
"2017-05-31";"1070001";"1041810";"IT";"S129";"6112514";""
"2017-05-31";"1070001";"1041810";"ITC4";"S11001";"2256067";""
"2017-05-31";"1070001";"1041810";"ITC4";"S13";"2616950";""
"2017-05-31";"1070001";"1041810";"ITC4";"S1311";"1190483";""
"2017-04-30";"1070001";"1041810";"ITC4";"S11BI7";"1836268";""
"2017-04-30";"1070001";"1041810";"ITC4";"S128";"4590689";""
"2017-04-30";"1070001";"1041810";"ITC41";"S14";"16362031";""
"2017-04-30";"1070001";"1041810";"ITC41";"S14BI2";"659730";""
"2017-04-30";"1070001";"1041810";"ITC41";"S11BI8";"232730";""
"2017-04-30";"1070001";"1041810";"ITC41";"S126";"40064";""
"2017-04-30";"1070001";"1041810";"ITC41";"S129";"35";""
"2017-04-30";"1070001";"1041810";"IT";"S12BI7";"116720332";""
"2017-04-30";"1070001";"1041810";"IT";"S14BI2";"56103752";""
"2017-04-30";"1070001";"1041810";"ITC4";"SBI9";"2910521";""
"2017-04-30";"1070001";"1041810";"ITC4";"S14BI2";"10614808";""
"2017-04-30";"1070001";"1041810";"IT";"SBI9";"6986210";""
"2017-04-30";"1070001";"1041810";"ITC4";"450";"233369";""
"2017-04-30";"1070001";"1041810";"IT";"S15";"25850361";""
"2017-04-30";"1070001";"1041810";"IT";"S11BI32";"207948048";""
"2017-04-30";"1070001";"1041810";"ITC4";"S13";"2603030";""
"2017-04-30";"1070001";"1041810";"ITC4";"S14";"202205726";""
"2017-04-30";"1070001";"1041810";"ITC41";"S1314";"9";""
"2017-04-30";"1070001";"1041810";"ITC41";"S124";"4192";""
"2017-04-30";"1070001";"1041810";"ITC41";"S128";"13";""
"2017-04-30";"1070001";"1041810";"ITC4";"SBI59";"342853091";""
"2017-04-30";"1070001";"1041810";"ITC4";"S126";"12794359";""
"2017-04-30";"1070001";"1041810";"IT";"S11";"250816085";""
"2017-04-30";"1070001";"1041810";"IT";"S128";"15786073";""
"2017-04-30";"1070001";"1041810";"ITC41";"S11BI32";"3047630";""
"2017-04-30";"1070001";"1041810";"ITC41";"S127";"41239";""
"2017-04-30";"1070001";"1041810";"IT";"SBI59";"1470277559";""
"2017-04-30";"1070001";"1041810";"ITC4";"S11";"74146054";""
"2017-04-30";"1070001";"1041810";"ITC4";"S1314";"79624";""
"2017-04-30";"1070001";"1041810";"ITC41";"S1311";"90979";""
"2017-04-30";"1070001";"1041810";"ITC41";"SBI59";"20459862";""
"2017-04-30";"1070001";"1041810";"IT";"600";"940536134";""
"2017-04-30";"1070001";"1041810";"IT";"S129";"7131915";""
"2017-04-30";"1070001";"1041810";"ITC41";"450";"5376";""
"2017-04-30";"1070001";"1041810";"ITC41";"600";"15702301";""
"2017-04-30";"1070001";"1041810";"ITC4";"600";"191590917";""
"2017-04-30";"1070001";"1041810";"ITC4";"S12BI7";"55172018";""
"2017-04-30";"1070001";"1041810";"ITC41";"S12BI66";"18020";""
"2017-04-30";"1070001";"1041810";"ITC41";"S11BI7";"150790";""
"2017-04-30";"1070001";"1041810";"IT";"S11001";"20456119";""
"2017-04-30";"1070001";"1041810";"ITC4";"S11001";"2189946";""
"2017-04-30";"1070001";"1041810";"ITC4";"S11BI8";"3071347";""
"2017-04-30";"1070001";"1041810";"ITC4";"S124";"16174281";""
"2017-04-30";"1070001";"1041810";"IT";"S11BI7";"7118096";""
"2017-04-30";"1070001";"1041810";"IT";"S12BI66";"47356256";""
"2017-04-30";"1070001";"1041810";"ITC41";"S1313";"35884";""
"2017-04-30";"1070001";"1041810";"ITC41";"SBI9";"59149";""
"2017-04-30";"1070001";"1041810";"IT";"450";"970099";""
"2017-04-30";"1070001";"1041810";"IT";"S124";"19181343";""
"2017-04-30";"1070001";"1041810";"IT";"S126";"18995971";""
"2017-04-30";"1070001";"1041810";"IT";"S127";"8268774";""
"2017-04-30";"1070001";"1041810";"ITC4";"S1313";"1350686";""
"2017-04-30";"1070001";"1041810";"ITC41";"S12BI7";"103564";""
"2017-04-30";"1070001";"1041810";"ITC41";"S15";"290292";""
"2017-04-30";"1070001";"1041810";"IT";"S13";"73264685";""
"2017-04-30";"1070001";"1041810";"IT";"S1313";"10766731";""
"2017-04-30";"1070001";"1041810";"IT";"S1314";"6747779";""
"2017-04-30";"1070001";"1041810";"ITC41";"S11";"3517954";""
"2017-04-30";"1070001";"1041810";"ITC4";"S12BI66";"14219586";""
"2017-04-30";"1070001";"1041810";"ITC4";"S11BI32";"66815125";""
"2017-04-30";"1070001";"1041810";"IT";"S11BI8";"14323723";""
"2017-04-30";"1070001";"1041810";"IT";"S1311";"55750176";""
"2017-04-30";"1070001";"1041810";"IT";"S14";"996639885";""
"2017-04-30";"1070001";"1041810";"ITC4";"S127";"4312511";""
"2017-04-30";"1070001";"1041810";"ITC4";"S129";"3080592";""
"2017-04-30";"1070001";"1041810";"ITC4";"S1311";"1172721";""
"2017-04-30";"1070001";"1041810";"ITC41";"S13";"126872";""
"2017-04-30";"1070001";"1041810";"ITC41";"S11001";"81429";""
"2017-04-30";"1070001";"1041810";"ITC4";"S15";"5815742";""
"2017-03-31";"1070001";"1041810";"IT";"S127";"7205149";""
"2017-03-31";"1070001";"1041810";"IT";"450";"991165";""
"2017-03-31";"1070001";"1041810";"IT";"S11";"240031095";""
"2017-03-31";"1070001";"1041810";"IT";"S14BI2";"53983620";""
"2017-03-31";"1070001";"1041810";"IT";"S15";"25818706";""
"2017-03-31";"1070001";"1041810";"ITC4";"S11";"71202295";""
"2017-03-31";"1070001";"1041810";"ITC41";"S126";"44811";""
"2017-03-31";"1070001";"1041810";"ITC4";"S1311";"1158638";""
"2017-03-31";"1070001";"1041810";"ITC4";"SBI9";"2359625";""
"2017-03-31";"1070001";"1041810";"IT";"S11BI32";"199079847";""
"2017-03-31";"1070001";"1041810";"ITC41";"S13";"126612";""
"2017-03-31";"1070001";"1041810";"ITC4";"S126";"13876051";""
"2017-03-31";"1070001";"1041810";"ITC4";"S13";"2594294";""
"2017-03-31";"1070001";"1041810";"ITC4";"S1313";"1366847";""
"2017-03-31";"1070001";"1041810";"IT";"S11BI8";"13024849";""
"2017-03-31";"1070001";"1041810";"IT";"600";"932879520";""
"2017-03-31";"1070001";"1041810";"ITC4";"S128";"3829399";""
"2017-03-31";"1070001";"1041810";"ITC41";"S11";"3227237";""
"2017-03-31";"1070001";"1041810";"ITC41";"S11001";"81847";""
"2017-03-31";"1070001";"1041810";"ITC41";"S1311";"89305";""
"2017-03-31";"1070001";"1041810";"ITC41";"S14";"16134947";""
"2017-03-31";"1070001";"1041810";"IT";"SBI9";"6415847";""
"2017-03-31";"1070001";"1041810";"ITC41";"450";"4970";""
"2017-03-31";"1070001";"1041810";"ITC41";"S124";"3186";""
"2017-03-31";"1070001";"1041810";"ITC41";"S128";"22";""
"2017-03-31";"1070001";"1041810";"ITC41";"S14BI2";"621322";""
"2017-03-31";"1070001";"1041810";"ITC4";"S124";"15808763";""
"2017-03-31";"1070001";"1041810";"ITC4";"S12BI7";"53393464";""
"2017-03-31";"1070001";"1041810";"ITC4";"S11001";"2455279";""
"2017-03-31";"1070001";"1041810";"IT";"S128";"13649220";""
"2017-03-31";"1070001";"1041810";"IT";"S14";"986863140";""
"2017-03-31";"1070001";"1041810";"IT";"SBI59";"1447891510";""
"2017-03-31";"1070001";"1041810";"ITC4";"450";"248075";""
"2017-03-31";"1070001";"1041810";"ITC41";"S15";"289025";""
"2017-03-31";"1070001";"1041810";"ITC41";"S129";"35";""
"2017-03-31";"1070001";"1041810";"ITC41";"S12BI66";"17865";""
"2017-03-31";"1070001";"1041810";"IT";"S13";"71970602";""
"2017-03-31";"1070001";"1041810";"ITC4";"S129";"2555261";""
"2017-03-31";"1070001";"1041810";"ITC4";"S12BI66";"14230358";""
"2017-03-31";"1070001";"1041810";"ITC4";"S14BI2";"10198537";""
"2017-03-31";"1070001";"1041810";"ITC4";"S11BI32";"64081162";""
"2017-03-31";"1070001";"1041810";"ITC4";"S11BI7";"1623926";""
"2017-03-31";"1070001";"1041810";"ITC41";"S127";"41154";""
"2017-03-31";"1070001";"1041810";"IT";"S11BI7";"6386381";""
"2017-03-31";"1070001";"1041810";"IT";"S124";"19051546";""
"2017-03-31";"1070001";"1041810";"IT";"S126";"20240878";""
"2017-03-31";"1070001";"1041810";"IT";"S129";"6017171";""
"2017-03-31";"1070001";"1041810";"IT";"S12BI7";"116792121";""
"2017-03-31";"1070001";"1041810";"IT";"S11001";"20548851";""
"2017-03-31";"1070001";"1041810";"ITC41";"S11BI7";"131516";""
"2017-03-31";"1070001";"1041810";"ITC41";"S11BI8";"208294";""
"2017-03-31";"1070001";"1041810";"ITC41";"S12BI7";"107073";""
"2017-03-31";"1070001";"1041810";"ITC41";"SBI59";"19948286";""
"2017-03-31";"1070001";"1041810";"ITC4";"S127";"3093632";""
"2017-03-31";"1070001";"1041810";"ITC4";"S1314";"68810";""
"2017-03-31";"1070001";"1041810";"ITC4";"S14";"199445161";""
"2017-03-31";"1070001";"1041810";"ITC4";"S15";"5742994";""
"2017-03-31";"1070001";"1041810";"ITC4";"SBI59";"334737834";""
"2017-03-31";"1070001";"1041810";"ITC4";"600";"189246624";""
"2017-03-31";"1070001";"1041810";"ITC4";"S11BI8";"2793852";""
"2017-03-31";"1070001";"1041810";"ITC41";"SBI9";"63393";""
"2017-03-31";"1070001";"1041810";"IT";"S12BI66";"50628158";""
"2017-03-31";"1070001";"1041810";"IT";"S1311";"54639846";""
"2017-03-31";"1070001";"1041810";"IT";"S1313";"10763779";""
"2017-03-31";"1070001";"1041810";"IT";"S1314";"6566977";""
"2017-03-31";"1070001";"1041810";"ITC41";"600";"15513625";""
"2017-03-31";"1070001";"1041810";"ITC41";"S11BI32";"2800610";""
"2017-03-31";"1070001";"1041810";"ITC41";"S1313";"37287";""
"2017-03-31";"1070001";"1041810";"ITC41";"S1314";"20";""
"2017-02-28";"1070001";"1041810";"IT";"S11";"229750741";""
"2017-02-28";"1070001";"1041810";"IT";"S11BI7";"6059074";""
"2017-02-28";"1070001";"1041810";"IT";"S1311";"53520251";""
"2017-02-28";"1070001";"1041810";"ITC4";"S15";"5767031";""
"2017-02-28";"1070001";"1041810";"ITC4";"SBI59";"330521610";""
"2017-02-28";"1070001";"1041810";"ITC4";"SBI9";"2407612";""
"2017-02-28";"1070001";"1041810";"ITC41";"450";"4914";""
"2017-02-28";"1070001";"1041810";"ITC41";"S11";"3102147";""
"2017-02-28";"1070001";"1041810";"IT";"SBI59";"1435565935";""
"2017-02-28";"1070001";"1041810";"IT";"SBI9";"6451633";""
"2017-02-28";"1070001";"1041810";"IT";"S127";"7078895";""
"2017-02-28";"1070001";"1041810";"ITC4";"S14BI2";"9867144";""
"2017-02-28";"1070001";"1041810";"ITC41";"S124";"3639";""
"2017-02-28";"1070001";"1041810";"ITC41";"S126";"38783";""
"2017-02-28";"1070001";"1041810";"ITC41";"S127";"43411";""
"2017-02-28";"1070001";"1041810";"ITC41";"S128";"24";""
"2017-02-28";"1070001";"1041810";"ITC41";"S12BI7";"102504";""
"2017-02-28";"1070001";"1041810";"ITC4";"S1311";"1109414";""
"2017-02-28";"1070001";"1041810";"IT";"S15";"25657801";""
"2017-02-28";"1070001";"1041810";"IT";"600";"931346971";""
"2017-02-28";"1070001";"1041810";"IT";"S11BI8";"12472398";""
"2017-02-28";"1070001";"1041810";"IT";"S124";"19978490";""
"2017-02-28";"1070001";"1041810";"IT";"S129";"7338186";""
"2017-02-28";"1070001";"1041810";"ITC4";"S1314";"73886";""
"2017-02-28";"1070001";"1041810";"ITC41";"S11BI8";"199029";""
"2017-02-28";"1070001";"1041810";"ITC41";"S1311";"84305";""
"2017-02-28";"1070001";"1041810";"ITC41";"S1314";"21";""
"2017-02-28";"1070001";"1041810";"ITC41";"S14BI2";"595209";""
"2017-02-28";"1070001";"1041810";"IT";"S11BI32";"190030077";""
"2017-02-28";"1070001";"1041810";"IT";"S126";"19931875";""
"2017-02-28";"1070001";"1041810";"IT";"S128";"16248460";""
"2017-02-28";"1070001";"1041810";"IT";"S12BI7";"118709868";""
"2017-02-28";"1070001";"1041810";"IT";"S1313";"10680375";""
"2017-02-28";"1070001";"1041810";"ITC4";"600";"188851265";""
"2017-02-28";"1070001";"1041810";"ITC4";"S11";"66456891";""
"2017-02-28";"1070001";"1041810";"ITC4";"S11001";"1800257";""
"2017-02-28";"1070001";"1041810";"ITC4";"S11BI7";"1542212";""
"2017-02-28";"1070001";"1041810";"IT";"S11001";"20246898";""
"2017-02-28";"1070001";"1041810";"ITC41";"SBI59";"19794308";""
"2017-02-28";"1070001";"1041810";"ITC4";"S14";"198718410";""
"2017-02-28";"1070001";"1041810";"ITC41";"600";"15522492";""
"2017-02-28";"1070001";"1041810";"ITC41";"SBI9";"63646";""
"2017-02-28";"1070001";"1041810";"IT";"S14";"984154082";""
"2017-02-28";"1070001";"1041810";"IT";"S14BI2";"52807112";""
"2017-02-28";"1070001";"1041810";"ITC4";"450";"234707";""
"2017-02-28";"1070001";"1041810";"IT";"S13";"70841808";""
"2017-02-28";"1070001";"1041810";"ITC4";"S127";"3085515";""
"2017-02-28";"1070001";"1041810";"ITC41";"S11BI7";"125864";""
"2017-02-28";"1070001";"1041810";"ITC41";"S13";"120107";""
"2017-02-28";"1070001";"1041810";"ITC41";"S14";"16117701";""
"2017-02-28";"1070001";"1041810";"IT";"450";"942294";""
"2017-02-28";"1070001";"1041810";"IT";"S12BI66";"48133962";""
"2017-02-28";"1070001";"1041810";"ITC4";"S11BI32";"60268185";""
"2017-02-28";"1070001";"1041810";"ITC4";"S11BI8";"2611530";""
"2017-02-28";"1070001";"1041810";"ITC4";"S124";"16453958";""
"2017-02-28";"1070001";"1041810";"ITC41";"S15";"288203";""
"2017-02-28";"1070001";"1041810";"ITC4";"S128";"4734227";""
"2017-02-28";"1070001";"1041810";"ITC4";"S12BI66";"13418203";""
"2017-02-28";"1070001";"1041810";"ITC4";"S12BI7";"54659099";""
"2017-02-28";"1070001";"1041810";"ITC4";"S13";"2512567";""
"2017-02-28";"1070001";"1041810";"ITC41";"S11BI32";"2692083";""
"2017-02-28";"1070001";"1041810";"ITC41";"S12BI66";"16617";""
"2017-02-28";"1070001";"1041810";"ITC41";"S1313";"35782";""
"2017-02-28";"1070001";"1041810";"ITC4";"S126";"13377977";""
"2017-02-28";"1070001";"1041810";"ITC4";"S129";"3589219";""
"2017-02-28";"1070001";"1041810";"ITC4";"S1313";"1329268";""
"2017-02-28";"1070001";"1041810";"ITC41";"S11001";"80258";""
"2017-02-28";"1070001";"1041810";"ITC41";"S129";"31";""
"2017-02-28";"1070001";"1041810";"IT";"S1314";"6641183";""
"2017-01-31";"1070001";"1041810";"IT";"450";"966155";""
"2017-01-31";"1070001";"1041810";"IT";"SBI59";"1430703284";""
"2017-01-31";"1070001";"1041810";"IT";"S14BI2";"52570754";""
"2017-01-31";"1070001";"1041810";"ITC4";"450";"217310";""
"2017-01-31";"1070001";"1041810";"ITC4";"S128";"4037235";""
"2017-01-31";"1070001";"1041810";"ITC4";"S12BI7";"52436998";""
"2017-01-31";"1070001";"1041810";"ITC4";"S1311";"1098640";""
"2017-01-31";"1070001";"1041810";"ITC41";"450";"4997";""
"2017-01-31";"1070001";"1041810";"ITC41";"S11BI7";"123812";""
"2017-01-31";"1070001";"1041810";"IT";"S11BI7";"6002765";""
"2017-01-31";"1070001";"1041810";"IT";"S129";"7003926";""
"2017-01-31";"1070001";"1041810";"IT";"S14";"985266651";""
"2017-01-31";"1070001";"1041810";"IT";"SBI9";"6430610";""
"2017-01-31";"1070001";"1041810";"ITC4";"S12BI66";"14004648";""
"2017-01-31";"1070001";"1041810";"ITC4";"S14";"199435337";""
"2017-01-31";"1070001";"1041810";"ITC41";"S127";"42722";""
"2017-01-31";"1070001";"1041810";"IT";"S126";"20020098";""
"2017-01-31";"1070001";"1041810";"IT";"S1314";"6768935";""
"2017-01-31";"1070001";"1041810";"IT";"S15";"25558670";""
"2017-01-31";"1070001";"1041810";"IT";"S11";"228404568";""
"2017-01-31";"1070001";"1041810";"ITC41";"S15";"280527";""
"2017-01-31";"1070001";"1041810";"ITC4";"S11001";"1546511";""
"2017-01-31";"1070001";"1041810";"ITC4";"S11BI8";"2566871";""
"2017-01-31";"1070001";"1041810";"ITC4";"S126";"13350765";""
"2017-01-31";"1070001";"1041810";"ITC4";"S1313";"1332756";""
"2017-01-31";"1070001";"1041810";"ITC41";"S12BI7";"110279";""
"2017-01-31";"1070001";"1041810";"ITC41";"S1311";"83498";""
"2017-01-31";"1070001";"1041810";"ITC4";"S129";"2903405";""
"2017-01-31";"1070001";"1041810";"ITC4";"S14BI2";"9721929";""
"2017-01-31";"1070001";"1041810";"ITC4";"SBI59";"326719715";""
"2017-01-31";"1070001";"1041810";"ITC41";"S11BI32";"2626927";""
"2017-01-31";"1070001";"1041810";"ITC41";"S14";"16202436";""
"2017-01-31";"1070001";"1041810";"IT";"S11BI32";"189124482";""
"2017-01-31";"1070001";"1041810";"IT";"S128";"14683137";""
"2017-01-31";"1070001";"1041810";"IT";"S12BI66";"48353859";""
"2017-01-31";"1070001";"1041810";"IT";"S12BI7";"115576458";""
"2017-01-31";"1070001";"1041810";"ITC4";"S11BI7";"1514748";""
"2017-01-31";"1070001";"1041810";"ITC41";"SBI59";"19809999";""
"2017-01-31";"1070001";"1041810";"ITC4";"600";"189713407";""
"2017-01-31";"1070001";"1041810";"ITC4";"S11BI32";"58355297";""
"2017-01-31";"1070001";"1041810";"ITC4";"S15";"5829552";""
"2017-01-31";"1070001";"1041810";"ITC4";"SBI9";"2329987";""
"2017-01-31";"1070001";"1041810";"ITC41";"S11";"3035153";""
"2017-01-31";"1070001";"1041810";"ITC41";"S126";"47703";""
"2017-01-31";"1070001";"1041810";"ITC41";"S129";"31";""
"2017-01-31";"1070001";"1041810";"ITC41";"S1313";"37286";""
"2017-01-31";"1070001";"1041810";"IT";"S13";"69466327";""
"2017-01-31";"1070001";"1041810";"IT";"S1313";"10745361";""
"2017-01-31";"1070001";"1041810";"ITC41";"S11BI8";"198009";""
"2017-01-31";"1070001";"1041810";"ITC41";"S128";"3";""
"2017-01-31";"1070001";"1041810";"ITC41";"S12BI66";"15753";""
"2017-01-31";"1070001";"1041810";"ITC41";"S1314";"19";""
"2017-01-31";"1070001";"1041810";"ITC41";"S14BI2";"588496";""
"2017-01-31";"1070001";"1041810";"IT";"S11BI8";"12320853";""
"2017-01-31";"1070001";"1041810";"IT";"S1311";"51952031";""
"2017-01-31";"1070001";"1041810";"IT";"600";"932695897";""
"2017-01-31";"1070001";"1041810";"IT";"S11001";"19990314";""
"2017-01-31";"1070001";"1041810";"ITC4";"S11";"64200738";""
"2017-01-31";"1070001";"1041810";"ITC41";"S13";"120802";""
"2017-01-31";"1070001";"1041810";"ITC41";"SBI9";"60802";""
"2017-01-31";"1070001";"1041810";"IT";"S127";"7192784";""
"2017-01-31";"1070001";"1041810";"IT";"S124";"18322655";""
"2017-01-31";"1070001";"1041810";"ITC4";"S124";"14902952";""
"2017-01-31";"1070001";"1041810";"ITC4";"S127";"3237993";""
"2017-01-31";"1070001";"1041810";"ITC4";"S13";"2487104";""
"2017-01-31";"1070001";"1041810";"ITC4";"S1314";"55708";""
"2017-01-31";"1070001";"1041810";"ITC41";"600";"15613941";""
"2017-01-31";"1070001";"1041810";"ITC41";"S11001";"81407";""
"2017-01-31";"1070001";"1041810";"ITC41";"S124";"4066";""
"2016-12-31";"1070001";"1041810";"ITC41";"S13";"113734";""
"2016-12-31";"1070001";"1041810";"ITC41";"450";"4984";""
"2016-12-31";"1070001";"1041810";"ITC4";"SBI59";"331578248";""
"2016-12-31";"1070001";"1041810";"ITC4";"S11BI8";"2743318";""
"2016-12-31";"1070001";"1041810";"ITC4";"S14";"200421847";""
"2016-12-31";"1070001";"1041810";"ITC41";"S11BI7";"145647";""
"2016-12-31";"1070001";"1041810";"IT";"S126";"20231220";""
"2016-12-31";"1070001";"1041810";"IT";"S1311";"49416799";""
"2016-12-31";"1070001";"1041810";"IT";"S15";"25453568";""
"2016-12-31";"1070001";"1041810";"ITC41";"S11";"3393155";""
"2016-12-31";"1070001";"1041810";"ITC41";"600";"15638545";""
"2016-12-31";"1070001";"1041810";"ITC41";"S127";"34947";""
"2016-12-31";"1070001";"1041810";"ITC41";"S128";"28";""
"2016-12-31";"1070001";"1041810";"ITC4";"S127";"3160745";""
"2016-12-31";"1070001";"1041810";"IT";"600";"936324818";""
"2016-12-31";"1070001";"1041810";"ITC4";"S14BI2";"9905315";""
"2016-12-31";"1070001";"1041810";"ITC41";"S124";"4943";""
"2016-12-31";"1070001";"1041810";"ITC41";"SBI9";"56128";""
"2016-12-31";"1070001";"1041810";"ITC41";"S11BI32";"2939810";""
"2016-12-31";"1070001";"1041810";"IT";"S11001";"21195282";""
"2016-12-31";"1070001";"1041810";"IT";"S12BI66";"53564549";""
"2016-12-31";"1070001";"1041810";"IT";"S1314";"7139101";""
"2016-12-31";"1070001";"1041810";"IT";"S14BI2";"53682695";""
"2016-12-31";"1070001";"1041810";"ITC41";"S14";"16245177";""
"2016-12-31";"1070001";"1041810";"ITC4";"S11BI32";"63786174";""
"2016-12-31";"1070001";"1041810";"ITC4";"S126";"12832197";""
"2016-12-31";"1070001";"1041810";"ITC4";"S128";"3029462";""
"2016-12-31";"1070001";"1041810";"ITC4";"S12BI66";"14223219";""
"2016-12-31";"1070001";"1041810";"ITC4";"S1314";"62914";""
"2016-12-31";"1070001";"1041810";"IT";"S11BI32";"204753671";""
"2016-12-31";"1070001";"1041810";"IT";"S11BI7";"6855827";""
"2016-12-31";"1070001";"1041810";"ITC4";"S12BI7";"50162302";""
"2016-12-31";"1070001";"1041810";"ITC4";"S1311";"1126924";""
"2016-12-31";"1070001";"1041810";"ITC41";"S11001";"87768";""
"2016-12-31";"1070001";"1041810";"ITC4";"S15";"5660168";""
"2016-12-31";"1070001";"1041810";"ITC41";"S11BI8";"214947";""
"2016-12-31";"1070001";"1041810";"ITC41";"S129";"31";""
"2016-12-31";"1070001";"1041810";"ITC41";"S12BI66";"15326";""
"2016-12-31";"1070001";"1041810";"ITC41";"S12BI7";"105001";""
"2016-12-31";"1070001";"1041810";"ITC41";"S1314";"18";""
"2016-12-31";"1070001";"1041810";"ITC41";"SBI59";"20198062";""
"2016-12-31";"1070001";"1041810";"ITC4";"450";"249290";""
"2016-12-31";"1070001";"1041810";"ITC4";"600";"190516532";""
"2016-12-31";"1070001";"1041810";"ITC4";"S11001";"1761883";""
"2016-12-31";"1070001";"1041810";"ITC4";"S129";"2217678";""
"2016-12-31";"1070001";"1041810";"IT";"SBI9";"6700776";""
"2016-12-31";"1070001";"1041810";"IT";"S11BI8";"13295570";""
"2016-12-31";"1070001";"1041810";"IT";"S128";"12804160";""
"2016-12-31";"1070001";"1041810";"IT";"S12BI7";"117473281";""
"2016-12-31";"1070001";"1041810";"IT";"S1313";"10690975";""
"2016-12-31";"1070001";"1041810";"ITC41";"S1313";"32111";""
"2016-12-31";"1070001";"1041810";"ITC41";"S14BI2";"606632";""
"2016-12-31";"1070001";"1041810";"ITC4";"S124";"14699001";""
"2016-12-31";"1070001";"1041810";"IT";"S124";"17992383";""
"2016-12-31";"1070001";"1041810";"IT";"S127";"7255368";""
"2016-12-31";"1070001";"1041810";"IT";"S129";"5625600";""
"2016-12-31";"1070001";"1041810";"IT";"450";"998895";""
"2016-12-31";"1070001";"1041810";"IT";"S11";"247099244";""
"2016-12-31";"1070001";"1041810";"ITC4";"S11BI7";"1746147";""
"2016-12-31";"1070001";"1041810";"ITC4";"SBI9";"2586516";""
"2016-12-31";"1070001";"1041810";"ITC41";"S1311";"81605";""
"2016-12-31";"1070001";"1041810";"ITC4";"S13";"2460603";""
"2016-12-31";"1070001";"1041810";"ITC4";"S11";"70286812";""
"2016-12-31";"1070001";"1041810";"ITC4";"S1313";"1270765";""
"2016-12-31";"1070001";"1041810";"ITC41";"S126";"49726";""
"2016-12-31";"1070001";"1041810";"ITC41";"S15";"284867";""
"2016-12-31";"1070001";"1041810";"IT";"SBI59";"1453981256";""
"2016-12-31";"1070001";"1041810";"IT";"S13";"67246874";""
"2016-12-31";"1070001";"1041810";"IT";"S14";"990007513";""
"2016-11-30";"1070001";"1041810";"ITC4";"S124";"16386890";""
"2016-11-30";"1070001";"1041810";"IT";"450";"1064698";""
"2016-11-30";"1070001";"1041810";"ITC41";"SBI9";"54486";""
"2016-11-30";"1070001";"1041810";"IT";"S1311";"51506079";""
"2016-11-30";"1070001";"1041810";"IT";"S1314";"8276220";""
"2016-11-30";"1070001";"1041810";"IT";"SBI9";"6676934";""
"2016-11-30";"1070001";"1041810";"ITC41";"S1313";"34021";""
"2016-11-30";"1070001";"1041810";"ITC41";"SBI59";"19643043";""
"2016-11-30";"1070001";"1041810";"IT";"S11";"232009594";""
"2016-11-30";"1070001";"1041810";"ITC41";"S15";"297265";""
"2016-11-30";"1070001";"1041810";"IT";"S128";"16261439";""
"2016-11-30";"1070001";"1041810";"ITC4";"450";"310056";""
"2016-11-30";"1070001";"1041810";"ITC4";"S1313";"1218228";""
"2016-11-30";"1070001";"1041810";"ITC41";"S11BI7";"132644";""
"2016-11-30";"1070001";"1041810";"ITC41";"S127";"50831";""
"2016-11-30";"1070001";"1041810";"ITC41";"S1311";"85423";""
"2016-11-30";"1070001";"1041810";"ITC4";"S13";"2401085";""
"2016-11-30";"1070001";"1041810";"ITC4";"S1314";"34250";""
"2016-11-30";"1070001";"1041810";"IT";"600";"913287397";""
"2016-11-30";"1070001";"1041810";"ITC4";"S11";"66834015";""
"2016-11-30";"1070001";"1041810";"ITC4";"SBI9";"2508259";""
"2016-11-30";"1070001";"1041810";"ITC41";"450";"5343";""
"2016-11-30";"1070001";"1041810";"ITC41";"S129";"31";""
"2016-11-30";"1070001";"1041810";"ITC4";"S128";"5049865";""
"2016-11-30";"1070001";"1041810";"IT";"S1313";"10575738";""
"2016-11-30";"1070001";"1041810";"ITC41";"S14BI2";"579193";""
"2016-11-30";"1070001";"1041810";"ITC4";"S14";"194323960";""
"2016-11-30";"1070001";"1041810";"ITC41";"S126";"38827";""
"2016-11-30";"1070001";"1041810";"ITC41";"S13";"119450";""
"2016-11-30";"1070001";"1041810";"IT";"SBI59";"1419162594";""
"2016-11-30";"1070001";"1041810";"ITC4";"S12BI66";"13927212";""
"2016-11-30";"1070001";"1041810";"ITC4";"S12BI7";"54333972";""
"2016-11-30";"1070001";"1041810";"IT";"S11BI32";"192869912";""
"2016-11-30";"1070001";"1041810";"IT";"S124";"19772142";""
"2016-11-30";"1070001";"1041810";"IT";"S12BI7";"119383990";""
"2016-11-30";"1070001";"1041810";"ITC4";"S14BI2";"9440664";""
"2016-11-30";"1070001";"1041810";"ITC4";"SBI59";"326125247";""
"2016-11-30";"1070001";"1041810";"ITC41";"600";"15218840";""
"2016-11-30";"1070001";"1041810";"ITC41";"S1314";"6";""
"2016-11-30";"1070001";"1041810";"ITC4";"S129";"2310954";""
"2016-11-30";"1070001";"1041810";"IT";"S11BI8";"12596992";""
"2016-11-30";"1070001";"1041810";"ITC4";"S15";"5723956";""
"2016-11-30";"1070001";"1041810";"ITC41";"S11BI32";"2838156";""
"2016-11-30";"1070001";"1041810";"ITC41";"S124";"5411";""
"2016-11-30";"1070001";"1041810";"IT";"S129";"6112227";""
"2016-11-30";"1070001";"1041810";"ITC4";"S11001";"1569688";""
"2016-11-30";"1070001";"1041810";"ITC41";"S12BI66";"15985";""
"2016-11-30";"1070001";"1041810";"ITC41";"S12BI7";"111090";""
"2016-11-30";"1070001";"1041810";"ITC4";"S126";"11984356";""
"2016-11-30";"1070001";"1041810";"ITC4";"S127";"4674695";""
"2016-11-30";"1070001";"1041810";"IT";"S11BI7";"6209773";""
"2016-11-30";"1070001";"1041810";"IT";"S12BI66";"50047061";""
"2016-11-30";"1070001";"1041810";"IT";"S15";"25920576";""
"2016-11-30";"1070001";"1041810";"ITC41";"S14";"15798033";""
"2016-11-30";"1070001";"1041810";"ITC4";"S11BI32";"60791107";""
"2016-11-30";"1070001";"1041810";"ITC41";"S11001";"84365";""
"2016-11-30";"1070001";"1041810";"IT";"S11001";"19268220";""
"2016-11-30";"1070001";"1041810";"IT";"S126";"18843639";""
"2016-11-30";"1070001";"1041810";"IT";"S127";"8347481";""
"2016-11-30";"1070001";"1041810";"ITC4";"S1311";"1148607";""
"2016-11-30";"1070001";"1041810";"ITC4";"S11BI8";"2583474";""
"2016-11-30";"1070001";"1041810";"IT";"S13";"70358037";""
"2016-11-30";"1070001";"1041810";"IT";"S14";"964813462";""
"2016-11-30";"1070001";"1041810";"IT";"S14BI2";"51526066";""
"2016-11-30";"1070001";"1041810";"ITC4";"600";"184883296";""
"2016-11-30";"1070001";"1041810";"ITC4";"S11BI7";"1579690";""
"2016-11-30";"1070001";"1041810";"ITC41";"S11";"3262718";""
"2016-11-30";"1070001";"1041810";"ITC41";"S11BI8";"202212";""
"2016-11-30";"1070001";"1041810";"ITC41";"S128";"6";""
"2016-10-31";"1070001";"1041810";"ITC41";"S14";"15794164";""
"2016-10-31";"1070001";"1041810";"ITC41";"SBI59";"19719242";""
"2016-10-31";"1070001";"1041810";"ITC41";"S1313";"33662";""
"2016-10-31";"1070001";"1041810";"ITC41";"S12BI7";"94037";""
"2016-10-31";"1070001";"1041810";"IT";"600";"912914061";""
"2016-10-31";"1070001";"1041810";"IT";"S11BI32";"194559797";""
"2016-10-31";"1070001";"1041810";"IT";"S1311";"53176972";""
"2016-10-31";"1070001";"1041810";"IT";"S1314";"7899715";""
"2016-10-31";"1070001";"1041810";"ITC4";"600";"184323804";""
"2016-10-31";"1070001";"1041810";"ITC4";"S11BI32";"60649864";""
"2016-10-31";"1070001";"1041810";"ITC4";"S129";"2375253";""
"2016-10-31";"1070001";"1041810";"ITC4";"SBI9";"2561336";""
"2016-10-31";"1070001";"1041810";"ITC41";"450";"5618";""
"2016-10-31";"1070001";"1041810";"IT";"S14BI2";"53098782";""
"2016-10-31";"1070001";"1041810";"IT";"S1313";"10631542";""
"2016-10-31";"1070001";"1041810";"IT";"450";"1011009";""
"2016-10-31";"1070001";"1041810";"IT";"S11";"235894986";""
"2016-10-31";"1070001";"1041810";"IT";"S13";"71708228";""
"2016-10-31";"1070001";"1041810";"ITC4";"S14";"194119780";""
"2016-10-31";"1070001";"1041810";"ITC4";"SBI59";"325779407";""
"2016-10-31";"1070001";"1041810";"ITC41";"S11";"3343474";""
"2016-10-31";"1070001";"1041810";"ITC4";"S11";"67187858";""
"2016-10-31";"1070001";"1041810";"ITC4";"S11BI7";"1735664";""
"2016-10-31";"1070001";"1041810";"ITC41";"S11BI8";"218698";""
"2016-10-31";"1070001";"1041810";"IT";"S126";"19359922";""
"2016-10-31";"1070001";"1041810";"IT";"S129";"5988109";""
"2016-10-31";"1070001";"1041810";"ITC4";"S11001";"1779883";""
"2016-10-31";"1070001";"1041810";"ITC4";"S126";"12057289";""
"2016-10-31";"1070001";"1041810";"ITC4";"S128";"3626651";""
"2016-10-31";"1070001";"1041810";"ITC4";"S12BI7";"53879166";""
"2016-10-31";"1070001";"1041810";"ITC4";"S15";"5559831";""
"2016-10-31";"1070001";"1041810";"ITC41";"S127";"29943";""
"2016-10-31";"1070001";"1041810";"ITC41";"S11001";"81427";""
"2016-10-31";"1070001";"1041810";"ITC4";"S1311";"1166202";""
"2016-10-31";"1070001";"1041810";"ITC4";"S14BI2";"9795976";""
"2016-10-31";"1070001";"1041810";"ITC41";"S12BI66";"16996";""
"2016-10-31";"1070001";"1041810";"IT";"S11001";"19888313";""
"2016-10-31";"1070001";"1041810";"IT";"S11BI8";"13640804";""
"2016-10-31";"1070001";"1041810";"IT";"S127";"8649355";""
"2016-10-31";"1070001";"1041810";"IT";"S12BI7";"118909564";""
"2016-10-31";"1070001";"1041810";"ITC4";"450";"243901";""
"2016-10-31";"1070001";"1041810";"IT";"SBI9";"6772851";""
"2016-10-31";"1070001";"1041810";"ITC41";"S124";"7231";""
"2016-10-31";"1070001";"1041810";"ITC41";"S11BI32";"2891663";""
"2016-10-31";"1070001";"1041810";"ITC41";"S126";"39829";""
"2016-10-31";"1070001";"1041810";"ITC4";"S12BI66";"13490189";""
"2016-10-31";"1070001";"1041810";"ITC4";"S1313";"1276271";""
"2016-10-31";"1070001";"1041810";"ITC4";"S13";"2471436";""
"2016-10-31";"1070001";"1041810";"ITC41";"600";"15181488";""
"2016-10-31";"1070001";"1041810";"ITC4";"S124";"17293433";""
"2016-10-31";"1070001";"1041810";"IT";"SBI59";"1424974612";""
"2016-10-31";"1070001";"1041810";"ITC41";"S13";"146169";""
"2016-10-31";"1070001";"1041810";"IT";"S11BI7";"6795063";""
"2016-10-31";"1070001";"1041810";"IT";"S124";"20167798";""
"2016-10-31";"1070001";"1041810";"IT";"S14";"966012843";""
"2016-10-31";"1070001";"1041810";"ITC4";"S11BI8";"2778547";""
"2016-10-31";"1070001";"1041810";"ITC4";"S1314";"28963";""
"2016-10-31";"1070001";"1041810";"IT";"S15";"25676141";""
"2016-10-31";"1070001";"1041810";"ITC41";"S1314";"2";""
"2016-10-31";"1070001";"1041810";"ITC41";"S15";"287348";""
"2016-10-31";"1070001";"1041810";"ITC41";"S14BI2";"612676";""
"2016-10-31";"1070001";"1041810";"ITC41";"SBI9";"54050";""
"2016-10-31";"1070001";"1041810";"ITC41";"S11BI7";"146068";""
"2016-10-31";"1070001";"1041810";"ITC41";"S128";"7";""
"2016-10-31";"1070001";"1041810";"ITC41";"S129";"31";""
"2016-10-31";"1070001";"1041810";"ITC41";"S1311";"112505";""
"2016-10-31";"1070001";"1041810";"IT";"S128";"14143702";""
"2016-10-31";"1070001";"1041810";"IT";"S12BI66";"50600678";""
"2016-10-31";"1070001";"1041810";"ITC4";"S127";"5036351";""
"2016-09-30";"1070001";"1041810";"IT";"S11BI7";"6493088";""
"2016-09-30";"1070001";"1041810";"IT";"S11BI8";"13424747";""
"2016-09-30";"1070001";"1041810";"IT";"S14";"962708700";""
"2016-09-30";"1070001";"1041810";"ITC41";"S13";"143817";""
"2016-09-30";"1070001";"1041810";"ITC4";"600";"183103362";""
"2016-09-30";"1070001";"1041810";"ITC41";"SBI59";"19460856";""
"2016-09-30";"1070001";"1041810";"ITC4";"SBI59";"319528618";""
"2016-09-30";"1070001";"1041810";"ITC4";"S1311";"1145121";""
"2016-09-30";"1070001";"1041810";"ITC4";"S14BI2";"9479087";""
"2016-09-30";"1070001";"1041810";"ITC4";"S11BI8";"2658122";""
"2016-09-30";"1070001";"1041810";"ITC41";"S126";"38467";""
"2016-09-30";"1070001";"1041810";"ITC41";"450";"4761";""
"2016-09-30";"1070001";"1041810";"IT";"S12BI7";"113700089";""
"2016-09-30";"1070001";"1041810";"IT";"S14BI2";"51815281";""
"2016-09-30";"1070001";"1041810";"ITC41";"S1314";"2";""
"2016-09-30";"1070001";"1041810";"ITC41";"S14";"15711826";""
"2016-09-30";"1070001";"1041810";"ITC4";"S12BI66";"13489136";""
"2016-09-30";"1070001";"1041810";"ITC4";"S12BI7";"51048462";""
"2016-09-30";"1070001";"1041810";"IT";"600";"910893419";""
"2016-09-30";"1070001";"1041810";"IT";"S1311";"49332011";""
"2016-09-30";"1070001";"1041810";"ITC41";"S1311";"109419";""
"2016-09-30";"1070001";"1041810";"ITC4";"S11BI7";"1634548";""
"2016-09-30";"1070001";"1041810";"ITC41";"S128";"10";""
"2016-09-30";"1070001";"1041810";"ITC41";"S11BI32";"2750511";""
"2016-09-30";"1070001";"1041810";"IT";"S11001";"19281468";""
"2016-09-30";"1070001";"1041810";"IT";"S1313";"10731382";""
"2016-09-30";"1070001";"1041810";"IT";"SBI59";"1406494574";""
"2016-09-30";"1070001";"1041810";"ITC41";"S124";"8290";""
"2016-09-30";"1070001";"1041810";"ITC4";"S11";"65643769";""
"2016-09-30";"1070001";"1041810";"ITC4";"S124";"15369888";""
"2016-09-30";"1070001";"1041810";"ITC4";"S126";"11650841";""
"2016-09-30";"1070001";"1041810";"ITC41";"S129";"31";""
"2016-09-30";"1070001";"1041810";"ITC41";"S14BI2";"585429";""
"2016-09-30";"1070001";"1041810";"ITC41";"S15";"283000";""
"2016-09-30";"1070001";"1041810";"ITC4";"S13";"2443116";""
"2016-09-30";"1070001";"1041810";"ITC4";"S1314";"25396";""
"2016-09-30";"1070001";"1041810";"ITC4";"S14";"192582449";""
"2016-09-30";"1070001";"1041810";"IT";"S12BI66";"50260497";""
"2016-09-30";"1070001";"1041810";"IT";"S13";"67799945";""
"2016-09-30";"1070001";"1041810";"ITC41";"S12BI66";"9392";""
"2016-09-30";"1070001";"1041810";"ITC41";"S11";"3181047";""
"2016-09-30";"1070001";"1041810";"ITC41";"S11001";"78466";""
"2016-09-30";"1070001";"1041810";"ITC4";"S129";"2135130";""
"2016-09-30";"1070001";"1041810";"ITC4";"S15";"5399257";""
"2016-09-30";"1070001";"1041810";"IT";"S128";"12689062";""
"2016-09-30";"1070001";"1041810";"IT";"S1314";"7736552";""
"2016-09-30";"1070001";"1041810";"IT";"S15";"25326544";""
"2016-09-30";"1070001";"1041810";"IT";"SBI9";"6549050";""
"2016-09-30";"1070001";"1041810";"IT";"450";"1007321";""
"2016-09-30";"1070001";"1041810";"IT";"S127";"8648775";""
"2016-09-30";"1070001";"1041810";"ITC41";"S11BI8";"207104";""
"2016-09-30";"1070001";"1041810";"ITC4";"S11001";"2035266";""
"2016-09-30";"1070001";"1041810";"ITC4";"S11BI32";"59056526";""
"2016-09-30";"1070001";"1041810";"ITC4";"S127";"5022241";""
"2016-09-30";"1070001";"1041810";"ITC41";"S127";"29627";""
"2016-09-30";"1070001";"1041810";"ITC41";"S12BI7";"85818";""
"2016-09-30";"1070001";"1041810";"ITC41";"S1313";"34395";""
"2016-09-30";"1070001";"1041810";"ITC41";"600";"15126396";""
"2016-09-30";"1070001";"1041810";"IT";"S11";"230410246";""
"2016-09-30";"1070001";"1041810";"IT";"S11BI32";"190203622";""
"2016-09-30";"1070001";"1041810";"IT";"S124";"17966718";""
"2016-09-30";"1070001";"1041810";"IT";"S126";"18673535";""
"2016-09-30";"1070001";"1041810";"IT";"S129";"5461501";""
"2016-09-30";"1070001";"1041810";"ITC41";"S11BI7";"140205";""
"2016-09-30";"1070001";"1041810";"ITC4";"450";"259307";""
"2016-09-30";"1070001";"1041810";"ITC4";"S128";"3381226";""
"2016-09-30";"1070001";"1041810";"ITC41";"SBI9";"55348";""
"2016-09-30";"1070001";"1041810";"ITC4";"SBI9";"2411565";""
"2016-09-30";"1070001";"1041810";"ITC4";"S1313";"1272600";""
"2016-08-31";"1070001";"1041810";"IT";"600";"911585555";""
"2016-08-31";"1070001";"1041810";"IT";"S11001";"17025029";""
"2016-08-31";"1070001";"1041810";"ITC41";"S1311";"105266";""
"2016-08-31";"1070001";"1041810";"ITC41";"S127";"31441";""
"2016-08-31";"1070001";"1041810";"ITC41";"S11";"3289206";""
"2016-08-31";"1070001";"1041810";"ITC41";"S124";"1736";""
"2016-08-31";"1070001";"1041810";"IT";"S126";"18512828";""
"2016-08-31";"1070001";"1041810";"ITC41";"S128";"7";""
"2016-08-31";"1070001";"1041810";"IT";"S129";"5626775";""
"2016-08-31";"1070001";"1041810";"ITC4";"450";"249508";""
"2016-08-31";"1070001";"1041810";"ITC4";"600";"183132773";""
"2016-08-31";"1070001";"1041810";"ITC4";"S11001";"1329240";""
"2016-08-31";"1070001";"1041810";"ITC4";"S12BI7";"51517756";""
"2016-08-31";"1070001";"1041810";"ITC41";"450";"4791";""
"2016-08-31";"1070001";"1041810";"ITC41";"600";"15112474";""
"2016-08-31";"1070001";"1041810";"ITC4";"S127";"4792786";""
"2016-08-31";"1070001";"1041810";"ITC4";"S12BI66";"15244261";""
"2016-08-31";"1070001";"1041810";"IT";"S12BI66";"50926987";""
"2016-08-31";"1070001";"1041810";"IT";"S124";"17152435";""
"2016-08-31";"1070001";"1041810";"IT";"S127";"7915484";""
"2016-08-31";"1070001";"1041810";"ITC4";"S124";"14485506";""
"2016-08-31";"1070001";"1041810";"ITC4";"S11BI7";"1645809";""
"2016-08-31";"1070001";"1041810";"ITC4";"S11BI8";"2641457";""
"2016-08-31";"1070001";"1041810";"IT";"450";"1002578";""
"2016-08-31";"1070001";"1041810";"ITC4";"S1313";"1261209";""
"2016-08-31";"1070001";"1041810";"ITC4";"S1314";"32966";""
"2016-08-31";"1070001";"1041810";"ITC41";"S11001";"76847";""
"2016-08-31";"1070001";"1041810";"ITC4";"S126";"11534957";""
"2016-08-31";"1070001";"1041810";"ITC4";"S129";"2086856";""
"2016-08-31";"1070001";"1041810";"ITC41";"S1314";"2";""
"2016-08-31";"1070001";"1041810";"ITC41";"S14BI2";"584141";""
"2016-08-31";"1070001";"1041810";"ITC41";"SBI59";"19529029";""
"2016-08-31";"1070001";"1041810";"IT";"S13";"82849588";""
"2016-08-31";"1070001";"1041810";"ITC4";"SBI9";"2102961";""
"2016-08-31";"1070001";"1041810";"ITC41";"S11BI7";"142582";""
"2016-08-31";"1070001";"1041810";"ITC41";"S1313";"35233";""
"2016-08-31";"1070001";"1041810";"ITC41";"S15";"273429";""
"2016-08-31";"1070001";"1041810";"ITC41";"SBI9";"52554";""
"2016-08-31";"1070001";"1041810";"ITC4";"S11";"64031175";""
"2016-08-31";"1070001";"1041810";"ITC4";"S14";"192572563";""
"2016-08-31";"1070001";"1041810";"ITC4";"SBI59";"318040799";""
"2016-08-31";"1070001";"1041810";"IT";"S11BI32";"189865892";""
"2016-08-31";"1070001";"1041810";"ITC41";"S129";"31";""
"2016-08-31";"1070001";"1041810";"ITC41";"S12BI66";"9444";""
"2016-08-31";"1070001";"1041810";"IT";"S1313";"10710453";""
"2016-08-31";"1070001";"1041810";"IT";"S14";"963357817";""
"2016-08-31";"1070001";"1041810";"IT";"S14BI2";"51772262";""
"2016-08-31";"1070001";"1041810";"ITC41";"S13";"140501";""
"2016-08-31";"1070001";"1041810";"ITC41";"S14";"15696615";""
"2016-08-31";"1070001";"1041810";"ITC4";"S1311";"1121482";""
"2016-08-31";"1070001";"1041810";"ITC4";"S13";"2415657";""
"2016-08-31";"1070001";"1041810";"ITC41";"S11BI8";"208402";""
"2016-08-31";"1070001";"1041810";"IT";"S11BI8";"13525183";""
"2016-08-31";"1070001";"1041810";"ITC41";"S126";"34065";""
"2016-08-31";"1070001";"1041810";"IT";"S1314";"7585106";""
"2016-08-31";"1070001";"1041810";"IT";"SBI9";"6294592";""
"2016-08-31";"1070001";"1041810";"ITC4";"S15";"5400688";""
"2016-08-31";"1070001";"1041810";"ITC4";"S128";"3373391";""
"2016-08-31";"1070001";"1041810";"IT";"S11BI7";"6513025";""
"2016-08-31";"1070001";"1041810";"IT";"S15";"25186419";""
"2016-08-31";"1070001";"1041810";"IT";"S11";"227931705";""
"2016-08-31";"1070001";"1041810";"ITC41";"S12BI7";"76724";""
"2016-08-31";"1070001";"1041810";"IT";"S12BI7";"115913784";""
"2016-08-31";"1070001";"1041810";"ITC4";"S14BI2";"9439790";""
"2016-08-31";"1070001";"1041810";"ITC41";"S11BI32";"2856584";""
"2016-08-31";"1070001";"1041810";"IT";"S128";"15779275";""
"2016-08-31";"1070001";"1041810";"ITC4";"S11BI32";"58165160";""
"2016-08-31";"1070001";"1041810";"IT";"SBI59";"1421533905";""
"2016-08-31";"1070001";"1041810";"IT";"S1311";"64554030";""
"2016-07-31";"1070001";"1041810";"IT";"S14BI2";"53810480";""
"2016-07-31";"1070001";"1041810";"ITC4";"S11001";"1607125";""
"2016-07-31";"1070001";"1041810";"IT";"S11BI8";"14210338";""
"2016-07-31";"1070001";"1041810";"IT";"S124";"17738626";""
"2016-07-31";"1070001";"1041810";"IT";"S127";"7523847";""
"2016-07-31";"1070001";"1041810";"ITC4";"S1311";"1127712";""
"2016-07-31";"1070001";"1041810";"ITC4";"S15";"5309832";""
"2016-07-31";"1070001";"1041810";"ITC41";"S128";"10";""
"2016-07-31";"1070001";"1041810";"ITC4";"S11BI8";"2916893";""
"2016-07-31";"1070001";"1041810";"IT";"SBI9";"6790717";""
"2016-07-31";"1070001";"1041810";"IT";"600";"912164629";""
"2016-07-31";"1070001";"1041810";"ITC4";"S126";"12023817";""
"2016-07-31";"1070001";"1041810";"ITC4";"SBI59";"322236368";""
"2016-07-31";"1070001";"1041810";"ITC41";"S126";"42052";""
"2016-07-31";"1070001";"1041810";"ITC41";"SBI59";"19736849";""
"2016-07-31";"1070001";"1041810";"ITC4";"S11BI7";"1876447";""
"2016-07-31";"1070001";"1041810";"IT";"450";"1050383";""
"2016-07-31";"1070001";"1041810";"ITC4";"S129";"2262960";""
"2016-07-31";"1070001";"1041810";"ITC4";"S1314";"48825";""
"2016-07-31";"1070001";"1041810";"ITC4";"S14BI2";"10033773";""
"2016-07-31";"1070001";"1041810";"ITC41";"600";"15138952";""
"2016-07-31";"1070001";"1041810";"ITC41";"S11BI8";"241838";""
"2016-07-31";"1070001";"1041810";"ITC41";"S1313";"38422";""
"2016-07-31";"1070001";"1041810";"ITC41";"S14BI2";"634288";""
"2016-07-31";"1070001";"1041810";"IT";"SBI59";"1428568414";""
"2016-07-31";"1070001";"1041810";"IT";"S14";"965975109";""
"2016-07-31";"1070001";"1041810";"ITC4";"S128";"3338775";""
"2016-07-31";"1070001";"1041810";"ITC41";"S11001";"70922";""
"2016-07-31";"1070001";"1041810";"ITC41";"S129";"31";""
"2016-07-31";"1070001";"1041810";"ITC41";"S1314";"2";""
"2016-07-31";"1070001";"1041810";"ITC41";"S14";"15773240";""
"2016-07-31";"1070001";"1041810";"ITC41";"SBI9";"51399";""
"2016-07-31";"1070001";"1041810";"IT";"S11";"234054772";""
"2016-07-31";"1070001";"1041810";"IT";"S12BI66";"50366057";""
"2016-07-31";"1070001";"1041810";"IT";"S1311";"63700177";""
"2016-07-31";"1070001";"1041810";"ITC4";"S1313";"1240064";""
"2016-07-31";"1070001";"1041810";"ITC4";"S14";"193104499";""
"2016-07-31";"1070001";"1041810";"ITC41";"S11BI32";"2924714";""
"2016-07-31";"1070001";"1041810";"ITC41";"S11BI7";"164092";""
"2016-07-31";"1070001";"1041810";"ITC41";"S127";"31610";""
"2016-07-31";"1070001";"1041810";"IT";"S15";"25049977";""
"2016-07-31";"1070001";"1041810";"IT";"S126";"19271249";""
"2016-07-31";"1070001";"1041810";"IT";"S12BI7";"114892980";""
"2016-07-31";"1070001";"1041810";"IT";"S1313";"10659336";""
"2016-07-31";"1070001";"1041810";"ITC41";"S124";"4106";""
"2016-07-31";"1070001";"1041810";"ITC4";"450";"259827";""
"2016-07-31";"1070001";"1041810";"ITC4";"600";"183070726";""
"2016-07-31";"1070001";"1041810";"ITC4";"S11";"66234391";""
"2016-07-31";"1070001";"1041810";"IT";"S11BI32";"194001559";""
"2016-07-31";"1070001";"1041810";"IT";"S128";"13925430";""
"2016-07-31";"1070001";"1041810";"IT";"S1314";"7445345";""
"2016-07-31";"1070001";"1041810";"ITC4";"S124";"14725249";""
"2016-07-31";"1070001";"1041810";"ITC4";"S12BI66";"16063086";""
"2016-07-31";"1070001";"1041810";"ITC41";"S11";"3406582";""
"2016-07-31";"1070001";"1041810";"ITC41";"S12BI66";"9521";""
"2016-07-31";"1070001";"1041810";"ITC41";"S1311";"104849";""
"2016-07-31";"1070001";"1041810";"ITC4";"S11BI32";"59574099";""
"2016-07-31";"1070001";"1041810";"IT";"S11001";"17429147";""
"2016-07-31";"1070001";"1041810";"IT";"S11BI7";"7363344";""
"2016-07-31";"1070001";"1041810";"IT";"S129";"6067771";""
"2016-07-31";"1070001";"1041810";"IT";"S13";"81804858";""
"2016-07-31";"1070001";"1041810";"ITC4";"S127";"4279586";""
"2016-07-31";"1070001";"1041810";"ITC4";"S12BI7";"52693474";""
"2016-07-31";"1070001";"1041810";"ITC4";"S13";"2416601";""
"2016-07-31";"1070001";"1041810";"ITC4";"SBI9";"2477571";""
"2016-07-31";"1070001";"1041810";"ITC41";"450";"5017";""
"2016-07-31";"1070001";"1041810";"ITC41";"S12BI7";"87329";""
"2016-07-31";"1070001";"1041810";"ITC41";"S13";"143273";""
"2016-07-31";"1070001";"1041810";"ITC41";"S15";"275026";""
"2016-06-30";"1070001";"1041810";"ITC41";"S12BI7";"92037";""
"2016-06-30";"1070001";"1041810";"ITC41";"S1313";"39979";""
"2016-06-30";"1070001";"1041810";"ITC41";"S15";"282995";""
"2016-06-30";"1070001";"1041810";"IT";"S13";"89377744";""
"2016-06-30";"1070001";"1041810";"ITC41";"450";"4940";""
"2016-06-30";"1070001";"1041810";"ITC41";"600";"15164875";""
"2016-06-30";"1070001";"1041810";"ITC41";"S11BI32";"2761176";""
"2016-06-30";"1070001";"1041810";"ITC41";"S124";"4234";""
"2016-06-30";"1070001";"1041810";"ITC4";"S1311";"1113353";""
"2016-06-30";"1070001";"1041810";"ITC4";"S1314";"32601";""
"2016-06-30";"1070001";"1041810";"ITC4";"450";"264303";""
"2016-06-30";"1070001";"1041810";"ITC4";"S11BI7";"1628740";""
"2016-06-30";"1070001";"1041810";"IT";"S127";"7797216";""
"2016-06-30";"1070001";"1041810";"IT";"S1313";"10848594";""
"2016-06-30";"1070001";"1041810";"IT";"S14";"961137768";""
"2016-06-30";"1070001";"1041810";"ITC41";"S14BI2";"606671";""
"2016-06-30";"1070001";"1041810";"ITC41";"S11BI8";"208538";""
"2016-06-30";"1070001";"1041810";"ITC41";"S126";"42019";""
"2016-06-30";"1070001";"1041810";"ITC41";"S129";"31";""
"2016-06-30";"1070001";"1041810";"ITC4";"S11BI8";"2659523";""
"2016-06-30";"1070001";"1041810";"ITC4";"S124";"15229426";""
"2016-06-30";"1070001";"1041810";"ITC4";"S129";"1912983";""
"2016-06-30";"1070001";"1041810";"ITC4";"S12BI66";"16225611";""
"2016-06-30";"1070001";"1041810";"ITC4";"S13";"2391630";""
"2016-06-30";"1070001";"1041810";"ITC4";"S15";"5329596";""
"2016-06-30";"1070001";"1041810";"ITC41";"S1314";"3";""
"2016-06-30";"1070001";"1041810";"IT";"S124";"18110409";""
"2016-06-30";"1070001";"1041810";"ITC4";"S128";"3140980";""
"2016-06-30";"1070001";"1041810";"ITC4";"S11";"63320967";""
"2016-06-30";"1070001";"1041810";"ITC41";"S13";"143555";""
"2016-06-30";"1070001";"1041810";"ITC41";"S1311";"103572";""
"2016-06-30";"1070001";"1041810";"IT";"S129";"5517853";""
"2016-06-30";"1070001";"1041810";"IT";"S1314";"7241290";""
"2016-06-30";"1070001";"1041810";"IT";"S14BI2";"52085960";""
"2016-06-30";"1070001";"1041810";"IT";"SBI59";"1419532633";""
"2016-06-30";"1070001";"1041810";"ITC41";"S11";"3181705";""
"2016-06-30";"1070001";"1041810";"ITC4";"S12BI7";"52606359";""
"2016-06-30";"1070001";"1041810";"ITC4";"600";"183077346";""
"2016-06-30";"1070001";"1041810";"ITC41";"S14";"15771546";""
"2016-06-30";"1070001";"1041810";"IT";"600";"909051808";""
"2016-06-30";"1070001";"1041810";"IT";"450";"1074886";""
"2016-06-30";"1070001";"1041810";"IT";"S11BI7";"6483197";""
"2016-06-30";"1070001";"1041810";"IT";"S11BI8";"12748706";""
"2016-06-30";"1070001";"1041810";"IT";"S1311";"71287860";""
"2016-06-30";"1070001";"1041810";"ITC41";"S128";"12";""
"2016-06-30";"1070001";"1041810";"ITC41";"S12BI66";"10805";""
"2016-06-30";"1070001";"1041810";"ITC4";"S126";"11876924";""
"2016-06-30";"1070001";"1041810";"ITC4";"S11001";"1852259";""
"2016-06-30";"1070001";"1041810";"ITC4";"S11BI32";"56916142";""
"2016-06-30";"1070001";"1041810";"ITC41";"SBI9";"54098";""
"2016-06-30";"1070001";"1041810";"IT";"S12BI66";"53207574";""
"2016-06-30";"1070001";"1041810";"IT";"S15";"25110322";""
"2016-06-30";"1070001";"1041810";"IT";"SBI9";"6278875";""
"2016-06-30";"1070001";"1041810";"IT";"S11001";"17500003";""
"2016-06-30";"1070001";"1041810";"ITC41";"SBI59";"19525937";""
"2016-06-30";"1070001";"1041810";"ITC41";"S11001";"65375";""
"2016-06-30";"1070001";"1041810";"IT";"S128";"11643015";""
"2016-06-30";"1070001";"1041810";"IT";"S12BI7";"115307657";""
"2016-06-30";"1070001";"1041810";"IT";"S11BI32";"184513474";""
"2016-06-30";"1070001";"1041810";"IT";"S11";"222320266";""
"2016-06-30";"1070001";"1041810";"ITC4";"SBI59";"318420564";""
"2016-06-30";"1070001";"1041810";"IT";"S126";"19031590";""
"2016-06-30";"1070001";"1041810";"ITC41";"S11BI7";"141676";""
"2016-06-30";"1070001";"1041810";"ITC41";"S127";"34936";""
"2016-06-30";"1070001";"1041810";"ITC4";"SBI9";"2070142";""
"2016-06-30";"1070001";"1041810";"ITC4";"S127";"4220435";""
"2016-06-30";"1070001";"1041810";"ITC4";"S1313";"1245676";""
"2016-06-30";"1070001";"1041810";"ITC4";"S14";"192701870";""
"2016-06-30";"1070001";"1041810";"ITC4";"S14BI2";"9624524";""
"2016-05-31";"1070001";"1041810";"ITC4";"S12BI7";"51745945";""
"2016-05-31";"1070001";"1041810";"IT";"S15";"24706520";""
"2016-05-31";"1070001";"1041810";"IT";"S11";"228141221";""
"2016-05-31";"1070001";"1041810";"IT";"S11001";"20256271";""
"2016-05-31";"1070001";"1041810";"IT";"S129";"6551942";""
"2016-05-31";"1070001";"1041810";"ITC4";"S11BI32";"58102109";""
"2016-05-31";"1070001";"1041810";"ITC4";"S11BI7";"1621510";""
"2016-05-31";"1070001";"1041810";"ITC4";"S15";"5298177";""
"2016-05-31";"1070001";"1041810";"IT";"S1314";"7140850";""
"2016-05-31";"1070001";"1041810";"ITC41";"S14BI2";"603911";""
"2016-05-31";"1070001";"1041810";"IT";"S1311";"62914130";""
"2016-05-31";"1070001";"1041810";"ITC4";"S13";"2384440";""
"2016-05-31";"1070001";"1041810";"ITC4";"S124";"15192465";""
"2016-05-31";"1070001";"1041810";"ITC4";"S128";"3438255";""
"2016-05-31";"1070001";"1041810";"ITC41";"S11BI32";"2734825";""
"2016-05-31";"1070001";"1041810";"ITC41";"S12BI66";"12805";""
"2016-05-31";"1070001";"1041810";"ITC41";"S1313";"37372";""
"2016-05-31";"1070001";"1041810";"IT";"S12BI7";"117732645";""
"2016-05-31";"1070001";"1041810";"ITC41";"SBI59";"19354079";""
"2016-05-31";"1070001";"1041810";"IT";"SBI59";"1415879653";""
"2016-05-31";"1070001";"1041810";"IT";"S126";"18060443";""
"2016-05-31";"1070001";"1041810";"IT";"S127";"7945722";""
"2016-05-31";"1070001";"1041810";"ITC4";"S14BI2";"9423739";""
"2016-05-31";"1070001";"1041810";"ITC41";"S11BI7";"141047";""
"2016-05-31";"1070001";"1041810";"ITC41";"S11BI8";"210941";""
"2016-05-31";"1070001";"1041810";"ITC41";"S124";"2561";""
"2016-05-31";"1070001";"1041810";"ITC41";"S127";"31931";""
"2016-05-31";"1070001";"1041810";"ITC4";"S129";"1931049";""
"2016-05-31";"1070001";"1041810";"IT";"S1313";"10742452";""
"2016-05-31";"1070001";"1041810";"IT";"S124";"18378146";""
"2016-05-31";"1070001";"1041810";"ITC4";"S127";"4303444";""
"2016-05-31";"1070001";"1041810";"ITC41";"S129";"26";""
"2016-05-31";"1070001";"1041810";"ITC41";"S13";"138251";""
"2016-05-31";"1070001";"1041810";"ITC4";"S12BI66";"15147005";""
"2016-05-31";"1070001";"1041810";"IT";"S11BI8";"12898779";""
"2016-05-31";"1070001";"1041810";"IT";"S128";"14899448";""
"2016-05-31";"1070001";"1041810";"IT";"S13";"80797432";""
"2016-05-31";"1070001";"1041810";"ITC4";"S11BI8";"2753212";""
"2016-05-31";"1070001";"1041810";"ITC4";"SBI9";"2282768";""
"2016-05-31";"1070001";"1041810";"ITC41";"450";"5281";""
"2016-05-31";"1070001";"1041810";"ITC41";"S11";"3160753";""
"2016-05-31";"1070001";"1041810";"ITC4";"S1311";"1109412";""
"2016-05-31";"1070001";"1041810";"IT";"450";"1052445";""
"2016-05-31";"1070001";"1041810";"IT";"S11BI7";"6418842";""
"2016-05-31";"1070001";"1041810";"IT";"S12BI66";"51896945";""
"2016-05-31";"1070001";"1041810";"ITC4";"S1314";"27522";""
"2016-05-31";"1070001";"1041810";"ITC4";"S14";"190181517";""
"2016-05-31";"1070001";"1041810";"ITC41";"S1314";"3";""
"2016-05-31";"1070001";"1041810";"ITC41";"S14";"15624083";""
"2016-05-31";"1070001";"1041810";"ITC41";"SBI9";"54119";""
"2016-05-31";"1070001";"1041810";"ITC41";"S11001";"68659";""
"2016-05-31";"1070001";"1041810";"ITC41";"S128";"2";""
"2016-05-31";"1070001";"1041810";"ITC4";"S11";"64099604";""
"2016-05-31";"1070001";"1041810";"IT";"S14BI2";"51598125";""
"2016-05-31";"1070001";"1041810";"IT";"S14";"957983964";""
"2016-05-31";"1070001";"1041810";"IT";"SBI9";"6517871";""
"2016-05-31";"1070001";"1041810";"ITC4";"S1313";"1247506";""
"2016-05-31";"1070001";"1041810";"ITC4";"450";"244916";""
"2016-05-31";"1070001";"1041810";"ITC4";"SBI59";"315992451";""
"2016-05-31";"1070001";"1041810";"ITC41";"600";"15020172";""
"2016-05-31";"1070001";"1041810";"ITC41";"S126";"41742";""
"2016-05-31";"1070001";"1041810";"ITC41";"S1311";"100876";""
"2016-05-31";"1070001";"1041810";"ITC41";"S15";"287806";""
"2016-05-31";"1070001";"1041810";"IT";"600";"906385839";""
"2016-05-31";"1070001";"1041810";"IT";"S11BI32";"187514884";""
"2016-05-31";"1070001";"1041810";"ITC41";"S12BI7";"89068";""
"2016-05-31";"1070001";"1041810";"ITC4";"600";"180757778";""
"2016-05-31";"1070001";"1041810";"ITC4";"S11001";"1377856";""
"2016-05-31";"1070001";"1041810";"ITC4";"S126";"11733728";""
"2016-04-30";"1070001";"1041810";"ITC41";"SBI9";"53990";""
"2016-04-30";"1070001";"1041810";"ITC41";"S11BI32";"2864362";""
"2016-04-30";"1070001";"1041810";"IT";"S13";"83760743";""
"2016-04-30";"1070001";"1041810";"IT";"S14BI2";"52208418";""
"2016-04-30";"1070001";"1041810";"ITC4";"S126";"11697062";""
"2016-04-30";"1070001";"1041810";"ITC4";"S127";"4260329";""
"2016-04-30";"1070001";"1041810";"ITC41";"S126";"38067";""
"2016-04-30";"1070001";"1041810";"ITC41";"S127";"31975";""
"2016-04-30";"1070001";"1041810";"ITC4";"S11BI32";"60389693";""
"2016-04-30";"1070001";"1041810";"ITC4";"S12BI66";"15976904";""
"2016-04-30";"1070001";"1041810";"ITC4";"S12BI7";"55032546";""
"2016-04-30";"1070001";"1041810";"ITC41";"S11";"3310221";""
"2016-04-30";"1070001";"1041810";"IT";"S126";"18164905";""
"2016-04-30";"1070001";"1041810";"ITC41";"S13";"132902";""
"2016-04-30";"1070001";"1041810";"ITC41";"S124";"2735";""
"2016-04-30";"1070001";"1041810";"IT";"S12BI66";"54984901";""
"2016-04-30";"1070001";"1041810";"ITC4";"450";"246123";""
"2016-04-30";"1070001";"1041810";"ITC4";"600";"180924274";""
"2016-04-30";"1070001";"1041810";"IT";"S11";"235431728";""
"2016-04-30";"1070001";"1041810";"ITC4";"S1314";"34511";""
"2016-04-30";"1070001";"1041810";"ITC41";"600";"15102942";""
"2016-04-30";"1070001";"1041810";"ITC41";"S129";"26";""
"2016-04-30";"1070001";"1041810";"ITC41";"S12BI7";"86253";""
"2016-04-30";"1070001";"1041810";"ITC41";"S1311";"97003";""
"2016-04-30";"1070001";"1041810";"ITC41";"S1314";"3";""
"2016-04-30";"1070001";"1041810";"IT";"S1314";"6608699";""
"2016-04-30";"1070001";"1041810";"ITC4";"S11";"66945777";""
"2016-04-30";"1070001";"1041810";"ITC4";"SBI59";"323644775";""
"2016-04-30";"1070001";"1041810";"ITC41";"S11BI7";"146900";""
"2016-04-30";"1070001";"1041810";"ITC41";"S128";"4";""
"2016-04-30";"1070001";"1041810";"ITC41";"S12BI66";"13446";""
"2016-04-30";"1070001";"1041810";"IT";"S1311";"66389145";""
"2016-04-30";"1070001";"1041810";"ITC4";"S124";"16888528";""
"2016-04-30";"1070001";"1041810";"IT";"600";"907191703";""
"2016-04-30";"1070001";"1041810";"ITC4";"S13";"2360241";""
"2016-04-30";"1070001";"1041810";"ITC4";"S1313";"1296655";""
"2016-04-30";"1070001";"1041810";"IT";"S127";"7706644";""
"2016-04-30";"1070001";"1041810";"ITC41";"S11BI8";"223051";""
"2016-04-30";"1070001";"1041810";"ITC41";"S15";"288234";""
"2016-04-30";"1070001";"1041810";"ITC41";"SBI59";"19591393";""
"2016-04-30";"1070001";"1041810";"IT";"S14";"959400121";""
"2016-04-30";"1070001";"1041810";"IT";"S15";"25027327";""
"2016-04-30";"1070001";"1041810";"IT";"SBI9";"7939373";""
"2016-04-30";"1070001";"1041810";"ITC4";"S11BI8";"2869795";""
"2016-04-30";"1070001";"1041810";"ITC4";"S129";"2332284";""
"2016-04-30";"1070001";"1041810";"IT";"450";"1021725";""
"2016-04-30";"1070001";"1041810";"IT";"S11001";"20198823";""
"2016-04-30";"1070001";"1041810";"IT";"S11BI32";"193988458";""
"2016-04-30";"1070001";"1041810";"IT";"S129";"6142733";""
"2016-04-30";"1070001";"1041810";"ITC41";"450";"5040";""
"2016-04-30";"1070001";"1041810";"ITC41";"S11001";"70869";""
"2016-04-30";"1070001";"1041810";"IT";"S128";"15842804";""
"2016-04-30";"1070001";"1041810";"ITC41";"S14BI2";"616850";""
"2016-04-30";"1070001";"1041810";"ITC41";"S14";"15719792";""
"2016-04-30";"1070001";"1041810";"IT";"S12BI7";"122336412";""
"2016-04-30";"1070001";"1041810";"IT";"S1313";"10762899";""
"2016-04-30";"1070001";"1041810";"IT";"SBI59";"1433895704";""
"2016-04-30";"1070001";"1041810";"ITC4";"S11BI7";"1715424";""
"2016-04-30";"1070001";"1041810";"ITC4";"S128";"3877440";""
"2016-04-30";"1070001";"1041810";"ITC4";"S14";"190660828";""
"2016-04-30";"1070001";"1041810";"ITC4";"S15";"5360808";""
"2016-04-30";"1070001";"1041810";"ITC4";"SBI9";"3284575";""
"2016-04-30";"1070001";"1041810";"IT";"S11BI8";"13380220";""
"2016-04-30";"1070001";"1041810";"ITC41";"S1313";"35896";""
"2016-04-30";"1070001";"1041810";"IT";"S11BI7";"6842501";""
"2016-04-30";"1070001";"1041810";"ITC4";"S11001";"1724741";""
"2016-04-30";"1070001";"1041810";"ITC4";"S1311";"1029075";""
"2016-04-30";"1070001";"1041810";"ITC4";"S14BI2";"9736554";""
"2016-04-30";"1070001";"1041810";"IT";"S124";"19494425";""
"2016-03-31";"1070001";"1041810";"IT";"600";"906982069";""
"2016-03-31";"1070001";"1041810";"IT";"S129";"4946592";""
"2016-03-31";"1070001";"1041810";"IT";"S1313";"11026724";""
"2016-03-31";"1070001";"1041810";"IT";"S1314";"7004686";""
"2016-03-31";"1070001";"1041810";"ITC41";"S11BI8";"204004";""
"2016-03-31";"1070001";"1041810";"ITC41";"S124";"3582";""
"2016-03-31";"1070001";"1041810";"ITC41";"S11BI32";"2596058";""
"2016-03-31";"1070001";"1041810";"ITC4";"S124";"14626451";""
"2016-03-31";"1070001";"1041810";"ITC41";"S14";"15600467";""
"2016-03-31";"1070001";"1041810";"ITC4";"450";"221837";""
"2016-03-31";"1070001";"1041810";"IT";"450";"993424";""
"2016-03-31";"1070001";"1041810";"ITC4";"S13";"2406952";""
"2016-03-31";"1070001";"1041810";"ITC4";"S14";"189900969";""
"2016-03-31";"1070001";"1041810";"ITC4";"S15";"5286787";""
"2016-03-31";"1070001";"1041810";"ITC41";"S11";"2991685";""
"2016-03-31";"1070001";"1041810";"ITC4";"S11001";"2408855";""
"2016-03-31";"1070001";"1041810";"ITC4";"S11BI8";"2595075";""
"2016-03-31";"1070001";"1041810";"IT";"SBI9";"6388547";""
"2016-03-31";"1070001";"1041810";"IT";"S11";"218616314";""
"2016-03-31";"1070001";"1041810";"IT";"S11BI8";"12087164";""
"2016-03-31";"1070001";"1041810";"IT";"S126";"18018094";""
"2016-03-31";"1070001";"1041810";"ITC4";"S128";"3564331";""
"2016-03-31";"1070001";"1041810";"ITC4";"S14BI2";"9264445";""
"2016-03-31";"1070001";"1041810";"ITC41";"S11BI7";"115837";""
"2016-03-31";"1070001";"1041810";"ITC41";"S129";"26";""
"2016-03-31";"1070001";"1041810";"ITC41";"S1313";"37478";""
"2016-03-31";"1070001";"1041810";"ITC41";"S1314";"3";""
"2016-03-31";"1070001";"1041810";"ITC4";"600";"180636524";""
"2016-03-31";"1070001";"1041810";"IT";"S127";"7086960";""
"2016-03-31";"1070001";"1041810";"IT";"S128";"16409722";""
"2016-03-31";"1070001";"1041810";"IT";"S12BI66";"56041492";""
"2016-03-31";"1070001";"1041810";"IT";"S14";"956946048";""
"2016-03-31";"1070001";"1041810";"ITC4";"S12BI7";"50891134";""
"2016-03-31";"1070001";"1041810";"ITC4";"SBI9";"2140741";""
"2016-03-31";"1070001";"1041810";"ITC4";"S11";"62499794";""
"2016-03-31";"1070001";"1041810";"IT";"S124";"17246394";""
"2016-03-31";"1070001";"1041810";"IT";"S14BI2";"49963980";""
"2016-03-31";"1070001";"1041810";"ITC41";"S11001";"71157";""
"2016-03-31";"1070001";"1041810";"IT";"S1311";"69083679";""
"2016-03-31";"1070001";"1041810";"ITC4";"S1313";"1362802";""
"2016-03-31";"1070001";"1041810";"ITC4";"SBI59";"313126377";""
"2016-03-31";"1070001";"1041810";"ITC4";"S11BI7";"1464819";""
"2016-03-31";"1070001";"1041810";"ITC41";"S128";"24";""
"2016-03-31";"1070001";"1041810";"ITC41";"S13";"131093";""
"2016-03-31";"1070001";"1041810";"ITC41";"S15";"286943";""
"2016-03-31";"1070001";"1041810";"IT";"SBI59";"1413945621";""
"2016-03-31";"1070001";"1041810";"ITC4";"S129";"1688815";""
"2016-03-31";"1070001";"1041810";"ITC41";"600";"15026633";""
"2016-03-31";"1070001";"1041810";"IT";"S12BI7";"119749255";""
"2016-03-31";"1070001";"1041810";"ITC41";"S127";"43257";""
"2016-03-31";"1070001";"1041810";"ITC41";"SBI59";"19165640";""
"2016-03-31";"1070001";"1041810";"ITC4";"S11BI32";"55809208";""
"2016-03-31";"1070001";"1041810";"IT";"S11001";"19069958";""
"2016-03-31";"1070001";"1041810";"IT";"S11BI32";"180480264";""
"2016-03-31";"1070001";"1041810";"IT";"S11BI7";"5985503";""
"2016-03-31";"1070001";"1041810";"ITC4";"S1311";"1011249";""
"2016-03-31";"1070001";"1041810";"ITC4";"S1314";"32901";""
"2016-03-31";"1070001";"1041810";"ITC41";"S126";"39533";""
"2016-03-31";"1070001";"1041810";"ITC41";"S1311";"93612";""
"2016-03-31";"1070001";"1041810";"ITC41";"S14BI2";"573834";""
"2016-03-31";"1070001";"1041810";"ITC41";"SBI9";"53254";""
"2016-03-31";"1070001";"1041810";"IT";"S15";"25130367";""
"2016-03-31";"1070001";"1041810";"ITC4";"S12BI66";"15987340";""
"2016-03-31";"1070001";"1041810";"ITC41";"450";"4628";""
"2016-03-31";"1070001";"1041810";"IT";"S13";"87115090";""
"2016-03-31";"1070001";"1041810";"ITC4";"S126";"11507048";""
"2016-03-31";"1070001";"1041810";"ITC4";"S127";"3517149";""
"2016-03-31";"1070001";"1041810";"ITC41";"S12BI66";"15778";""
"2016-03-31";"1070001";"1041810";"ITC41";"S12BI7";"102199";""
"2016-02-29";"1070001";"1041810";"ITC41";"600";"14898907";""
"2016-02-29";"1070001";"1041810";"IT";"S11BI32";"178369580";""
"2016-02-29";"1070001";"1041810";"IT";"S126";"18173541";""
"2016-02-29";"1070001";"1041810";"IT";"SBI9";"6490409";""
"2016-02-29";"1070001";"1041810";"ITC41";"S13";"130415";""
"2016-02-29";"1070001";"1041810";"ITC41";"S1313";"36469";""
"2016-02-29";"1070001";"1041810";"ITC4";"S11BI32";"54606364";""
"2016-02-29";"1070001";"1041810";"IT";"S11";"214022012";""
"2016-02-29";"1070001";"1041810";"ITC41";"S124";"3817";""
"2016-02-29";"1070001";"1041810";"ITC41";"S126";"37953";""
"2016-02-29";"1070001";"1041810";"ITC4";"S1311";"982372";""
"2016-02-29";"1070001";"1041810";"ITC4";"S1313";"1324215";""
"2016-02-29";"1070001";"1041810";"ITC4";"SBI9";"2183129";""
"2016-02-29";"1070001";"1041810";"ITC4";"600";"179356609";""
"2016-02-29";"1070001";"1041810";"ITC4";"S11001";"1196069";""
"2016-02-29";"1070001";"1041810";"ITC41";"SBI59";"18942210";""
"2016-02-29";"1070001";"1041810";"ITC41";"S15";"291316";""
"2016-02-29";"1070001";"1041810";"ITC4";"S1314";"49692";""
"2016-02-29";"1070001";"1041810";"ITC41";"S11BI32";"2550619";""
"2016-02-29";"1070001";"1041810";"ITC4";"S11BI8";"2468873";""
"2016-02-29";"1070001";"1041810";"ITC4";"S126";"11672375";""
"2016-02-29";"1070001";"1041810";"ITC4";"S13";"2356278";""
"2016-02-29";"1070001";"1041810";"ITC4";"S14BI2";"8995043";""
"2016-02-29";"1070001";"1041810";"IT";"S127";"8024692";""
"2016-02-29";"1070001";"1041810";"IT";"S128";"16975604";""
"2016-02-29";"1070001";"1041810";"IT";"S1311";"64960219";""
"2016-02-29";"1070001";"1041810";"IT";"S14";"951836804";""
"2016-02-29";"1070001";"1041810";"ITC41";"S12BI7";"91820";""
"2016-02-29";"1070001";"1041810";"IT";"S14BI2";"48980492";""
"2016-02-29";"1070001";"1041810";"IT";"SBI59";"1401449211";""
"2016-02-29";"1070001";"1041810";"ITC4";"S124";"15091169";""
"2016-02-29";"1070001";"1041810";"ITC4";"S127";"4385427";""
"2016-02-29";"1070001";"1041810";"ITC4";"S12BI66";"16562093";""
"2016-02-29";"1070001";"1041810";"IT";"S13";"83356293";""
"2016-02-29";"1070001";"1041810";"IT";"S15";"24715773";""
"2016-02-29";"1070001";"1041810";"IT";"S124";"18350326";""
"2016-02-29";"1070001";"1041810";"IT";"S129";"4653756";""
"2016-02-29";"1070001";"1041810";"IT";"S12BI66";"54850001";""
"2016-02-29";"1070001";"1041810";"ITC41";"S129";"26";""
"2016-02-29";"1070001";"1041810";"ITC41";"S12BI66";"14000";""
"2016-02-29";"1070001";"1041810";"ITC41";"S1311";"93943";""
"2016-02-29";"1070001";"1041810";"ITC41";"S1314";"3";""
"2016-02-29";"1070001";"1041810";"ITC41";"S14";"15448891";""
"2016-02-29";"1070001";"1041810";"ITC4";"450";"239587";""
"2016-02-29";"1070001";"1041810";"ITC4";"SBI59";"311143139";""
"2016-02-29";"1070001";"1041810";"IT";"S11001";"17303686";""
"2016-02-29";"1070001";"1041810";"ITC41";"S11BI7";"109969";""
"2016-02-29";"1070001";"1041810";"ITC41";"450";"5138";""
"2016-02-29";"1070001";"1041810";"IT";"S1313";"11085260";""
"2016-02-29";"1070001";"1041810";"IT";"S1314";"7310814";""
"2016-02-29";"1070001";"1041810";"ITC41";"S127";"35942";""
"2016-02-29";"1070001";"1041810";"ITC41";"S14BI2";"549983";""
"2016-02-29";"1070001";"1041810";"ITC4";"S11";"59905307";""
"2016-02-29";"1070001";"1041810";"ITC41";"S11BI8";"195516";""
"2016-02-29";"1070001";"1041810";"ITC4";"S12BI7";"53149873";""
"2016-02-29";"1070001";"1041810";"ITC4";"S14";"188351652";""
"2016-02-29";"1070001";"1041810";"ITC41";"S11";"2928514";""
"2016-02-29";"1070001";"1041810";"IT";"S11BI8";"11635599";""
"2016-02-29";"1070001";"1041810";"ITC4";"S11BI7";"1394416";""
"2016-02-29";"1070001";"1041810";"IT";"450";"1027437";""
"2016-02-29";"1070001";"1041810";"IT";"600";"902856312";""
"2016-02-29";"1070001";"1041810";"ITC41";"SBI9";"51254";""
"2016-02-29";"1070001";"1041810";"ITC41";"S11001";"67273";""
"2016-02-29";"1070001";"1041810";"ITC4";"S128";"3995660";""
"2016-02-29";"1070001";"1041810";"ITC4";"S129";"1443148";""
"2016-02-29";"1070001";"1041810";"ITC4";"S15";"5196900";""
"2016-02-29";"1070001";"1041810";"IT";"S11BI7";"5685710";""
"2016-02-29";"1070001";"1041810";"IT";"S12BI7";"121027920";""
"2016-02-29";"1070001";"1041810";"ITC41";"S128";"82";""
"2016-01-31";"1070001";"1041810";"IT";"S11";"221788991";""
"2016-01-31";"1070001";"1041810";"ITC41";"S12BI66";"16072";""
"2016-01-31";"1070001";"1041810";"ITC41";"S12BI7";"99016";""
"2016-01-31";"1070001";"1041810";"ITC41";"S1311";"49789";""
"2016-01-31";"1070001";"1041810";"ITC41";"SBI59";"19111703";""
"2016-01-31";"1070001";"1041810";"ITC41";"600";"14870572";""
"2016-01-31";"1070001";"1041810";"ITC4";"S13";"2400054";""
"2016-01-31";"1070001";"1041810";"ITC4";"S14";"187184997";""
"2016-01-31";"1070001";"1041810";"ITC4";"S14BI2";"8850846";""
"2016-01-31";"1070001";"1041810";"ITC4";"S11001";"1593066";""
"2016-01-31";"1070001";"1041810";"IT";"SBI59";"1406506563";""
"2016-01-31";"1070001";"1041810";"IT";"S1311";"66241372";""
"2016-01-31";"1070001";"1041810";"IT";"S11BI32";"184622007";""
"2016-01-31";"1070001";"1041810";"IT";"S129";"5919513";""
"2016-01-31";"1070001";"1041810";"ITC4";"S11BI32";"55819885";""
"2016-01-31";"1070001";"1041810";"ITC41";"S1314";"3";""
"2016-01-31";"1070001";"1041810";"ITC41";"S11";"3164014";""
"2016-01-31";"1070001";"1041810";"IT";"S11001";"17702541";""
"2016-01-31";"1070001";"1041810";"IT";"S11BI8";"12278763";""
"2016-01-31";"1070001";"1041810";"IT";"S13";"84347460";""
"2016-01-31";"1070001";"1041810";"ITC41";"S127";"36332";""
"2016-01-31";"1070001";"1041810";"ITC41";"S15";"279619";""
"2016-01-31";"1070001";"1041810";"ITC4";"S11";"61752151";""
"2016-01-31";"1070001";"1041810";"ITC4";"S126";"12109966";""
"2016-01-31";"1070001";"1041810";"ITC4";"S1314";"54862";""
"2016-01-31";"1070001";"1041810";"IT";"S1314";"6780802";""
"2016-01-31";"1070001";"1041810";"ITC4";"600";"178334150";""
"2016-01-31";"1070001";"1041810";"ITC4";"S128";"3691545";""
"2016-01-31";"1070001";"1041810";"ITC4";"S15";"5156336";""
"2016-01-31";"1070001";"1041810";"IT";"S14";"947289119";""
"2016-01-31";"1070001";"1041810";"ITC41";"S11BI7";"121825";""
"2016-01-31";"1070001";"1041810";"ITC41";"S13";"87581";""
"2016-01-31";"1070001";"1041810";"IT";"600";"898385996";""
"2016-01-31";"1070001";"1041810";"ITC41";"S129";"26";""
"2016-01-31";"1070001";"1041810";"ITC41";"S14BI2";"556825";""
"2016-01-31";"1070001";"1041810";"ITC41";"S11001";"62450";""
"2016-01-31";"1070001";"1041810";"ITC4";"S11BI8";"2572165";""
"2016-01-31";"1070001";"1041810";"ITC4";"S12BI66";"17198317";""
"2016-01-31";"1070001";"1041810";"ITC4";"S1313";"1391012";""
"2016-01-31";"1070001";"1041810";"ITC4";"SBI9";"2498662";""
"2016-01-31";"1070001";"1041810";"ITC41";"450";"5109";""
"2016-01-31";"1070001";"1041810";"IT";"S15";"24353483";""
"2016-01-31";"1070001";"1041810";"IT";"SBI9";"7117912";""
"2016-01-31";"1070001";"1041810";"IT";"S127";"7018122";""
"2016-01-31";"1070001";"1041810";"IT";"S12BI7";"121609597";""
"2016-01-31";"1070001";"1041810";"IT";"450";"969207";""
"2016-01-31";"1070001";"1041810";"ITC4";"S1311";"954180";""
"2016-01-31";"1070001";"1041810";"ITC41";"S124";"4473";""
"2016-01-31";"1070001";"1041810";"ITC41";"S126";"42103";""
"2016-01-31";"1070001";"1041810";"ITC4";"SBI59";"312026947";""
"2016-01-31";"1070001";"1041810";"IT";"S124";"17988134";""
"2016-01-31";"1070001";"1041810";"IT";"S126";"18775032";""
"2016-01-31";"1070001";"1041810";"IT";"S128";"17831482";""
"2016-01-31";"1070001";"1041810";"ITC41";"S14";"15427397";""
"2016-01-31";"1070001";"1041810";"ITC4";"S11BI7";"1534229";""
"2016-01-31";"1070001";"1041810";"ITC4";"S124";"14676778";""
"2016-01-31";"1070001";"1041810";"ITC4";"S129";"1787513";""
"2016-01-31";"1070001";"1041810";"ITC4";"S12BI7";"53034747";""
"2016-01-31";"1070001";"1041810";"IT";"S14BI2";"48903124";""
"2016-01-31";"1070001";"1041810";"ITC41";"S11BI32";"2766195";""
"2016-01-31";"1070001";"1041810";"ITC41";"S11BI8";"208436";""
"2016-01-31";"1070001";"1041810";"ITC41";"S128";"9";""
"2016-01-31";"1070001";"1041810";"IT";"S11BI7";"6216474";""
"2016-01-31";"1070001";"1041810";"IT";"S12BI66";"54077314";""
"2016-01-31";"1070001";"1041810";"ITC4";"450";"232806";""
"2016-01-31";"1070001";"1041810";"ITC41";"S1313";"37789";""
"2016-01-31";"1070001";"1041810";"ITC41";"SBI9";"54077";""
"2016-01-31";"1070001";"1041810";"ITC4";"S127";"3570629";""
"2016-01-31";"1070001";"1041810";"IT";"S1313";"11325285";""
"2015-12-31";"1070001";"1041810";"ITC4";"600";"177456157";""
"2015-12-31";"1070001";"1041810";"ITC41";"S128";"49";""
"2015-12-31";"1070001";"1041810";"ITC41";"S1314";"3";""
"2015-12-31";"1070001";"1041810";"ITC41";"600";"14800885";""
"2015-12-31";"1070001";"1041810";"ITC41";"S11BI32";"2841211";""
"2015-12-31";"1070001";"1041810";"ITC4";"S1313";"1272943";""
"2015-12-31";"1070001";"1041810";"ITC4";"S14";"186159947";""
"2015-12-31";"1070001";"1041810";"IT";"S11BI32";"191638102";""
"2015-12-31";"1070001";"1041810";"IT";"S11BI7";"6145335";""
"2015-12-31";"1070001";"1041810";"IT";"S11BI8";"11975741";""
"2015-12-31";"1070001";"1041810";"IT";"S14";"943624373";""
"2015-12-31";"1070001";"1041810";"IT";"SBI9";"6829302";""
"2015-12-31";"1070001";"1041810";"ITC41";"S11BI7";"121221";""
"2015-12-31";"1070001";"1041810";"ITC41";"S11BI8";"204015";""
"2015-12-31";"1070001";"1041810";"ITC41";"S124";"2175";""
"2015-12-31";"1070001";"1041810";"ITC41";"S126";"48290";""
"2015-12-31";"1070001";"1041810";"IT";"S1313";"11018792";""
"2015-12-31";"1070001";"1041810";"ITC4";"S126";"11634674";""
"2015-12-31";"1070001";"1041810";"ITC41";"S12BI66";"37023";""
"2015-12-31";"1070001";"1041810";"ITC4";"S129";"1307949";""
"2015-12-31";"1070001";"1041810";"IT";"600";"895217344";""
"2015-12-31";"1070001";"1041810";"IT";"S14BI2";"48407029";""
"2015-12-31";"1070001";"1041810";"ITC41";"S129";"26";""
"2015-12-31";"1070001";"1041810";"ITC41";"S1311";"48861";""
"2015-12-31";"1070001";"1041810";"ITC41";"SBI59";"19111576";""
"2015-12-31";"1070001";"1041810";"ITC4";"SBI59";"310970843";""
"2015-12-31";"1070001";"1041810";"ITC41";"450";"5025";""
"2015-12-31";"1070001";"1041810";"ITC41";"S11001";"65779";""
"2015-12-31";"1070001";"1041810";"IT";"S11001";"21268025";""
"2015-12-31";"1070001";"1041810";"IT";"S124";"16771878";""
"2015-12-31";"1070001";"1041810";"ITC4";"S14BI2";"8703790";""
"2015-12-31";"1070001";"1041810";"ITC4";"S15";"5121323";""
"2015-12-31";"1070001";"1041810";"ITC4";"S11BI32";"58198346";""
"2015-12-31";"1070001";"1041810";"ITC4";"S11BI7";"1511728";""
"2015-12-31";"1070001";"1041810";"IT";"S126";"18201367";""
"2015-12-31";"1070001";"1041810";"IT";"S15";"24502379";""
"2015-12-31";"1070001";"1041810";"IT";"S128";"16099293";""
"2015-12-31";"1070001";"1041810";"ITC4";"S11";"64910934";""
"2015-12-31";"1070001";"1041810";"ITC4";"S11001";"2490900";""
"2015-12-31";"1070001";"1041810";"ITC41";"S12BI7";"124740";""
"2015-12-31";"1070001";"1041810";"ITC41";"S14";"15347255";""
"2015-12-31";"1070001";"1041810";"ITC4";"S12BI66";"16900682";""
"2015-12-31";"1070001";"1041810";"ITC4";"S12BI7";"50072508";""
"2015-12-31";"1070001";"1041810";"IT";"S12BI66";"54435663";""
"2015-12-31";"1070001";"1041810";"IT";"S13";"62054721";""
"2015-12-31";"1070001";"1041810";"ITC41";"S11";"3237251";""
"2015-12-31";"1070001";"1041810";"ITC4";"S13";"2245708";""
"2015-12-31";"1070001";"1041810";"IT";"450";"942151";""
"2015-12-31";"1070001";"1041810";"IT";"S11";"231969354";""
"2015-12-31";"1070001";"1041810";"ITC41";"S15";"265313";""
"2015-12-31";"1070001";"1041810";"IT";"S12BI7";"116630523";""
"2015-12-31";"1070001";"1041810";"IT";"S1314";"6835349";""
"2015-12-31";"1070001";"1041810";"ITC4";"SBI9";"2460423";""
"2015-12-31";"1070001";"1041810";"ITC4";"S11BI8";"2497500";""
"2015-12-31";"1070001";"1041810";"ITC4";"S124";"13807060";""
"2015-12-31";"1070001";"1041810";"ITC41";"S1313";"35791";""
"2015-12-31";"1070001";"1041810";"ITC4";"S1311";"959028";""
"2015-12-31";"1070001";"1041810";"IT";"SBI59";"1385610652";""
"2015-12-31";"1070001";"1041810";"IT";"S129";"4252892";""
"2015-12-31";"1070001";"1041810";"IT";"S1311";"44200580";""
"2015-12-31";"1070001";"1041810";"ITC41";"S127";"37177";""
"2015-12-31";"1070001";"1041810";"ITC4";"S1314";"13738";""
"2015-12-31";"1070001";"1041810";"IT";"S127";"6869429";""
"2015-12-31";"1070001";"1041810";"ITC4";"450";"212461";""
"2015-12-31";"1070001";"1041810";"ITC4";"S127";"3176718";""
"2015-12-31";"1070001";"1041810";"ITC4";"S128";"3245426";""
"2015-12-31";"1070001";"1041810";"ITC41";"S13";"84656";""
"2015-12-31";"1070001";"1041810";"ITC41";"S14BI2";"546370";""
"2015-12-31";"1070001";"1041810";"ITC41";"SBI9";"52361";""
"2015-11-30";"1070001";"1041810";"ITC41";"S12BI7";"109138";""
"2015-11-30";"1070001";"1041810";"ITC41";"SBI9";"54204";""
"2015-11-30";"1070001";"1041810";"ITC4";"S14BI2";"8445044";""
"2015-11-30";"1070001";"1041810";"IT";"S11";"219971747";""
"2015-11-30";"1070001";"1041810";"IT";"S11001";"18808355";""
"2015-11-30";"1070001";"1041810";"IT";"S11BI32";"182607716";""
"2015-11-30";"1070001";"1041810";"ITC41";"450";"5368";""
"2015-11-30";"1070001";"1041810";"ITC41";"S11001";"69555";""
"2015-11-30";"1070001";"1041810";"ITC41";"S11BI32";"2751564";""
"2015-11-30";"1070001";"1041810";"IT";"S129";"4467245";""
"2015-11-30";"1070001";"1041810";"IT";"S1313";"10780686";""
"2015-11-30";"1070001";"1041810";"IT";"S14BI2";"46817220";""
"2015-11-30";"1070001";"1041810";"ITC41";"S11BI7";"114505";""
"2015-11-30";"1070001";"1041810";"ITC41";"S126";"33985";""
"2015-11-30";"1070001";"1041810";"ITC41";"SBI59";"18532095";""
"2015-11-30";"1070001";"1041810";"IT";"450";"920658";""
"2015-11-30";"1070001";"1041810";"IT";"S11BI7";"5793492";""
"2015-11-30";"1070001";"1041810";"ITC4";"S13";"2310730";""
"2015-11-30";"1070001";"1041810";"ITC41";"600";"14331671";""
"2015-11-30";"1070001";"1041810";"IT";"S12BI66";"55167545";""
"2015-11-30";"1070001";"1041810";"IT";"S13";"85771569";""
"2015-11-30";"1070001";"1041810";"IT";"S128";"17488672";""
"2015-11-30";"1070001";"1041810";"ITC4";"S11";"59856789";""
"2015-11-30";"1070001";"1041810";"ITC4";"S11001";"924522";""
"2015-11-30";"1070001";"1041810";"IT";"S15";"24530513";""
"2015-11-30";"1070001";"1041810";"ITC41";"S124";"2927";""
"2015-11-30";"1070001";"1041810";"ITC41";"S128";"35";""
"2015-11-30";"1070001";"1041810";"ITC4";"S129";"1372116";""
"2015-11-30";"1070001";"1041810";"ITC41";"S12BI66";"33192";""
"2015-11-30";"1070001";"1041810";"ITC41";"S13";"84707";""
"2015-11-30";"1070001";"1041810";"ITC41";"S1313";"38185";""
"2015-11-30";"1070001";"1041810";"ITC4";"S1311";"946941";""
"2015-11-30";"1070001";"1041810";"IT";"600";"875769825";""
"2015-11-30";"1070001";"1041810";"IT";"S124";"15863113";""
"2015-11-30";"1070001";"1041810";"IT";"S127";"10058011";""
"2015-11-30";"1070001";"1041810";"ITC4";"S126";"11092606";""
"2015-11-30";"1070001";"1041810";"ITC4";"S128";"3673789";""
"2015-11-30";"1070001";"1041810";"ITC4";"S11BI8";"2454354";""
"2015-11-30";"1070001";"1041810";"ITC41";"S127";"38972";""
"2015-11-30";"1070001";"1041810";"ITC41";"S1314";"3";""
"2015-11-30";"1070001";"1041810";"ITC41";"S14";"14861006";""
"2015-11-30";"1070001";"1041810";"ITC4";"S14";"181070903";""
"2015-11-30";"1070001";"1041810";"ITC41";"S11";"3143424";""
"2015-11-30";"1070001";"1041810";"ITC4";"S124";"13170507";""
"2015-11-30";"1070001";"1041810";"IT";"S14";"922587044";""
"2015-11-30";"1070001";"1041810";"ITC4";"600";"172625859";""
"2015-11-30";"1070001";"1041810";"ITC4";"S12BI66";"18429582";""
"2015-11-30";"1070001";"1041810";"ITC4";"S12BI7";"53783597";""
"2015-11-30";"1070001";"1041810";"ITC4";"S1313";"1344864";""
"2015-11-30";"1070001";"1041810";"ITC4";"SBI9";"2175209";""
"2015-11-30";"1070001";"1041810";"IT";"SBI9";"6886606";""
"2015-11-30";"1070001";"1041810";"ITC41";"S129";"26";""
"2015-11-30";"1070001";"1041810";"IT";"S1314";"9287234";""
"2015-11-30";"1070001";"1041810";"ITC41";"S1311";"46519";""
"2015-11-30";"1070001";"1041810";"ITC41";"S14BI2";"529335";""
"2015-11-30";"1070001";"1041810";"ITC41";"S15";"279615";""
"2015-11-30";"1070001";"1041810";"IT";"S126";"18211163";""
"2015-11-30";"1070001";"1041810";"ITC4";"S1314";"18925";""
"2015-11-30";"1070001";"1041810";"ITC4";"S11BI7";"1431113";""
"2015-11-30";"1070001";"1041810";"ITC4";"S15";"5092989";""
"2015-11-30";"1070001";"1041810";"ITC4";"SBI59";"304290217";""
"2015-11-30";"1070001";"1041810";"ITC41";"S11BI8";"202431";""
"2015-11-30";"1070001";"1041810";"ITC4";"450";"219410";""
"2015-11-30";"1070001";"1041810";"ITC4";"S11BI32";"54827388";""
"2015-11-30";"1070001";"1041810";"ITC4";"S127";"6044997";""
"2015-11-30";"1070001";"1041810";"IT";"S11BI8";"11841526";""
"2015-11-30";"1070001";"1041810";"IT";"SBI59";"1381003229";""
"2015-11-30";"1070001";"1041810";"IT";"S12BI7";"121255750";""
"2015-11-30";"1070001";"1041810";"IT";"S1311";"65703648";""
"2015-10-31";"1070001";"1041810";"ITC41";"S1311";"44449";""
"2015-10-31";"1070001";"1041810";"ITC41";"S14";"14913345";""
"2015-10-31";"1070001";"1041810";"IT";"S11001";"16511496";""
"2015-10-31";"1070001";"1041810";"IT";"S126";"18643364";""
"2015-10-31";"1070001";"1041810";"ITC4";"S12BI7";"54025857";""
"2015-10-31";"1070001";"1041810";"ITC4";"S15";"5056495";""
"2015-10-31";"1070001";"1041810";"ITC41";"600";"14343264";""
"2015-10-31";"1070001";"1041810";"ITC4";"S12BI66";"18115471";""
"2015-10-31";"1070001";"1041810";"ITC4";"S1313";"1383783";""
"2015-10-31";"1070001";"1041810";"ITC4";"S14BI2";"8991308";""
"2015-10-31";"1070001";"1041810";"ITC41";"S128";"21";""
"2015-10-31";"1070001";"1041810";"IT";"S1311";"70261897";""
"2015-10-31";"1070001";"1041810";"IT";"S128";"17234832";""
"2015-10-31";"1070001";"1041810";"IT";"S129";"4840084";""
"2015-10-31";"1070001";"1041810";"IT";"S11BI8";"13599987";""
"2015-10-31";"1070001";"1041810";"ITC4";"S1311";"959526";""
"2015-10-31";"1070001";"1041810";"ITC4";"600";"173269052";""
"2015-10-31";"1070001";"1041810";"ITC4";"S11";"64684269";""
"2015-10-31";"1070001";"1041810";"ITC41";"S13";"82119";""
"2015-10-31";"1070001";"1041810";"ITC4";"SBI59";"310622636";""
"2015-10-31";"1070001";"1041810";"IT";"S12BI7";"121692235";""
"2015-10-31";"1070001";"1041810";"IT";"S13";"89878266";""
"2015-10-31";"1070001";"1041810";"IT";"S14";"927516581";""
"2015-10-31";"1070001";"1041810";"ITC4";"450";"225650";""
"2015-10-31";"1070001";"1041810";"ITC4";"S124";"12779684";""
"2015-10-31";"1070001";"1041810";"ITC4";"S129";"1560380";""
"2015-10-31";"1070001";"1041810";"ITC41";"450";"5809";""
"2015-10-31";"1070001";"1041810";"ITC41";"S11001";"63678";""
"2015-10-31";"1070001";"1041810";"ITC41";"S11BI7";"137558";""
"2015-10-31";"1070001";"1041810";"ITC41";"S1313";"37666";""
"2015-10-31";"1070001";"1041810";"IT";"600";"878212534";""
"2015-10-31";"1070001";"1041810";"IT";"S11BI7";"6884461";""
"2015-10-31";"1070001";"1041810";"ITC4";"S11BI32";"58950138";""
"2015-10-31";"1070001";"1041810";"ITC41";"S126";"37453";""
"2015-10-31";"1070001";"1041810";"ITC41";"S127";"37927";""
"2015-10-31";"1070001";"1041810";"ITC41";"S14BI2";"570081";""
"2015-10-31";"1070001";"1041810";"IT";"S1313";"10709056";""
"2015-10-31";"1070001";"1041810";"IT";"S11";"231964024";""
"2015-10-31";"1070001";"1041810";"IT";"S127";"10214185";""
"2015-10-31";"1070001";"1041810";"ITC4";"S127";"6253590";""
"2015-10-31";"1070001";"1041810";"IT";"SBI59";"1402700991";""
"2015-10-31";"1070001";"1041810";"ITC4";"SBI9";"2233741";""
"2015-10-31";"1070001";"1041810";"ITC41";"S11BI8";"232560";""
"2015-10-31";"1070001";"1041810";"ITC41";"S124";"3298";""
"2015-10-31";"1070001";"1041810";"ITC41";"S12BI66";"31368";""
"2015-10-31";"1070001";"1041810";"ITC41";"S1314";"4";""
"2015-10-31";"1070001";"1041810";"ITC41";"S15";"270619";""
"2015-10-31";"1070001";"1041810";"IT";"450";"917972";""
"2015-10-31";"1070001";"1041810";"IT";"SBI9";"7042990";""
"2015-10-31";"1070001";"1041810";"ITC41";"S129";"26";""
"2015-10-31";"1070001";"1041810";"ITC41";"S12BI7";"110093";""
"2015-10-31";"1070001";"1041810";"ITC4";"S13";"2361913";""
"2015-10-31";"1070001";"1041810";"ITC4";"S1314";"18604";""
"2015-10-31";"1070001";"1041810";"ITC4";"S14";"182260360";""
"2015-10-31";"1070001";"1041810";"IT";"S124";"15508352";""
"2015-10-31";"1070001";"1041810";"ITC4";"S11BI8";"2815080";""
"2015-10-31";"1070001";"1041810";"ITC41";"S11";"3410621";""
"2015-10-31";"1070001";"1041810";"ITC41";"S11BI32";"2971016";""
"2015-10-31";"1070001";"1041810";"ITC41";"SBI59";"18841059";""
"2015-10-31";"1070001";"1041810";"ITC41";"SBI9";"54261";""
"2015-10-31";"1070001";"1041810";"IT";"S12BI66";"55251419";""
"2015-10-31";"1070001";"1041810";"IT";"S1314";"8907314";""
"2015-10-31";"1070001";"1041810";"IT";"S11BI32";"194050109";""
"2015-10-31";"1070001";"1041810";"IT";"S14BI2";"49304047";""
"2015-10-31";"1070001";"1041810";"IT";"S15";"24606894";""
"2015-10-31";"1070001";"1041810";"ITC4";"S11001";"963626";""
"2015-10-31";"1070001";"1041810";"ITC4";"S11BI7";"1729774";""
"2015-10-31";"1070001";"1041810";"ITC4";"S126";"11915647";""
"2015-10-31";"1070001";"1041810";"ITC4";"S128";"3401085";""
"2015-09-30";"1070001";"1041810";"ITC4";"S15";"4975383";""
"2015-09-30";"1070001";"1041810";"ITC4";"SBI59";"301339021";""
"2015-09-30";"1070001";"1041810";"ITC4";"450";"203238";""
"2015-09-30";"1070001";"1041810";"ITC4";"S11001";"963598";""
"2015-09-30";"1070001";"1041810";"IT";"S128";"16242441";""
"2015-09-30";"1070001";"1041810";"ITC41";"S12BI7";"116211";""
"2015-09-30";"1070001";"1041810";"ITC41";"S1311";"42938";""
"2015-09-30";"1070001";"1041810";"ITC41";"S1313";"35777";""
"2015-09-30";"1070001";"1041810";"ITC41";"S14";"14837362";""
"2015-09-30";"1070001";"1041810";"IT";"S14";"923204920";""
"2015-09-30";"1070001";"1041810";"ITC4";"S13";"2376285";""
"2015-09-30";"1070001";"1041810";"ITC4";"S14BI2";"8491529";""
"2015-09-30";"1070001";"1041810";"IT";"SBI9";"6605702";""
"2015-09-30";"1070001";"1041810";"ITC4";"600";"172364822";""
"2015-09-30";"1070001";"1041810";"ITC4";"S126";"11894849";""
"2015-09-30";"1070001";"1041810";"IT";"S12BI66";"54382197";""
"2015-09-30";"1070001";"1041810";"ITC41";"S126";"31997";""
"2015-09-30";"1070001";"1041810";"ITC4";"S128";"3413881";""
"2015-09-30";"1070001";"1041810";"IT";"S1311";"68674678";""
"2015-09-30";"1070001";"1041810";"IT";"SBI59";"1380712734";""
"2015-09-30";"1070001";"1041810";"ITC4";"S11";"60959909";""
"2015-09-30";"1070001";"1041810";"ITC41";"S12BI66";"36624";""
"2015-09-30";"1070001";"1041810";"ITC4";"S127";"6084939";""
"2015-09-30";"1070001";"1041810";"ITC4";"S12BI7";"49892029";""
"2015-09-30";"1070001";"1041810";"ITC4";"S1311";"952921";""
"2015-09-30";"1070001";"1041810";"ITC4";"S1313";"1403724";""
"2015-09-30";"1070001";"1041810";"IT";"600";"875906967";""
"2015-09-30";"1070001";"1041810";"IT";"S124";"15934129";""
"2015-09-30";"1070001";"1041810";"IT";"S129";"4404346";""
"2015-09-30";"1070001";"1041810";"IT";"S13";"88060972";""
"2015-09-30";"1070001";"1041810";"ITC41";"S11BI8";"205402";""
"2015-09-30";"1070001";"1041810";"ITC4";"S11BI32";"55817780";""
"2015-09-30";"1070001";"1041810";"ITC4";"S11BI7";"1471689";""
"2015-09-30";"1070001";"1041810";"IT";"S1313";"10878880";""
"2015-09-30";"1070001";"1041810";"IT";"S14BI2";"47297953";""
"2015-09-30";"1070001";"1041810";"ITC41";"600";"14298094";""
"2015-09-30";"1070001";"1041810";"ITC41";"S11";"2996859";""
"2015-09-30";"1070001";"1041810";"ITC41";"S11001";"58491";""
"2015-09-30";"1070001";"1041810";"ITC41";"S11BI7";"118023";""
"2015-09-30";"1070001";"1041810";"ITC41";"S127";"39613";""
"2015-09-30";"1070001";"1041810";"ITC41";"S14BI2";"539268";""
"2015-09-30";"1070001";"1041810";"ITC4";"S1314";"19640";""
"2015-09-30";"1070001";"1041810";"ITC41";"SBI9";"55779";""
"2015-09-30";"1070001";"1041810";"ITC4";"S14";"180856351";""
"2015-09-30";"1070001";"1041810";"ITC4";"SBI9";"2279063";""
"2015-09-30";"1070001";"1041810";"IT";"S1314";"8507414";""
"2015-09-30";"1070001";"1041810";"IT";"S15";"24365823";""
"2015-09-30";"1070001";"1041810";"IT";"S11";"218632526";""
"2015-09-30";"1070001";"1041810";"IT";"S11BI32";"182771511";""
"2015-09-30";"1070001";"1041810";"IT";"S11BI8";"12576995";""
"2015-09-30";"1070001";"1041810";"IT";"S127";"9537948";""
"2015-09-30";"1070001";"1041810";"ITC41";"S11BI32";"2609246";""
"2015-09-30";"1070001";"1041810";"ITC41";"S1314";"338";""
"2015-09-30";"1070001";"1041810";"ITC4";"S129";"1430335";""
"2015-09-30";"1070001";"1041810";"ITC4";"S12BI66";"13756374";""
"2015-09-30";"1070001";"1041810";"ITC41";"SBI59";"18348752";""
"2015-09-30";"1070001";"1041810";"IT";"S11001";"16423362";""
"2015-09-30";"1070001";"1041810";"ITC4";"S11BI8";"2503604";""
"2015-09-30";"1070001";"1041810";"ITC41";"S15";"263488";""
"2015-09-30";"1070001";"1041810";"ITC41";"S13";"79053";""
"2015-09-30";"1070001";"1041810";"ITC41";"450";"5697";""
"2015-09-30";"1070001";"1041810";"IT";"S11BI7";"5982978";""
"2015-09-30";"1070001";"1041810";"IT";"S126";"19341730";""
"2015-09-30";"1070001";"1041810";"IT";"S12BI7";"119842791";""
"2015-09-30";"1070001";"1041810";"ITC4";"S124";"13311652";""
"2015-09-30";"1070001";"1041810";"IT";"450";"877679";""
"2015-09-30";"1070001";"1041810";"ITC41";"S124";"7920";""
"2015-09-30";"1070001";"1041810";"ITC41";"S128";"31";""
"2015-09-30";"1070001";"1041810";"ITC41";"S129";"26";""
"2015-08-31";"1070001";"1041810";"IT";"450";"916232";""
"2015-08-31";"1070001";"1041810";"IT";"S124";"16338269";""
"2015-08-31";"1070001";"1041810";"IT";"S127";"9618142";""
"2015-08-31";"1070001";"1041810";"ITC4";"S15";"4895327";""
"2015-08-31";"1070001";"1041810";"ITC41";"S11001";"57694";""
"2015-08-31";"1070001";"1041810";"ITC41";"S127";"37818";""
"2015-08-31";"1070001";"1041810";"ITC41";"S128";"11";""
"2015-08-31";"1070001";"1041810";"ITC4";"S126";"11514393";""
"2015-08-31";"1070001";"1041810";"ITC41";"S13";"78975";""
"2015-08-31";"1070001";"1041810";"ITC41";"S14BI2";"542619";""
"2015-08-31";"1070001";"1041810";"IT";"S11BI8";"12692684";""
"2015-08-31";"1070001";"1041810";"ITC41";"600";"14319755";""
"2015-08-31";"1070001";"1041810";"ITC41";"S11";"3108124";""
"2015-08-31";"1070001";"1041810";"ITC41";"S12BI7";"109338";""
"2015-08-31";"1070001";"1041810";"ITC41";"S15";"254623";""
"2015-08-31";"1070001";"1041810";"ITC4";"450";"238863";""
"2015-08-31";"1070001";"1041810";"ITC4";"600";"172602126";""
"2015-08-31";"1070001";"1041810";"ITC4";"S11BI7";"1495754";""
"2015-08-31";"1070001";"1041810";"ITC4";"S12BI7";"49861375";""
"2015-08-31";"1070001";"1041810";"IT";"S1314";"8259545";""
"2015-08-31";"1070001";"1041810";"IT";"S14BI2";"47163065";""
"2015-08-31";"1070001";"1041810";"IT";"S11";"214751957";""
"2015-08-31";"1070001";"1041810";"IT";"S126";"18658893";""
"2015-08-31";"1070001";"1041810";"ITC4";"S14BI2";"8409942";""
"2015-08-31";"1070001";"1041810";"ITC4";"S11BI32";"54414433";""
"2015-08-31";"1070001";"1041810";"ITC4";"S127";"6164676";""
"2015-08-31";"1070001";"1041810";"ITC4";"S1313";"1432754";""
"2015-08-31";"1070001";"1041810";"IT";"S12BI7";"115832213";""
"2015-08-31";"1070001";"1041810";"ITC41";"S11BI8";"208442";""
"2015-08-31";"1070001";"1041810";"ITC41";"S124";"6304";""
"2015-08-31";"1070001";"1041810";"ITC4";"S11BI8";"2485898";""
"2015-08-31";"1070001";"1041810";"ITC4";"S124";"13869246";""
"2015-08-31";"1070001";"1041810";"ITC4";"S128";"3502886";""
"2015-08-31";"1070001";"1041810";"ITC4";"S1314";"19161";""
"2015-08-31";"1070001";"1041810";"ITC4";"S14";"181012068";""
"2015-08-31";"1070001";"1041810";"IT";"S129";"4703918";""
"2015-08-31";"1070001";"1041810";"IT";"S128";"15246896";""
"2015-08-31";"1070001";"1041810";"IT";"S1311";"70438892";""
"2015-08-31";"1070001";"1041810";"IT";"600";"877425531";""
"2015-08-31";"1070001";"1041810";"ITC4";"S13";"2374568";""
"2015-08-31";"1070001";"1041810";"ITC4";"S1311";"922654";""
"2015-08-31";"1070001";"1041810";"ITC41";"S11BI32";"2714671";""
"2015-08-31";"1070001";"1041810";"ITC41";"S11BI7";"121774";""
"2015-08-31";"1070001";"1041810";"ITC41";"S1313";"36510";""
"2015-08-31";"1070001";"1041810";"ITC41";"S14";"14862374";""
"2015-08-31";"1070001";"1041810";"IT";"S15";"24172211";""
"2015-08-31";"1070001";"1041810";"ITC41";"S126";"30034";""
"2015-08-31";"1070001";"1041810";"ITC4";"S11";"59549188";""
"2015-08-31";"1070001";"1041810";"ITC4";"S12BI66";"13278544";""
"2015-08-31";"1070001";"1041810";"IT";"SBI9";"6305670";""
"2015-08-31";"1070001";"1041810";"IT";"S12BI66";"51266096";""
"2015-08-31";"1070001";"1041810";"IT";"S13";"89858083";""
"2015-08-31";"1070001";"1041810";"IT";"S14";"924588595";""
"2015-08-31";"1070001";"1041810";"IT";"S11001";"14325589";""
"2015-08-31";"1070001";"1041810";"IT";"S11BI32";"180793472";""
"2015-08-31";"1070001";"1041810";"IT";"S11BI7";"6023979";""
"2015-08-31";"1070001";"1041810";"ITC4";"S129";"1531629";""
"2015-08-31";"1070001";"1041810";"ITC4";"SBI59";"299762505";""
"2015-08-31";"1070001";"1041810";"ITC4";"SBI9";"2069979";""
"2015-08-31";"1070001";"1041810";"ITC41";"S129";"26";""
"2015-08-31";"1070001";"1041810";"ITC41";"S1311";"42102";""
"2015-08-31";"1070001";"1041810";"ITC41";"SBI59";"18470218";""
"2015-08-31";"1070001";"1041810";"ITC41";"SBI9";"56781";""
"2015-08-31";"1070001";"1041810";"IT";"S1313";"11159646";""
"2015-08-31";"1070001";"1041810";"IT";"SBI59";"1375508731";""
"2015-08-31";"1070001";"1041810";"ITC4";"S11001";"914240";""
"2015-08-31";"1070001";"1041810";"ITC41";"450";"5544";""
"2015-08-31";"1070001";"1041810";"ITC41";"S12BI66";"35145";""
"2015-08-31";"1070001";"1041810";"ITC41";"S1314";"363";""
"2015-07-31";"1070001";"1041810";"IT";"S14";"922631925";""
"2015-07-31";"1070001";"1041810";"ITC41";"S128";"15";""
"2015-07-31";"1070001";"1041810";"IT";"S127";"9346253";""
"2015-07-31";"1070001";"1041810";"IT";"S1314";"7637133";""
"2015-07-31";"1070001";"1041810";"ITC4";"600";"172232690";""
"2015-07-31";"1070001";"1041810";"ITC4";"S12BI7";"50672388";""
"2015-07-31";"1070001";"1041810";"ITC4";"S1311";"922981";""
"2015-07-31";"1070001";"1041810";"ITC41";"600";"14350398";""
"2015-07-31";"1070001";"1041810";"ITC41";"S12BI66";"30059";""
"2015-07-31";"1070001";"1041810";"ITC4";"S11001";"855882";""
"2015-07-31";"1070001";"1041810";"IT";"S128";"15510758";""
"2015-07-31";"1070001";"1041810";"ITC4";"S11BI7";"1550274";""
"2015-07-31";"1070001";"1041810";"IT";"S1311";"70742228";""
"2015-07-31";"1070001";"1041810";"IT";"S11001";"15396310";""
"2015-07-31";"1070001";"1041810";"IT";"SBI59";"1372320531";""
"2015-07-31";"1070001";"1041810";"ITC4";"450";"232603";""
"2015-07-31";"1070001";"1041810";"ITC4";"SBI9";"2144813";""
"2015-07-31";"1070001";"1041810";"ITC4";"S127";"5784463";""
"2015-07-31";"1070001";"1041810";"ITC4";"S11BI32";"52881453";""
"2015-07-31";"1070001";"1041810";"ITC41";"450";"5899";""
"2015-07-31";"1070001";"1041810";"ITC41";"S14BI2";"570585";""
"2015-07-31";"1070001";"1041810";"IT";"450";"922189";""
"2015-07-31";"1070001";"1041810";"IT";"S12BI7";"117944924";""
"2015-07-31";"1070001";"1041810";"IT";"S15";"24087590";""
"2015-07-31";"1070001";"1041810";"ITC41";"S1311";"42931";""
"2015-07-31";"1070001";"1041810";"IT";"S11BI32";"176545196";""
"2015-07-31";"1070001";"1041810";"ITC4";"S129";"1677934";""
"2015-07-31";"1070001";"1041810";"ITC4";"S1314";"22796";""
"2015-07-31";"1070001";"1041810";"ITC41";"S11BI8";"219991";""
"2015-07-31";"1070001";"1041810";"IT";"S14BI2";"48233166";""
"2015-07-31";"1070001";"1041810";"ITC4";"S14BI2";"8756182";""
"2015-07-31";"1070001";"1041810";"IT";"S126";"19372679";""
"2015-07-31";"1070001";"1041810";"ITC4";"S15";"4821281";""
"2015-07-31";"1070001";"1041810";"ITC41";"S14";"14920983";""
"2015-07-31";"1070001";"1041810";"ITC41";"SBI59";"18457130";""
"2015-07-31";"1070001";"1041810";"ITC4";"S1313";"1505276";""
"2015-07-31";"1070001";"1041810";"ITC4";"S124";"15050675";""
"2015-07-31";"1070001";"1041810";"ITC4";"S13";"2451053";""
"2015-07-31";"1070001";"1041810";"ITC41";"S13";"79671";""
"2015-07-31";"1070001";"1041810";"ITC41";"S11";"3031007";""
"2015-07-31";"1070001";"1041810";"ITC41";"S129";"26";""
"2015-07-31";"1070001";"1041810";"ITC41";"S11001";"57715";""
"2015-07-31";"1070001";"1041810";"ITC41";"S11BI7";"126476";""
"2015-07-31";"1070001";"1041810";"IT";"S129";"5211726";""
"2015-07-31";"1070001";"1041810";"IT";"S1313";"11186037";""
"2015-07-31";"1070001";"1041810";"ITC4";"S11";"58105990";""
"2015-07-31";"1070001";"1041810";"ITC4";"S126";"12055423";""
"2015-07-31";"1070001";"1041810";"ITC41";"S127";"40341";""
"2015-07-31";"1070001";"1041810";"ITC4";"S128";"3454951";""
"2015-07-31";"1070001";"1041810";"IT";"S13";"89565398";""
"2015-07-31";"1070001";"1041810";"ITC41";"S1314";"400";""
"2015-07-31";"1070001";"1041810";"IT";"S124";"17930219";""
"2015-07-31";"1070001";"1041810";"ITC41";"S12BI7";"115854";""
"2015-07-31";"1070001";"1041810";"IT";"SBI9";"6378107";""
"2015-07-31";"1070001";"1041810";"ITC41";"SBI9";"58176";""
"2015-07-31";"1070001";"1041810";"ITC41";"S126";"38568";""
"2015-07-31";"1070001";"1041810";"ITC4";"SBI59";"299184398";""
"2015-07-31";"1070001";"1041810";"ITC41";"S124";"6844";""
"2015-07-31";"1070001";"1041810";"IT";"S11BI7";"6265623";""
"2015-07-31";"1070001";"1041810";"ITC41";"S1313";"36341";""
"2015-07-31";"1070001";"1041810";"IT";"S11BI8";"12583269";""
"2015-07-31";"1070001";"1041810";"ITC41";"S15";"251438";""
"2015-07-31";"1070001";"1041810";"IT";"600";"874398759";""
"2015-07-31";"1070001";"1041810";"ITC41";"S11BI32";"2620926";""
"2015-07-31";"1070001";"1041810";"IT";"S11";"211712588";""
"2015-07-31";"1070001";"1041810";"ITC4";"S11BI8";"2585779";""
"2015-07-31";"1070001";"1041810";"IT";"S12BI66";"50573288";""
"2015-07-31";"1070001";"1041810";"ITC4";"S14";"180988872";""
"2015-07-31";"1070001";"1041810";"ITC4";"S12BI66";"12648942";""
"2015-06-30";"1070001";"1041810";"ITC4";"S12BI66";"12351030";""
"2015-06-30";"1070001";"1041810";"ITC4";"S15";"4944800";""
"2015-06-30";"1070001";"1041810";"ITC41";"S128";"16";""
"2015-06-30";"1070001";"1041810";"IT";"S1313";"11044664";""
"2015-06-30";"1070001";"1041810";"ITC41";"600";"14357176";""
"2015-06-30";"1070001";"1041810";"IT";"SBI9";"6728206";""
"2015-06-30";"1070001";"1041810";"ITC41";"S126";"33835";""
"2015-06-30";"1070001";"1041810";"ITC41";"S1313";"36915";""
"2015-06-30";"1070001";"1041810";"ITC4";"600";"173263738";""
"2015-06-30";"1070001";"1041810";"ITC41";"450";"5262";""
"2015-06-30";"1070001";"1041810";"IT";"S12BI66";"54370357";""
"2015-06-30";"1070001";"1041810";"IT";"S127";"9394299";""
"2015-06-30";"1070001";"1041810";"IT";"S11";"210062308";""
"2015-06-30";"1070001";"1041810";"ITC4";"S11BI7";"1512508";""
"2015-06-30";"1070001";"1041810";"IT";"600";"877565792";""
"2015-06-30";"1070001";"1041810";"IT";"S15";"24311065";""
"2015-06-30";"1070001";"1041810";"ITC4";"S14";"182012978";""
"2015-06-30";"1070001";"1041810";"ITC41";"SBI9";"57521";""
"2015-06-30";"1070001";"1041810";"IT";"S11BI7";"6074620";""
"2015-06-30";"1070001";"1041810";"ITC41";"S1311";"43336";""
"2015-06-30";"1070001";"1041810";"ITC41";"S11BI32";"2587030";""
"2015-06-30";"1070001";"1041810";"IT";"S11BI32";"174719465";""
"2015-06-30";"1070001";"1041810";"ITC4";"S11";"58455822";""
"2015-06-30";"1070001";"1041810";"ITC41";"S15";"261475";""
"2015-06-30";"1070001";"1041810";"ITC41";"S11BI8";"211753";""
"2015-06-30";"1070001";"1041810";"ITC4";"SBI9";"2364276";""
"2015-06-30";"1070001";"1041810";"ITC4";"S1313";"1440727";""
"2015-06-30";"1070001";"1041810";"IT";"S126";"20465821";""
"2015-06-30";"1070001";"1041810";"ITC4";"SBI59";"300100178";""
"2015-06-30";"1070001";"1041810";"ITC4";"S127";"5875363";""
"2015-06-30";"1070001";"1041810";"ITC4";"450";"192469";""
"2015-06-30";"1070001";"1041810";"IT";"S14BI2";"47810187";""
"2015-06-30";"1070001";"1041810";"ITC41";"S13";"80696";""
"2015-06-30";"1070001";"1041810";"ITC41";"S11BI7";"121042";""
"2015-06-30";"1070001";"1041810";"ITC4";"S11BI32";"53415478";""
"2015-06-30";"1070001";"1041810";"ITC4";"S124";"13954298";""
"2015-06-30";"1070001";"1041810";"IT";"SBI59";"1375571481";""
"2015-06-30";"1070001";"1041810";"ITC41";"S124";"8147";""
"2015-06-30";"1070001";"1041810";"ITC4";"S128";"3816797";""
"2015-06-30";"1070001";"1041810";"IT";"S13";"89617681";""
"2015-06-30";"1070001";"1041810";"IT";"S12BI7";"119476242";""
"2015-06-30";"1070001";"1041810";"ITC41";"S12BI7";"109871";""
"2015-06-30";"1070001";"1041810";"ITC41";"S129";"26";""
"2015-06-30";"1070001";"1041810";"ITC4";"S11BI8";"2548273";""
"2015-06-30";"1070001";"1041810";"ITC41";"S12BI66";"32423";""
"2015-06-30";"1070001";"1041810";"IT";"S128";"14281194";""
"2015-06-30";"1070001";"1041810";"ITC4";"S13";"2369006";""
"2015-06-30";"1070001";"1041810";"ITC4";"S1314";"20515";""
"2015-06-30";"1070001";"1041810";"ITC41";"S1314";"445";""
"2015-06-30";"1070001";"1041810";"IT";"S11001";"16210607";""
"2015-06-30";"1070001";"1041810";"IT";"S129";"4487133";""
"2015-06-30";"1070001";"1041810";"ITC4";"S14BI2";"8749239";""
"2015-06-30";"1070001";"1041810";"IT";"S124";"16477438";""
"2015-06-30";"1070001";"1041810";"IT";"S11BI8";"12154200";""
"2015-06-30";"1070001";"1041810";"ITC41";"S11";"2979332";""
"2015-06-30";"1070001";"1041810";"ITC4";"S126";"12489041";""
"2015-06-30";"1070001";"1041810";"ITC4";"S12BI7";"49953297";""
"2015-06-30";"1070001";"1041810";"ITC41";"SBI59";"18406039";""
"2015-06-30";"1070001";"1041810";"ITC4";"S11001";"787094";""
"2015-06-30";"1070001";"1041810";"ITC4";"S129";"1466770";""
"2015-06-30";"1070001";"1041810";"IT";"S14";"925375979";""
"2015-06-30";"1070001";"1041810";"ITC41";"S14BI2";"559969";""
"2015-06-30";"1070001";"1041810";"ITC41";"S14";"14917145";""
"2015-06-30";"1070001";"1041810";"IT";"450";"903417";""
"2015-06-30";"1070001";"1041810";"ITC41";"S11001";"54244";""
"2015-06-30";"1070001";"1041810";"ITC41";"S127";"35424";""
"2015-06-30";"1070001";"1041810";"ITC4";"S1311";"907764";""
"2015-06-30";"1070001";"1041810";"IT";"S1314";"7180732";""
"2015-06-30";"1070001";"1041810";"IT";"S1311";"71392284";""
"2015-05-31";"1070001";"1041810";"ITC41";"S1314";"388";""
"2015-05-31";"1070001";"1041810";"ITC41";"S14BI2";"570395";""
"2015-05-31";"1070001";"1041810";"ITC41";"S11BI7";"128255";""
"2015-05-31";"1070001";"1041810";"ITC41";"600";"14344104";""
"2015-05-31";"1070001";"1041810";"ITC4";"S11BI32";"55013488";""
"2015-05-31";"1070001";"1041810";"IT";"S1311";"71100562";""
"2015-05-31";"1070001";"1041810";"IT";"S15";"23591897";""
"2015-05-31";"1070001";"1041810";"IT";"S11001";"15624341";""
"2015-05-31";"1070001";"1041810";"IT";"S11BI32";"182341401";""
"2015-05-31";"1070001";"1041810";"IT";"SBI59";"1377945192";""
"2015-05-31";"1070001";"1041810";"IT";"S129";"4129211";""
"2015-05-31";"1070001";"1041810";"ITC4";"SBI59";"302480637";""
"2015-05-31";"1070001";"1041810";"ITC4";"S11BI7";"1627171";""
"2015-05-31";"1070001";"1041810";"ITC4";"S126";"11841032";""
"2015-05-31";"1070001";"1041810";"ITC4";"S127";"5909495";""
"2015-05-31";"1070001";"1041810";"IT";"S127";"9341421";""
"2015-05-31";"1070001";"1041810";"ITC41";"S1313";"37030";""
"2015-05-31";"1070001";"1041810";"ITC41";"S14";"14914499";""
"2015-05-31";"1070001";"1041810";"ITC41";"SBI9";"57449";""
"2015-05-31";"1070001";"1041810";"IT";"450";"906858";""
"2015-05-31";"1070001";"1041810";"IT";"S14";"924864436";""
"2015-05-31";"1070001";"1041810";"IT";"S11BI8";"12886734";""
"2015-05-31";"1070001";"1041810";"IT";"S11";"218221518";""
"2015-05-31";"1070001";"1041810";"ITC41";"S128";"26";""
"2015-05-31";"1070001";"1041810";"ITC41";"S11BI8";"228084";""
"2015-05-31";"1070001";"1041810";"IT";"S124";"16701184";""
"2015-05-31";"1070001";"1041810";"IT";"S128";"14646290";""
"2015-05-31";"1070001";"1041810";"IT";"S1314";"7431299";""
"2015-05-31";"1070001";"1041810";"IT";"S14BI2";"48323618";""
"2015-05-31";"1070001";"1041810";"ITC4";"S12BI7";"49933146";""
"2015-05-31";"1070001";"1041810";"ITC4";"S1313";"1327406";""
"2015-05-31";"1070001";"1041810";"IT";"S12BI7";"114228006";""
"2015-05-31";"1070001";"1041810";"ITC4";"S1311";"884271";""
"2015-05-31";"1070001";"1041810";"IT";"600";"876540818";""
"2015-05-31";"1070001";"1041810";"ITC4";"S15";"5001653";""
"2015-05-31";"1070001";"1041810";"ITC41";"S12BI66";"28199";""
"2015-05-31";"1070001";"1041810";"ITC41";"S1311";"41711";""
"2015-05-31";"1070001";"1041810";"ITC41";"S126";"33747";""
"2015-05-31";"1070001";"1041810";"ITC41";"S15";"257761";""
"2015-05-31";"1070001";"1041810";"ITC4";"450";"204926";""
"2015-05-31";"1070001";"1041810";"IT";"S11BI7";"6462184";""
"2015-05-31";"1070001";"1041810";"ITC4";"S11001";"1072442";""
"2015-05-31";"1070001";"1041810";"ITC4";"S124";"14107516";""
"2015-05-31";"1070001";"1041810";"ITC4";"S128";"3881142";""
"2015-05-31";"1070001";"1041810";"ITC41";"S12BI7";"104743";""
"2015-05-31";"1070001";"1041810";"ITC4";"S129";"1413231";""
"2015-05-31";"1070001";"1041810";"ITC4";"S13";"2230801";""
"2015-05-31";"1070001";"1041810";"IT";"SBI9";"7677035";""
"2015-05-31";"1070001";"1041810";"ITC4";"S14";"181319695";""
"2015-05-31";"1070001";"1041810";"ITC41";"S124";"7425";""
"2015-05-31";"1070001";"1041810";"ITC41";"S11";"3150134";""
"2015-05-31";"1070001";"1041810";"ITC4";"S14BI2";"8868358";""
"2015-05-31";"1070001";"1041810";"ITC4";"SBI9";"3306748";""
"2015-05-31";"1070001";"1041810";"ITC41";"450";"5055";""
"2015-05-31";"1070001";"1041810";"ITC41";"S129";"22";""
"2015-05-31";"1070001";"1041810";"ITC41";"S13";"79130";""
"2015-05-31";"1070001";"1041810";"IT";"S12BI66";"50311527";""
"2015-05-31";"1070001";"1041810";"IT";"S13";"89362301";""
"2015-05-31";"1070001";"1041810";"ITC4";"600";"172451337";""
"2015-05-31";"1070001";"1041810";"ITC41";"S11BI32";"2732830";""
"2015-05-31";"1070001";"1041810";"ITC4";"S1314";"19124";""
"2015-05-31";"1070001";"1041810";"ITC4";"S11";"60688594";""
"2015-05-31";"1070001";"1041810";"ITC4";"S11BI8";"2770567";""
"2015-05-31";"1070001";"1041810";"IT";"S126";"19098373";""
"2015-05-31";"1070001";"1041810";"ITC41";"S127";"35324";""
"2015-05-31";"1070001";"1041810";"ITC41";"SBI59";"18563716";""
"2015-05-31";"1070001";"1041810";"IT";"S1313";"10830439";""
"2015-05-31";"1070001";"1041810";"ITC4";"S12BI66";"12780730";""
"2015-05-31";"1070001";"1041810";"ITC41";"S11001";"55909";""
"2015-04-30";"1070001";"1041810";"IT";"S11BI7";"5862885";""
"2015-04-30";"1070001";"1041810";"ITC41";"S126";"34212";""
"2015-04-30";"1070001";"1041810";"ITC41";"S128";"21";""
"2015-04-30";"1070001";"1041810";"ITC41";"S12BI66";"31953";""
"2015-04-30";"1070001";"1041810";"ITC41";"S13";"77691";""
"2015-04-30";"1070001";"1041810";"ITC41";"SBI59";"18053137";""
"2015-04-30";"1070001";"1041810";"ITC4";"SBI59";"299234606";""
"2015-04-30";"1070001";"1041810";"ITC41";"450";"5138";""
"2015-04-30";"1070001";"1041810";"ITC41";"S11";"2844266";""
"2015-04-30";"1070001";"1041810";"IT";"S124";"17558011";""
"2015-04-30";"1070001";"1041810";"ITC4";"S13";"2258874";""
"2015-04-30";"1070001";"1041810";"ITC41";"S127";"35967";""
"2015-04-30";"1070001";"1041810";"ITC4";"S11001";"1073089";""
"2015-04-30";"1070001";"1041810";"ITC4";"S15";"4932622";""
"2015-04-30";"1070001";"1041810";"ITC41";"S11001";"58270";""
"2015-04-30";"1070001";"1041810";"IT";"S12BI66";"50573163";""
"2015-04-30";"1070001";"1041810";"IT";"S14";"922457891";""
"2015-04-30";"1070001";"1041810";"IT";"S15";"23480641";""
"2015-04-30";"1070001";"1041810";"IT";"S11BI8";"11836795";""
"2015-04-30";"1070001";"1041810";"IT";"S126";"18500548";""
"2015-04-30";"1070001";"1041810";"ITC4";"450";"190166";""
"2015-04-30";"1070001";"1041810";"ITC41";"S11BI8";"209522";""
"2015-04-30";"1070001";"1041810";"ITC41";"S124";"12788";""
"2015-04-30";"1070001";"1041810";"ITC4";"S11";"57158659";""
"2015-04-30";"1070001";"1041810";"IT";"S12BI7";"116908717";""
"2015-04-30";"1070001";"1041810";"IT";"S14BI2";"47059231";""
"2015-04-30";"1070001";"1041810";"IT";"SBI9";"6527765";""
"2015-04-30";"1070001";"1041810";"ITC4";"S126";"11738972";""
"2015-04-30";"1070001";"1041810";"ITC41";"S12BI7";"114963";""
"2015-04-30";"1070001";"1041810";"ITC4";"S14BI2";"8563842";""
"2015-04-30";"1070001";"1041810";"ITC4";"S1314";"22668";""
"2015-04-30";"1070001";"1041810";"ITC4";"S129";"1627126";""
"2015-04-30";"1070001";"1041810";"ITC4";"S12BI66";"13448220";""
"2015-04-30";"1070001";"1041810";"ITC4";"S1313";"1357660";""
"2015-04-30";"1070001";"1041810";"IT";"S129";"4679008";""
"2015-04-30";"1070001";"1041810";"IT";"600";"875398660";""
"2015-04-30";"1070001";"1041810";"IT";"SBI59";"1361715875";""
"2015-04-30";"1070001";"1041810";"IT";"S1311";"67460529";""
"2015-04-30";"1070001";"1041810";"ITC41";"S11BI7";"113233";""
"2015-04-30";"1070001";"1041810";"ITC41";"S1314";"421";""
"2015-04-30";"1070001";"1041810";"ITC41";"S14";"14702738";""
"2015-04-30";"1070001";"1041810";"ITC4";"SBI9";"2206567";""
"2015-04-30";"1070001";"1041810";"ITC41";"600";"14158887";""
"2015-04-30";"1070001";"1041810";"IT";"S11BI32";"171489860";""
"2015-04-30";"1070001";"1041810";"IT";"S128";"16165837";""
"2015-04-30";"1070001";"1041810";"IT";"S1313";"10946214";""
"2015-04-30";"1070001";"1041810";"ITC41";"S129";"22";""
"2015-04-30";"1070001";"1041810";"ITC41";"S1313";"37224";""
"2015-04-30";"1070001";"1041810";"ITC4";"S128";"4329410";""
"2015-04-30";"1070001";"1041810";"ITC4";"S12BI7";"52198545";""
"2015-04-30";"1070001";"1041810";"ITC4";"S1311";"878546";""
"2015-04-30";"1070001";"1041810";"IT";"S11";"206844241";""
"2015-04-30";"1070001";"1041810";"IT";"S11001";"16765748";""
"2015-04-30";"1070001";"1041810";"IT";"450";"888954";""
"2015-04-30";"1070001";"1041810";"IT";"S1314";"7089877";""
"2015-04-30";"1070001";"1041810";"IT";"S127";"9432150";""
"2015-04-30";"1070001";"1041810";"ITC4";"S11BI8";"2543260";""
"2015-04-30";"1070001";"1041810";"ITC41";"S15";"253356";""
"2015-04-30";"1070001";"1041810";"ITC41";"SBI9";"60124";""
"2015-04-30";"1070001";"1041810";"ITC4";"S11BI32";"51912814";""
"2015-04-30";"1070001";"1041810";"ITC4";"S11BI7";"1439331";""
"2015-04-30";"1070001";"1041810";"ITC4";"600";"171915497";""
"2015-04-30";"1070001";"1041810";"ITC4";"S14";"180479339";""
"2015-04-30";"1070001";"1041810";"ITC4";"S127";"6138940";""
"2015-04-30";"1070001";"1041810";"ITC41";"S11BI32";"2458104";""
"2015-04-30";"1070001";"1041810";"ITC4";"S124";"14915877";""
"2015-04-30";"1070001";"1041810";"ITC41";"S1311";"40046";""
"2015-04-30";"1070001";"1041810";"IT";"S13";"85496620";""
"2015-04-30";"1070001";"1041810";"ITC41";"S14BI2";"543850";""
"2015-03-31";"1070001";"1041810";"ITC41";"S1313";"37281";""
"2015-03-31";"1070001";"1041810";"ITC41";"SBI9";"62328";""
"2015-03-31";"1070001";"1041810";"IT";"S11BI7";"5592407";""
"2015-03-31";"1070001";"1041810";"IT";"S11BI8";"11346146";""
"2015-03-31";"1070001";"1041810";"IT";"S128";"15364254";""
"2015-03-31";"1070001";"1041810";"IT";"600";"877187157";""
"2015-03-31";"1070001";"1041810";"ITC4";"S129";"1215719";""
"2015-03-31";"1070001";"1041810";"ITC4";"S11001";"1040151";""
"2015-03-31";"1070001";"1041810";"ITC4";"S11BI32";"51783959";""
"2015-03-31";"1070001";"1041810";"ITC4";"S126";"11731328";""
"2015-03-31";"1070001";"1041810";"IT";"S127";"8740877";""
"2015-03-31";"1070001";"1041810";"ITC4";"S128";"4448784";""
"2015-03-31";"1070001";"1041810";"ITC4";"S11BI8";"2435172";""
"2015-03-31";"1070001";"1041810";"ITC4";"S11";"56845009";""
"2015-03-31";"1070001";"1041810";"ITC41";"S129";"22";""
"2015-03-31";"1070001";"1041810";"ITC41";"S12BI7";"108664";""
"2015-03-31";"1070001";"1041810";"ITC4";"S1314";"27939";""
"2015-03-31";"1070001";"1041810";"ITC4";"SBI59";"294810738";""
"2015-03-31";"1070001";"1041810";"ITC41";"S11BI8";"198964";""
"2015-03-31";"1070001";"1041810";"IT";"450";"923606";""
"2015-03-31";"1070001";"1041810";"IT";"S11";"205285180";""
"2015-03-31";"1070001";"1041810";"ITC41";"S15";"257049";""
"2015-03-31";"1070001";"1041810";"IT";"S14";"923272630";""
"2015-03-31";"1070001";"1041810";"ITC4";"S15";"4896206";""
"2015-03-31";"1070001";"1041810";"IT";"S11001";"16708813";""
"2015-03-31";"1070001";"1041810";"IT";"S1313";"11124194";""
"2015-03-31";"1070001";"1041810";"ITC4";"S1311";"865392";""
"2015-03-31";"1070001";"1041810";"ITC4";"450";"218587";""
"2015-03-31";"1070001";"1041810";"ITC4";"600";"172620391";""
"2015-03-31";"1070001";"1041810";"ITC4";"SBI9";"2222979";""
"2015-03-31";"1070001";"1041810";"IT";"S12BI66";"52533110";""
"2015-03-31";"1070001";"1041810";"IT";"S1311";"73113515";""
"2015-03-31";"1070001";"1041810";"ITC41";"S14BI2";"521924";""
"2015-03-31";"1070001";"1041810";"ITC41";"S124";"7500";""
"2015-03-31";"1070001";"1041810";"ITC41";"S127";"36410";""
"2015-03-31";"1070001";"1041810";"ITC41";"S14";"14789454";""
"2015-03-31";"1070001";"1041810";"ITC41";"S1311";"38726";""
"2015-03-31";"1070001";"1041810";"IT";"S14BI2";"46085473";""
"2015-03-31";"1070001";"1041810";"ITC4";"S11BI7";"1367141";""
"2015-03-31";"1070001";"1041810";"ITC4";"S13";"2254863";""
"2015-03-31";"1070001";"1041810";"ITC4";"S14";"180987119";""
"2015-03-31";"1070001";"1041810";"IT";"SBI59";"1364250319";""
"2015-03-31";"1070001";"1041810";"IT";"SBI9";"6630307";""
"2015-03-31";"1070001";"1041810";"ITC41";"S11001";"53513";""
"2015-03-31";"1070001";"1041810";"ITC4";"S1313";"1361532";""
"2015-03-31";"1070001";"1041810";"ITC41";"S11BI32";"2434743";""
"2015-03-31";"1070001";"1041810";"ITC41";"S11BI7";"107548";""
"2015-03-31";"1070001";"1041810";"ITC4";"S124";"11777963";""
"2015-03-31";"1070001";"1041810";"IT";"S126";"18652532";""
"2015-03-31";"1070001";"1041810";"ITC41";"S1314";"496";""
"2015-03-31";"1070001";"1041810";"ITC41";"SBI59";"18093492";""
"2015-03-31";"1070001";"1041810";"ITC4";"S127";"5501061";""
"2015-03-31";"1070001";"1041810";"ITC4";"S12BI66";"12929707";""
"2015-03-31";"1070001";"1041810";"IT";"S1314";"8162006";""
"2015-03-31";"1070001";"1041810";"IT";"S15";"23426855";""
"2015-03-31";"1070001";"1041810";"IT";"S12BI7";"113235630";""
"2015-03-31";"1070001";"1041810";"ITC41";"S12BI66";"29843";""
"2015-03-31";"1070001";"1041810";"ITC4";"S12BI7";"47604563";""
"2015-03-31";"1070001";"1041810";"ITC4";"S14BI2";"8366728";""
"2015-03-31";"1070001";"1041810";"ITC41";"S126";"34863";""
"2015-03-31";"1070001";"1041810";"ITC41";"450";"4724";""
"2015-03-31";"1070001";"1041810";"ITC41";"S11";"2799492";""
"2015-03-31";"1070001";"1041810";"IT";"S11BI32";"170714208";""
"2015-03-31";"1070001";"1041810";"IT";"S124";"13978334";""
"2015-03-31";"1070001";"1041810";"IT";"S129";"3966524";""
"2015-03-31";"1070001";"1041810";"ITC41";"S13";"76504";""
"2015-03-31";"1070001";"1041810";"ITC41";"S128";"26";""
"2015-03-31";"1070001";"1041810";"ITC41";"600";"14267530";""
"2015-03-31";"1070001";"1041810";"IT";"S13";"92399715";""
"2015-02-28";"1070001";"1041810";"ITC41";"S14BI2";"518747";""
"2015-02-28";"1070001";"1041810";"ITC4";"S11";"56119750";""
"2015-02-28";"1070001";"1041810";"IT";"S12BI7";"111285345";""
"2015-02-28";"1070001";"1041810";"ITC4";"S127";"5856154";""
"2015-02-28";"1070001";"1041810";"ITC4";"S128";"4528185";""
"2015-02-28";"1070001";"1041810";"ITC41";"S128";"16";""
"2015-02-28";"1070001";"1041810";"ITC41";"S12BI7";"98075";""
"2015-02-28";"1070001";"1041810";"ITC41";"S1311";"36394";""
"2015-02-28";"1070001";"1041810";"ITC4";"SBI59";"293526912";""
"2015-02-28";"1070001";"1041810";"ITC4";"SBI9";"2302292";""
"2015-02-28";"1070001";"1041810";"IT";"450";"988237";""
"2015-02-28";"1070001";"1041810";"IT";"S11BI32";"169855849";""
"2015-02-28";"1070001";"1041810";"IT";"S126";"17883566";""
"2015-02-28";"1070001";"1041810";"IT";"S127";"8655038";""
"2015-02-28";"1070001";"1041810";"IT";"S129";"3834024";""
"2015-02-28";"1070001";"1041810";"IT";"S12BI66";"50378293";""
"2015-02-28";"1070001";"1041810";"ITC41";"S11001";"49702";""
"2015-02-28";"1070001";"1041810";"ITC41";"S14";"14738736";""
"2015-02-28";"1070001";"1041810";"ITC41";"SBI59";"18126325";""
"2015-02-28";"1070001";"1041810";"ITC4";"450";"273779";""
"2015-02-28";"1070001";"1041810";"ITC4";"S11BI32";"51199436";""
"2015-02-28";"1070001";"1041810";"ITC41";"450";"4889";""
"2015-02-28";"1070001";"1041810";"ITC4";"S124";"10948766";""
"2015-02-28";"1070001";"1041810";"ITC4";"S12BI66";"13011496";""
"2015-02-28";"1070001";"1041810";"ITC41";"S1313";"38025";""
"2015-02-28";"1070001";"1041810";"IT";"S14BI2";"46017830";""
"2015-02-28";"1070001";"1041810";"IT";"S1314";"6799947";""
"2015-02-28";"1070001";"1041810";"IT";"S14";"924484474";""
"2015-02-28";"1070001";"1041810";"ITC41";"S126";"33119";""
"2015-02-28";"1070001";"1041810";"ITC41";"S13";"74961";""
"2015-02-28";"1070001";"1041810";"IT";"SBI9";"6668024";""
"2015-02-28";"1070001";"1041810";"IT";"S13";"86621810";""
"2015-02-28";"1070001";"1041810";"ITC41";"S11BI7";"112620";""
"2015-02-28";"1070001";"1041810";"IT";"S128";"17050736";""
"2015-02-28";"1070001";"1041810";"ITC4";"S126";"11334846";""
"2015-02-28";"1070001";"1041810";"ITC4";"S1314";"23041";""
"2015-02-28";"1070001";"1041810";"ITC4";"S15";"4966900";""
"2015-02-28";"1070001";"1041810";"IT";"600";"878466643";""
"2015-02-28";"1070001";"1041810";"IT";"S11BI7";"5835494";""
"2015-02-28";"1070001";"1041810";"IT";"S124";"13483687";""
"2015-02-28";"1070001";"1041810";"ITC4";"S12BI7";"46861575";""
"2015-02-28";"1070001";"1041810";"ITC4";"S14";"180956137";""
"2015-02-28";"1070001";"1041810";"ITC41";"S1314";"543";""
"2015-02-28";"1070001";"1041810";"ITC41";"S15";"257304";""
"2015-02-28";"1070001";"1041810";"ITC4";"600";"172577122";""
"2015-02-28";"1070001";"1041810";"IT";"S1313";"11439119";""
"2015-02-28";"1070001";"1041810";"ITC41";"S129";"22";""
"2015-02-28";"1070001";"1041810";"ITC41";"S11";"2897273";""
"2015-02-28";"1070001";"1041810";"ITC41";"S11BI32";"2528879";""
"2015-02-28";"1070001";"1041810";"IT";"S11";"203117248";""
"2015-02-28";"1070001";"1041810";"ITC4";"S11BI8";"2499731";""
"2015-02-28";"1070001";"1041810";"ITC4";"S13";"2320258";""
"2015-02-28";"1070001";"1041810";"ITC4";"S1311";"850918";""
"2015-02-28";"1070001";"1041810";"ITC4";"S1313";"1446298";""
"2015-02-28";"1070001";"1041810";"ITC41";"600";"14219989";""
"2015-02-28";"1070001";"1041810";"ITC41";"S11BI8";"201183";""
"2015-02-28";"1070001";"1041810";"ITC4";"S11001";"704564";""
"2015-02-28";"1070001";"1041810";"ITC41";"S124";"10297";""
"2015-02-28";"1070001";"1041810";"ITC41";"S12BI66";"26037";""
"2015-02-28";"1070001";"1041810";"IT";"S11BI8";"11656085";""
"2015-02-28";"1070001";"1041810";"ITC41";"SBI9";"59977";""
"2015-02-28";"1070001";"1041810";"ITC4";"S14BI2";"8379016";""
"2015-02-28";"1070001";"1041810";"ITC4";"S11BI7";"1442241";""
"2015-02-28";"1070001";"1041810";"IT";"S15";"23662214";""
"2015-02-28";"1070001";"1041810";"IT";"SBI59";"1355839115";""
"2015-02-28";"1070001";"1041810";"IT";"S1311";"68382744";""
"2015-02-28";"1070001";"1041810";"ITC41";"S127";"28583";""
"2015-02-28";"1070001";"1041810";"IT";"S11001";"14781583";""
"2015-02-28";"1070001";"1041810";"ITC4";"S129";"1182128";""
"2015-01-31";"1070001";"1041810";"IT";"S12BI66";"50906684";""
"2015-01-31";"1070001";"1041810";"ITC41";"S127";"29066";""
"2015-01-31";"1070001";"1041810";"ITC41";"S12BI66";"27098";""
"2015-01-31";"1070001";"1041810";"IT";"450";"973286";""
"2015-01-31";"1070001";"1041810";"ITC4";"S14BI2";"8186080";""
"2015-01-31";"1070001";"1041810";"ITC4";"S14";"181704522";""
"2015-01-31";"1070001";"1041810";"ITC4";"S15";"5021173";""
"2015-01-31";"1070001";"1041810";"ITC4";"S11BI32";"51685929";""
"2015-01-31";"1070001";"1041810";"IT";"SBI59";"1352681887";""
"2015-01-31";"1070001";"1041810";"ITC41";"S11001";"51349";""
"2015-01-31";"1070001";"1041810";"ITC41";"S129";"22";""
"2015-01-31";"1070001";"1041810";"ITC41";"S13";"75262";""
"2015-01-31";"1070001";"1041810";"IT";"S11";"201661387";""
"2015-01-31";"1070001";"1041810";"IT";"S127";"8916387";""
"2015-01-31";"1070001";"1041810";"ITC4";"S129";"1588398";""
"2015-01-31";"1070001";"1041810";"ITC4";"S1311";"780237";""
"2015-01-31";"1070001";"1041810";"ITC41";"S11";"2873674";""
"2015-01-31";"1070001";"1041810";"IT";"S15";"23435630";""
"2015-01-31";"1070001";"1041810";"IT";"S124";"14895812";""
"2015-01-31";"1070001";"1041810";"IT";"S129";"4837682";""
"2015-01-31";"1070001";"1041810";"ITC41";"S1313";"38553";""
"2015-01-31";"1070001";"1041810";"ITC4";"S1314";"24726";""
"2015-01-31";"1070001";"1041810";"ITC4";"SBI9";"2950871";""
"2015-01-31";"1070001";"1041810";"ITC41";"SBI59";"18103481";""
"2015-01-31";"1070001";"1041810";"ITC41";"SBI9";"61829";""
"2015-01-31";"1070001";"1041810";"ITC4";"450";"288892";""
"2015-01-31";"1070001";"1041810";"IT";"S12BI7";"116301222";""
"2015-01-31";"1070001";"1041810";"IT";"S13";"80525257";""
"2015-01-31";"1070001";"1041810";"IT";"S1311";"61703667";""
"2015-01-31";"1070001";"1041810";"ITC4";"S13";"2191884";""
"2015-01-31";"1070001";"1041810";"ITC41";"S1311";"36457";""
"2015-01-31";"1070001";"1041810";"ITC4";"S126";"11939588";""
"2015-01-31";"1070001";"1041810";"ITC41";"450";"4670";""
"2015-01-31";"1070001";"1041810";"ITC4";"S11";"56530868";""
"2015-01-31";"1070001";"1041810";"IT";"S1313";"11963378";""
"2015-01-31";"1070001";"1041810";"ITC41";"S11BI32";"2501478";""
"2015-01-31";"1070001";"1041810";"ITC41";"S11BI7";"112331";""
"2015-01-31";"1070001";"1041810";"IT";"SBI9";"7387718";""
"2015-01-31";"1070001";"1041810";"ITC41";"S124";"11949";""
"2015-01-31";"1070001";"1041810";"ITC41";"S126";"34114";""
"2015-01-31";"1070001";"1041810";"IT";"S128";"18225163";""
"2015-01-31";"1070001";"1041810";"ITC41";"S1314";"252";""
"2015-01-31";"1070001";"1041810";"IT";"600";"877892718";""
"2015-01-31";"1070001";"1041810";"ITC41";"S11BI8";"203846";""
"2015-01-31";"1070001";"1041810";"ITC41";"S15";"254661";""
"2015-01-31";"1070001";"1041810";"ITC4";"S12BI66";"13650895";""
"2015-01-31";"1070001";"1041810";"ITC41";"600";"14229946";""
"2015-01-31";"1070001";"1041810";"IT";"S14";"923370671";""
"2015-01-31";"1070001";"1041810";"IT";"S11BI7";"5853315";""
"2015-01-31";"1070001";"1041810";"ITC4";"S128";"4655396";""
"2015-01-31";"1070001";"1041810";"ITC4";"S12BI7";"49683938";""
"2015-01-31";"1070001";"1041810";"ITC4";"600";"173518442";""
"2015-01-31";"1070001";"1041810";"ITC4";"S11001";"658099";""
"2015-01-31";"1070001";"1041810";"ITC41";"S128";"10";""
"2015-01-31";"1070001";"1041810";"IT";"S11BI32";"168749446";""
"2015-01-31";"1070001";"1041810";"ITC4";"S1313";"1386921";""
"2015-01-31";"1070001";"1041810";"IT";"S1314";"6858212";""
"2015-01-31";"1070001";"1041810";"IT";"S14BI2";"45477953";""
"2015-01-31";"1070001";"1041810";"IT";"S126";"18519494";""
"2015-01-31";"1070001";"1041810";"ITC4";"S124";"11840535";""
"2015-01-31";"1070001";"1041810";"ITC4";"S11BI8";"2454928";""
"2015-01-31";"1070001";"1041810";"ITC41";"S12BI7";"102257";""
"2015-01-31";"1070001";"1041810";"ITC41";"S14BI2";"505852";""
"2015-01-31";"1070001";"1041810";"IT";"S11001";"14524726";""
"2015-01-31";"1070001";"1041810";"ITC41";"S14";"14735798";""
"2015-01-31";"1070001";"1041810";"IT";"S11BI8";"11560613";""
"2015-01-31";"1070001";"1041810";"ITC4";"S127";"6009125";""
"2015-01-31";"1070001";"1041810";"ITC4";"SBI59";"298083255";""
"2015-01-31";"1070001";"1041810";"ITC4";"S11BI7";"1443019";""
"2014-12-31";"1070001";"1041810";"IT";"S12BI66";"53625711";""
"2014-12-31";"1070001";"1041810";"ITC41";"S13";"84712";""
"2014-12-31";"1070001";"1041810";"ITC4";"S127";"6048145";""
"2014-12-31";"1070001";"1041810";"ITC4";"S14";"179770955";""
"2014-12-31";"1070001";"1041810";"IT";"S11";"206125873";""
"2014-12-31";"1070001";"1041810";"IT";"S11001";"17117414";""
"2014-12-31";"1070001";"1041810";"IT";"S126";"18171921";""
"2014-12-31";"1070001";"1041810";"IT";"S15";"23294323";""
"2014-12-31";"1070001";"1041810";"ITC41";"S11BI7";"112773";""
"2014-12-31";"1070001";"1041810";"ITC41";"S127";"29592";""
"2014-12-31";"1070001";"1041810";"ITC41";"S129";"22";""
"2014-12-31";"1070001";"1041810";"ITC41";"S14";"14618430";""
"2014-12-31";"1070001";"1041810";"ITC4";"S124";"10249767";""
"2014-12-31";"1070001";"1041810";"IT";"S1313";"12388687";""
"2014-12-31";"1070001";"1041810";"IT";"S14";"920693050";""
"2014-12-31";"1070001";"1041810";"IT";"SBI59";"1337545571";""
"2014-12-31";"1070001";"1041810";"ITC41";"S14BI2";"498586";""
"2014-12-31";"1070001";"1041810";"ITC4";"S11BI8";"2373871";""
"2014-12-31";"1070001";"1041810";"ITC41";"S126";"37948";""
"2014-12-31";"1070001";"1041810";"ITC41";"S128";"18";""
"2014-12-31";"1070001";"1041810";"ITC41";"S12BI66";"26298";""
"2014-12-31";"1070001";"1041810";"ITC41";"S1313";"52771";""
"2014-12-31";"1070001";"1041810";"ITC4";"S15";"4849516";""
"2014-12-31";"1070001";"1041810";"IT";"S12BI7";"111404658";""
"2014-12-31";"1070001";"1041810";"IT";"S11BI32";"170998668";""
"2014-12-31";"1070001";"1041810";"ITC4";"450";"257528";""
"2014-12-31";"1070001";"1041810";"ITC4";"S11";"56657864";""
"2014-12-31";"1070001";"1041810";"ITC4";"S11BI32";"51972122";""
"2014-12-31";"1070001";"1041810";"ITC4";"S11BI7";"1416904";""
"2014-12-31";"1070001";"1041810";"ITC4";"S12BI66";"12148715";""
"2014-12-31";"1070001";"1041810";"ITC4";"S126";"10104091";""
"2014-12-31";"1070001";"1041810";"ITC4";"S129";"1137704";""
"2014-12-31";"1070001";"1041810";"ITC4";"SBI9";"2948801";""
"2014-12-31";"1070001";"1041810";"IT";"450";"967209";""
"2014-12-31";"1070001";"1041810";"ITC4";"S14BI2";"8059363";""
"2014-12-31";"1070001";"1041810";"ITC4";"600";"171711592";""
"2014-12-31";"1070001";"1041810";"IT";"S11BI8";"11291309";""
"2014-12-31";"1070001";"1041810";"IT";"S127";"9110043";""
"2014-12-31";"1070001";"1041810";"IT";"S128";"14397496";""
"2014-12-31";"1070001";"1041810";"IT";"S129";"3738415";""
"2014-12-31";"1070001";"1041810";"IT";"S1311";"49483095";""
"2014-12-31";"1070001";"1041810";"ITC41";"S1311";"31696";""
"2014-12-31";"1070001";"1041810";"ITC41";"S15";"252790";""
"2014-12-31";"1070001";"1041810";"IT";"S13";"68711836";""
"2014-12-31";"1070001";"1041810";"ITC41";"S11001";"44475";""
"2014-12-31";"1070001";"1041810";"ITC41";"S12BI7";"103491";""
"2014-12-31";"1070001";"1041810";"ITC4";"S1313";"1450333";""
"2014-12-31";"1070001";"1041810";"ITC41";"SBI59";"18013907";""
"2014-12-31";"1070001";"1041810";"ITC41";"600";"14119844";""
"2014-12-31";"1070001";"1041810";"ITC41";"S11";"2892466";""
"2014-12-31";"1070001";"1041810";"ITC41";"S11BI8";"194809";""
"2014-12-31";"1070001";"1041810";"IT";"S11BI7";"5751274";""
"2014-12-31";"1070001";"1041810";"IT";"S1314";"6840055";""
"2014-12-31";"1070001";"1041810";"ITC41";"S124";"9615";""
"2014-12-31";"1070001";"1041810";"ITC41";"S1314";"245";""
"2014-12-31";"1070001";"1041810";"ITC4";"S128";"4002118";""
"2014-12-31";"1070001";"1041810";"ITC4";"S13";"2330100";""
"2014-12-31";"1070001";"1041810";"ITC4";"S1311";"774081";""
"2014-12-31";"1070001";"1041810";"ITC4";"S1314";"105686";""
"2014-12-31";"1070001";"1041810";"ITC41";"SBI9";"62018";""
"2014-12-31";"1070001";"1041810";"IT";"600";"875585268";""
"2014-12-31";"1070001";"1041810";"IT";"S124";"12361072";""
"2014-12-31";"1070001";"1041810";"ITC4";"S11001";"637439";""
"2014-12-31";"1070001";"1041810";"ITC41";"S11BI32";"2536013";""
"2014-12-31";"1070001";"1041810";"IT";"SBI9";"7315830";""
"2014-12-31";"1070001";"1041810";"ITC4";"S12BI7";"43690539";""
"2014-12-31";"1070001";"1041810";"ITC4";"SBI59";"290247776";""
"2014-12-31";"1070001";"1041810";"ITC41";"450";"4397";""
"2014-12-31";"1070001";"1041810";"IT";"S14BI2";"45107782";""
"2014-11-30";"1070001";"1041810";"ITC41";"S12BI7";"95960";""
"2014-11-30";"1070001";"1041810";"IT";"SBI9";"7060227";""
"2014-11-30";"1070001";"1041810";"IT";"S15";"24007452";""
"2014-11-30";"1070001";"1041810";"IT";"SBI59";"1338684283";""
"2014-11-30";"1070001";"1041810";"ITC4";"S12BI6";"23504808";""
"2014-11-30";"1070001";"1041810";"ITC4";"SBI59";"288169819";""
"2014-11-30";"1070001";"1041810";"ITC41";"S13";"92658";""
"2014-11-30";"1070001";"1041810";"IT";"S1314";"7106688";""
"2014-11-30";"1070001";"1041810";"IT";"S14BI2";"46496516";""
"2014-11-30";"1070001";"1041810";"ITC41";"S14";"14333378";""
"2014-11-30";"1070001";"1041810";"ITC4";"600";"167285317";""
"2014-11-30";"1070001";"1041810";"IT";"S14";"905539779";""
"2014-11-30";"1070001";"1041810";"ITC4";"S11001";"537883";""
"2014-11-30";"1070001";"1041810";"ITC4";"S11BI8";"2591118";""
"2014-11-30";"1070001";"1041810";"ITC4";"S12BI7";"37844573";""
"2014-11-30";"1070001";"1041810";"ITC41";"S11001";"36236";""
"2014-11-30";"1070001";"1041810";"ITC41";"S11BI8";"210480";""
"2014-11-30";"1070001";"1041810";"ITC41";"S12I";"41";""
"2014-11-30";"1070001";"1041810";"IT";"S11001";"14548990";""
"2014-11-30";"1070001";"1041810";"IT";"S1313";"12370103";""
"2014-11-30";"1070001";"1041810";"ITC41";"S1314";"284";""
"2014-11-30";"1070001";"1041810";"ITC41";"S15";"263111";""
"2014-11-30";"1070001";"1041810";"IT";"S12BI7";"101072083";""
"2014-11-30";"1070001";"1041810";"ITC41";"S11BI7";"125526";""
"2014-11-30";"1070001";"1041810";"ITC41";"S126";"28331";""
"2014-11-30";"1070001";"1041810";"IT";"S11";"223810133";""
"2014-11-30";"1070001";"1041810";"IT";"S12I";"20357062";""
"2014-11-30";"1070001";"1041810";"ITC4";"S12I";"5282504";""
"2014-11-30";"1070001";"1041810";"ITC4";"S1314";"70788";""
"2014-11-30";"1070001";"1041810";"ITC41";"450";"4564";""
"2014-11-30";"1070001";"1041810";"IT";"450";"1010222";""
"2014-11-30";"1070001";"1041810";"ITC41";"SBI9";"72596";""
"2014-11-30";"1070001";"1041810";"IT";"S13";"77194611";""
"2014-11-30";"1070001";"1041810";"ITC4";"S1311";"764426";""
"2014-11-30";"1070001";"1041810";"ITC41";"600";"13796585";""
"2014-11-30";"1070001";"1041810";"ITC41";"S11";"3066920";""
"2014-11-30";"1070001";"1041810";"ITC41";"S12BI6";"67588";""
"2014-11-30";"1070001";"1041810";"ITC41";"S1311";"31300";""
"2014-11-30";"1070001";"1041810";"IT";"S11BI31";"189621467";""
"2014-11-30";"1070001";"1041810";"ITC41";"SBI59";"17924622";""
"2014-11-30";"1070001";"1041810";"IT";"S1311";"57717819";""
"2014-11-30";"1070001";"1041810";"IT";"S11BI8";"12288943";""
"2014-11-30";"1070001";"1041810";"ITC4";"S126";"9057261";""
"2014-11-30";"1070001";"1041810";"ITC4";"S1313";"1459720";""
"2014-11-30";"1070001";"1041810";"ITC4";"S14";"175757180";""
"2014-11-30";"1070001";"1041810";"ITC4";"SBI9";"2584767";""
"2014-11-30";"1070001";"1041810";"ITC41";"S11BI31";"2690113";""
"2014-11-30";"1070001";"1041810";"ITC4";"S14BI2";"8471864";""
"2014-11-30";"1070001";"1041810";"ITC41";"S1313";"61075";""
"2014-11-30";"1070001";"1041810";"IT";"S12BI6";"65542410";""
"2014-11-30";"1070001";"1041810";"ITC4";"450";"294525";""
"2014-11-30";"1070001";"1041810";"ITC4";"S11";"64789122";""
"2014-11-30";"1070001";"1041810";"IT";"S11BI7";"6340511";""
"2014-11-30";"1070001";"1041810";"IT";"S126";"15172612";""
"2014-11-30";"1070001";"1041810";"ITC4";"S11BI7";"1578653";""
"2014-11-30";"1070001";"1041810";"ITC4";"S15";"4899242";""
"2014-11-30";"1070001";"1041810";"IT";"600";"859043262";""
"2014-11-30";"1070001";"1041810";"ITC41";"S14BI2";"536793";""
"2014-11-30";"1070001";"1041810";"ITC4";"S11BI31";"59786943";""
"2014-11-30";"1070001";"1041810";"ITC4";"S13";"2294934";""
"2014-10-31";"1070001";"1041810";"ITC4";"S12BI6";"24486904";""
"2014-10-31";"1070001";"1041810";"ITC4";"S1314";"41740";""
"2014-10-31";"1070001";"1041810";"ITC4";"SBI9";"2176031";""
"2014-10-31";"1070001";"1041810";"ITC41";"S12BI7";"76671";""
"2014-10-31";"1070001";"1041810";"IT";"SBI59";"1317589299";""
"2014-10-31";"1070001";"1041810";"IT";"S11001";"12582808";""
"2014-10-31";"1070001";"1041810";"IT";"S11BI7";"6063503";""
"2014-10-31";"1070001";"1041810";"IT";"S12BI6";"64393446";""
"2014-10-31";"1070001";"1041810";"IT";"S13";"75575651";""
"2014-10-31";"1070001";"1041810";"IT";"S14BI2";"45880815";""
"2014-10-31";"1070001";"1041810";"ITC4";"S126";"9067545";""
"2014-10-31";"1070001";"1041810";"ITC4";"S1313";"1497951";""
"2014-10-31";"1070001";"1041810";"ITC41";"S11001";"33368";""
"2014-10-31";"1070001";"1041810";"ITC4";"S11BI31";"56358860";""
"2014-10-31";"1070001";"1041810";"IT";"S15";"24043400";""
"2014-10-31";"1070001";"1041810";"IT";"S11";"210115641";""
"2014-10-31";"1070001";"1041810";"ITC41";"S1311";"30661";""
"2014-10-31";"1070001";"1041810";"ITC4";"S15";"4864958";""
"2014-10-31";"1070001";"1041810";"IT";"S14";"900072448";""
"2014-10-31";"1070001";"1041810";"IT";"600";"854191632";""
"2014-10-31";"1070001";"1041810";"IT";"S11BI31";"178373899";""
"2014-10-31";"1070001";"1041810";"ITC41";"S11BI8";"203160";""
"2014-10-31";"1070001";"1041810";"ITC41";"S126";"32020";""
"2014-10-31";"1070001";"1041810";"ITC41";"S1314";"327";""
"2014-10-31";"1070001";"1041810";"ITC41";"S13";"93784";""
"2014-10-31";"1070001";"1041810";"ITC41";"600";"13693022";""
"2014-10-31";"1070001";"1041810";"ITC41";"S11";"2841960";""
"2014-10-31";"1070001";"1041810";"ITC4";"S14";"174327812";""
"2014-10-31";"1070001";"1041810";"ITC4";"S11BI8";"2499601";""
"2014-10-31";"1070001";"1041810";"IT";"SBI9";"6568181";""
"2014-10-31";"1070001";"1041810";"IT";"S12BI7";"101213978";""
"2014-10-31";"1070001";"1041810";"IT";"S1311";"56202423";""
"2014-10-31";"1070001";"1041810";"IT";"S1313";"12568602";""
"2014-10-31";"1070001";"1041810";"ITC4";"600";"166047351";""
"2014-10-31";"1070001";"1041810";"ITC4";"S11";"61159705";""
"2014-10-31";"1070001";"1041810";"ITC4";"S11BI7";"1501322";""
"2014-10-31";"1070001";"1041810";"ITC41";"S14";"14211748";""
"2014-10-31";"1070001";"1041810";"IT";"450";"994475";""
"2014-10-31";"1070001";"1041810";"IT";"S12I";"21436353";""
"2014-10-31";"1070001";"1041810";"ITC41";"S1313";"62796";""
"2014-10-31";"1070001";"1041810";"ITC4";"450";"279273";""
"2014-10-31";"1070001";"1041810";"ITC4";"S11001";"520649";""
"2014-10-31";"1070001";"1041810";"ITC41";"S14BI2";"518727";""
"2014-10-31";"1070001";"1041810";"ITC4";"S1311";"762490";""
"2014-10-31";"1070001";"1041810";"IT";"S11BI8";"12100956";""
"2014-10-31";"1070001";"1041810";"IT";"S126";"15384179";""
"2014-10-31";"1070001";"1041810";"ITC41";"SBI59";"17554368";""
"2014-10-31";"1070001";"1041810";"ITC4";"S12BI7";"38565927";""
"2014-10-31";"1070001";"1041810";"ITC4";"S13";"2302182";""
"2014-10-31";"1070001";"1041810";"ITC4";"S12I";"5011478";""
"2014-10-31";"1070001";"1041810";"ITC4";"SBI59";"283396615";""
"2014-10-31";"1070001";"1041810";"ITC41";"S12BI6";"44603";""
"2014-10-31";"1070001";"1041810";"IT";"S1314";"6804625";""
"2014-10-31";"1070001";"1041810";"ITC41";"S11BI31";"2481626";""
"2014-10-31";"1070001";"1041810";"ITC41";"SBI9";"71131";""
"2014-10-31";"1070001";"1041810";"ITC41";"S12I";"48";""
"2014-10-31";"1070001";"1041810";"ITC41";"450";"4775";""
"2014-10-31";"1070001";"1041810";"ITC4";"S14BI2";"8280462";""
"2014-10-31";"1070001";"1041810";"ITC41";"S11BI7";"119031";""
"2014-10-31";"1070001";"1041810";"ITC41";"S15";"259074";""
"2014-09-30";"1070001";"1041810";"ITC4";"S14";"176054152";""
"2014-09-30";"1070001";"1041810";"ITC4";"SBI59";"284452724";""
"2014-09-30";"1070001";"1041810";"ITC41";"S1311";"37117";""
"2014-09-30";"1070001";"1041810";"ITC4";"S1314";"32417";""
"2014-09-30";"1070001";"1041810";"IT";"SBI9";"6851128";""
"2014-09-30";"1070001";"1041810";"ITC4";"S11BI31";"54554835";""
"2014-09-30";"1070001";"1041810";"ITC4";"S1313";"1532388";""
"2014-09-30";"1070001";"1041810";"ITC41";"S11BI7";"111073";""
"2014-09-30";"1070001";"1041810";"ITC41";"S11BI8";"194335";""
"2014-09-30";"1070001";"1041810";"IT";"S14";"904081776";""
"2014-09-30";"1070001";"1041810";"IT";"S11001";"13341839";""
"2014-09-30";"1070001";"1041810";"IT";"S11BI7";"5657308";""
"2014-09-30";"1070001";"1041810";"IT";"S12I";"25062894";""
"2014-09-30";"1070001";"1041810";"ITC4";"600";"167956188";""
"2014-09-30";"1070001";"1041810";"ITC4";"S11BI8";"2356079";""
"2014-09-30";"1070001";"1041810";"ITC4";"S12BI7";"39869574";""
"2014-09-30";"1070001";"1041810";"ITC4";"S15";"4697868";""
"2014-09-30";"1070001";"1041810";"ITC41";"S126";"29117";""
"2014-09-30";"1070001";"1041810";"ITC41";"S12BI6";"42751";""
"2014-09-30";"1070001";"1041810";"IT";"S1313";"12826814";""
"2014-09-30";"1070001";"1041810";"IT";"S1314";"7404949";""
"2014-09-30";"1070001";"1041810";"IT";"SBI59";"1319838567";""
"2014-09-30";"1070001";"1041810";"IT";"600";"859154357";""
"2014-09-30";"1070001";"1041810";"IT";"S11";"204999270";""
"2014-09-30";"1070001";"1041810";"ITC4";"S11";"59049229";""
"2014-09-30";"1070001";"1041810";"ITC4";"S12BI6";"24691363";""
"2014-09-30";"1070001";"1041810";"ITC41";"S1314";"651";""
"2014-09-30";"1070001";"1041810";"ITC4";"S14BI2";"8097964";""
"2014-09-30";"1070001";"1041810";"ITC41";"S12BI7";"71907";""
"2014-09-30";"1070001";"1041810";"ITC4";"450";"240765";""
"2014-09-30";"1070001";"1041810";"ITC4";"S126";"9680935";""
"2014-09-30";"1070001";"1041810";"ITC4";"S13";"2352131";""
"2014-09-30";"1070001";"1041810";"ITC4";"S1311";"787327";""
"2014-09-30";"1070001";"1041810";"IT";"S12BI6";"65844211";""
"2014-09-30";"1070001";"1041810";"IT";"S12BI7";"106170490";""
"2014-09-30";"1070001";"1041810";"IT";"S13";"73564080";""
"2014-09-30";"1070001";"1041810";"ITC41";"600";"13835699";""
"2014-09-30";"1070001";"1041810";"ITC41";"S11BI31";"2326132";""
"2014-09-30";"1070001";"1041810";"ITC41";"S12I";"39";""
"2014-09-30";"1070001";"1041810";"IT";"S15";"24171821";""
"2014-09-30";"1070001";"1041810";"IT";"S126";"15263385";""
"2014-09-30";"1070001";"1041810";"ITC41";"S1313";"64422";""
"2014-09-30";"1070001";"1041810";"ITC41";"SBI59";"17516778";""
"2014-09-30";"1070001";"1041810";"ITC41";"SBI9";"76513";""
"2014-09-30";"1070001";"1041810";"ITC41";"S14BI2";"507314";""
"2014-09-30";"1070001";"1041810";"ITC41";"S11001";"31615";""
"2014-09-30";"1070001";"1041810";"ITC4";"S11BI7";"1393867";""
"2014-09-30";"1070001";"1041810";"IT";"450";"949499";""
"2014-09-30";"1070001";"1041810";"IT";"S11BI31";"173241841";""
"2014-09-30";"1070001";"1041810";"IT";"S11BI8";"11808783";""
"2014-09-30";"1070001";"1041810";"ITC41";"S15";"255463";""
"2014-09-30";"1070001";"1041810";"ITC4";"SBI9";"2429769";""
"2014-09-30";"1070001";"1041810";"ITC4";"S12I";"5497277";""
"2014-09-30";"1070001";"1041810";"IT";"S1311";"53332317";""
"2014-09-30";"1070001";"1041810";"ITC41";"S14";"14343013";""
"2014-09-30";"1070001";"1041810";"ITC41";"450";"4536";""
"2014-09-30";"1070001";"1041810";"ITC41";"S11";"2667691";""
"2014-09-30";"1070001";"1041810";"ITC41";"S13";"102190";""
"2014-09-30";"1070001";"1041810";"IT";"S14BI2";"44927419";""
"2014-09-30";"1070001";"1041810";"ITC4";"S11001";"503682";""
"2014-08-31";"1070001";"1041810";"ITC41";"S14";"14357907";""
"2014-08-31";"1070001";"1041810";"IT";"S12BI6";"64787818";""
"2014-08-31";"1070001";"1041810";"IT";"SBI59";"1319031325";""
"2014-08-31";"1070001";"1041810";"ITC41";"S126";"24469";""
"2014-08-31";"1070001";"1041810";"ITC4";"S126";"8696722";""
"2014-08-31";"1070001";"1041810";"ITC4";"S14BI2";"8190354";""
"2014-08-31";"1070001";"1041810";"IT";"S12BI7";"102178892";""
"2014-08-31";"1070001";"1041810";"IT";"S1313";"13259780";""
"2014-08-31";"1070001";"1041810";"IT";"S15";"23978905";""
"2014-08-31";"1070001";"1041810";"ITC4";"S12I";"5481732";""
"2014-08-31";"1070001";"1041810";"ITC4";"SBI9";"2267694";""
"2014-08-31";"1070001";"1041810";"ITC41";"S11001";"31292";""
"2014-08-31";"1070001";"1041810";"ITC41";"S12BI7";"66601";""
"2014-08-31";"1070001";"1041810";"ITC41";"SBI59";"17661342";""
"2014-08-31";"1070001";"1041810";"ITC41";"SBI9";"71320";""
"2014-08-31";"1070001";"1041810";"IT";"S14BI2";"45449350";""
"2014-08-31";"1070001";"1041810";"ITC41";"S12I";"29";""
"2014-08-31";"1070001";"1041810";"ITC4";"600";"168278051";""
"2014-08-31";"1070001";"1041810";"IT";"600";"859252097";""
"2014-08-31";"1070001";"1041810";"IT";"S11BI31";"176412279";""
"2014-08-31";"1070001";"1041810";"IT";"S13";"73702426";""
"2014-08-31";"1070001";"1041810";"IT";"SBI9";"6737795";""
"2014-08-31";"1070001";"1041810";"ITC4";"S12BI6";"24360534";""
"2014-08-31";"1070001";"1041810";"ITC4";"S11BI31";"55252417";""
"2014-08-31";"1070001";"1041810";"ITC4";"S11BI7";"1504606";""
"2014-08-31";"1070001";"1041810";"ITC4";"S11";"59963516";""
"2014-08-31";"1070001";"1041810";"IT";"S1314";"6723693";""
"2014-08-31";"1070001";"1041810";"IT";"450";"975060";""
"2014-08-31";"1070001";"1041810";"IT";"S11BI8";"12455600";""
"2014-08-31";"1070001";"1041810";"ITC4";"S1314";"33743";""
"2014-08-31";"1070001";"1041810";"ITC41";"S11";"2820240";""
"2014-08-31";"1070001";"1041810";"ITC41";"S11BI8";"199589";""
"2014-08-31";"1070001";"1041810";"ITC41";"S14BI2";"522044";""
"2014-08-31";"1070001";"1041810";"ITC41";"S15";"243722";""
"2014-08-31";"1070001";"1041810";"ITC4";"450";"257696";""
"2014-08-31";"1070001";"1041810";"ITC4";"S11001";"481984";""
"2014-08-31";"1070001";"1041810";"IT";"S11001";"11821093";""
"2014-08-31";"1070001";"1041810";"IT";"S11BI7";"6067828";""
"2014-08-31";"1070001";"1041810";"IT";"S12I";"22955101";""
"2014-08-31";"1070001";"1041810";"ITC4";"S15";"4633647";""
"2014-08-31";"1070001";"1041810";"ITC41";"S11BI7";"120747";""
"2014-08-31";"1070001";"1041810";"ITC41";"S12BI6";"42103";""
"2014-08-31";"1070001";"1041810";"IT";"S126";"14435973";""
"2014-08-31";"1070001";"1041810";"IT";"S14";"904701446";""
"2014-08-31";"1070001";"1041810";"ITC41";"S1311";"35829";""
"2014-08-31";"1070001";"1041810";"ITC41";"S1313";"64768";""
"2014-08-31";"1070001";"1041810";"ITC41";"S1314";"954";""
"2014-08-31";"1070001";"1041810";"ITC4";"S12BI7";"38538988";""
"2014-08-31";"1070001";"1041810";"ITC4";"S14";"176468405";""
"2014-08-31";"1070001";"1041810";"ITC4";"SBI59";"284246757";""
"2014-08-31";"1070001";"1041810";"ITC41";"450";"4513";""
"2014-08-31";"1070001";"1041810";"ITC41";"600";"13835864";""
"2014-08-31";"1070001";"1041810";"ITC41";"S11BI31";"2464098";""
"2014-08-31";"1070001";"1041810";"ITC41";"S13";"101552";""
"2014-08-31";"1070001";"1041810";"IT";"S11";"207731860";""
"2014-08-31";"1070001";"1041810";"IT";"S1311";"53718953";""
"2014-08-31";"1070001";"1041810";"ITC4";"S11BI8";"2466815";""
"2014-08-31";"1070001";"1041810";"ITC4";"S13";"2374506";""
"2014-08-31";"1070001";"1041810";"ITC4";"S1311";"763567";""
"2014-08-31";"1070001";"1041810";"ITC4";"S1313";"1577196";""
"2014-07-31";"1070001";"1041810";"ITC41";"S1313";"59368";""
"2014-07-31";"1070001";"1041810";"ITC41";"SBI59";"17408827";""
"2014-07-31";"1070001";"1041810";"ITC41";"600";"13707578";""
"2014-07-31";"1070001";"1041810";"ITC4";"S11";"57669247";""
"2014-07-31";"1070001";"1041810";"ITC4";"S1314";"42748";""
"2014-07-31";"1070001";"1041810";"IT";"S1314";"6259068";""
"2014-07-31";"1070001";"1041810";"IT";"S14";"899772200";""
"2014-07-31";"1070001";"1041810";"ITC41";"S12I";"42";""
"2014-07-31";"1070001";"1041810";"ITC41";"450";"4943";""
"2014-07-31";"1070001";"1041810";"ITC41";"S11";"2664465";""
"2014-07-31";"1070001";"1041810";"ITC41";"S12BI6";"51878";""
"2014-07-31";"1070001";"1041810";"IT";"S12I";"23527107";""
"2014-07-31";"1070001";"1041810";"IT";"SBI59";"1306044975";""
"2014-07-31";"1070001";"1041810";"ITC4";"S11BI7";"1466146";""
"2014-07-31";"1070001";"1041810";"IT";"S11BI31";"169255536";""
"2014-07-31";"1070001";"1041810";"ITC4";"S13";"2305884";""
"2014-07-31";"1070001";"1041810";"ITC4";"S1311";"788280";""
"2014-07-31";"1070001";"1041810";"ITC41";"S11BI31";"2310404";""
"2014-07-31";"1070001";"1041810";"ITC4";"S1313";"1474855";""
"2014-07-31";"1070001";"1041810";"ITC41";"S12BI7";"85974";""
"2014-07-31";"1070001";"1041810";"ITC41";"S1311";"35262";""
"2014-07-31";"1070001";"1041810";"ITC4";"600";"166814904";""
"2014-07-31";"1070001";"1041810";"ITC4";"S11BI31";"53028480";""
"2014-07-31";"1070001";"1041810";"IT";"S14BI2";"45814913";""
"2014-07-31";"1070001";"1041810";"IT";"S1311";"54207326";""
"2014-07-31";"1070001";"1041810";"IT";"S12BI6";"63904089";""
"2014-07-31";"1070001";"1041810";"IT";"S12BI7";"102197107";""
"2014-07-31";"1070001";"1041810";"ITC41";"S13";"95589";""
"2014-07-31";"1070001";"1041810";"ITC41";"S1314";"959";""
"2014-07-31";"1070001";"1041810";"ITC41";"SBI9";"71202";""
"2014-07-31";"1070001";"1041810";"ITC4";"SBI9";"2177440";""
"2014-07-31";"1070001";"1041810";"ITC41";"S15";"241855";""
"2014-07-31";"1070001";"1041810";"IT";"S15";"23496552";""
"2014-07-31";"1070001";"1041810";"ITC4";"450";"261282";""
"2014-07-31";"1070001";"1041810";"ITC4";"S15";"4589955";""
"2014-07-31";"1070001";"1041810";"IT";"S11001";"12553678";""
"2014-07-31";"1070001";"1041810";"IT";"S11BI8";"11765697";""
"2014-07-31";"1070001";"1041810";"ITC41";"S11BI7";"118426";""
"2014-07-31";"1070001";"1041810";"ITC41";"S126";"34055";""
"2014-07-31";"1070001";"1041810";"ITC41";"S14";"14249742";""
"2014-07-31";"1070001";"1041810";"IT";"SBI9";"6555169";""
"2014-07-31";"1070001";"1041810";"ITC4";"S12BI7";"38621516";""
"2014-07-31";"1070001";"1041810";"IT";"600";"853957288";""
"2014-07-31";"1070001";"1041810";"IT";"S11";"200497745";""
"2014-07-31";"1070001";"1041810";"IT";"S11BI7";"5926578";""
"2014-07-31";"1070001";"1041810";"ITC41";"S11001";"30730";""
"2014-07-31";"1070001";"1041810";"ITC41";"S11BI8";"199962";""
"2014-07-31";"1070001";"1041810";"IT";"S1313";"13059808";""
"2014-07-31";"1070001";"1041810";"ITC4";"S11BI8";"2427305";""
"2014-07-31";"1070001";"1041810";"ITC4";"S11001";"486034";""
"2014-07-31";"1070001";"1041810";"ITC4";"S14BI2";"8373145";""
"2014-07-31";"1070001";"1041810";"ITC4";"SBI59";"280552091";""
"2014-07-31";"1070001";"1041810";"ITC4";"S126";"8918084";""
"2014-07-31";"1070001";"1041810";"ITC4";"S12BI6";"24343955";""
"2014-07-31";"1070001";"1041810";"ITC4";"S12I";"5359478";""
"2014-07-31";"1070001";"1041810";"ITC41";"S14BI2";"542164";""
"2014-07-31";"1070001";"1041810";"IT";"S13";"73526201";""
"2014-07-31";"1070001";"1041810";"ITC4";"S14";"175188049";""
"2014-07-31";"1070001";"1041810";"IT";"450";"996256";""
"2014-07-31";"1070001";"1041810";"IT";"S126";"14765911";""
"2014-06-30";"1070001";"1041810";"ITC4";"SBI9";"2438811";""
"2014-06-30";"1070001";"1041810";"ITC41";"S12BI7";"71172";""
"2014-06-30";"1070001";"1041810";"ITC41";"S1314";"1532";""
"2014-06-30";"1070001";"1041810";"ITC41";"SBI9";"73874";""
"2014-06-30";"1070001";"1041810";"ITC4";"S11001";"412057";""
"2014-06-30";"1070001";"1041810";"ITC4";"S1311";"766548";""
"2014-06-30";"1070001";"1041810";"ITC4";"450";"283905";""
"2014-06-30";"1070001";"1041810";"ITC4";"S11";"57358498";""
"2014-06-30";"1070001";"1041810";"ITC41";"S11BI8";"198084";""
"2014-06-30";"1070001";"1041810";"ITC41";"SBI59";"17485842";""
"2014-06-30";"1070001";"1041810";"ITC4";"S12BI7";"36934510";""
"2014-06-30";"1070001";"1041810";"ITC4";"S13";"2239300";""
"2014-06-30";"1070001";"1041810";"IT";"S11001";"10862315";""
"2014-06-30";"1070001";"1041810";"IT";"S126";"14620441";""
"2014-06-30";"1070001";"1041810";"ITC4";"SBI59";"281016962";""
"2014-06-30";"1070001";"1041810";"ITC41";"600";"13882871";""
"2014-06-30";"1070001";"1041810";"ITC41";"S12BI6";"38544";""
"2014-06-30";"1070001";"1041810";"ITC41";"S13";"92835";""
"2014-06-30";"1070001";"1041810";"ITC4";"S11BI7";"1426904";""
"2014-06-30";"1070001";"1041810";"IT";"450";"1050413";""
"2014-06-30";"1070001";"1041810";"IT";"S1311";"49016731";""
"2014-06-30";"1070001";"1041810";"IT";"S14";"906060749";""
"2014-06-30";"1070001";"1041810";"IT";"SBI59";"1302594225";""
"2014-06-30";"1070001";"1041810";"ITC4";"S14BI2";"8284277";""
"2014-06-30";"1070001";"1041810";"ITC4";"S12I";"5004428";""
"2014-06-30";"1070001";"1041810";"ITC4";"S1314";"34714";""
"2014-06-30";"1070001";"1041810";"ITC41";"S11BI31";"2226538";""
"2014-06-30";"1070001";"1041810";"ITC41";"S1313";"57117";""
"2014-06-30";"1070001";"1041810";"IT";"S11BI7";"5742110";""
"2014-06-30";"1070001";"1041810";"ITC41";"S12I";"41";""
"2014-06-30";"1070001";"1041810";"IT";"S14BI2";"45513216";""
"2014-06-30";"1070001";"1041810";"ITC41";"S1311";"34186";""
"2014-06-30";"1070001";"1041810";"IT";"S11";"196019178";""
"2014-06-30";"1070001";"1041810";"ITC4";"600";"169141061";""
"2014-06-30";"1070001";"1041810";"ITC41";"S11BI7";"113254";""
"2014-06-30";"1070001";"1041810";"ITC41";"S14";"14417932";""
"2014-06-30";"1070001";"1041810";"IT";"S12BI7";"101742064";""
"2014-06-30";"1070001";"1041810";"IT";"S13";"67830514";""
"2014-06-30";"1070001";"1041810";"ITC41";"450";"4486";""
"2014-06-30";"1070001";"1041810";"ITC41";"S11";"2581769";""
"2014-06-30";"1070001";"1041810";"ITC41";"S11001";"39408";""
"2014-06-30";"1070001";"1041810";"ITC41";"S14BI2";"535061";""
"2014-06-30";"1070001";"1041810";"ITC41";"S15";"248259";""
"2014-06-30";"1070001";"1041810";"ITC4";"S11BI31";"52825653";""
"2014-06-30";"1070001";"1041810";"ITC4";"S126";"8862155";""
"2014-06-30";"1070001";"1041810";"IT";"600";"860547534";""
"2014-06-30";"1070001";"1041810";"IT";"S1313";"12544521";""
"2014-06-30";"1070001";"1041810";"IT";"S1314";"6269262";""
"2014-06-30";"1070001";"1041810";"IT";"S11BI8";"11430912";""
"2014-06-30";"1070001";"1041810";"ITC4";"S15";"4620504";""
"2014-06-30";"1070001";"1041810";"ITC41";"S126";"32587";""
"2014-06-30";"1070001";"1041810";"ITC4";"S11BI8";"2409979";""
"2014-06-30";"1070001";"1041810";"ITC4";"S12BI6";"23067927";""
"2014-06-30";"1070001";"1041810";"ITC4";"S1313";"1438039";""
"2014-06-30";"1070001";"1041810";"ITC4";"S14";"177425339";""
"2014-06-30";"1070001";"1041810";"IT";"S12I";"22277316";""
"2014-06-30";"1070001";"1041810";"IT";"S15";"23899506";""
"2014-06-30";"1070001";"1041810";"IT";"SBI9";"7042215";""
"2014-06-30";"1070001";"1041810";"IT";"S11BI31";"166933429";""
"2014-06-30";"1070001";"1041810";"IT";"S12BI6";"64844307";""
"2014-05-31";"1070001";"1041810";"ITC41";"SBI9";"73838";""
"2014-05-31";"1070001";"1041810";"IT";"S12BI7";"99495213";""
"2014-05-31";"1070001";"1041810";"ITC41";"S1314";"1117";""
"2014-05-31";"1070001";"1041810";"IT";"S15";"23346612";""
"2014-05-31";"1070001";"1041810";"IT";"S1311";"24180901";""
"2014-05-31";"1070001";"1041810";"ITC4";"S11BI8";"2581051";""
"2014-05-31";"1070001";"1041810";"ITC41";"S11";"2845915";""
"2014-05-31";"1070001";"1041810";"ITC41";"S12BI6";"37793";""
"2014-05-31";"1070001";"1041810";"ITC4";"S1311";"761573";""
"2014-05-31";"1070001";"1041810";"ITC4";"S1314";"36871";""
"2014-05-31";"1070001";"1041810";"ITC41";"600";"13687805";""
"2014-05-31";"1070001";"1041810";"ITC4";"S13";"2246480";""
"2014-05-31";"1070001";"1041810";"IT";"SBI59";"1281127539";""
"2014-05-31";"1070001";"1041810";"ITC41";"S1311";"34735";""
"2014-05-31";"1070001";"1041810";"ITC41";"S12I";"37";""
"2014-05-31";"1070001";"1041810";"IT";"S126";"14817805";""
"2014-05-31";"1070001";"1041810";"IT";"S13";"42617312";""
"2014-05-31";"1070001";"1041810";"IT";"S11BI7";"6162951";""
"2014-05-31";"1070001";"1041810";"IT";"600";"852766755";""
"2014-05-31";"1070001";"1041810";"IT";"SBI9";"7530216";""
"2014-05-31";"1070001";"1041810";"IT";"S14BI2";"45989875";""
"2014-05-31";"1070001";"1041810";"ITC41";"S11001";"31115";""
"2014-05-31";"1070001";"1041810";"ITC4";"S14BI2";"8367902";""
"2014-05-31";"1070001";"1041810";"ITC4";"S11001";"502803";""
"2014-05-31";"1070001";"1041810";"ITC4";"S1313";"1448036";""
"2014-05-31";"1070001";"1041810";"IT";"S11";"209381455";""
"2014-05-31";"1070001";"1041810";"ITC41";"S1313";"56041";""
"2014-05-31";"1070001";"1041810";"IT";"S11001";"11076569";""
"2014-05-31";"1070001";"1041810";"ITC41";"SBI59";"17555056";""
"2014-05-31";"1070001";"1041810";"IT";"S14";"898756630";""
"2014-05-31";"1070001";"1041810";"ITC4";"S12BI7";"36568902";""
"2014-05-31";"1070001";"1041810";"ITC4";"SBI59";"282002868";""
"2014-05-31";"1070001";"1041810";"ITC4";"600";"166258418";""
"2014-05-31";"1070001";"1041810";"ITC41";"450";"4277";""
"2014-05-31";"1070001";"1041810";"ITC41";"S11BI31";"2477466";""
"2014-05-31";"1070001";"1041810";"ITC41";"S14";"14227051";""
"2014-05-31";"1070001";"1041810";"ITC4";"S12I";"5390682";""
"2014-05-31";"1070001";"1041810";"IT";"S1313";"12294763";""
"2014-05-31";"1070001";"1041810";"ITC4";"SBI9";"2950835";""
"2014-05-31";"1070001";"1041810";"ITC4";"S11BI7";"1546857";""
"2014-05-31";"1070001";"1041810";"ITC41";"S13";"91893";""
"2014-05-31";"1070001";"1041810";"ITC41";"S12BI7";"69250";""
"2014-05-31";"1070001";"1041810";"ITC41";"S11BI8";"211432";""
"2014-05-31";"1070001";"1041810";"IT";"S1314";"6141649";""
"2014-05-31";"1070001";"1041810";"ITC4";"450";"279135";""
"2014-05-31";"1070001";"1041810";"IT";"S12I";"23810147";""
"2014-05-31";"1070001";"1041810";"ITC41";"S11BI7";"121624";""
"2014-05-31";"1070001";"1041810";"ITC4";"S126";"9003509";""
"2014-05-31";"1070001";"1041810";"ITC41";"S126";"31420";""
"2014-05-31";"1070001";"1041810";"IT";"S12BI6";"60867261";""
"2014-05-31";"1070001";"1041810";"ITC4";"S14";"174626319";""
"2014-05-31";"1070001";"1041810";"ITC41";"S15";"247109";""
"2014-05-31";"1070001";"1041810";"IT";"450";"1025732";""
"2014-05-31";"1070001";"1041810";"IT";"S11BI31";"178952671";""
"2014-05-31";"1070001";"1041810";"ITC4";"S11BI31";"55948594";""
"2014-05-31";"1070001";"1041810";"ITC4";"S12BI6";"22174711";""
"2014-05-31";"1070001";"1041810";"ITC41";"S14BI2";"539246";""
"2014-05-31";"1070001";"1041810";"ITC4";"S15";"4751890";""
"2014-05-31";"1070001";"1041810";"IT";"S11BI8";"12163532";""
"2014-05-31";"1070001";"1041810";"ITC4";"S11";"60858442";""
"2014-04-30";"1070001";"1041810";"ITC4";"S1311";"736132";""
"2014-04-30";"1070001";"1041810";"ITC41";"S11BI7";"109593";""
"2014-04-30";"1070001";"1041810";"ITC41";"S11BI8";"193068";""
"2014-04-30";"1070001";"1041810";"ITC4";"450";"285466";""
"2014-04-30";"1070001";"1041810";"IT";"S12BI6";"60331550";""
"2014-04-30";"1070001";"1041810";"IT";"S15";"23135508";""
"2014-04-30";"1070001";"1041810";"ITC4";"S11001";"434144";""
"2014-04-30";"1070001";"1041810";"ITC4";"S11BI7";"1376811";""
"2014-04-30";"1070001";"1041810";"ITC4";"S11";"57713631";""
"2014-04-30";"1070001";"1041810";"ITC4";"S1314";"27730";""
"2014-04-30";"1070001";"1041810";"IT";"S14BI2";"45053495";""
"2014-04-30";"1070001";"1041810";"ITC41";"S12BI6";"48973";""
"2014-04-30";"1070001";"1041810";"IT";"S11BI7";"5622133";""
"2014-04-30";"1070001";"1041810";"ITC41";"450";"4599";""
"2014-04-30";"1070001";"1041810";"IT";"S11BI8";"11309453";""
"2014-04-30";"1070001";"1041810";"IT";"S1311";"23249365";""
"2014-04-30";"1070001";"1041810";"ITC4";"S15";"4750689";""
"2014-04-30";"1070001";"1041810";"ITC4";"S1313";"1470248";""
"2014-04-30";"1070001";"1041810";"IT";"S12BI7";"100395475";""
"2014-04-30";"1070001";"1041810";"ITC4";"S126";"8863860";""
"2014-04-30";"1070001";"1041810";"ITC41";"S15";"244243";""
"2014-04-30";"1070001";"1041810";"IT";"S126";"14500329";""
"2014-04-30";"1070001";"1041810";"IT";"S11";"199727707";""
"2014-04-30";"1070001";"1041810";"ITC41";"S11001";"28841";""
"2014-04-30";"1070001";"1041810";"IT";"450";"1040843";""
"2014-04-30";"1070001";"1041810";"IT";"S14";"897384701";""
"2014-04-30";"1070001";"1041810";"ITC41";"S1313";"57196";""
"2014-04-30";"1070001";"1041810";"ITC41";"S12BI7";"80706";""
"2014-04-30";"1070001";"1041810";"ITC4";"S11BI8";"2383255";""
"2014-04-30";"1070001";"1041810";"IT";"SBI59";"1269453343";""
"2014-04-30";"1070001";"1041810";"ITC41";"S11";"2608041";""
"2014-04-30";"1070001";"1041810";"ITC4";"S12I";"5748179";""
"2014-04-30";"1070001";"1041810";"ITC41";"S11BI31";"2271940";""
"2014-04-30";"1070001";"1041810";"ITC4";"S11BI31";"53233955";""
"2014-04-30";"1070001";"1041810";"IT";"S1313";"12675238";""
"2014-04-30";"1070001";"1041810";"IT";"600";"852331206";""
"2014-04-30";"1070001";"1041810";"IT";"S13";"41945212";""
"2014-04-30";"1070001";"1041810";"ITC4";"SBI9";"2261495";""
"2014-04-30";"1070001";"1041810";"ITC41";"S1311";"36250";""
"2014-04-30";"1070001";"1041810";"ITC41";"600";"13635836";""
"2014-04-30";"1070001";"1041810";"ITC41";"S14";"14145869";""
"2014-04-30";"1070001";"1041810";"ITC41";"S12I";"36";""
"2014-04-30";"1070001";"1041810";"ITC4";"S13";"2234110";""
"2014-04-30";"1070001";"1041810";"IT";"S12I";"25563596";""
"2014-04-30";"1070001";"1041810";"IT";"S1314";"6020609";""
"2014-04-30";"1070001";"1041810";"ITC4";"600";"165972358";""
"2014-04-30";"1070001";"1041810";"ITC4";"S14";"174071871";""
"2014-04-30";"1070001";"1041810";"IT";"S11BI31";"170868826";""
"2014-04-30";"1070001";"1041810";"ITC4";"S14BI2";"8099513";""
"2014-04-30";"1070001";"1041810";"ITC41";"S14BI2";"510033";""
"2014-04-30";"1070001";"1041810";"ITC41";"SBI59";"17245059";""
"2014-04-30";"1070001";"1041810";"IT";"SBI9";"6864741";""
"2014-04-30";"1070001";"1041810";"ITC4";"S12BI6";"24088962";""
"2014-04-30";"1070001";"1041810";"ITC41";"S1314";"956";""
"2014-04-30";"1070001";"1041810";"IT";"S11001";"10886452";""
"2014-04-30";"1070001";"1041810";"ITC41";"SBI9";"71797";""
"2014-04-30";"1070001";"1041810";"ITC4";"S12BI7";"38701001";""
"2014-04-30";"1070001";"1041810";"ITC41";"S126";"31697";""
"2014-04-30";"1070001";"1041810";"ITC4";"SBI59";"279732796";""
"2014-04-30";"1070001";"1041810";"ITC41";"S13";"94401";""
"2014-03-31";"1070001";"1041810";"ITC41";"S11001";"30702";""
"2014-03-31";"1070001";"1041810";"ITC41";"S15";"244089";""
"2014-03-31";"1070001";"1041810";"IT";"S12I";"26781176";""
"2014-03-31";"1070001";"1041810";"ITC4";"SBI59";"278618316";""
"2014-03-31";"1070001";"1041810";"ITC41";"S11BI31";"2236611";""
"2014-03-31";"1070001";"1041810";"ITC4";"S126";"8905287";""
"2014-03-31";"1070001";"1041810";"ITC4";"600";"166933661";""
"2014-03-31";"1070001";"1041810";"ITC4";"S12I";"5745107";""
"2014-03-31";"1070001";"1041810";"IT";"S14";"898011337";""
"2014-03-31";"1070001";"1041810";"ITC4";"S11BI31";"51992261";""
"2014-03-31";"1070001";"1041810";"ITC4";"S13";"2328100";""
"2014-03-31";"1070001";"1041810";"IT";"S12BI6";"61336451";""
"2014-03-31";"1070001";"1041810";"ITC41";"S12BI6";"41373";""
"2014-03-31";"1070001";"1041810";"ITC4";"S14BI2";"7870512";""
"2014-03-31";"1070001";"1041810";"IT";"450";"1004926";""
"2014-03-31";"1070001";"1041810";"IT";"S11BI7";"5343723";""
"2014-03-31";"1070001";"1041810";"IT";"S11";"194387783";""
"2014-03-31";"1070001";"1041810";"ITC4";"S1314";"31438";""
"2014-03-31";"1070001";"1041810";"IT";"S1314";"5889485";""
"2014-03-31";"1070001";"1041810";"ITC4";"S11";"56271712";""
"2014-03-31";"1070001";"1041810";"ITC4";"450";"262998";""
"2014-03-31";"1070001";"1041810";"IT";"S11001";"10452243";""
"2014-03-31";"1070001";"1041810";"ITC41";"S11BI7";"101346";""
"2014-03-31";"1070001";"1041810";"ITC4";"SBI9";"2603499";""
"2014-03-31";"1070001";"1041810";"IT";"S11BI31";"166754121";""
"2014-03-31";"1070001";"1041810";"IT";"600";"853962607";""
"2014-03-31";"1070001";"1041810";"IT";"S126";"14435892";""
"2014-03-31";"1070001";"1041810";"ITC41";"S1314";"1351";""
"2014-03-31";"1070001";"1041810";"ITC41";"S13";"105205";""
"2014-03-31";"1070001";"1041810";"ITC41";"S1311";"34734";""
"2014-03-31";"1070001";"1041810";"ITC4";"S12BI6";"23307271";""
"2014-03-31";"1070001";"1041810";"ITC41";"600";"13736112";""
"2014-03-31";"1070001";"1041810";"ITC41";"S14";"14224767";""
"2014-03-31";"1070001";"1041810";"IT";"S11BI8";"10832770";""
"2014-03-31";"1070001";"1041810";"ITC41";"S14BI2";"488655";""
"2014-03-31";"1070001";"1041810";"IT";"S14BI2";"44048730";""
"2014-03-31";"1070001";"1041810";"IT";"SBI9";"7522475";""
"2014-03-31";"1070001";"1041810";"IT";"S1313";"12937058";""
"2014-03-31";"1070001";"1041810";"ITC41";"S12BI7";"74243";""
"2014-03-31";"1070001";"1041810";"IT";"SBI59";"1268113435";""
"2014-03-31";"1070001";"1041810";"ITC4";"S11BI7";"1317212";""
"2014-03-31";"1070001";"1041810";"ITC4";"S11001";"428394";""
"2014-03-31";"1070001";"1041810";"ITC4";"S15";"4653166";""
"2014-03-31";"1070001";"1041810";"ITC41";"S12I";"41";""
"2014-03-31";"1070001";"1041810";"ITC4";"S11BI8";"2270848";""
"2014-03-31";"1070001";"1041810";"ITC41";"SBI59";"17283038";""
"2014-03-31";"1070001";"1041810";"ITC41";"S1313";"69120";""
"2014-03-31";"1070001";"1041810";"ITC4";"S14";"174804173";""
"2014-03-31";"1070001";"1041810";"IT";"S1311";"23683633";""
"2014-03-31";"1070001";"1041810";"ITC4";"S1313";"1554409";""
"2014-03-31";"1070001";"1041810";"ITC41";"S11";"2558143";""
"2014-03-31";"1070001";"1041810";"ITC41";"S11BI8";"185277";""
"2014-03-31";"1070001";"1041810";"IT";"S13";"42510176";""
"2014-03-31";"1070001";"1041810";"ITC4";"S1311";"742254";""
"2014-03-31";"1070001";"1041810";"IT";"S15";"23128146";""
"2014-03-31";"1070001";"1041810";"ITC41";"S126";"32829";""
"2014-03-31";"1070001";"1041810";"ITC4";"S12BI7";"37957665";""
"2014-03-31";"1070001";"1041810";"ITC41";"SBI9";"76592";""
"2014-03-31";"1070001";"1041810";"ITC41";"450";"4207";""
"2014-03-31";"1070001";"1041810";"IT";"S12BI7";"102553519";""
"2014-02-28";"1070001";"1041810";"ITC41";"SBI59";"17118394";""
"2014-02-28";"1070001";"1041810";"ITC41";"S11001";"29430";""
"2014-02-28";"1070001";"1041810";"IT";"S1313";"13063002";""
"2014-02-28";"1070001";"1041810";"ITC4";"S1311";"719793";""
"2014-02-28";"1070001";"1041810";"ITC4";"S14BI2";"7716748";""
"2014-02-28";"1070001";"1041810";"ITC41";"S11BI8";"178626";""
"2014-02-28";"1070001";"1041810";"ITC4";"S126";"9242895";""
"2014-02-28";"1070001";"1041810";"ITC4";"S13";"2331922";""
"2014-02-28";"1070001";"1041810";"IT";"S11BI7";"5117506";""
"2014-02-28";"1070001";"1041810";"ITC41";"S1313";"71531";""
"2014-02-28";"1070001";"1041810";"IT";"S1314";"5592885";""
"2014-02-28";"1070001";"1041810";"ITC41";"S14";"14098297";""
"2014-02-28";"1070001";"1041810";"ITC4";"450";"294797";""
"2014-02-28";"1070001";"1041810";"IT";"S12I";"23938087";""
"2014-02-28";"1070001";"1041810";"ITC41";"S1311";"34563";""
"2014-02-28";"1070001";"1041810";"ITC41";"S126";"30556";""
"2014-02-28";"1070001";"1041810";"IT";"S11BI8";"10451746";""
"2014-02-28";"1070001";"1041810";"IT";"S15";"22836287";""
"2014-02-28";"1070001";"1041810";"IT";"S11BI31";"162851698";""
"2014-02-28";"1070001";"1041810";"ITC4";"S15";"4529268";""
"2014-02-28";"1070001";"1041810";"ITC41";"S14BI2";"476734";""
"2014-02-28";"1070001";"1041810";"IT";"S14BI2";"43217205";""
"2014-02-28";"1070001";"1041810";"ITC4";"SBI59";"276395043";""
"2014-02-28";"1070001";"1041810";"ITC41";"SBI9";"77373";""
"2014-02-28";"1070001";"1041810";"ITC4";"S12BI6";"23611522";""
"2014-02-28";"1070001";"1041810";"ITC4";"600";"165626256";""
"2014-02-28";"1070001";"1041810";"ITC4";"S11001";"403329";""
"2014-02-28";"1070001";"1041810";"IT";"600";"849245155";""
"2014-02-28";"1070001";"1041810";"IT";"SBI59";"1253798203";""
"2014-02-28";"1070001";"1041810";"ITC41";"450";"4393";""
"2014-02-28";"1070001";"1041810";"IT";"SBI9";"7262171";""
"2014-02-28";"1070001";"1041810";"ITC4";"S14";"173343004";""
"2014-02-28";"1070001";"1041810";"IT";"S1311";"22705886";""
"2014-02-28";"1070001";"1041810";"ITC41";"S1314";"2542";""
"2014-02-28";"1070001";"1041810";"IT";"S11";"191131947";""
"2014-02-28";"1070001";"1041810";"ITC41";"S12I";"33";""
"2014-02-28";"1070001";"1041810";"ITC4";"S12BI7";"38436906";""
"2014-02-28";"1070001";"1041810";"ITC4";"S1313";"1583219";""
"2014-02-28";"1070001";"1041810";"ITC4";"S11BI31";"51357309";""
"2014-02-28";"1070001";"1041810";"ITC4";"S12I";"5582489";""
"2014-02-28";"1070001";"1041810";"IT";"S11001";"11629092";""
"2014-02-28";"1070001";"1041810";"ITC41";"S11BI7";"96415";""
"2014-02-28";"1070001";"1041810";"ITC4";"S11BI8";"2161505";""
"2014-02-28";"1070001";"1041810";"ITC41";"S11BI31";"2203714";""
"2014-02-28";"1070001";"1041810";"ITC41";"S15";"240505";""
"2014-02-28";"1070001";"1041810";"ITC4";"S1314";"28910";""
"2014-02-28";"1070001";"1041810";"IT";"S12BI7";"98743666";""
"2014-02-28";"1070001";"1041810";"IT";"S126";"14533888";""
"2014-02-28";"1070001";"1041810";"ITC41";"S13";"108636";""
"2014-02-28";"1070001";"1041810";"IT";"S12BI6";"60271691";""
"2014-02-28";"1070001";"1041810";"ITC4";"SBI9";"2278477";""
"2014-02-28";"1070001";"1041810";"ITC41";"S12BI7";"81007";""
"2014-02-28";"1070001";"1041810";"ITC4";"S11";"55475466";""
"2014-02-28";"1070001";"1041810";"IT";"S14";"892462360";""
"2014-02-28";"1070001";"1041810";"ITC41";"S12BI6";"50418";""
"2014-02-28";"1070001";"1041810";"ITC4";"S11BI7";"1258526";""
"2014-02-28";"1070001";"1041810";"IT";"450";"1081905";""
"2014-02-28";"1070001";"1041810";"ITC41";"S11";"2512576";""
"2014-02-28";"1070001";"1041810";"ITC41";"600";"13621563";""
"2014-02-28";"1070001";"1041810";"IT";"S13";"41361772";""
"2014-01-31";"1070001";"1041810";"ITC41";"600";"13578288";""
"2014-01-31";"1070001";"1041810";"IT";"S13";"42730000";""
"2014-01-31";"1070001";"1041810";"IT";"S11BI8";"10378179";""
"2014-01-31";"1070001";"1041810";"ITC4";"450";"322820";""
"2014-01-31";"1070001";"1041810";"IT";"S12BI6";"60801947";""
"2014-01-31";"1070001";"1041810";"ITC41";"S12BI7";"79494";""
"2014-01-31";"1070001";"1041810";"ITC41";"S13";"109670";""
"2014-01-31";"1070001";"1041810";"ITC4";"S13";"2370791";""
"2014-01-31";"1070001";"1041810";"IT";"S14";"889871382";""
"2014-01-31";"1070001";"1041810";"IT";"S1314";"5704238";""
"2014-01-31";"1070001";"1041810";"ITC4";"S11BI8";"2112605";""
"2014-01-31";"1070001";"1041810";"ITC4";"600";"165180667";""
"2014-01-31";"1070001";"1041810";"IT";"S15";"22674127";""
"2014-01-31";"1070001";"1041810";"ITC4";"S11001";"436812";""
"2014-01-31";"1070001";"1041810";"ITC4";"S12BI7";"39870334";""
"2014-01-31";"1070001";"1041810";"IT";"S11001";"11274342";""
"2014-01-31";"1070001";"1041810";"ITC41";"S12BI6";"39238";""
"2014-01-31";"1070001";"1041810";"ITC41";"S11BI7";"95276";""
"2014-01-31";"1070001";"1041810";"IT";"SBI59";"1250776256";""
"2014-01-31";"1070001";"1041810";"ITC41";"450";"4187";""
"2014-01-31";"1070001";"1041810";"ITC4";"S12BI6";"24799756";""
"2014-01-31";"1070001";"1041810";"IT";"450";"1077664";""
"2014-01-31";"1070001";"1041810";"IT";"S12BI7";"100415319";""
"2014-01-31";"1070001";"1041810";"ITC41";"S11BI8";"173201";""
"2014-01-31";"1070001";"1041810";"IT";"S14BI2";"43116160";""
"2014-01-31";"1070001";"1041810";"ITC41";"S11001";"30825";""
"2014-01-31";"1070001";"1041810";"ITC41";"SBI59";"16938563";""
"2014-01-31";"1070001";"1041810";"ITC4";"SBI9";"2337533";""
"2014-01-31";"1070001";"1041810";"ITC41";"S1311";"34679";""
"2014-01-31";"1070001";"1041810";"ITC41";"S14";"14047471";""
"2014-01-31";"1070001";"1041810";"IT";"S11";"187882135";""
"2014-01-31";"1070001";"1041810";"ITC4";"S1313";"1629280";""
"2014-01-31";"1070001";"1041810";"ITC4";"S11BI7";"1232483";""
"2014-01-31";"1070001";"1041810";"ITC41";"SBI9";"77889";""
"2014-01-31";"1070001";"1041810";"ITC41";"S15";"241544";""
"2014-01-31";"1070001";"1041810";"IT";"S11BI31";"160082732";""
"2014-01-31";"1070001";"1041810";"ITC4";"SBI59";"276157548";""
"2014-01-31";"1070001";"1041810";"IT";"S11BI7";"5069220";""
"2014-01-31";"1070001";"1041810";"ITC41";"S1313";"73572";""
"2014-01-31";"1070001";"1041810";"IT";"S12I";"24495320";""
"2014-01-31";"1070001";"1041810";"ITC41";"S14BI2";"469183";""
"2014-01-31";"1070001";"1041810";"ITC4";"S126";"9051755";""
"2014-01-31";"1070001";"1041810";"IT";"S1313";"13205821";""
"2014-01-31";"1070001";"1041810";"ITC4";"S1314";"31705";""
"2014-01-31";"1070001";"1041810";"ITC4";"S14BI2";"7583895";""
"2014-01-31";"1070001";"1041810";"ITC4";"S1311";"709806";""
"2014-01-31";"1070001";"1041810";"ITC4";"S12I";"6018823";""
"2014-01-31";"1070001";"1041810";"ITC41";"S11";"2382495";""
"2014-01-31";"1070001";"1041810";"ITC41";"S12I";"30";""
"2014-01-31";"1070001";"1041810";"ITC4";"S11BI31";"50155005";""
"2014-01-31";"1070001";"1041810";"IT";"S126";"15118051";""
"2014-01-31";"1070001";"1041810";"ITC41";"S1314";"1419";""
"2014-01-31";"1070001";"1041810";"ITC41";"S126";"40225";""
"2014-01-31";"1070001";"1041810";"ITC4";"S14";"172764561";""
"2014-01-31";"1070001";"1041810";"ITC4";"S15";"4554602";""
"2014-01-31";"1070001";"1041810";"IT";"600";"846755222";""
"2014-01-31";"1070001";"1041810";"ITC4";"S11";"54259726";""
"2014-01-31";"1070001";"1041810";"IT";"SBI9";"7203293";""
"2014-01-31";"1070001";"1041810";"IT";"S1311";"23819941";""
"2014-01-31";"1070001";"1041810";"ITC41";"S11BI31";"2079006";""
"2013-12-31";"1070001";"1041810";"ITC4";"S13";"2220043";""
"2013-12-31";"1070001";"1041810";"ITC41";"S126";"40300";""
"2013-12-31";"1070001";"1041810";"ITC41";"S11";"2633636";""
"2013-12-31";"1070001";"1041810";"ITC41";"S11001";"32041";""
"2013-12-31";"1070001";"1041810";"IT";"600";"847040754";""
"2013-12-31";"1070001";"1041810";"IT";"S126";"14830166";""
"2013-12-31";"1070001";"1041810";"ITC4";"600";"165214885";""
"2013-12-31";"1070001";"1041810";"ITC4";"S15";"4465362";""
"2013-12-31";"1070001";"1041810";"ITC4";"S126";"8103122";""
"2013-12-31";"1070001";"1041810";"IT";"S13";"40326980";""
"2013-12-31";"1070001";"1041810";"ITC41";"S13";"90885";""
"2013-12-31";"1070001";"1041810";"ITC4";"S12I";"5655304";""
"2013-12-31";"1070001";"1041810";"ITC4";"S12BI6";"23800627";""
"2013-12-31";"1070001";"1041810";"ITC41";"S12BI6";"38862";""
"2013-12-31";"1070001";"1041810";"ITC41";"S12BI7";"79211";""
"2013-12-31";"1070001";"1041810";"IT";"S1311";"21796404";""
"2013-12-31";"1070001";"1041810";"ITC4";"S11BI31";"53011204";""
"2013-12-31";"1070001";"1041810";"ITC4";"S12BI7";"37559053";""
"2013-12-31";"1070001";"1041810";"ITC4";"S14";"172953430";""
"2013-12-31";"1070001";"1041810";"ITC4";"S11";"57325592";""
"2013-12-31";"1070001";"1041810";"ITC41";"S14";"14058059";""
"2013-12-31";"1070001";"1041810";"IT";"450";"1076659";""
"2013-12-31";"1070001";"1041810";"ITC41";"S11BI31";"2304918";""
"2013-12-31";"1070001";"1041810";"IT";"S11";"199318153";""
"2013-12-31";"1070001";"1041810";"ITC4";"SBI59";"277097203";""
"2013-12-31";"1070001";"1041810";"IT";"S11BI7";"5627304";""
"2013-12-31";"1070001";"1041810";"IT";"S14BI2";"43648345";""
"2013-12-31";"1070001";"1041810";"IT";"S11BI8";"10744399";""
"2013-12-31";"1070001";"1041810";"ITC41";"SBI9";"84540";""
"2013-12-31";"1070001";"1041810";"IT";"S15";"22333001";""
"2013-12-31";"1070001";"1041810";"IT";"S12I";"19844286";""
"2013-12-31";"1070001";"1041810";"ITC4";"S1313";"1532531";""
"2013-12-31";"1070001";"1041810";"ITC4";"S11BI7";"1375773";""
"2013-12-31";"1070001";"1041810";"IT";"SBI59";"1258066830";""
"2013-12-31";"1070001";"1041810";"ITC41";"S1311";"36050";""
"2013-12-31";"1070001";"1041810";"IT";"S1313";"12841301";""
"2013-12-31";"1070001";"1041810";"ITC41";"S11BI7";"110249";""
"2013-12-31";"1070001";"1041810";"ITC41";"S1314";"1000";""
"2013-12-31";"1070001";"1041810";"ITC41";"600";"13583154";""
"2013-12-31";"1070001";"1041810";"ITC4";"SBI9";"2573722";""
"2013-12-31";"1070001";"1041810";"ITC41";"S12I";"49";""
"2013-12-31";"1070001";"1041810";"ITC4";"S14BI2";"7738545";""
"2013-12-31";"1070001";"1041810";"ITC4";"S1314";"28874";""
"2013-12-31";"1070001";"1041810";"ITC4";"450";"290368";""
"2013-12-31";"1070001";"1041810";"IT";"S12BI6";"63108109";""
"2013-12-31";"1070001";"1041810";"IT";"SBI9";"7617034";""
"2013-12-31";"1070001";"1041810";"ITC4";"S11001";"469521";""
"2013-12-31";"1070001";"1041810";"ITC4";"S11BI8";"2178727";""
"2013-12-31";"1070001";"1041810";"ITC41";"450";"4130";""
"2013-12-31";"1070001";"1041810";"IT";"S14";"890689100";""
"2013-12-31";"1070001";"1041810";"ITC41";"S14BI2";"474905";""
"2013-12-31";"1070001";"1041810";"ITC41";"S15";"241532";""
"2013-12-31";"1070001";"1041810";"IT";"S11001";"10164171";""
"2013-12-31";"1070001";"1041810";"ITC41";"SBI59";"17187863";""
"2013-12-31";"1070001";"1041810";"IT";"S1314";"5689275";""
"2013-12-31";"1070001";"1041810";"IT";"S11BI31";"171705619";""
"2013-12-31";"1070001";"1041810";"ITC41";"S1313";"53836";""
"2013-12-31";"1070001";"1041810";"ITC4";"S1311";"658638";""
"2013-12-31";"1070001";"1041810";"ITC41";"S11BI8";"182299";""
"2013-12-31";"1070001";"1041810";"IT";"S12BI7";"97782561";""
"2013-11-30";"1070001";"1041810";"ITC41";"SBI9";"76152";""
"2013-11-30";"1070001";"1041810";"ITC4";"S126";"8205832";""
"2013-11-30";"1070001";"1041810";"ITC4";"S11BI8";"2436129";""
"2013-11-30";"1070001";"1041810";"ITC4";"450";"358943";""
"2013-11-30";"1070001";"1041810";"ITC4";"S12I";"5649536";""
"2013-11-30";"1070001";"1041810";"ITC4";"S1314";"193540";""
"2013-11-30";"1070001";"1041810";"ITC41";"450";"19941";""
"2013-11-30";"1070001";"1041810";"ITC41";"S15";"254688";""
"2013-11-30";"1070001";"1041810";"IT";"S1314";"6109127";""
"2013-11-30";"1070001";"1041810";"ITC4";"S11";"60598379";""
"2013-11-30";"1070001";"1041810";"ITC4";"S13";"2393463";""
"2013-11-30";"1070001";"1041810";"IT";"SBI9";"7609333";""
"2013-11-30";"1070001";"1041810";"ITC4";"S11BI31";"55824863";""
"2013-11-30";"1070001";"1041810";"ITC41";"S126";"36039";""
"2013-11-30";"1070001";"1041810";"ITC4";"600";"162363494";""
"2013-11-30";"1070001";"1041810";"IT";"S14";"877784355";""
"2013-11-30";"1070001";"1041810";"IT";"S15";"22983498";""
"2013-11-30";"1070001";"1041810";"ITC41";"S14";"13938619";""
"2013-11-30";"1070001";"1041810";"ITC4";"S15";"4634645";""
"2013-11-30";"1070001";"1041810";"ITC4";"SBI59";"278984077";""
"2013-11-30";"1070001";"1041810";"IT";"SBI59";"1260716654";""
"2013-11-30";"1070001";"1041810";"IT";"S126";"14510995";""
"2013-11-30";"1070001";"1041810";"ITC4";"S1311";"661650";""
"2013-11-30";"1070001";"1041810";"IT";"600";"832622278";""
"2013-11-30";"1070001";"1041810";"ITC41";"SBI59";"17311418";""
"2013-11-30";"1070001";"1041810";"IT";"S12BI7";"99837291";""
"2013-11-30";"1070001";"1041810";"IT";"S11001";"9815253";""
"2013-11-30";"1070001";"1041810";"ITC4";"S11BI7";"1541449";""
"2013-11-30";"1070001";"1041810";"ITC41";"S1314";"1473";""
"2013-11-30";"1070001";"1041810";"ITC4";"S12BI7";"38245107";""
"2013-11-30";"1070001";"1041810";"IT";"S14BI2";"45162077";""
"2013-11-30";"1070001";"1041810";"ITC4";"S14BI2";"8150772";""
"2013-11-30";"1070001";"1041810";"ITC4";"SBI9";"2598217";""
"2013-11-30";"1070001";"1041810";"ITC41";"600";"13430025";""
"2013-11-30";"1070001";"1041810";"ITC4";"S11001";"436995";""
"2013-11-30";"1070001";"1041810";"ITC41";"S12BI7";"68766";""
"2013-11-30";"1070001";"1041810";"IT";"S11BI7";"6278739";""
"2013-11-30";"1070001";"1041810";"IT";"S12BI6";"62982303";""
"2013-11-30";"1070001";"1041810";"ITC41";"S11BI7";"123979";""
"2013-11-30";"1070001";"1041810";"ITC4";"S14";"170514266";""
"2013-11-30";"1070001";"1041810";"ITC41";"S12BI6";"32660";""
"2013-11-30";"1070001";"1041810";"ITC41";"S11BI8";"205642";""
"2013-11-30";"1070001";"1041810";"IT";"S1313";"13299168";""
"2013-11-30";"1070001";"1041810";"ITC41";"S1311";"38329";""
"2013-11-30";"1070001";"1041810";"IT";"S11BI8";"11865173";""
"2013-11-30";"1070001";"1041810";"ITC41";"S11";"2864573";""
"2013-11-30";"1070001";"1041810";"ITC4";"S12BI6";"24389739";""
"2013-11-30";"1070001";"1041810";"ITC41";"S1313";"68819";""
"2013-11-30";"1070001";"1041810";"IT";"S11BI31";"180731270";""
"2013-11-30";"1070001";"1041810";"IT";"S11";"209861165";""
"2013-11-30";"1070001";"1041810";"ITC41";"S12I";"66";""
"2013-11-30";"1070001";"1041810";"ITC41";"S11BI31";"2480660";""
"2013-11-30";"1070001";"1041810";"ITC41";"S13";"108621";""
"2013-11-30";"1070001";"1041810";"IT";"450";"1170731";""
"2013-11-30";"1070001";"1041810";"IT";"S12I";"22343993";""
"2013-11-30";"1070001";"1041810";"IT";"S13";"42641012";""
"2013-11-30";"1070001";"1041810";"IT";"S1311";"23232718";""
"2013-11-30";"1070001";"1041810";"ITC41";"S11001";"34351";""
"2013-11-30";"1070001";"1041810";"ITC41";"S14BI2";"508594";""
"2013-11-30";"1070001";"1041810";"ITC4";"S1313";"1538273";""
"2013-10-31";"1070001";"1041810";"ITC41";"S1311";"36407";""
"2013-10-31";"1070001";"1041810";"ITC41";"S1313";"70853";""
"2013-10-31";"1070001";"1041810";"ITC4";"S12BI7";"39217324";""
"2013-10-31";"1070001";"1041810";"ITC4";"S13";"2290546";""
"2013-10-31";"1070001";"1041810";"ITC4";"S1314";"30242";""
"2013-10-31";"1070001";"1041810";"ITC41";"450";"20009";""
"2013-10-31";"1070001";"1041810";"ITC41";"S11BI7";"114879";""
"2013-10-31";"1070001";"1041810";"ITC41";"S11001";"39181";""
"2013-10-31";"1070001";"1041810";"ITC41";"S12I";"68";""
"2013-10-31";"1070001";"1041810";"ITC41";"SBI9";"74420";""
"2013-10-31";"1070001";"1041810";"IT";"S12BI6";"62858400";""
"2013-10-31";"1070001";"1041810";"IT";"S14";"882658488";""
"2013-10-31";"1070001";"1041810";"IT";"SBI9";"8218255";""
"2013-10-31";"1070001";"1041810";"ITC4";"600";"164538523";""
"2013-10-31";"1070001";"1041810";"ITC4";"S11";"58151986";""
"2013-10-31";"1070001";"1041810";"ITC4";"S11BI8";"2351087";""
"2013-10-31";"1070001";"1041810";"ITC4";"SBI9";"3072267";""
"2013-10-31";"1070001";"1041810";"ITC41";"S11BI31";"2284443";""
"2013-10-31";"1070001";"1041810";"ITC41";"S12BI6";"36956";""
"2013-10-31";"1070001";"1041810";"ITC4";"450";"402115";""
"2013-10-31";"1070001";"1041810";"IT";"S1314";"6477808";""
"2013-10-31";"1070001";"1041810";"ITC41";"S14BI2";"493211";""
"2013-10-31";"1070001";"1041810";"IT";"S1313";"13233248";""
"2013-10-31";"1070001";"1041810";"ITC4";"S126";"8741837";""
"2013-10-31";"1070001";"1041810";"ITC4";"S15";"4592615";""
"2013-10-31";"1070001";"1041810";"ITC41";"S1314";"1115";""
"2013-10-31";"1070001";"1041810";"ITC4";"S14BI2";"8024786";""
"2013-10-31";"1070001";"1041810";"ITC41";"600";"13545270";""
"2013-10-31";"1070001";"1041810";"ITC4";"S12BI6";"24814183";""
"2013-10-31";"1070001";"1041810";"ITC4";"S12I";"5661304";""
"2013-10-31";"1070001";"1041810";"ITC4";"S1313";"1620003";""
"2013-10-31";"1070001";"1041810";"ITC4";"S14";"172563309";""
"2013-10-31";"1070001";"1041810";"IT";"S11";"199199467";""
"2013-10-31";"1070001";"1041810";"IT";"S11001";"10431087";""
"2013-10-31";"1070001";"1041810";"IT";"S126";"14520118";""
"2013-10-31";"1070001";"1041810";"IT";"S12BI7";"101220271";""
"2013-10-31";"1070001";"1041810";"IT";"S13";"34934371";""
"2013-10-31";"1070001";"1041810";"ITC4";"S11BI31";"53520692";""
"2013-10-31";"1070001";"1041810";"ITC4";"S1311";"640301";""
"2013-10-31";"1070001";"1041810";"ITC4";"SBI59";"279888048";""
"2013-10-31";"1070001";"1041810";"ITC41";"S13";"108375";""
"2013-10-31";"1070001";"1041810";"IT";"S11BI7";"5894127";""
"2013-10-31";"1070001";"1041810";"IT";"S11BI8";"11550079";""
"2013-10-31";"1070001";"1041810";"ITC41";"S11";"2652241";""
"2013-10-31";"1070001";"1041810";"ITC41";"S126";"39141";""
"2013-10-31";"1070001";"1041810";"ITC41";"S12BI7";"76165";""
"2013-10-31";"1070001";"1041810";"ITC41";"S14";"14038482";""
"2013-10-31";"1070001";"1041810";"ITC41";"SBI59";"17200744";""
"2013-10-31";"1070001";"1041810";"IT";"S15";"23019833";""
"2013-10-31";"1070001";"1041810";"IT";"SBI59";"1249250686";""
"2013-10-31";"1070001";"1041810";"ITC4";"S11001";"446040";""
"2013-10-31";"1070001";"1041810";"IT";"S14BI2";"44682562";""
"2013-10-31";"1070001";"1041810";"IT";"600";"837975927";""
"2013-10-31";"1070001";"1041810";"IT";"S11BI31";"170063270";""
"2013-10-31";"1070001";"1041810";"IT";"S12I";"23841753";""
"2013-10-31";"1070001";"1041810";"IT";"S1311";"15223316";""
"2013-10-31";"1070001";"1041810";"ITC41";"S11BI8";"193730";""
"2013-10-31";"1070001";"1041810";"ITC41";"S15";"251060";""
"2013-10-31";"1070001";"1041810";"IT";"450";"1260904";""
"2013-10-31";"1070001";"1041810";"ITC4";"S11BI7";"1432051";""
"2013-09-30";"1070001";"1041810";"ITC4";"S11";"56031078";""
"2013-09-30";"1070001";"1041810";"ITC41";"S1314";"726";""
"2013-09-30";"1070001";"1041810";"ITC41";"SBI9";"72880";""
"2013-09-30";"1070001";"1041810";"ITC41";"450";"19585";""
"2013-09-30";"1070001";"1041810";"ITC41";"S12I";"53";""
"2013-09-30";"1070001";"1041810";"IT";"SBI59";"1248550451";""
"2013-09-30";"1070001";"1041810";"ITC4";"S13";"2381364";""
"2013-09-30";"1070001";"1041810";"IT";"450";"1142651";""
"2013-09-30";"1070001";"1041810";"ITC41";"S11BI31";"2120888";""
"2013-09-30";"1070001";"1041810";"ITC41";"S12BI6";"38714";""
"2013-09-30";"1070001";"1041810";"ITC41";"S1313";"72601";""
"2013-09-30";"1070001";"1041810";"IT";"S1311";"24170970";""
"2013-09-30";"1070001";"1041810";"IT";"S1313";"13421995";""
"2013-09-30";"1070001";"1041810";"IT";"S14";"880929147";""
"2013-09-30";"1070001";"1041810";"ITC4";"S14BI2";"7843614";""
"2013-09-30";"1070001";"1041810";"ITC41";"S11001";"37526";""
"2013-09-30";"1070001";"1041810";"ITC41";"S13";"110054";""
"2013-09-30";"1070001";"1041810";"IT";"S15";"22891184";""
"2013-09-30";"1070001";"1041810";"IT";"SBI9";"7661224";""
"2013-09-30";"1070001";"1041810";"IT";"S11BI31";"163336961";""
"2013-09-30";"1070001";"1041810";"IT";"S11BI8";"11402738";""
"2013-09-30";"1070001";"1041810";"ITC4";"S11BI8";"2226187";""
"2013-09-30";"1070001";"1041810";"ITC4";"S126";"8652898";""
"2013-09-30";"1070001";"1041810";"IT";"S14BI2";"44157310";""
"2013-09-30";"1070001";"1041810";"ITC41";"S15";"237886";""
"2013-09-30";"1070001";"1041810";"ITC41";"S11";"2471322";""
"2013-09-30";"1070001";"1041810";"ITC41";"S11BI7";"106273";""
"2013-09-30";"1070001";"1041810";"ITC41";"S126";"38344";""
"2013-09-30";"1070001";"1041810";"IT";"S11BI7";"5543291";""
"2013-09-30";"1070001";"1041810";"IT";"S12BI6";"63073462";""
"2013-09-30";"1070001";"1041810";"IT";"S13";"43466975";""
"2013-09-30";"1070001";"1041810";"IT";"S1314";"5874010";""
"2013-09-30";"1070001";"1041810";"ITC4";"450";"355319";""
"2013-09-30";"1070001";"1041810";"ITC4";"S11001";"417019";""
"2013-09-30";"1070001";"1041810";"ITC4";"S11BI31";"51705111";""
"2013-09-30";"1070001";"1041810";"ITC4";"S11BI7";"1327442";""
"2013-09-30";"1070001";"1041810";"ITC4";"S1313";"1630382";""
"2013-09-30";"1070001";"1041810";"ITC4";"SBI59";"274453278";""
"2013-09-30";"1070001";"1041810";"ITC41";"S12BI7";"77110";""
"2013-09-30";"1070001";"1041810";"IT";"S12BI7";"101899793";""
"2013-09-30";"1070001";"1041810";"ITC4";"S12BI7";"37186803";""
"2013-09-30";"1070001";"1041810";"ITC4";"S1311";"638999";""
"2013-09-30";"1070001";"1041810";"ITC41";"S14";"13971215";""
"2013-09-30";"1070001";"1041810";"IT";"600";"836771836";""
"2013-09-30";"1070001";"1041810";"IT";"S11001";"10276487";""
"2013-09-30";"1070001";"1041810";"ITC41";"S14BI2";"478977";""
"2013-09-30";"1070001";"1041810";"ITC4";"S12BI6";"22796009";""
"2013-09-30";"1070001";"1041810";"ITC4";"S12I";"5737895";""
"2013-09-30";"1070001";"1041810";"ITC4";"S1314";"111983";""
"2013-09-30";"1070001";"1041810";"ITC4";"S14";"171755814";""
"2013-09-30";"1070001";"1041810";"ITC41";"SBI59";"16940466";""
"2013-09-30";"1070001";"1041810";"IT";"S11";"191702128";""
"2013-09-30";"1070001";"1041810";"ITC41";"S11BI8";"187050";""
"2013-09-30";"1070001";"1041810";"IT";"S126";"14493828";""
"2013-09-30";"1070001";"1041810";"IT";"S12I";"24332503";""
"2013-09-30";"1070001";"1041810";"ITC4";"600";"163912200";""
"2013-09-30";"1070001";"1041810";"ITC4";"S15";"4514499";""
"2013-09-30";"1070001";"1041810";"ITC4";"SBI9";"2583720";""
"2013-09-30";"1070001";"1041810";"ITC41";"600";"13492238";""
"2013-09-30";"1070001";"1041810";"ITC41";"S1311";"36728";""
"2013-08-31";"1070001";"1041810";"IT";"S11BI7";"6034678";""
"2013-08-31";"1070001";"1041810";"IT";"S1311";"26270468";""
"2013-08-31";"1070001";"1041810";"ITC4";"S11001";"401110";""
"2013-08-31";"1070001";"1041810";"ITC41";"600";"13512909";""
"2013-08-31";"1070001";"1041810";"ITC41";"S12BI7";"74071";""
"2013-08-31";"1070001";"1041810";"ITC41";"S13";"111757";""
"2013-08-31";"1070001";"1041810";"ITC41";"S1311";"36340";""
"2013-08-31";"1070001";"1041810";"ITC41";"SBI59";"17123696";""
"2013-08-31";"1070001";"1041810";"ITC4";"S15";"4442146";""
"2013-08-31";"1070001";"1041810";"ITC41";"S11";"2625592";""
"2013-08-31";"1070001";"1041810";"ITC41";"S126";"34175";""
"2013-08-31";"1070001";"1041810";"IT";"S11001";"7672256";""
"2013-08-31";"1070001";"1041810";"IT";"S12I";"23476683";""
"2013-08-31";"1070001";"1041810";"IT";"S13";"45450773";""
"2013-08-31";"1070001";"1041810";"IT";"S1313";"13381422";""
"2013-08-31";"1070001";"1041810";"IT";"SBI59";"1255526182";""
"2013-08-31";"1070001";"1041810";"IT";"S11";"195368250";""
"2013-08-31";"1070001";"1041810";"ITC4";"S11";"56942140";""
"2013-08-31";"1070001";"1041810";"IT";"S11BI8";"12067695";""
"2013-08-31";"1070001";"1041810";"IT";"SBI9";"7600391";""
"2013-08-31";"1070001";"1041810";"IT";"450";"1207992";""
"2013-08-31";"1070001";"1041810";"ITC4";"S12BI6";"23826391";""
"2013-08-31";"1070001";"1041810";"ITC4";"S14";"171424022";""
"2013-08-31";"1070001";"1041810";"ITC4";"450";"404916";""
"2013-08-31";"1070001";"1041810";"ITC4";"S11BI31";"52342516";""
"2013-08-31";"1070001";"1041810";"ITC4";"S126";"8560015";""
"2013-08-31";"1070001";"1041810";"ITC41";"S11BI7";"117070";""
"2013-08-31";"1070001";"1041810";"IT";"S14BI2";"44687625";""
"2013-08-31";"1070001";"1041810";"IT";"S15";"22697078";""
"2013-08-31";"1070001";"1041810";"IT";"600";"836781676";""
"2013-08-31";"1070001";"1041810";"IT";"S12BI7";"102940391";""
"2013-08-31";"1070001";"1041810";"ITC4";"S12BI7";"38012699";""
"2013-08-31";"1070001";"1041810";"ITC4";"S12I";"5626292";""
"2013-08-31";"1070001";"1041810";"ITC4";"S13";"2378076";""
"2013-08-31";"1070001";"1041810";"ITC4";"S1311";"656318";""
"2013-08-31";"1070001";"1041810";"ITC41";"S1313";"74343";""
"2013-08-31";"1070001";"1041810";"ITC41";"S1314";"1073";""
"2013-08-31";"1070001";"1041810";"IT";"S126";"15334435";""
"2013-08-31";"1070001";"1041810";"ITC41";"450";"19501";""
"2013-08-31";"1070001";"1041810";"ITC4";"600";"163464711";""
"2013-08-31";"1070001";"1041810";"ITC4";"S11BI7";"1454250";""
"2013-08-31";"1070001";"1041810";"ITC4";"S11BI8";"2339348";""
"2013-08-31";"1070001";"1041810";"ITC41";"S12BI6";"39840";""
"2013-08-31";"1070001";"1041810";"ITC41";"S15";"232014";""
"2013-08-31";"1070001";"1041810";"ITC41";"SBI9";"76027";""
"2013-08-31";"1070001";"1041810";"IT";"S12BI6";"64129273";""
"2013-08-31";"1070001";"1041810";"ITC41";"S12I";"55";""
"2013-08-31";"1070001";"1041810";"ITC41";"S14";"14004236";""
"2013-08-31";"1070001";"1041810";"ITC41";"S14BI2";"491327";""
"2013-08-31";"1070001";"1041810";"IT";"S11BI31";"168385629";""
"2013-08-31";"1070001";"1041810";"IT";"S1314";"5798882";""
"2013-08-31";"1070001";"1041810";"IT";"S14";"881469301";""
"2013-08-31";"1070001";"1041810";"ITC4";"S1313";"1607615";""
"2013-08-31";"1070001";"1041810";"ITC4";"S1314";"114143";""
"2013-08-31";"1070001";"1041810";"ITC41";"S11001";"34546";""
"2013-08-31";"1070001";"1041810";"ITC41";"S11BI31";"2257399";""
"2013-08-31";"1070001";"1041810";"ITC41";"S11BI8";"197074";""
"2013-08-31";"1070001";"1041810";"ITC4";"SBI59";"275672088";""
"2013-08-31";"1070001";"1041810";"ITC4";"SBI9";"2473005";""
"2013-08-31";"1070001";"1041810";"ITC4";"S14BI2";"7959312";""
"2013-07-31";"1070001";"1041810";"IT";"450";"1155933";""
"2013-07-31";"1070001";"1041810";"IT";"S11BI8";"11401786";""
"2013-07-31";"1070001";"1041810";"ITC4";"S1313";"1608851";""
"2013-07-31";"1070001";"1041810";"ITC4";"S1314";"127199";""
"2013-07-31";"1070001";"1041810";"ITC41";"S12BI6";"39556";""
"2013-07-31";"1070001";"1041810";"ITC41";"S12I";"73";""
"2013-07-31";"1070001";"1041810";"ITC41";"S15";"234487";""
"2013-07-31";"1070001";"1041810";"ITC41";"SBI9";"76020";""
"2013-07-31";"1070001";"1041810";"IT";"S14";"877700698";""
"2013-07-31";"1070001";"1041810";"ITC4";"600";"162797467";""
"2013-07-31";"1070001";"1041810";"ITC4";"S11BI8";"2314545";""
"2013-07-31";"1070001";"1041810";"IT";"S13";"40855555";""
"2013-07-31";"1070001";"1041810";"IT";"S12I";"23364051";""
"2013-07-31";"1070001";"1041810";"ITC4";"S13";"2351232";""
"2013-07-31";"1070001";"1041810";"ITC41";"S11BI8";"192774";""
"2013-07-31";"1070001";"1041810";"ITC41";"S1311";"36792";""
"2013-07-31";"1070001";"1041810";"IT";"S1313";"13312062";""
"2013-07-31";"1070001";"1041810";"IT";"S11001";"8269188";""
"2013-07-31";"1070001";"1041810";"IT";"S12BI7";"103762668";""
"2013-07-31";"1070001";"1041810";"ITC4";"450";"375929";""
"2013-07-31";"1070001";"1041810";"ITC4";"S14";"170935321";""
"2013-07-31";"1070001";"1041810";"ITC41";"600";"13477953";""
"2013-07-31";"1070001";"1041810";"ITC41";"S11001";"31163";""
"2013-07-31";"1070001";"1041810";"ITC41";"S11BI7";"112795";""
"2013-07-31";"1070001";"1041810";"IT";"S1311";"20828915";""
"2013-07-31";"1070001";"1041810";"ITC4";"S11BI7";"1401866";""
"2013-07-31";"1070001";"1041810";"IT";"S11BI7";"5854135";""
"2013-07-31";"1070001";"1041810";"ITC41";"S13";"111570";""
"2013-07-31";"1070001";"1041810";"IT";"S11";"187495006";""
"2013-07-31";"1070001";"1041810";"ITC4";"S12BI7";"39241262";""
"2013-07-31";"1070001";"1041810";"ITC4";"S12I";"5743180";""
"2013-07-31";"1070001";"1041810";"ITC4";"S15";"4470931";""
"2013-07-31";"1070001";"1041810";"ITC4";"SBI59";"274419267";""
"2013-07-31";"1070001";"1041810";"ITC4";"SBI9";"2634006";""
"2013-07-31";"1070001";"1041810";"ITC41";"450";"17537";""
"2013-07-31";"1070001";"1041810";"ITC4";"S11001";"413519";""
"2013-07-31";"1070001";"1041810";"ITC41";"S14BI2";"513134";""
"2013-07-31";"1070001";"1041810";"IT";"S12BI6";"64057791";""
"2013-07-31";"1070001";"1041810";"ITC41";"S11BI31";"2168609";""
"2013-07-31";"1070001";"1041810";"ITC41";"S126";"43537";""
"2013-07-31";"1070001";"1041810";"ITC41";"S1313";"73721";""
"2013-07-31";"1070001";"1041810";"ITC41";"S1314";"1057";""
"2013-07-31";"1070001";"1041810";"IT";"SBI59";"1239876939";""
"2013-07-31";"1070001";"1041810";"ITC4";"S11";"54786515";""
"2013-07-31";"1070001";"1041810";"IT";"600";"832624409";""
"2013-07-31";"1070001";"1041810";"IT";"S14BI2";"45076288";""
"2013-07-31";"1070001";"1041810";"ITC41";"S14";"13991087";""
"2013-07-31";"1070001";"1041810";"ITC41";"SBI59";"17019206";""
"2013-07-31";"1070001";"1041810";"ITC4";"S11BI31";"50280657";""
"2013-07-31";"1070001";"1041810";"ITC4";"S14BI2";"8137855";""
"2013-07-31";"1070001";"1041810";"IT";"S11BI31";"160813965";""
"2013-07-31";"1070001";"1041810";"IT";"S126";"16340825";""
"2013-07-31";"1070001";"1041810";"ITC4";"S126";"8877027";""
"2013-07-31";"1070001";"1041810";"ITC4";"S12BI6";"24621056";""
"2013-07-31";"1070001";"1041810";"ITC4";"S1311";"615182";""
"2013-07-31";"1070001";"1041810";"ITC41";"S11";"2522878";""
"2013-07-31";"1070001";"1041810";"ITC41";"S12BI7";"83165";""
"2013-07-31";"1070001";"1041810";"IT";"SBI9";"7682747";""
"2013-07-31";"1070001";"1041810";"IT";"S1314";"6714578";""
"2013-07-31";"1070001";"1041810";"IT";"S15";"22380266";""
"2013-06-30";"1070001";"1041810";"IT";"S1311";"28909476";""
"2013-06-30";"1070001";"1041810";"ITC41";"600";"13503752";""
"2013-06-30";"1070001";"1041810";"ITC41";"S11";"2706692";""
"2013-06-30";"1070001";"1041810";"ITC41";"S1313";"69463";""
"2013-06-30";"1070001";"1041810";"ITC41";"SBI59";"17256683";""
"2013-06-30";"1070001";"1041810";"IT";"S14";"879118394";""
"2013-06-30";"1070001";"1041810";"IT";"600";"833368033";""
"2013-06-30";"1070001";"1041810";"IT";"S11";"194225103";""
"2013-06-30";"1070001";"1041810";"IT";"450";"1164567";""
"2013-06-30";"1070001";"1041810";"ITC41";"SBI9";"76817";""
"2013-06-30";"1070001";"1041810";"ITC4";"S14BI2";"8354976";""
"2013-06-30";"1070001";"1041810";"IT";"S126";"17500933";""
"2013-06-30";"1070001";"1041810";"IT";"S12BI6";"64301488";""
"2013-06-30";"1070001";"1041810";"ITC4";"S14";"171780966";""
"2013-06-30";"1070001";"1041810";"ITC41";"S11001";"29847";""
"2013-06-30";"1070001";"1041810";"ITC41";"S11BI8";"206496";""
"2013-06-30";"1070001";"1041810";"ITC4";"S12BI6";"24552611";""
"2013-06-30";"1070001";"1041810";"IT";"SBI59";"1255209167";""
"2013-06-30";"1070001";"1041810";"IT";"S11001";"8525280";""
"2013-06-30";"1070001";"1041810";"IT";"S11BI8";"11845701";""
"2013-06-30";"1070001";"1041810";"IT";"S1313";"13596239";""
"2013-06-30";"1070001";"1041810";"ITC4";"S1313";"1518165";""
"2013-06-30";"1070001";"1041810";"ITC41";"S15";"251777";""
"2013-06-30";"1070001";"1041810";"ITC4";"600";"163425989";""
"2013-06-30";"1070001";"1041810";"ITC4";"S11BI31";"52507725";""
"2013-06-30";"1070001";"1041810";"ITC4";"S12BI7";"39006753";""
"2013-06-30";"1070001";"1041810";"ITC4";"S13";"2159993";""
"2013-06-30";"1070001";"1041810";"ITC4";"S1311";"614175";""
"2013-06-30";"1070001";"1041810";"IT";"S11BI31";"166383380";""
"2013-06-30";"1070001";"1041810";"ITC41";"450";"17538";""
"2013-06-30";"1070001";"1041810";"ITC41";"S12BI7";"83619";""
"2013-06-30";"1070001";"1041810";"ITC4";"S11";"57284320";""
"2013-06-30";"1070001";"1041810";"ITC4";"S126";"8783275";""
"2013-06-30";"1070001";"1041810";"ITC4";"S12I";"5670866";""
"2013-06-30";"1070001";"1041810";"IT";"SBI9";"7913592";""
"2013-06-30";"1070001";"1041810";"IT";"S1314";"5803703";""
"2013-06-30";"1070001";"1041810";"ITC41";"S126";"43365";""
"2013-06-30";"1070001";"1041810";"ITC41";"S13";"106819";""
"2013-06-30";"1070001";"1041810";"ITC4";"S11BI7";"1556484";""
"2013-06-30";"1070001";"1041810";"ITC41";"S14BI2";"527206";""
"2013-06-30";"1070001";"1041810";"IT";"S12I";"22381404";""
"2013-06-30";"1070001";"1041810";"IT";"S13";"48309418";""
"2013-06-30";"1070001";"1041810";"ITC4";"S1314";"27654";""
"2013-06-30";"1070001";"1041810";"ITC4";"S15";"4582848";""
"2013-06-30";"1070001";"1041810";"ITC41";"S12I";"60";""
"2013-06-30";"1070001";"1041810";"ITC41";"S1311";"35861";""
"2013-06-30";"1070001";"1041810";"ITC41";"S1314";"1495";""
"2013-06-30";"1070001";"1041810";"ITC4";"450";"360339";""
"2013-06-30";"1070001";"1041810";"ITC4";"S11BI8";"2473043";""
"2013-06-30";"1070001";"1041810";"IT";"S14BI2";"45750361";""
"2013-06-30";"1070001";"1041810";"IT";"S11BI7";"6306175";""
"2013-06-30";"1070001";"1041810";"IT";"S12BI7";"104183825";""
"2013-06-30";"1070001";"1041810";"ITC4";"SBI59";"277702436";""
"2013-06-30";"1070001";"1041810";"ITC4";"SBI9";"2887556";""
"2013-06-30";"1070001";"1041810";"ITC41";"S11BI31";"2329515";""
"2013-06-30";"1070001";"1041810";"ITC41";"S11BI7";"123296";""
"2013-06-30";"1070001";"1041810";"ITC41";"S12BI6";"40194";""
"2013-06-30";"1070001";"1041810";"ITC41";"S14";"14030959";""
"2013-06-30";"1070001";"1041810";"ITC4";"S11001";"386730";""
"2013-06-30";"1070001";"1041810";"IT";"S15";"21458834";""
"2013-05-31";"1070001";"1041810";"IT";"S11";"191153048";""
"2013-05-31";"1070001";"1041810";"IT";"S11BI31";"163830015";""
"2013-05-31";"1070001";"1041810";"IT";"600";"836865993";""
"2013-05-31";"1070001";"1041810";"ITC4";"450";"348445";""
"2013-05-31";"1070001";"1041810";"ITC4";"S11001";"410976";""
"2013-05-31";"1070001";"1041810";"IT";"S1314";"5941146";""
"2013-05-31";"1070001";"1041810";"IT";"S11BI7";"5579568";""
"2013-05-31";"1070001";"1041810";"ITC41";"S11BI8";"193259";""
"2013-05-31";"1070001";"1041810";"ITC41";"S12I";"65";""
"2013-05-31";"1070001";"1041810";"IT";"S11001";"9589825";""
"2013-05-31";"1070001";"1041810";"ITC4";"S12BI7";"40509178";""
"2013-05-31";"1070001";"1041810";"IT";"S12BI6";"65579519";""
"2013-05-31";"1070001";"1041810";"ITC41";"S126";"42896";""
"2013-05-31";"1070001";"1041810";"ITC41";"S1311";"37710";""
"2013-05-31";"1070001";"1041810";"ITC41";"S1313";"68459";""
"2013-05-31";"1070001";"1041810";"ITC4";"S11BI7";"1348004";""
"2013-05-31";"1070001";"1041810";"ITC4";"S14BI2";"7987754";""
"2013-05-31";"1070001";"1041810";"IT";"SBI59";"1251339126";""
"2013-05-31";"1070001";"1041810";"ITC4";"S15";"4681765";""
"2013-05-31";"1070001";"1041810";"ITC4";"SBI59";"277069423";""
"2013-05-31";"1070001";"1041810";"ITC41";"600";"13534883";""
"2013-05-31";"1070001";"1041810";"ITC41";"S14";"14028070";""
"2013-05-31";"1070001";"1041810";"IT";"450";"1124497";""
"2013-05-31";"1070001";"1041810";"ITC4";"S13";"2219441";""
"2013-05-31";"1070001";"1041810";"ITC4";"S1314";"111575";""
"2013-05-31";"1070001";"1041810";"ITC4";"S11BI31";"51039580";""
"2013-05-31";"1070001";"1041810";"IT";"S12I";"25368211";""
"2013-05-31";"1070001";"1041810";"IT";"S14";"881332763";""
"2013-05-31";"1070001";"1041810";"IT";"S15";"21928908";""
"2013-05-31";"1070001";"1041810";"ITC41";"S15";"245938";""
"2013-05-31";"1070001";"1041810";"ITC4";"S11BI8";"2302368";""
"2013-05-31";"1070001";"1041810";"ITC4";"S12BI6";"25444373";""
"2013-05-31";"1070001";"1041810";"ITC4";"S12I";"6246989";""
"2013-05-31";"1070001";"1041810";"ITC41";"S11BI7";"106007";""
"2013-05-31";"1070001";"1041810";"ITC41";"S12BI7";"86482";""
"2013-05-31";"1070001";"1041810";"ITC41";"S1314";"1089";""
"2013-05-31";"1070001";"1041810";"ITC41";"SBI59";"17057004";""
"2013-05-31";"1070001";"1041810";"ITC41";"SBI9";"75893";""
"2013-05-31";"1070001";"1041810";"ITC4";"600";"163790068";""
"2013-05-31";"1070001";"1041810";"ITC41";"S11";"2513364";""
"2013-05-31";"1070001";"1041810";"ITC4";"S1313";"1521832";""
"2013-05-31";"1070001";"1041810";"ITC41";"S12BI6";"43521";""
"2013-05-31";"1070001";"1041810";"ITC41";"S13";"107257";""
"2013-05-31";"1070001";"1041810";"IT";"S1311";"22979890";""
"2013-05-31";"1070001";"1041810";"IT";"S126";"16329529";""
"2013-05-31";"1070001";"1041810";"ITC4";"S14";"171777822";""
"2013-05-31";"1070001";"1041810";"IT";"S11BI8";"11029144";""
"2013-05-31";"1070001";"1041810";"ITC4";"SBI9";"2431844";""
"2013-05-31";"1070001";"1041810";"ITC41";"S11001";"31871";""
"2013-05-31";"1070001";"1041810";"ITC41";"S11BI31";"2164732";""
"2013-05-31";"1070001";"1041810";"ITC41";"S14BI2";"493187";""
"2013-05-31";"1070001";"1041810";"IT";"S1313";"13211300";""
"2013-05-31";"1070001";"1041810";"IT";"S12BI7";"107277259";""
"2013-05-31";"1070001";"1041810";"ITC4";"S126";"8817816";""
"2013-05-31";"1070001";"1041810";"ITC4";"S1311";"586033";""
"2013-05-31";"1070001";"1041810";"ITC4";"S11";"55449374";""
"2013-05-31";"1070001";"1041810";"ITC41";"450";"17494";""
"2013-05-31";"1070001";"1041810";"IT";"S14BI2";"44466770";""
"2013-05-31";"1070001";"1041810";"IT";"S13";"42132337";""
"2013-05-31";"1070001";"1041810";"IT";"SBI9";"7514811";""
"2013-04-30";"1070001";"1041810";"IT";"600";"838704506";""
"2013-04-30";"1070001";"1041810";"IT";"S11BI8";"10765327";""
"2013-04-30";"1070001";"1041810";"IT";"S1314";"5407887";""
"2013-04-30";"1070001";"1041810";"IT";"S12I";"27738332";""
"2013-04-30";"1070001";"1041810";"ITC4";"S11BI7";"1307701";""
"2013-04-30";"1070001";"1041810";"ITC4";"S11BI8";"2243614";""
"2013-04-30";"1070001";"1041810";"ITC4";"S13";"2244961";""
"2013-04-30";"1070001";"1041810";"ITC4";"S1313";"1633953";""
"2013-04-30";"1070001";"1041810";"ITC4";"SBI9";"2625903";""
"2013-04-30";"1070001";"1041810";"ITC41";"S11";"2512897";""
"2013-04-30";"1070001";"1041810";"ITC41";"S11BI8";"188592";""
"2013-04-30";"1070001";"1041810";"ITC41";"S1314";"1487";""
"2013-04-30";"1070001";"1041810";"ITC41";"S15";"252193";""
"2013-04-30";"1070001";"1041810";"IT";"S12BI6";"66723183";""
"2013-04-30";"1070001";"1041810";"ITC4";"600";"164082358";""
"2013-04-30";"1070001";"1041810";"ITC4";"S15";"4699942";""
"2013-04-30";"1070001";"1041810";"ITC41";"S126";"41818";""
"2013-04-30";"1070001";"1041810";"ITC41";"S12I";"60";""
"2013-04-30";"1070001";"1041810";"ITC41";"S13";"99137";""
"2013-04-30";"1070001";"1041810";"IT";"S1313";"13998956";""
"2013-04-30";"1070001";"1041810";"IT";"S11001";"9307944";""
"2013-04-30";"1070001";"1041810";"ITC4";"S1311";"587962";""
"2013-04-30";"1070001";"1041810";"ITC41";"S11001";"23410";""
"2013-04-30";"1070001";"1041810";"ITC41";"S1313";"60430";""
"2013-04-30";"1070001";"1041810";"ITC41";"S14BI2";"484998";""
"2013-04-30";"1070001";"1041810";"IT";"S11BI31";"160359702";""
"2013-04-30";"1070001";"1041810";"IT";"S14";"883000343";""
"2013-04-30";"1070001";"1041810";"ITC4";"S14BI2";"7884319";""
"2013-04-30";"1070001";"1041810";"IT";"S1311";"24851869";""
"2013-04-30";"1070001";"1041810";"IT";"SBI59";"1258129877";""
"2013-04-30";"1070001";"1041810";"ITC41";"S11BI31";"2180102";""
"2013-04-30";"1070001";"1041810";"ITC41";"S1311";"37220";""
"2013-04-30";"1070001";"1041810";"ITC4";"450";"359358";""
"2013-04-30";"1070001";"1041810";"ITC4";"S12BI6";"25058066";""
"2013-04-30";"1070001";"1041810";"ITC4";"S12BI7";"41671245";""
"2013-04-30";"1070001";"1041810";"ITC41";"450";"17635";""
"2013-04-30";"1070001";"1041810";"ITC4";"S11";"54982684";""
"2013-04-30";"1070001";"1041810";"ITC4";"S126";"9606456";""
"2013-04-30";"1070001";"1041810";"ITC41";"S12BI7";"83746";""
"2013-04-30";"1070001";"1041810";"ITC41";"SBI59";"17123812";""
"2013-04-30";"1070001";"1041810";"ITC41";"SBI9";"78504";""
"2013-04-30";"1070001";"1041810";"IT";"S12BI7";"113782964";""
"2013-04-30";"1070001";"1041810";"IT";"S13";"44258712";""
"2013-04-30";"1070001";"1041810";"IT";"450";"1144181";""
"2013-04-30";"1070001";"1041810";"IT";"S11";"187041810";""
"2013-04-30";"1070001";"1041810";"ITC4";"S11001";"412335";""
"2013-04-30";"1070001";"1041810";"ITC4";"S11BI31";"50659676";""
"2013-04-30";"1070001";"1041810";"ITC4";"S12I";"7006722";""
"2013-04-30";"1070001";"1041810";"ITC4";"S14";"171966678";""
"2013-04-30";"1070001";"1041810";"ITC4";"SBI59";"278191412";""
"2013-04-30";"1070001";"1041810";"ITC41";"S11BI7";"103158";""
"2013-04-30";"1070001";"1041810";"ITC41";"S12BI6";"41868";""
"2013-04-30";"1070001";"1041810";"IT";"S14BI2";"44295838";""
"2013-04-30";"1070001";"1041810";"IT";"S15";"22225617";""
"2013-04-30";"1070001";"1041810";"IT";"SBI9";"7820431";""
"2013-04-30";"1070001";"1041810";"IT";"S126";"19321449";""
"2013-04-30";"1070001";"1041810";"IT";"S11BI7";"5464656";""
"2013-04-30";"1070001";"1041810";"ITC4";"S1314";"23046";""
"2013-04-30";"1070001";"1041810";"ITC41";"600";"13612338";""
"2013-04-30";"1070001";"1041810";"ITC41";"S14";"14097336";""
"2013-03-31";"1070001";"1041810";"ITC41";"S14BI2";"487290";""
"2013-03-31";"1070001";"1041810";"ITC4";"S11001";"404915";""
"2013-03-31";"1070001";"1041810";"ITC4";"S126";"9353139";""
"2013-03-31";"1070001";"1041810";"ITC41";"S1314";"1072";""
"2013-03-31";"1070001";"1041810";"IT";"600";"835803686";""
"2013-03-31";"1070001";"1041810";"IT";"S11BI8";"10969133";""
"2013-03-31";"1070001";"1041810";"IT";"S12BI7";"110118599";""
"2013-03-31";"1070001";"1041810";"IT";"S12I";"24964952";""
"2013-03-31";"1070001";"1041810";"IT";"S1313";"13871852";""
"2013-03-31";"1070001";"1041810";"ITC4";"S14";"172127408";""
"2013-03-31";"1070001";"1041810";"ITC4";"SBI59";"278423828";""
"2013-03-31";"1070001";"1041810";"ITC41";"S11001";"31775";""
"2013-03-31";"1070001";"1041810";"ITC4";"S11BI7";"1393470";""
"2013-03-31";"1070001";"1041810";"ITC41";"S1311";"36257";""
"2013-03-31";"1070001";"1041810";"IT";"S11";"189228528";""
"2013-03-31";"1070001";"1041810";"IT";"S11BI7";"5703069";""
"2013-03-31";"1070001";"1041810";"IT";"S12BI6";"63944295";""
"2013-03-31";"1070001";"1041810";"IT";"S14";"879958694";""
"2013-03-31";"1070001";"1041810";"ITC4";"S12I";"6452590";""
"2013-03-31";"1070001";"1041810";"ITC41";"S126";"47121";""
"2013-03-31";"1070001";"1041810";"ITC41";"S12I";"61";""
"2013-03-31";"1070001";"1041810";"ITC4";"S11";"56514375";""
"2013-03-31";"1070001";"1041810";"ITC4";"S11BI31";"51994653";""
"2013-03-31";"1070001";"1041810";"ITC4";"S12BI7";"39953897";""
"2013-03-31";"1070001";"1041810";"IT";"S1311";"21978211";""
"2013-03-31";"1070001";"1041810";"ITC4";"S14BI2";"7897534";""
"2013-03-31";"1070001";"1041810";"ITC41";"S1313";"63333";""
"2013-03-31";"1070001";"1041810";"ITC4";"S1314";"122001";""
"2013-03-31";"1070001";"1041810";"ITC41";"SBI59";"17242361";""
"2013-03-31";"1070001";"1041810";"ITC41";"SBI9";"82025";""
"2013-03-31";"1070001";"1041810";"IT";"S1314";"6252462";""
"2013-03-31";"1070001";"1041810";"IT";"SBI59";"1251497864";""
"2013-03-31";"1070001";"1041810";"IT";"SBI9";"8144053";""
"2013-03-31";"1070001";"1041810";"ITC4";"S11BI8";"2302442";""
"2013-03-31";"1070001";"1041810";"ITC4";"S1311";"535443";""
"2013-03-31";"1070001";"1041810";"ITC41";"S13";"100662";""
"2013-03-31";"1070001";"1041810";"ITC4";"S15";"4674301";""
"2013-03-31";"1070001";"1041810";"ITC4";"450";"418895";""
"2013-03-31";"1070001";"1041810";"ITC4";"S12BI6";"24148168";""
"2013-03-31";"1070001";"1041810";"ITC41";"S12BI6";"38325";""
"2013-03-31";"1070001";"1041810";"IT";"S13";"42102525";""
"2013-03-31";"1070001";"1041810";"ITC4";"S13";"2285771";""
"2013-03-31";"1070001";"1041810";"ITC41";"S12BI7";"85507";""
"2013-03-31";"1070001";"1041810";"ITC41";"S14";"14154483";""
"2013-03-31";"1070001";"1041810";"ITC41";"S15";"255064";""
"2013-03-31";"1070001";"1041810";"ITC41";"450";"17047";""
"2013-03-31";"1070001";"1041810";"ITC41";"600";"13667193";""
"2013-03-31";"1070001";"1041810";"ITC41";"S11";"2564621";""
"2013-03-31";"1070001";"1041810";"ITC41";"S11BI31";"2211818";""
"2013-03-31";"1070001";"1041810";"IT";"S15";"21945466";""
"2013-03-31";"1070001";"1041810";"IT";"450";"1190794";""
"2013-03-31";"1070001";"1041810";"IT";"S11BI31";"161646378";""
"2013-03-31";"1070001";"1041810";"IT";"S126";"21209351";""
"2013-03-31";"1070001";"1041810";"ITC4";"600";"164229874";""
"2013-03-31";"1070001";"1041810";"ITC41";"S11BI7";"110101";""
"2013-03-31";"1070001";"1041810";"ITC41";"S11BI8";"193880";""
"2013-03-31";"1070001";"1041810";"ITC4";"S1313";"1628327";""
"2013-03-31";"1070001";"1041810";"ITC4";"SBI9";"2868076";""
"2013-03-31";"1070001";"1041810";"IT";"S14BI2";"44155007";""
"2013-03-31";"1070001";"1041810";"IT";"S11001";"9719155";""
"2013-02-28";"1070001";"1041810";"ITC4";"S11BI8";"2127138";""
"2013-02-28";"1070001";"1041810";"ITC41";"S13";"99989";""
"2013-02-28";"1070001";"1041810";"IT";"S12I";"25727774";""
"2013-02-28";"1070001";"1041810";"ITC4";"S11BI31";"45812133";""
"2013-02-28";"1070001";"1041810";"ITC4";"S11BI7";"1193233";""
"2013-02-28";"1070001";"1041810";"ITC4";"S126";"9630333";""
"2013-02-28";"1070001";"1041810";"ITC4";"S12BI6";"23829435";""
"2013-02-28";"1070001";"1041810";"ITC4";"S12I";"6673653";""
"2013-02-28";"1070001";"1041810";"ITC4";"S13";"2284176";""
"2013-02-28";"1070001";"1041810";"ITC41";"600";"13715259";""
"2013-02-28";"1070001";"1041810";"ITC41";"S12BI6";"37053";""
"2013-02-28";"1070001";"1041810";"ITC41";"S12BI7";"78019";""
"2013-02-28";"1070001";"1041810";"ITC41";"S1311";"34949";""
"2013-02-28";"1070001";"1041810";"ITC41";"S1314";"1043";""
"2013-02-28";"1070001";"1041810";"IT";"S11001";"8245734";""
"2013-02-28";"1070001";"1041810";"IT";"SBI9";"8774049";""
"2013-02-28";"1070001";"1041810";"IT";"600";"836700245";""
"2013-02-28";"1070001";"1041810";"IT";"S14BI2";"42873568";""
"2013-02-28";"1070001";"1041810";"ITC4";"S14BI2";"7545893";""
"2013-02-28";"1070001";"1041810";"ITC41";"S15";"253992";""
"2013-02-28";"1070001";"1041810";"ITC4";"SBI9";"3415794";""
"2013-02-28";"1070001";"1041810";"IT";"S11";"173023802";""
"2013-02-28";"1070001";"1041810";"IT";"S11BI31";"148392536";""
"2013-02-28";"1070001";"1041810";"IT";"S1311";"25310808";""
"2013-02-28";"1070001";"1041810";"IT";"S14";"879573813";""
"2013-02-28";"1070001";"1041810";"IT";"S15";"21939886";""
"2013-02-28";"1070001";"1041810";"ITC4";"S15";"4610865";""
"2013-02-28";"1070001";"1041810";"ITC41";"S11BI7";"92801";""
"2013-02-28";"1070001";"1041810";"IT";"S126";"20611224";""
"2013-02-28";"1070001";"1041810";"IT";"S12BI7";"110451897";""
"2013-02-28";"1070001";"1041810";"IT";"S13";"45776963";""
"2013-02-28";"1070001";"1041810";"ITC41";"450";"6131";""
"2013-02-28";"1070001";"1041810";"ITC41";"S126";"40914";""
"2013-02-28";"1070001";"1041810";"IT";"S12BI6";"64112899";""
"2013-02-28";"1070001";"1041810";"IT";"SBI59";"1239540409";""
"2013-02-28";"1070001";"1041810";"ITC4";"S1311";"542311";""
"2013-02-28";"1070001";"1041810";"ITC4";"S1313";"1683730";""
"2013-02-28";"1070001";"1041810";"ITC4";"450";"425329";""
"2013-02-28";"1070001";"1041810";"ITC41";"S11001";"25018";""
"2013-02-28";"1070001";"1041810";"IT";"S11BI7";"4982311";""
"2013-02-28";"1070001";"1041810";"ITC4";"S12BI7";"40133421";""
"2013-02-28";"1070001";"1041810";"ITC4";"600";"165295312";""
"2013-02-28";"1070001";"1041810";"ITC4";"S11";"49975478";""
"2013-02-28";"1070001";"1041810";"ITC4";"S11001";"417644";""
"2013-02-28";"1070001";"1041810";"ITC4";"SBI59";"273260939";""
"2013-02-28";"1070001";"1041810";"ITC41";"S11";"2258921";""
"2013-02-28";"1070001";"1041810";"ITC41";"S11BI8";"175613";""
"2013-02-28";"1070001";"1041810";"ITC41";"S12I";"51";""
"2013-02-28";"1070001";"1041810";"ITC41";"S14";"14179086";""
"2013-02-28";"1070001";"1041810";"ITC41";"SBI59";"16954654";""
"2013-02-28";"1070001";"1041810";"ITC41";"SBI9";"84647";""
"2013-02-28";"1070001";"1041810";"IT";"450";"1201038";""
"2013-02-28";"1070001";"1041810";"IT";"S11BI8";"10202183";""
"2013-02-28";"1070001";"1041810";"IT";"S1313";"14472596";""
"2013-02-28";"1070001";"1041810";"ITC41";"S14BI2";"463827";""
"2013-02-28";"1070001";"1041810";"ITC4";"S1314";"58135";""
"2013-02-28";"1070001";"1041810";"ITC4";"S14";"172841205";""
"2013-02-28";"1070001";"1041810";"ITC41";"S11BI31";"1959358";""
"2013-02-28";"1070001";"1041810";"ITC41";"S1313";"63996";""
"2013-02-28";"1070001";"1041810";"IT";"S1314";"5993558";""
"2013-01-31";"1070001";"1041810";"IT";"450";"1219840";""
"2013-01-31";"1070001";"1041810";"ITC4";"S14BI2";"7416705";""
"2013-01-31";"1070001";"1041810";"IT";"SBI59";"1223332764";""
"2013-01-31";"1070001";"1041810";"ITC41";"S126";"53787";""
"2013-01-31";"1070001";"1041810";"ITC41";"S12BI6";"44389";""
"2013-01-31";"1070001";"1041810";"ITC41";"S12I";"54";""
"2013-01-31";"1070001";"1041810";"ITC41";"S15";"255205";""
"2013-01-31";"1070001";"1041810";"ITC4";"S12BI6";"22773705";""
"2013-01-31";"1070001";"1041810";"ITC41";"S14BI2";"451668";""
"2013-01-31";"1070001";"1041810";"ITC4";"S11";"48871134";""
"2013-01-31";"1070001";"1041810";"ITC4";"S13";"2289789";""
"2013-01-31";"1070001";"1041810";"IT";"S1314";"6113845";""
"2013-01-31";"1070001";"1041810";"IT";"600";"825159550";""
"2013-01-31";"1070001";"1041810";"IT";"S126";"20338327";""
"2013-01-31";"1070001";"1041810";"ITC4";"S11BI7";"1182193";""
"2013-01-31";"1070001";"1041810";"ITC4";"S12BI7";"38298975";""
"2013-01-31";"1070001";"1041810";"ITC41";"450";"6371";""
"2013-01-31";"1070001";"1041810";"ITC41";"S13";"101115";""
"2013-01-31";"1070001";"1041810";"ITC41";"SBI9";"90193";""
"2013-01-31";"1070001";"1041810";"ITC4";"S1311";"546815";""
"2013-01-31";"1070001";"1041810";"ITC4";"S1314";"87012";""
"2013-01-31";"1070001";"1041810";"ITC4";"SBI59";"265624289";""
"2013-01-31";"1070001";"1041810";"IT";"S15";"21569880";""
"2013-01-31";"1070001";"1041810";"ITC41";"600";"13470358";""
"2013-01-31";"1070001";"1041810";"ITC41";"S11BI31";"2009232";""
"2013-01-31";"1070001";"1041810";"ITC41";"S1314";"892";""
"2013-01-31";"1070001";"1041810";"IT";"S11001";"8408879";""
"2013-01-31";"1070001";"1041810";"IT";"S14";"867481093";""
"2013-01-31";"1070001";"1041810";"ITC41";"S11BI7";"93308";""
"2013-01-31";"1070001";"1041810";"ITC4";"S11001";"398802";""
"2013-01-31";"1070001";"1041810";"ITC4";"S15";"4555487";""
"2013-01-31";"1070001";"1041810";"IT";"S11BI8";"10146642";""
"2013-01-31";"1070001";"1041810";"IT";"S12BI6";"61633742";""
"2013-01-31";"1070001";"1041810";"IT";"S13";"46247105";""
"2013-01-31";"1070001";"1041810";"IT";"S11BI31";"148307203";""
"2013-01-31";"1070001";"1041810";"IT";"S11BI7";"4970177";""
"2013-01-31";"1070001";"1041810";"ITC41";"S12BI7";"98230";""
"2013-01-31";"1070001";"1041810";"ITC41";"S14";"13922026";""
"2013-01-31";"1070001";"1041810";"ITC41";"SBI59";"16770542";""
"2013-01-31";"1070001";"1041810";"ITC4";"S11BI31";"44766146";""
"2013-01-31";"1070001";"1041810";"ITC4";"S11BI8";"2066898";""
"2013-01-31";"1070001";"1041810";"ITC41";"S11BI8";"173166";""
"2013-01-31";"1070001";"1041810";"IT";"S14BI2";"42321543";""
"2013-01-31";"1070001";"1041810";"IT";"SBI9";"8165302";""
"2013-01-31";"1070001";"1041810";"IT";"S1313";"14468897";""
"2013-01-31";"1070001";"1041810";"ITC41";"S11001";"21695";""
"2013-01-31";"1070001";"1041810";"ITC41";"S1311";"32658";""
"2013-01-31";"1070001";"1041810";"ITC4";"S14";"168970305";""
"2013-01-31";"1070001";"1041810";"ITC4";"SBI9";"2638599";""
"2013-01-31";"1070001";"1041810";"IT";"S12BI7";"106816643";""
"2013-01-31";"1070001";"1041810";"IT";"S12I";"24844574";""
"2013-01-31";"1070001";"1041810";"IT";"S1311";"25664363";""
"2013-01-31";"1070001";"1041810";"IT";"S11";"173052742";""
"2013-01-31";"1070001";"1041810";"ITC4";"450";"457094";""
"2013-01-31";"1070001";"1041810";"ITC4";"600";"161553600";""
"2013-01-31";"1070001";"1041810";"ITC4";"S126";"9230534";""
"2013-01-31";"1070001";"1041810";"ITC4";"S12I";"6294736";""
"2013-01-31";"1070001";"1041810";"ITC4";"S1313";"1655961";""
"2013-01-31";"1070001";"1041810";"ITC41";"S11";"2303773";""
"2013-01-31";"1070001";"1041810";"ITC41";"S1313";"67565";""
"2012-12-31";"1070001";"1041810";"IT";"S11BI8";"10499743";""
"2012-12-31";"1070001";"1041810";"IT";"S1314";"7715108";""
"2012-12-31";"1070001";"1041810";"ITC41";"SBI9";"89475";""
"2012-12-31";"1070001";"1041810";"ITC4";"S12BI6";"23117340";""
"2012-12-31";"1070001";"1041810";"ITC4";"S1311";"830979";""
"2012-12-31";"1070001";"1041810";"ITC4";"SBI9";"2876458";""
"2012-12-31";"1070001";"1041810";"ITC4";"S11BI8";"2150432";""
"2012-12-31";"1070001";"1041810";"IT";"S11";"185786212";""
"2012-12-31";"1070001";"1041810";"IT";"S11BI31";"160100947";""
"2012-12-31";"1070001";"1041810";"IT";"S12BI7";"105968830";""
"2012-12-31";"1070001";"1041810";"IT";"S12I";"23737553";""
"2012-12-31";"1070001";"1041810";"ITC4";"S1313";"1594333";""
"2012-12-31";"1070001";"1041810";"IT";"SBI59";"1223383711";""
"2012-12-31";"1070001";"1041810";"ITC41";"S11BI7";"104089";""
"2012-12-31";"1070001";"1041810";"ITC41";"S12BI7";"91625";""
"2012-12-31";"1070001";"1041810";"ITC41";"S13";"122143";""
"2012-12-31";"1070001";"1041810";"ITC41";"S1313";"84291";""
"2012-12-31";"1070001";"1041810";"IT";"S14BI2";"42494492";""
"2012-12-31";"1070001";"1041810";"IT";"S1311";"12134601";""
"2012-12-31";"1070001";"1041810";"ITC4";"S12I";"6226823";""
"2012-12-31";"1070001";"1041810";"ITC4";"S126";"8579759";""
"2012-12-31";"1070001";"1041810";"IT";"S14";"868099525";""
"2012-12-31";"1070001";"1041810";"IT";"S15";"21655655";""
"2012-12-31";"1070001";"1041810";"IT";"SBI9";"8614900";""
"2012-12-31";"1070001";"1041810";"ITC41";"450";"5837";""
"2012-12-31";"1070001";"1041810";"ITC41";"S14";"13930638";""
"2012-12-31";"1070001";"1041810";"IT";"S1313";"13408881";""
"2012-12-31";"1070001";"1041810";"ITC41";"SBI59";"16971229";""
"2012-12-31";"1070001";"1041810";"ITC4";"S13";"2469119";""
"2012-12-31";"1070001";"1041810";"ITC4";"S11BI7";"1283110";""
"2012-12-31";"1070001";"1041810";"ITC41";"S126";"50951";""
"2012-12-31";"1070001";"1041810";"ITC4";"S14BI2";"7504324";""
"2012-12-31";"1070001";"1041810";"ITC41";"S14BI2";"457811";""
"2012-12-31";"1070001";"1041810";"ITC41";"S15";"255733";""
"2012-12-31";"1070001";"1041810";"ITC4";"S12BI7";"37923923";""
"2012-12-31";"1070001";"1041810";"ITC4";"S15";"4401963";""
"2012-12-31";"1070001";"1041810";"ITC41";"600";"13472827";""
"2012-12-31";"1070001";"1041810";"ITC41";"S11";"2481615";""
"2012-12-31";"1070001";"1041810";"ITC41";"S11BI8";"186439";""
"2012-12-31";"1070001";"1041810";"ITC41";"S1311";"36871";""
"2012-12-31";"1070001";"1041810";"IT";"S126";"18456659";""
"2012-12-31";"1070001";"1041810";"IT";"S12BI6";"63774618";""
"2012-12-31";"1070001";"1041810";"IT";"S13";"33258590";""
"2012-12-31";"1070001";"1041810";"ITC4";"600";"162957950";""
"2012-12-31";"1070001";"1041810";"ITC4";"S11";"52570806";""
"2012-12-31";"1070001";"1041810";"IT";"S11001";"8551486";""
"2012-12-31";"1070001";"1041810";"IT";"S11BI7";"5399065";""
"2012-12-31";"1070001";"1041810";"IT";"450";"1234970";""
"2012-12-31";"1070001";"1041810";"IT";"600";"825605033";""
"2012-12-31";"1070001";"1041810";"ITC4";"S14";"170462274";""
"2012-12-31";"1070001";"1041810";"ITC4";"SBI59";"270704544";""
"2012-12-31";"1070001";"1041810";"ITC4";"450";"407249";""
"2012-12-31";"1070001";"1041810";"ITC4";"S11001";"419157";""
"2012-12-31";"1070001";"1041810";"ITC41";"S11BI31";"2167934";""
"2012-12-31";"1070001";"1041810";"ITC41";"S12BI6";"40596";""
"2012-12-31";"1070001";"1041810";"ITC41";"S1314";"982";""
"2012-12-31";"1070001";"1041810";"ITC4";"S1314";"43808";""
"2012-12-31";"1070001";"1041810";"ITC4";"S11BI31";"48310857";""
"2012-12-31";"1070001";"1041810";"ITC41";"S12I";"78";""
"2012-12-31";"1070001";"1041810";"ITC41";"S11001";"17315";""
"2012-11-30";"1070001";"1041810";"IT";"SBI9";"8150814";""
"2012-11-30";"1070001";"1041810";"ITC4";"600";"154184270";""
"2012-11-30";"1070001";"1041810";"ITC4";"S11001";"400530";""
"2012-11-30";"1070001";"1041810";"ITC41";"S11BI8";"179884";""
"2012-11-30";"1070001";"1041810";"ITC41";"S1313";"96176";""
"2012-11-30";"1070001";"1041810";"IT";"S12BI6";"66893958";""
"2012-11-30";"1070001";"1041810";"ITC4";"S14BI2";"7291977";""
"2012-11-30";"1070001";"1041810";"ITC41";"S14BI2";"438519";""
"2012-11-30";"1070001";"1041810";"ITC4";"S11";"49382545";""
"2012-11-30";"1070001";"1041810";"ITC4";"S11BI31";"45205903";""
"2012-11-30";"1070001";"1041810";"ITC4";"S126";"7403193";""
"2012-11-30";"1070001";"1041810";"ITC4";"S12BI7";"39355824";""
"2012-11-30";"1070001";"1041810";"ITC41";"S11";"2396414";""
"2012-11-30";"1070001";"1041810";"ITC41";"S11001";"25038";""
"2012-11-30";"1070001";"1041810";"ITC41";"S126";"39505";""
"2012-11-30";"1070001";"1041810";"ITC41";"S12I";"58";""
"2012-11-30";"1070001";"1041810";"IT";"S1311";"31191920";""
"2012-11-30";"1070001";"1041810";"IT";"S1313";"13922433";""
"2012-11-30";"1070001";"1041810";"IT";"S1314";"6564103";""
"2012-11-30";"1070001";"1041810";"ITC41";"SBI9";"88978";""
"2012-11-30";"1070001";"1041810";"ITC41";"S11BI7";"99146";""
"2012-11-30";"1070001";"1041810";"IT";"S11BI7";"5195525";""
"2012-11-30";"1070001";"1041810";"IT";"S11BI8";"10313600";""
"2012-11-30";"1070001";"1041810";"IT";"S126";"16643845";""
"2012-11-30";"1070001";"1041810";"IT";"S13";"51678457";""
"2012-11-30";"1070001";"1041810";"ITC41";"S13";"130007";""
"2012-11-30";"1070001";"1041810";"ITC41";"S1311";"32610";""
"2012-11-30";"1070001";"1041810";"IT";"S11";"178982934";""
"2012-11-30";"1070001";"1041810";"ITC4";"S11BI7";"1229674";""
"2012-11-30";"1070001";"1041810";"ITC4";"S12I";"5780104";""
"2012-11-30";"1070001";"1041810";"ITC4";"S1311";"816163";""
"2012-11-30";"1070001";"1041810";"ITC41";"450";"6148";""
"2012-11-30";"1070001";"1041810";"ITC41";"S11BI31";"2086199";""
"2012-11-30";"1070001";"1041810";"IT";"S11001";"7426625";""
"2012-11-30";"1070001";"1041810";"IT";"S14";"832776928";""
"2012-11-30";"1070001";"1041810";"ITC4";"450";"429231";""
"2012-11-30";"1070001";"1041810";"ITC4";"S1313";"1662603";""
"2012-11-30";"1070001";"1041810";"ITC41";"S12BI6";"38416";""
"2012-11-30";"1070001";"1041810";"ITC41";"S12BI7";"77980";""
"2012-11-30";"1070001";"1041810";"ITC4";"S15";"4426601";""
"2012-11-30";"1070001";"1041810";"IT";"S12BI7";"104933868";""
"2012-11-30";"1070001";"1041810";"IT";"450";"1233462";""
"2012-11-30";"1070001";"1041810";"ITC41";"S1314";"1221";""
"2012-11-30";"1070001";"1041810";"ITC41";"S14";"13322725";""
"2012-11-30";"1070001";"1041810";"IT";"S14BI2";"41008598";""
"2012-11-30";"1070001";"1041810";"ITC4";"S14";"161476247";""
"2012-11-30";"1070001";"1041810";"ITC4";"SBI59";"259733236";""
"2012-11-30";"1070001";"1041810";"ITC41";"S15";"266307";""
"2012-11-30";"1070001";"1041810";"ITC41";"SBI59";"16282412";""
"2012-11-30";"1070001";"1041810";"IT";"S15";"21809054";""
"2012-11-30";"1070001";"1041810";"ITC4";"S11BI8";"2117207";""
"2012-11-30";"1070001";"1041810";"ITC4";"S12BI6";"26172527";""
"2012-11-30";"1070001";"1041810";"ITC4";"S1314";"46767";""
"2012-11-30";"1070001";"1041810";"ITC41";"600";"12884207";""
"2012-11-30";"1070001";"1041810";"IT";"SBI59";"1198332055";""
"2012-11-30";"1070001";"1041810";"ITC4";"S13";"2525533";""
"2012-11-30";"1070001";"1041810";"ITC4";"SBI9";"2566485";""
"2012-11-30";"1070001";"1041810";"IT";"S12I";"21396066";""
"2012-11-30";"1070001";"1041810";"IT";"600";"791768331";""
"2012-11-30";"1070001";"1041810";"IT";"S11BI31";"154813723";""
"2012-10-31";"1070001";"1041810";"IT";"S11BI7";"5802355";""
"2012-10-31";"1070001";"1041810";"ITC4";"S1313";"1775405";""
"2012-10-31";"1070001";"1041810";"ITC4";"S11BI7";"1386281";""
"2012-10-31";"1070001";"1041810";"IT";"S14BI2";"42822364";""
"2012-10-31";"1070001";"1041810";"ITC41";"S14";"13273238";""
"2012-10-31";"1070001";"1041810";"IT";"S12BI6";"65016911";""
"2012-10-31";"1070001";"1041810";"ITC4";"S15";"4250713";""
"2012-10-31";"1070001";"1041810";"ITC4";"SBI59";"260013501";""
"2012-10-31";"1070001";"1041810";"ITC41";"S11BI8";"202440";""
"2012-10-31";"1070001";"1041810";"ITC41";"S1313";"107040";""
"2012-10-31";"1070001";"1041810";"IT";"600";"789725650";""
"2012-10-31";"1070001";"1041810";"ITC4";"S13";"2885293";""
"2012-10-31";"1070001";"1041810";"ITC4";"S14";"161033761";""
"2012-10-31";"1070001";"1041810";"ITC41";"S11";"2479490";""
"2012-10-31";"1070001";"1041810";"ITC41";"S11BI7";"111470";""
"2012-10-31";"1070001";"1041810";"ITC41";"S15";"260144";""
"2012-10-31";"1070001";"1041810";"ITC4";"S14BI2";"7741695";""
"2012-10-31";"1070001";"1041810";"IT";"SBI9";"8147324";""
"2012-10-31";"1070001";"1041810";"ITC4";"SBI9";"2493349";""
"2012-10-31";"1070001";"1041810";"ITC4";"S11";"50468421";""
"2012-10-31";"1070001";"1041810";"ITC4";"S11BI8";"2338959";""
"2012-10-31";"1070001";"1041810";"ITC4";"S126";"7591095";""
"2012-10-31";"1070001";"1041810";"ITC41";"S12I";"60";""
"2012-10-31";"1070001";"1041810";"ITC41";"S1311";"47228";""
"2012-10-31";"1070001";"1041810";"ITC41";"SBI9";"90131";""
"2012-10-31";"1070001";"1041810";"ITC41";"S14BI2";"476455";""
"2012-10-31";"1070001";"1041810";"IT";"S11";"182238718";""
"2012-10-31";"1070001";"1041810";"IT";"S1313";"14371640";""
"2012-10-31";"1070001";"1041810";"IT";"S1314";"6071147";""
"2012-10-31";"1070001";"1041810";"IT";"S14";"832548014";""
"2012-10-31";"1070001";"1041810";"ITC4";"S1311";"976472";""
"2012-10-31";"1070001";"1041810";"ITC41";"S11BI31";"2139960";""
"2012-10-31";"1070001";"1041810";"ITC4";"S11BI31";"45897688";""
"2012-10-31";"1070001";"1041810";"ITC4";"S12I";"6213136";""
"2012-10-31";"1070001";"1041810";"IT";"S15";"21493194";""
"2012-10-31";"1070001";"1041810";"ITC41";"S13";"155444";""
"2012-10-31";"1070001";"1041810";"ITC41";"SBI59";"16349098";""
"2012-10-31";"1070001";"1041810";"IT";"450";"1244364";""
"2012-10-31";"1070001";"1041810";"IT";"S11001";"7237536";""
"2012-10-31";"1070001";"1041810";"IT";"S1311";"36411616";""
"2012-10-31";"1070001";"1041810";"ITC41";"450";"6623";""
"2012-10-31";"1070001";"1041810";"ITC41";"S11001";"18997";""
"2012-10-31";"1070001";"1041810";"ITC41";"S126";"51414";""
"2012-10-31";"1070001";"1041810";"ITC4";"S11001";"405043";""
"2012-10-31";"1070001";"1041810";"ITC4";"S12BI7";"38881964";""
"2012-10-31";"1070001";"1041810";"IT";"S11BI31";"156531308";""
"2012-10-31";"1070001";"1041810";"IT";"S126";"17018912";""
"2012-10-31";"1070001";"1041810";"IT";"SBI59";"1204826766";""
"2012-10-31";"1070001";"1041810";"ITC41";"S1314";"1176";""
"2012-10-31";"1070001";"1041810";"IT";"S12BI7";"103545113";""
"2012-10-31";"1070001";"1041810";"ITC4";"450";"440451";""
"2012-10-31";"1070001";"1041810";"ITC4";"S12BI6";"25077732";""
"2012-10-31";"1070001";"1041810";"ITC41";"S12BI7";"90650";""
"2012-10-31";"1070001";"1041810";"IT";"S11BI8";"11423156";""
"2012-10-31";"1070001";"1041810";"IT";"S12I";"21509290";""
"2012-10-31";"1070001";"1041810";"IT";"S13";"56854403";""
"2012-10-31";"1070001";"1041810";"ITC4";"600";"153292066";""
"2012-10-31";"1070001";"1041810";"ITC4";"S1314";"133416";""
"2012-10-31";"1070001";"1041810";"ITC41";"600";"12796784";""
"2012-10-31";"1070001";"1041810";"ITC41";"S12BI6";"39176";""
"2012-09-30";"1070001";"1041810";"ITC4";"S14BI2";"7778845";""
"2012-09-30";"1070001";"1041810";"ITC4";"S1314";"49825";""
"2012-09-30";"1070001";"1041810";"ITC41";"S11001";"17187";""
"2012-09-30";"1070001";"1041810";"IT";"S14BI2";"43051916";""
"2012-09-30";"1070001";"1041810";"IT";"S13";"59663644";""
"2012-09-30";"1070001";"1041810";"IT";"S14";"834543803";""
"2012-09-30";"1070001";"1041810";"IT";"S15";"21135445";""
"2012-09-30";"1070001";"1041810";"ITC41";"600";"12942849";""
"2012-09-30";"1070001";"1041810";"ITC41";"S12BI6";"47512";""
"2012-09-30";"1070001";"1041810";"ITC4";"S11001";"414793";""
"2012-09-30";"1070001";"1041810";"ITC4";"S14";"162781430";""
"2012-09-30";"1070001";"1041810";"ITC41";"S15";"251562";""
"2012-09-30";"1070001";"1041810";"IT";"S11BI31";"155443516";""
"2012-09-30";"1070001";"1041810";"ITC4";"S11";"51549558";""
"2012-09-30";"1070001";"1041810";"ITC4";"S1311";"932074";""
"2012-09-30";"1070001";"1041810";"ITC4";"S1313";"1834124";""
"2012-09-30";"1070001";"1041810";"ITC4";"S15";"4167545";""
"2012-09-30";"1070001";"1041810";"ITC41";"S11BI7";"118583";""
"2012-09-30";"1070001";"1041810";"ITC41";"S12I";"60";""
"2012-09-30";"1070001";"1041810";"ITC4";"450";"429791";""
"2012-09-30";"1070001";"1041810";"ITC41";"SBI9";"93610";""
"2012-09-30";"1070001";"1041810";"IT";"S126";"22485352";""
"2012-09-30";"1070001";"1041810";"IT";"S11BI8";"12064330";""
"2012-09-30";"1070001";"1041810";"ITC4";"S126";"7736044";""
"2012-09-30";"1070001";"1041810";"ITC4";"S13";"2816023";""
"2012-09-30";"1070001";"1041810";"ITC41";"S11BI31";"2244156";""
"2012-09-30";"1070001";"1041810";"ITC41";"S11BI8";"208432";""
"2012-09-30";"1070001";"1041810";"IT";"S11BI7";"6108676";""
"2012-09-30";"1070001";"1041810";"IT";"S12BI7";"107736963";""
"2012-09-30";"1070001";"1041810";"IT";"S1314";"6016378";""
"2012-09-30";"1070001";"1041810";"IT";"SBI9";"9018795";""
"2012-09-30";"1070001";"1041810";"ITC41";"S13";"153487";""
"2012-09-30";"1070001";"1041810";"ITC4";"S11BI31";"46849881";""
"2012-09-30";"1070001";"1041810";"ITC4";"S12I";"5918217";""
"2012-09-30";"1070001";"1041810";"ITC41";"450";"6193";""
"2012-09-30";"1070001";"1041810";"ITC41";"SBI59";"16613005";""
"2012-09-30";"1070001";"1041810";"IT";"S12BI6";"64990713";""
"2012-09-30";"1070001";"1041810";"IT";"S12I";"20260897";""
"2012-09-30";"1070001";"1041810";"IT";"S1311";"39274545";""
"2012-09-30";"1070001";"1041810";"IT";"SBI59";"1214364155";""
"2012-09-30";"1070001";"1041810";"ITC4";"S12BI6";"25403312";""
"2012-09-30";"1070001";"1041810";"ITC4";"S12BI7";"39057573";""
"2012-09-30";"1070001";"1041810";"ITC4";"SBI59";"263772079";""
"2012-09-30";"1070001";"1041810";"ITC41";"S126";"46729";""
"2012-09-30";"1070001";"1041810";"ITC41";"S1311";"46691";""
"2012-09-30";"1070001";"1041810";"ITC4";"600";"155002585";""
"2012-09-30";"1070001";"1041810";"ITC41";"S1313";"106041";""
"2012-09-30";"1070001";"1041810";"IT";"450";"1252859";""
"2012-09-30";"1070001";"1041810";"IT";"S11001";"7396125";""
"2012-09-30";"1070001";"1041810";"ITC41";"S14BI2";"482645";""
"2012-09-30";"1070001";"1041810";"ITC4";"S11BI7";"1461357";""
"2012-09-30";"1070001";"1041810";"ITC41";"S1314";"754";""
"2012-09-30";"1070001";"1041810";"IT";"S1313";"14372721";""
"2012-09-30";"1070001";"1041810";"ITC41";"S12BI7";"94301";""
"2012-09-30";"1070001";"1041810";"ITC4";"S11BI8";"2393735";""
"2012-09-30";"1070001";"1041810";"ITC4";"SBI9";"3399950";""
"2012-09-30";"1070001";"1041810";"ITC41";"S11";"2594551";""
"2012-09-30";"1070001";"1041810";"ITC41";"S14";"13425494";""
"2012-09-30";"1070001";"1041810";"IT";"600";"791491887";""
"2012-09-30";"1070001";"1041810";"IT";"S11";"182265506";""
"2012-08-31";"1070001";"1041810";"ITC4";"S126";"8244315";""
"2012-08-31";"1070001";"1041810";"ITC4";"S1313";"1821830";""
"2012-08-31";"1070001";"1041810";"ITC4";"S14";"160223327";""
"2012-08-31";"1070001";"1041810";"ITC41";"S1313";"103348";""
"2012-08-31";"1070001";"1041810";"ITC4";"SBI59";"257412109";""
"2012-08-31";"1070001";"1041810";"ITC41";"S11";"2519012";""
"2012-08-31";"1070001";"1041810";"IT";"S1311";"33744899";""
"2012-08-31";"1070001";"1041810";"ITC4";"S12BI6";"24596991";""
"2012-08-31";"1070001";"1041810";"ITC4";"S12BI7";"38315661";""
"2012-08-31";"1070001";"1041810";"ITC41";"S13";"151360";""
"2012-08-31";"1070001";"1041810";"ITC41";"S1311";"46481";""
"2012-08-31";"1070001";"1041810";"ITC41";"S14";"13226481";""
"2012-08-31";"1070001";"1041810";"ITC4";"450";"468365";""
"2012-08-31";"1070001";"1041810";"ITC4";"600";"152719588";""
"2012-08-31";"1070001";"1041810";"ITC41";"S126";"50413";""
"2012-08-31";"1070001";"1041810";"IT";"450";"1281353";""
"2012-08-31";"1070001";"1041810";"IT";"S11";"171151824";""
"2012-08-31";"1070001";"1041810";"IT";"S13";"54457299";""
"2012-08-31";"1070001";"1041810";"IT";"S1314";"6086883";""
"2012-08-31";"1070001";"1041810";"IT";"S14BI2";"42074218";""
"2012-08-31";"1070001";"1041810";"ITC4";"S11";"49212279";""
"2012-08-31";"1070001";"1041810";"ITC4";"S11BI8";"2240335";""
"2012-08-31";"1070001";"1041810";"ITC4";"S1311";"927620";""
"2012-08-31";"1070001";"1041810";"ITC41";"S11BI7";"110933";""
"2012-08-31";"1070001";"1041810";"IT";"SBI59";"1184833335";""
"2012-08-31";"1070001";"1041810";"ITC41";"S1314";"1530";""
"2012-08-31";"1070001";"1041810";"ITC41";"S11001";"18160";""
"2012-08-31";"1070001";"1041810";"IT";"S12BI7";"104377297";""
"2012-08-31";"1070001";"1041810";"IT";"S12I";"18063320";""
"2012-08-31";"1070001";"1041810";"ITC41";"SBI59";"16323244";""
"2012-08-31";"1070001";"1041810";"ITC41";"SBI9";"94050";""
"2012-08-31";"1070001";"1041810";"ITC4";"S15";"4053204";""
"2012-08-31";"1070001";"1041810";"ITC41";"450";"6650";""
"2012-08-31";"1070001";"1041810";"ITC41";"S11BI31";"2189090";""
"2012-08-31";"1070001";"1041810";"ITC41";"S11BI8";"194179";""
"2012-08-31";"1070001";"1041810";"IT";"S11BI7";"5614438";""
"2012-08-31";"1070001";"1041810";"ITC4";"S11001";"379728";""
"2012-08-31";"1070001";"1041810";"ITC41";"S12I";"42";""
"2012-08-31";"1070001";"1041810";"ITC41";"S15";"235847";""
"2012-08-31";"1070001";"1041810";"ITC41";"600";"12756040";""
"2012-08-31";"1070001";"1041810";"ITC41";"S12BI6";"46040";""
"2012-08-31";"1070001";"1041810";"IT";"S11BI8";"11498509";""
"2012-08-31";"1070001";"1041810";"IT";"S1313";"14625517";""
"2012-08-31";"1070001";"1041810";"IT";"SBI9";"8403158";""
"2012-08-31";"1070001";"1041810";"ITC41";"S14BI2";"470441";""
"2012-08-31";"1070001";"1041810";"ITC41";"S12BI7";"96495";""
"2012-08-31";"1070001";"1041810";"IT";"600";"783513873";""
"2012-08-31";"1070001";"1041810";"IT";"S11001";"6968946";""
"2012-08-31";"1070001";"1041810";"IT";"S12BI6";"62573453";""
"2012-08-31";"1070001";"1041810";"IT";"S14";"825588091";""
"2012-08-31";"1070001";"1041810";"ITC4";"S14BI2";"7503739";""
"2012-08-31";"1070001";"1041810";"ITC4";"S12I";"5474355";""
"2012-08-31";"1070001";"1041810";"ITC4";"S13";"2824039";""
"2012-08-31";"1070001";"1041810";"ITC4";"S1314";"74590";""
"2012-08-31";"1070001";"1041810";"ITC4";"S11BI31";"44786677";""
"2012-08-31";"1070001";"1041810";"ITC4";"S11BI7";"1337174";""
"2012-08-31";"1070001";"1041810";"ITC4";"SBI9";"2783598";""
"2012-08-31";"1070001";"1041810";"IT";"S11BI31";"145788579";""
"2012-08-31";"1070001";"1041810";"IT";"S126";"23740524";""
"2012-08-31";"1070001";"1041810";"IT";"S15";"20855668";""
"2012-07-31";"1070001";"1041810";"IT";"S15";"20601670";""
"2012-07-31";"1070001";"1041810";"IT";"SBI59";"1173956205";""
"2012-07-31";"1070001";"1041810";"ITC4";"450";"458917";""
"2012-07-31";"1070001";"1041810";"ITC41";"S11001";"17761";""
"2012-07-31";"1070001";"1041810";"ITC41";"S14";"13153168";""
"2012-07-31";"1070001";"1041810";"ITC41";"S15";"237055";""
"2012-07-31";"1070001";"1041810";"ITC41";"SBI9";"96121";""
"2012-07-31";"1070001";"1041810";"IT";"S11BI8";"11551742";""
"2012-07-31";"1070001";"1041810";"IT";"S1314";"5885546";""
"2012-07-31";"1070001";"1041810";"ITC4";"S11";"47776054";""
"2012-07-31";"1070001";"1041810";"ITC4";"S126";"8509368";""
"2012-07-31";"1070001";"1041810";"IT";"S126";"23552284";""
"2012-07-31";"1070001";"1041810";"ITC41";"450";"6732";""
"2012-07-31";"1070001";"1041810";"IT";"S13";"47767202";""
"2012-07-31";"1070001";"1041810";"IT";"S14";"822829630";""
"2012-07-31";"1070001";"1041810";"ITC4";"SBI59";"257448549";""
"2012-07-31";"1070001";"1041810";"ITC4";"SBI9";"2867728";""
"2012-07-31";"1070001";"1041810";"ITC41";"S12BI7";"111774";""
"2012-07-31";"1070001";"1041810";"ITC41";"S1311";"45498";""
"2012-07-31";"1070001";"1041810";"IT";"450";"1279987";""
"2012-07-31";"1070001";"1041810";"IT";"S11";"167193058";""
"2012-07-31";"1070001";"1041810";"IT";"S11BI31";"141302063";""
"2012-07-31";"1070001";"1041810";"IT";"S11BI7";"5872061";""
"2012-07-31";"1070001";"1041810";"ITC4";"S14BI2";"7850234";""
"2012-07-31";"1070001";"1041810";"ITC4";"S12BI7";"40515629";""
"2012-07-31";"1070001";"1041810";"ITC4";"S13";"2778784";""
"2012-07-31";"1070001";"1041810";"ITC41";"S11";"2442914";""
"2012-07-31";"1070001";"1041810";"ITC41";"S11BI7";"114220";""
"2012-07-31";"1070001";"1041810";"ITC41";"S11BI8";"206297";""
"2012-07-31";"1070001";"1041810";"ITC41";"S12BI6";"50606";""
"2012-07-31";"1070001";"1041810";"IT";"S11001";"7187205";""
"2012-07-31";"1070001";"1041810";"ITC4";"S11BI8";"2362048";""
"2012-07-31";"1070001";"1041810";"ITC4";"S12I";"5289690";""
"2012-07-31";"1070001";"1041810";"ITC41";"SBI59";"16195520";""
"2012-07-31";"1070001";"1041810";"IT";"S1313";"14599548";""
"2012-07-31";"1070001";"1041810";"ITC4";"600";"151594436";""
"2012-07-31";"1070001";"1041810";"ITC4";"S11001";"395700";""
"2012-07-31";"1070001";"1041810";"ITC4";"S11BI31";"43171855";""
"2012-07-31";"1070001";"1041810";"IT";"S12BI7";"106939884";""
"2012-07-31";"1070001";"1041810";"IT";"S12I";"18321584";""
"2012-07-31";"1070001";"1041810";"ITC41";"S12I";"66";""
"2012-07-31";"1070001";"1041810";"ITC41";"S14BI2";"505387";""
"2012-07-31";"1070001";"1041810";"IT";"S1311";"27282108";""
"2012-07-31";"1070001";"1041810";"IT";"SBI9";"8624760";""
"2012-07-31";"1070001";"1041810";"ITC4";"S12BI6";"26716571";""
"2012-07-31";"1070001";"1041810";"ITC4";"S1313";"1782802";""
"2012-07-31";"1070001";"1041810";"ITC4";"S1314";"72495";""
"2012-07-31";"1070001";"1041810";"ITC4";"S14";"159444669";""
"2012-07-31";"1070001";"1041810";"ITC4";"S15";"4065685";""
"2012-07-31";"1070001";"1041810";"ITC41";"600";"12647781";""
"2012-07-31";"1070001";"1041810";"ITC41";"S1314";"1037";""
"2012-07-31";"1070001";"1041810";"IT";"600";"779414759";""
"2012-07-31";"1070001";"1041810";"ITC4";"S11BI7";"1387534";""
"2012-07-31";"1070001";"1041810";"IT";"S12BI6";"65066016";""
"2012-07-31";"1070001";"1041810";"ITC4";"S1311";"923487";""
"2012-07-31";"1070001";"1041810";"ITC41";"S11BI31";"2097905";""
"2012-07-31";"1070001";"1041810";"ITC41";"S126";"61102";""
"2012-07-31";"1070001";"1041810";"ITC41";"S13";"154489";""
"2012-07-31";"1070001";"1041810";"ITC41";"S1313";"107954";""
"2012-07-31";"1070001";"1041810";"IT";"S14BI2";"43414871";""
"2012-06-30";"1070001";"1041810";"ITC4";"SBI59";"259724067";""
"2012-06-30";"1070001";"1041810";"ITC4";"S11BI8";"2562670";""
"2012-06-30";"1070001";"1041810";"ITC4";"S12BI6";"22680893";""
"2012-06-30";"1070001";"1041810";"ITC4";"S1311";"960387";""
"2012-06-30";"1070001";"1041810";"ITC4";"S1313";"1741274";""
"2012-06-30";"1070001";"1041810";"IT";"600";"779662526";""
"2012-06-30";"1070001";"1041810";"ITC4";"S11";"51774671";""
"2012-06-30";"1070001";"1041810";"ITC4";"S12BI7";"36838040";""
"2012-06-30";"1070001";"1041810";"ITC41";"S1314";"993";""
"2012-06-30";"1070001";"1041810";"ITC41";"S11001";"40831";""
"2012-06-30";"1070001";"1041810";"ITC41";"S12I";"84";""
"2012-06-30";"1070001";"1041810";"ITC41";"SBI59";"16557861";""
"2012-06-30";"1070001";"1041810";"IT";"450";"1235983";""
"2012-06-30";"1070001";"1041810";"IT";"S13";"38179497";""
"2012-06-30";"1070001";"1041810";"IT";"S1311";"17646126";""
"2012-06-30";"1070001";"1041810";"IT";"S15";"21135997";""
"2012-06-30";"1070001";"1041810";"IT";"SBI59";"1170532721";""
"2012-06-30";"1070001";"1041810";"ITC41";"S11BI31";"2288486";""
"2012-06-30";"1070001";"1041810";"ITC41";"S12BI6";"53242";""
"2012-06-30";"1070001";"1041810";"ITC41";"S1311";"51210";""
"2012-06-30";"1070001";"1041810";"ITC41";"S1313";"109244";""
"2012-06-30";"1070001";"1041810";"ITC4";"450";"410701";""
"2012-06-30";"1070001";"1041810";"IT";"S11BI7";"6464445";""
"2012-06-30";"1070001";"1041810";"IT";"S14";"824046549";""
"2012-06-30";"1070001";"1041810";"ITC41";"S14BI2";"525606";""
"2012-06-30";"1070001";"1041810";"ITC4";"SBI9";"3253270";""
"2012-06-30";"1070001";"1041810";"ITC41";"S11BI7";"129602";""
"2012-06-30";"1070001";"1041810";"ITC41";"S126";"57059";""
"2012-06-30";"1070001";"1041810";"ITC41";"S13";"161446";""
"2012-06-30";"1070001";"1041810";"ITC4";"S11BI31";"46787798";""
"2012-06-30";"1070001";"1041810";"IT";"S12BI6";"61999912";""
"2012-06-30";"1070001";"1041810";"ITC4";"S14BI2";"8157055";""
"2012-06-30";"1070001";"1041810";"ITC4";"S15";"4277793";""
"2012-06-30";"1070001";"1041810";"ITC41";"S11";"2691066";""
"2012-06-30";"1070001";"1041810";"ITC4";"S11BI7";"1575253";""
"2012-06-30";"1070001";"1041810";"ITC4";"S126";"8673264";""
"2012-06-30";"1070001";"1041810";"ITC4";"S14";"160717188";""
"2012-06-30";"1070001";"1041810";"IT";"S11BI31";"150715503";""
"2012-06-30";"1070001";"1041810";"IT";"S12I";"17859978";""
"2012-06-30";"1070001";"1041810";"IT";"S1313";"14891886";""
"2012-06-30";"1070001";"1041810";"IT";"S1314";"5641485";""
"2012-06-30";"1070001";"1041810";"ITC41";"600";"12728945";""
"2012-06-30";"1070001";"1041810";"ITC41";"S12BI7";"110385";""
"2012-06-30";"1070001";"1041810";"ITC4";"S12I";"5483883";""
"2012-06-30";"1070001";"1041810";"IT";"S12BI7";"100876421";""
"2012-06-30";"1070001";"1041810";"IT";"SBI9";"8576262";""
"2012-06-30";"1070001";"1041810";"ITC41";"SBI9";"96995";""
"2012-06-30";"1070001";"1041810";"IT";"S14BI2";"44384023";""
"2012-06-30";"1070001";"1041810";"ITC4";"600";"152560133";""
"2012-06-30";"1070001";"1041810";"ITC4";"S11001";"438249";""
"2012-06-30";"1070001";"1041810";"ITC41";"S15";"243419";""
"2012-06-30";"1070001";"1041810";"IT";"S11";"177717996";""
"2012-06-30";"1070001";"1041810";"IT";"S11001";"7170390";""
"2012-06-30";"1070001";"1041810";"IT";"S126";"21016531";""
"2012-06-30";"1070001";"1041810";"ITC41";"S11BI8";"225238";""
"2012-06-30";"1070001";"1041810";"ITC41";"450";"6908";""
"2012-06-30";"1070001";"1041810";"ITC41";"S14";"13254550";""
"2012-06-30";"1070001";"1041810";"ITC4";"S13";"2863105";""
"2012-06-30";"1070001";"1041810";"ITC4";"S1314";"161445";""
"2012-06-30";"1070001";"1041810";"IT";"S11BI8";"12131675";""
"2012-05-31";"1070001";"1041810";"IT";"450";"1263661";""
"2012-05-31";"1070001";"1041810";"IT";"S11";"172227945";""
"2012-05-31";"1070001";"1041810";"IT";"S12BI7";"101924961";""
"2012-05-31";"1070001";"1041810";"IT";"S12I";"18059431";""
"2012-05-31";"1070001";"1041810";"IT";"SBI9";"8300858";""
"2012-05-31";"1070001";"1041810";"ITC41";"450";"6180";""
"2012-05-31";"1070001";"1041810";"ITC41";"S11001";"21495";""
"2012-05-31";"1070001";"1041810";"ITC4";"450";"443294";""
"2012-05-31";"1070001";"1041810";"ITC4";"S11";"50696425";""
"2012-05-31";"1070001";"1041810";"ITC4";"S11001";"472654";""
"2012-05-31";"1070001";"1041810";"ITC4";"S1311";"1021680";""
"2012-05-31";"1070001";"1041810";"ITC41";"S1313";"99347";""
"2012-05-31";"1070001";"1041810";"IT";"S1313";"14443039";""
"2012-05-31";"1070001";"1041810";"IT";"S11BI8";"11198370";""
"2012-05-31";"1070001";"1041810";"IT";"S1314";"6402985";""
"2012-05-31";"1070001";"1041810";"IT";"S14";"820236041";""
"2012-05-31";"1070001";"1041810";"IT";"S14BI2";"42977298";""
"2012-05-31";"1070001";"1041810";"ITC41";"S12BI6";"39847";""
"2012-05-31";"1070001";"1041810";"ITC4";"S12I";"5580463";""
"2012-05-31";"1070001";"1041810";"ITC41";"S12I";"55";""
"2012-05-31";"1070001";"1041810";"ITC41";"S1311";"48620";""
"2012-05-31";"1070001";"1041810";"ITC41";"SBI59";"16184397";""
"2012-05-31";"1070001";"1041810";"ITC41";"600";"12672544";""
"2012-05-31";"1070001";"1041810";"ITC4";"S11BI31";"46056085";""
"2012-05-31";"1070001";"1041810";"ITC4";"S11BI7";"1345644";""
"2012-05-31";"1070001";"1041810";"ITC41";"S13";"149515";""
"2012-05-31";"1070001";"1041810";"ITC41";"S1314";"1548";""
"2012-05-31";"1070001";"1041810";"IT";"S11BI7";"5659606";""
"2012-05-31";"1070001";"1041810";"ITC4";"S1314";"158749";""
"2012-05-31";"1070001";"1041810";"ITC4";"S14";"159451525";""
"2012-05-31";"1070001";"1041810";"ITC41";"S14";"13170749";""
"2012-05-31";"1070001";"1041810";"IT";"S15";"19643139";""
"2012-05-31";"1070001";"1041810";"ITC4";"SBI59";"256233465";""
"2012-05-31";"1070001";"1041810";"ITC4";"SBI9";"2870862";""
"2012-05-31";"1070001";"1041810";"ITC41";"S11BI8";"206434";""
"2012-05-31";"1070001";"1041810";"ITC4";"600";"151673065";""
"2012-05-31";"1070001";"1041810";"ITC4";"S12BI7";"36088413";""
"2012-05-31";"1070001";"1041810";"ITC4";"S12BI6";"22042635";""
"2012-05-31";"1070001";"1041810";"ITC4";"S1313";"1725816";""
"2012-05-31";"1070001";"1041810";"ITC4";"S15";"4219995";""
"2012-05-31";"1070001";"1041810";"ITC41";"S11";"2421532";""
"2012-05-31";"1070001";"1041810";"ITC41";"S12BI7";"108521";""
"2012-05-31";"1070001";"1041810";"IT";"S11BI31";"146511140";""
"2012-05-31";"1070001";"1041810";"IT";"S126";"20628134";""
"2012-05-31";"1070001";"1041810";"ITC41";"S15";"233466";""
"2012-05-31";"1070001";"1041810";"ITC41";"SBI9";"100614";""
"2012-05-31";"1070001";"1041810";"IT";"S11001";"7595169";""
"2012-05-31";"1070001";"1041810";"IT";"S12BI6";"63237396";""
"2012-05-31";"1070001";"1041810";"IT";"S13";"36575647";""
"2012-05-31";"1070001";"1041810";"ITC41";"S14BI2";"498206";""
"2012-05-31";"1070001";"1041810";"ITC41";"S11BI31";"2078337";""
"2012-05-31";"1070001";"1041810";"ITC41";"S11BI7";"109086";""
"2012-05-31";"1070001";"1041810";"ITC4";"S11BI8";"2378749";""
"2012-05-31";"1070001";"1041810";"ITC4";"S126";"8465315";""
"2012-05-31";"1070001";"1041810";"ITC4";"S13";"2906245";""
"2012-05-31";"1070001";"1041810";"IT";"600";"777258743";""
"2012-05-31";"1070001";"1041810";"IT";"S1311";"15729623";""
"2012-05-31";"1070001";"1041810";"IT";"SBI59";"1158908592";""
"2012-05-31";"1070001";"1041810";"ITC4";"S14BI2";"7778460";""
"2012-05-31";"1070001";"1041810";"ITC41";"S126";"68619";""
"2012-04-30";"1070001";"1041810";"ITC4";"S1311";"637161";""
"2012-04-30";"1070001";"1041810";"ITC41";"450";"5939";""
"2012-04-30";"1070001";"1041810";"ITC41";"600";"12559006";""
"2012-04-30";"1070001";"1041810";"ITC41";"S11001";"18402";""
"2012-04-30";"1070001";"1041810";"ITC41";"S126";"66488";""
"2012-04-30";"1070001";"1041810";"IT";"450";"1212790";""
"2012-04-30";"1070001";"1041810";"IT";"S11BI31";"144115893";""
"2012-04-30";"1070001";"1041810";"IT";"S1311";"19487466";""
"2012-04-30";"1070001";"1041810";"ITC41";"S14BI2";"567785";""
"2012-04-30";"1070001";"1041810";"ITC4";"S13";"2593959";""
"2012-04-30";"1070001";"1041810";"ITC41";"S12BI6";"48390";""
"2012-04-30";"1070001";"1041810";"ITC4";"S12BI7";"37444432";""
"2012-04-30";"1070001";"1041810";"IT";"SBI59";"1165055829";""
"2012-04-30";"1070001";"1041810";"ITC4";"S14BI2";"7982415";""
"2012-04-30";"1070001";"1041810";"IT";"S126";"21042380";""
"2012-04-30";"1070001";"1041810";"ITC4";"450";"402265";""
"2012-04-30";"1070001";"1041810";"ITC4";"600";"152021186";""
"2012-04-30";"1070001";"1041810";"ITC4";"S11";"49714400";""
"2012-04-30";"1070001";"1041810";"ITC4";"S126";"8963339";""
"2012-04-30";"1070001";"1041810";"ITC4";"S14";"160003601";""
"2012-04-30";"1070001";"1041810";"ITC41";"S11";"2388254";""
"2012-04-30";"1070001";"1041810";"ITC41";"S11BI31";"2057912";""
"2012-04-30";"1070001";"1041810";"ITC41";"S1313";"107318";""
"2012-04-30";"1070001";"1041810";"ITC41";"S1314";"1618";""
"2012-04-30";"1070001";"1041810";"IT";"S12BI7";"105531778";""
"2012-04-30";"1070001";"1041810";"IT";"S15";"19777885";""
"2012-04-30";"1070001";"1041810";"IT";"S11001";"7985741";""
"2012-04-30";"1070001";"1041810";"ITC4";"SBI9";"2967938";""
"2012-04-30";"1070001";"1041810";"ITC41";"S13";"157240";""
"2012-04-30";"1070001";"1041810";"ITC41";"S1311";"48305";""
"2012-04-30";"1070001";"1041810";"ITC41";"S15";"228003";""
"2012-04-30";"1070001";"1041810";"ITC4";"S11BI31";"45204059";""
"2012-04-30";"1070001";"1041810";"IT";"S12I";"19967175";""
"2012-04-30";"1070001";"1041810";"IT";"S1314";"5963954";""
"2012-04-30";"1070001";"1041810";"IT";"S11";"169964943";""
"2012-04-30";"1070001";"1041810";"ITC41";"S14";"13126791";""
"2012-04-30";"1070001";"1041810";"ITC41";"SBI9";"108595";""
"2012-04-30";"1070001";"1041810";"ITC4";"S11BI7";"1320364";""
"2012-04-30";"1070001";"1041810";"ITC41";"S12BI7";"114941";""
"2012-04-30";"1070001";"1041810";"IT";"600";"777356255";""
"2012-04-30";"1070001";"1041810";"IT";"S1313";"14854637";""
"2012-04-30";"1070001";"1041810";"IT";"S14";"820923178";""
"2012-04-30";"1070001";"1041810";"ITC41";"SBI59";"16123824";""
"2012-04-30";"1070001";"1041810";"ITC4";"S11001";"442408";""
"2012-04-30";"1070001";"1041810";"ITC4";"S12I";"6478108";""
"2012-04-30";"1070001";"1041810";"IT";"S11BI7";"5599027";""
"2012-04-30";"1070001";"1041810";"IT";"S11BI8";"11051492";""
"2012-04-30";"1070001";"1041810";"IT";"SBI9";"8551988";""
"2012-04-30";"1070001";"1041810";"ITC4";"S15";"4324393";""
"2012-04-30";"1070001";"1041810";"ITC4";"SBI59";"257048723";""
"2012-04-30";"1070001";"1041810";"ITC41";"S12I";"62";""
"2012-04-30";"1070001";"1041810";"ITC4";"S1313";"1818559";""
"2012-04-30";"1070001";"1041810";"IT";"S14BI2";"43566924";""
"2012-04-30";"1070001";"1041810";"ITC4";"S1314";"138240";""
"2012-04-30";"1070001";"1041810";"ITC41";"S11BI7";"105637";""
"2012-04-30";"1070001";"1041810";"ITC41";"S11BI8";"200364";""
"2012-04-30";"1070001";"1041810";"ITC4";"S11BI8";"2345304";""
"2012-04-30";"1070001";"1041810";"ITC4";"S12BI6";"22002985";""
"2012-04-30";"1070001";"1041810";"IT";"S12BI6";"64522223";""
"2012-04-30";"1070001";"1041810";"IT";"S13";"40306057";""
"2012-03-31";"1070001";"1041810";"ITC4";"S1314";"109144";""
"2012-03-31";"1070001";"1041810";"ITC4";"S15";"4274435";""
"2012-03-31";"1070001";"1041810";"ITC41";"600";"12482477";""
"2012-03-31";"1070001";"1041810";"IT";"S11BI7";"5943570";""
"2012-03-31";"1070001";"1041810";"IT";"S126";"22522532";""
"2012-03-31";"1070001";"1041810";"ITC4";"S12I";"5598026";""
"2012-03-31";"1070001";"1041810";"ITC41";"S12BI7";"111836";""
"2012-03-31";"1070001";"1041810";"ITC41";"S14";"13049421";""
"2012-03-31";"1070001";"1041810";"ITC4";"600";"150006424";""
"2012-03-31";"1070001";"1041810";"ITC4";"S11";"51216744";""
"2012-03-31";"1070001";"1041810";"IT";"S12BI7";"107741580";""
"2012-03-31";"1070001";"1041810";"IT";"S13";"41985887";""
"2012-03-31";"1070001";"1041810";"IT";"S14";"811680591";""
"2012-03-31";"1070001";"1041810";"IT";"SBI59";"1161762076";""
"2012-03-31";"1070001";"1041810";"ITC4";"SBI9";"2868357";""
"2012-03-31";"1070001";"1041810";"ITC41";"S11BI7";"111840";""
"2012-03-31";"1070001";"1041810";"ITC41";"S12BI6";"41996";""
"2012-03-31";"1070001";"1041810";"ITC41";"S14BI2";"566944";""
"2012-03-31";"1070001";"1041810";"IT";"S14BI2";"43231006";""
"2012-03-31";"1070001";"1041810";"ITC4";"S1311";"747088";""
"2012-03-31";"1070001";"1041810";"ITC41";"450";"5570";""
"2012-03-31";"1070001";"1041810";"IT";"S11BI8";"11378288";""
"2012-03-31";"1070001";"1041810";"IT";"S15";"19624979";""
"2012-03-31";"1070001";"1041810";"ITC4";"S126";"8885362";""
"2012-03-31";"1070001";"1041810";"ITC41";"S13";"221506";""
"2012-03-31";"1070001";"1041810";"ITC41";"S1313";"170471";""
"2012-03-31";"1070001";"1041810";"ITC41";"S15";"230545";""
"2012-03-31";"1070001";"1041810";"ITC41";"SBI9";"114303";""
"2012-03-31";"1070001";"1041810";"ITC4";"S11BI7";"1431981";""
"2012-03-31";"1070001";"1041810";"IT";"S12BI6";"65725055";""
"2012-03-31";"1070001";"1041810";"IT";"SBI9";"8331625";""
"2012-03-31";"1070001";"1041810";"IT";"S11001";"7040684";""
"2012-03-31";"1070001";"1041810";"ITC41";"S11001";"21459";""
"2012-03-31";"1070001";"1041810";"ITC41";"S11BI31";"2256104";""
"2012-03-31";"1070001";"1041810";"ITC41";"S126";"69777";""
"2012-03-31";"1070001";"1041810";"ITC41";"S1314";"1350";""
"2012-03-31";"1070001";"1041810";"IT";"S1311";"15073564";""
"2012-03-31";"1070001";"1041810";"IT";"S1313";"21422829";""
"2012-03-31";"1070001";"1041810";"IT";"450";"1245130";""
"2012-03-31";"1070001";"1041810";"IT";"S11";"172397388";""
"2012-03-31";"1070001";"1041810";"ITC4";"S14";"157954103";""
"2012-03-31";"1070001";"1041810";"ITC4";"S14BI2";"7947679";""
"2012-03-31";"1070001";"1041810";"ITC4";"S12BI6";"22669480";""
"2012-03-31";"1070001";"1041810";"ITC41";"S11";"2607567";""
"2012-03-31";"1070001";"1041810";"ITC4";"S1313";"2926242";""
"2012-03-31";"1070001";"1041810";"ITC4";"S11BI31";"46473882";""
"2012-03-31";"1070001";"1041810";"ITC4";"S12BI7";"37152867";""
"2012-03-31";"1070001";"1041810";"ITC41";"S12I";"62";""
"2012-03-31";"1070001";"1041810";"ITC41";"S1311";"49685";""
"2012-03-31";"1070001";"1041810";"ITC4";"SBI59";"257248981";""
"2012-03-31";"1070001";"1041810";"ITC4";"S11001";"469439";""
"2012-03-31";"1070001";"1041810";"ITC4";"S11BI8";"2435726";""
"2012-03-31";"1070001";"1041810";"IT";"S1314";"5489493";""
"2012-03-31";"1070001";"1041810";"IT";"600";"768449585";""
"2012-03-31";"1070001";"1041810";"ITC4";"450";"405716";""
"2012-03-31";"1070001";"1041810";"ITC4";"S13";"3782474";""
"2012-03-31";"1070001";"1041810";"IT";"S11BI31";"146789716";""
"2012-03-31";"1070001";"1041810";"IT";"S12I";"19493992";""
"2012-03-31";"1070001";"1041810";"ITC41";"S11BI8";"212594";""
"2012-03-31";"1070001";"1041810";"ITC41";"SBI59";"16335177";""
"2012-02-29";"1070001";"1041810";"IT";"S126";"23749653";""
"2012-02-29";"1070001";"1041810";"IT";"S13";"40695854";""
"2012-02-29";"1070001";"1041810";"IT";"S11001";"6084178";""
"2012-02-29";"1070001";"1041810";"ITC41";"S11BI8";"187947";""
"2012-02-29";"1070001";"1041810";"ITC4";"600";"148088994";""
"2012-02-29";"1070001";"1041810";"ITC4";"S11001";"489533";""
"2012-02-29";"1070001";"1041810";"ITC41";"S12I";"932";""
"2012-02-29";"1070001";"1041810";"ITC41";"S1314";"1441";""
"2012-02-29";"1070001";"1041810";"ITC41";"SBI59";"16000930";""
"2012-02-29";"1070001";"1041810";"ITC4";"S14BI2";"7513457";""
"2012-02-29";"1070001";"1041810";"IT";"S14";"805330499";""
"2012-02-29";"1070001";"1041810";"IT";"SBI59";"1137611132";""
"2012-02-29";"1070001";"1041810";"ITC41";"450";"5855";""
"2012-02-29";"1070001";"1041810";"ITC41";"S11";"2315757";""
"2012-02-29";"1070001";"1041810";"ITC41";"S11001";"20738";""
"2012-02-29";"1070001";"1041810";"ITC41";"S11BI7";"94121";""
"2012-02-29";"1070001";"1041810";"ITC4";"S11BI8";"2173927";""
"2012-02-29";"1070001";"1041810";"ITC4";"S13";"3782247";""
"2012-02-29";"1070001";"1041810";"ITC41";"S12BI6";"50344";""
"2012-02-29";"1070001";"1041810";"ITC41";"S12BI7";"117507";""
"2012-02-29";"1070001";"1041810";"ITC4";"SBI59";"249006338";""
"2012-02-29";"1070001";"1041810";"ITC41";"600";"12439173";""
"2012-02-29";"1070001";"1041810";"ITC4";"S11BI7";"1206845";""
"2012-02-29";"1070001";"1041810";"IT";"S15";"19546314";""
"2012-02-29";"1070001";"1041810";"IT";"S11BI7";"5171491";""
"2012-02-29";"1070001";"1041810";"IT";"S12I";"19345230";""
"2012-02-29";"1070001";"1041810";"ITC4";"S11BI31";"41248696";""
"2012-02-29";"1070001";"1041810";"ITC4";"S12BI7";"36970470";""
"2012-02-29";"1070001";"1041810";"ITC4";"S14";"155602451";""
"2012-02-29";"1070001";"1041810";"ITC41";"S13";"253667";""
"2012-02-29";"1070001";"1041810";"ITC41";"S1311";"47086";""
"2012-02-29";"1070001";"1041810";"IT";"600";"763676014";""
"2012-02-29";"1070001";"1041810";"IT";"S11";"156328218";""
"2012-02-29";"1070001";"1041810";"IT";"S14BI2";"41654485";""
"2012-02-29";"1070001";"1041810";"ITC4";"S12BI6";"22176079";""
"2012-02-29";"1070001";"1041810";"IT";"S12BI6";"64074753";""
"2012-02-29";"1070001";"1041810";"IT";"S1314";"6078814";""
"2012-02-29";"1070001";"1041810";"IT";"SBI9";"8540611";""
"2012-02-29";"1070001";"1041810";"IT";"S11BI31";"133514295";""
"2012-02-29";"1070001";"1041810";"IT";"S11BI8";"10298107";""
"2012-02-29";"1070001";"1041810";"ITC41";"S126";"66231";""
"2012-02-29";"1070001";"1041810";"ITC41";"S11BI31";"2007096";""
"2012-02-29";"1070001";"1041810";"ITC4";"S12I";"6082600";""
"2012-02-29";"1070001";"1041810";"ITC4";"S1313";"2954169";""
"2012-02-29";"1070001";"1041810";"ITC41";"S1313";"205140";""
"2012-02-29";"1070001";"1041810";"ITC41";"S15";"223936";""
"2012-02-29";"1070001";"1041810";"ITC41";"SBI9";"117335";""
"2012-02-29";"1070001";"1041810";"IT";"S12BI7";"107169635";""
"2012-02-29";"1070001";"1041810";"ITC4";"450";"373710";""
"2012-02-29";"1070001";"1041810";"ITC4";"S1314";"109282";""
"2012-02-29";"1070001";"1041810";"ITC41";"S14";"12972728";""
"2012-02-29";"1070001";"1041810";"ITC41";"S14BI2";"533555";""
"2012-02-29";"1070001";"1041810";"IT";"450";"1260147";""
"2012-02-29";"1070001";"1041810";"IT";"S1311";"14967244";""
"2012-02-29";"1070001";"1041810";"IT";"S1313";"19649796";""
"2012-02-29";"1070001";"1041810";"ITC4";"SBI9";"2886083";""
"2012-02-29";"1070001";"1041810";"ITC4";"S11";"45492711";""
"2012-02-29";"1070001";"1041810";"ITC4";"S126";"8711791";""
"2012-02-29";"1070001";"1041810";"ITC4";"S1311";"718796";""
"2012-02-29";"1070001";"1041810";"ITC4";"S15";"4272376";""
"2012-01-31";"1070001";"1041810";"ITC41";"S12I";"930";""
"2012-01-31";"1070001";"1041810";"ITC41";"SBI59";"15808220";""
"2012-01-31";"1070001";"1041810";"ITC41";"450";"9189";""
"2012-01-31";"1070001";"1041810";"ITC4";"450";"447223";""
"2012-01-31";"1070001";"1041810";"ITC4";"S11BI8";"2148863";""
"2012-01-31";"1070001";"1041810";"ITC4";"S126";"8767142";""
"2012-01-31";"1070001";"1041810";"IT";"S11BI31";"129909268";""
"2012-01-31";"1070001";"1041810";"IT";"S13";"44911314";""
"2012-01-31";"1070001";"1041810";"IT";"S1314";"5310906";""
"2012-01-31";"1070001";"1041810";"IT";"S15";"18860023";""
"2012-01-31";"1070001";"1041810";"ITC41";"600";"12314354";""
"2012-01-31";"1070001";"1041810";"ITC41";"S12BI6";"58625";""
"2012-01-31";"1070001";"1041810";"IT";"450";"1348068";""
"2012-01-31";"1070001";"1041810";"IT";"S14BI2";"41633368";""
"2012-01-31";"1070001";"1041810";"ITC41";"S11BI31";"1929704";""
"2012-01-31";"1070001";"1041810";"ITC41";"S11BI8";"182410";""
"2012-01-31";"1070001";"1041810";"ITC41";"S126";"65223";""
"2012-01-31";"1070001";"1041810";"ITC41";"SBI9";"120496";""
"2012-01-31";"1070001";"1041810";"IT";"SBI59";"1128386809";""
"2012-01-31";"1070001";"1041810";"IT";"SBI9";"8845459";""
"2012-01-31";"1070001";"1041810";"ITC4";"S11BI31";"40485356";""
"2012-01-31";"1070001";"1041810";"ITC4";"S12BI6";"21706719";""
"2012-01-31";"1070001";"1041810";"IT";"S11001";"5692790";""
"2012-01-31";"1070001";"1041810";"ITC41";"S13";"248309";""
"2012-01-31";"1070001";"1041810";"ITC4";"S14";"153403303";""
"2012-01-31";"1070001";"1041810";"ITC4";"SBI59";"246396041";""
"2012-01-31";"1070001";"1041810";"ITC4";"S13";"4620170";""
"2012-01-31";"1070001";"1041810";"IT";"S12BI6";"65055821";""
"2012-01-31";"1070001";"1041810";"ITC4";"SBI9";"2955370";""
"2012-01-31";"1070001";"1041810";"ITC41";"S1311";"47488";""
"2012-01-31";"1070001";"1041810";"ITC41";"S1313";"199048";""
"2012-01-31";"1070001";"1041810";"ITC4";"S1314";"121776";""
"2012-01-31";"1070001";"1041810";"IT";"600";"755155296";""
"2012-01-31";"1070001";"1041810";"IT";"S11BI8";"10367919";""
"2012-01-31";"1070001";"1041810";"IT";"S126";"22542093";""
"2012-01-31";"1070001";"1041810";"IT";"S12BI7";"106473863";""
"2012-01-31";"1070001";"1041810";"IT";"S12I";"18875950";""
"2012-01-31";"1070001";"1041810";"IT";"S1311";"15257933";""
"2012-01-31";"1070001";"1041810";"IT";"S14";"796788664";""
"2012-01-31";"1070001";"1041810";"ITC4";"S12I";"6068785";""
"2012-01-31";"1070001";"1041810";"ITC4";"S1311";"741866";""
"2012-01-31";"1070001";"1041810";"ITC41";"S14BI2";"535468";""
"2012-01-31";"1070001";"1041810";"ITC41";"S11";"2232221";""
"2012-01-31";"1070001";"1041810";"ITC41";"S12BI7";"124778";""
"2012-01-31";"1070001";"1041810";"ITC4";"S15";"4146523";""
"2012-01-31";"1070001";"1041810";"ITC4";"S11";"44728030";""
"2012-01-31";"1070001";"1041810";"IT";"S11BI7";"5189441";""
"2012-01-31";"1070001";"1041810";"IT";"S1313";"24342475";""
"2012-01-31";"1070001";"1041810";"ITC41";"S1314";"1774";""
"2012-01-31";"1070001";"1041810";"ITC41";"S14";"12849822";""
"2012-01-31";"1070001";"1041810";"ITC41";"S15";"232593";""
"2012-01-31";"1070001";"1041810";"ITC4";"S11BI7";"1191098";""
"2012-01-31";"1070001";"1041810";"ITC4";"S12BI7";"36542646";""
"2012-01-31";"1070001";"1041810";"ITC4";"S14BI2";"7451133";""
"2012-01-31";"1070001";"1041810";"ITC41";"S11001";"17460";""
"2012-01-31";"1070001";"1041810";"ITC41";"S11BI7";"93458";""
"2012-01-31";"1070001";"1041810";"ITC4";"600";"145952169";""
"2012-01-31";"1070001";"1041810";"ITC4";"S11001";"455489";""
"2012-01-31";"1070001";"1041810";"ITC4";"S1313";"3756529";""
"2012-01-31";"1070001";"1041810";"IT";"S11";"152507486";""
"2011-12-31";"1070001";"1041810";"ITC4";"S13";"4368466";""
"2011-12-31";"1070001";"1041810";"ITC41";"450";"13234";""
"2011-12-31";"1070001";"1041810";"ITC41";"S11001";"20145";""
"2011-12-31";"1070001";"1041810";"IT";"S11";"170639587";""
"2011-12-31";"1070001";"1041810";"IT";"S11BI8";"11496193";""
"2011-12-31";"1070001";"1041810";"IT";"S1311";"14459169";""
"2011-12-31";"1070001";"1041810";"IT";"S14";"799114220";""
"2011-12-31";"1070001";"1041810";"ITC41";"S1313";"193280";""
"2011-12-31";"1070001";"1041810";"ITC4";"S12I";"5314767";""
"2011-12-31";"1070001";"1041810";"ITC4";"S1313";"3580374";""
"2011-12-31";"1070001";"1041810";"ITC4";"S14";"153244798";""
"2011-12-31";"1070001";"1041810";"ITC4";"SBI59";"249371277";""
"2011-12-31";"1070001";"1041810";"ITC4";"S11BI7";"1422474";""
"2011-12-31";"1070001";"1041810";"ITC4";"S126";"8971287";""
"2011-12-31";"1070001";"1041810";"IT";"S11BI7";"6057056";""
"2011-12-31";"1070001";"1041810";"IT";"S12BI6";"64855462";""
"2011-12-31";"1070001";"1041810";"ITC41";"S12BI6";"49448";""
"2011-12-31";"1070001";"1041810";"ITC41";"S13";"241114";""
"2011-12-31";"1070001";"1041810";"ITC41";"S1314";"1108";""
"2011-12-31";"1070001";"1041810";"ITC4";"S1311";"761991";""
"2011-12-31";"1070001";"1041810";"ITC41";"S11BI31";"2197313";""
"2011-12-31";"1070001";"1041810";"ITC4";"450";"415991";""
"2011-12-31";"1070001";"1041810";"ITC4";"S11BI31";"44683499";""
"2011-12-31";"1070001";"1041810";"ITC4";"S14BI2";"7767273";""
"2011-12-31";"1070001";"1041810";"IT";"S11BI31";"145710774";""
"2011-12-31";"1070001";"1041810";"IT";"S12BI7";"102179514";""
"2011-12-31";"1070001";"1041810";"IT";"S1313";"23220557";""
"2011-12-31";"1070001";"1041810";"IT";"SBI9";"9140026";""
"2011-12-31";"1070001";"1041810";"ITC41";"S12I";"989";""
"2011-12-31";"1070001";"1041810";"ITC41";"S1311";"46727";""
"2011-12-31";"1070001";"1041810";"ITC4";"S1314";"26101";""
"2011-12-31";"1070001";"1041810";"ITC41";"600";"12289962";""
"2011-12-31";"1070001";"1041810";"ITC41";"SBI59";"16102231";""
"2011-12-31";"1070001";"1041810";"ITC41";"SBI9";"119355";""
"2011-12-31";"1070001";"1041810";"ITC41";"S11";"2549794";""
"2011-12-31";"1070001";"1041810";"IT";"S12I";"16412316";""
"2011-12-31";"1070001";"1041810";"IT";"S15";"19212166";""
"2011-12-31";"1070001";"1041810";"IT";"S14BI2";"43043967";""
"2011-12-31";"1070001";"1041810";"ITC41";"S11BI8";"207940";""
"2011-12-31";"1070001";"1041810";"IT";"600";"756070253";""
"2011-12-31";"1070001";"1041810";"IT";"S11001";"6021981";""
"2011-12-31";"1070001";"1041810";"IT";"S126";"20911736";""
"2011-12-31";"1070001";"1041810";"IT";"SBI59";"1142710114";""
"2011-12-31";"1070001";"1041810";"ITC41";"S126";"68272";""
"2011-12-31";"1070001";"1041810";"ITC41";"S12BI7";"118708";""
"2011-12-31";"1070001";"1041810";"ITC41";"S15";"227757";""
"2011-12-31";"1070001";"1041810";"ITC4";"600";"145477524";""
"2011-12-31";"1070001";"1041810";"ITC4";"S11BI8";"2365377";""
"2011-12-31";"1070001";"1041810";"ITC4";"S12BI7";"35308646";""
"2011-12-31";"1070001";"1041810";"ITC4";"S15";"4034052";""
"2011-12-31";"1070001";"1041810";"ITC4";"SBI9";"3047119";""
"2011-12-31";"1070001";"1041810";"IT";"S13";"42424601";""
"2011-12-31";"1070001";"1041810";"ITC41";"S11BI7";"111162";""
"2011-12-31";"1070001";"1041810";"ITC41";"S14";"12845501";""
"2011-12-31";"1070001";"1041810";"ITC4";"S11";"49368196";""
"2011-12-31";"1070001";"1041810";"ITC4";"S11001";"480854";""
"2011-12-31";"1070001";"1041810";"ITC4";"S12BI6";"21022592";""
"2011-12-31";"1070001";"1041810";"IT";"450";"1353583";""
"2011-12-31";"1070001";"1041810";"IT";"S1314";"4744875";""
"2011-12-31";"1070001";"1041810";"ITC41";"S14BI2";"555539";""
"2011-11-30";"1070001";"1041810";"ITC4";"S11BI8";"2186428";""
"2011-11-30";"1070001";"1041810";"ITC41";"S126";"59908";""
"2011-11-30";"1070001";"1041810";"ITC41";"S13";"207772";""
"2011-11-30";"1070001";"1041810";"IT";"S11BI8";"10582961";""
"2011-11-30";"1070001";"1041810";"ITC41";"SBI9";"119185";""
"2011-11-30";"1070001";"1041810";"IT";"S12BI6";"62932226";""
"2011-11-30";"1070001";"1041810";"IT";"S13";"44722608";""
"2011-11-30";"1070001";"1041810";"IT";"S1313";"22283102";""
"2011-11-30";"1070001";"1041810";"IT";"S1314";"4701062";""
"2011-11-30";"1070001";"1041810";"IT";"450";"1418776";""
"2011-11-30";"1070001";"1041810";"ITC4";"S11BI31";"42994560";""
"2011-11-30";"1070001";"1041810";"ITC4";"S11BI7";"1268392";""
"2011-11-30";"1070001";"1041810";"ITC4";"S12BI7";"34375310";""
"2011-11-30";"1070001";"1041810";"ITC4";"S1311";"718893";""
"2011-11-30";"1070001";"1041810";"ITC41";"450";"14263";""
"2011-11-30";"1070001";"1041810";"ITC41";"S11BI31";"1932139";""
"2011-11-30";"1070001";"1041810";"ITC41";"S12BI6";"60055";""
"2011-11-30";"1070001";"1041810";"ITC4";"450";"410590";""
"2011-11-30";"1070001";"1041810";"IT";"S12I";"13789355";""
"2011-11-30";"1070001";"1041810";"IT";"SBI9";"9173013";""
"2011-11-30";"1070001";"1041810";"IT";"S11BI31";"137250676";""
"2011-11-30";"1070001";"1041810";"ITC4";"S14";"147183546";""
"2011-11-30";"1070001";"1041810";"ITC41";"S11BI7";"97559";""
"2011-11-30";"1070001";"1041810";"ITC41";"S12I";"938";""
"2011-11-30";"1070001";"1041810";"ITC41";"S1311";"41610";""
"2011-11-30";"1070001";"1041810";"ITC41";"S1314";"1152";""
"2011-11-30";"1070001";"1041810";"IT";"S14";"772309805";""
"2011-11-30";"1070001";"1041810";"ITC4";"S11";"47314370";""
"2011-11-30";"1070001";"1041810";"ITC4";"S12BI6";"20762479";""
"2011-11-30";"1070001";"1041810";"ITC4";"SBI9";"3054346";""
"2011-11-30";"1070001";"1041810";"ITC41";"600";"11882975";""
"2011-11-30";"1070001";"1041810";"ITC4";"S15";"4073428";""
"2011-11-30";"1070001";"1041810";"ITC41";"S11";"2252108";""
"2011-11-30";"1070001";"1041810";"ITC41";"S12BI7";"120901";""
"2011-11-30";"1070001";"1041810";"ITC4";"600";"139886360";""
"2011-11-30";"1070001";"1041810";"ITC41";"S1313";"165010";""
"2011-11-30";"1070001";"1041810";"IT";"SBI59";"1098528254";""
"2011-11-30";"1070001";"1041810";"IT";"S11001";"4605301";""
"2011-11-30";"1070001";"1041810";"ITC41";"S14BI2";"527590";""
"2011-11-30";"1070001";"1041810";"ITC41";"S15";"234045";""
"2011-11-30";"1070001";"1041810";"IT";"S1311";"17738444";""
"2011-11-30";"1070001";"1041810";"ITC4";"S14BI2";"7297186";""
"2011-11-30";"1070001";"1041810";"IT";"S11";"159220026";""
"2011-11-30";"1070001";"1041810";"ITC4";"S11001";"454400";""
"2011-11-30";"1070001";"1041810";"ITC4";"S12I";"5924970";""
"2011-11-30";"1070001";"1041810";"ITC4";"S13";"3782203";""
"2011-11-30";"1070001";"1041810";"ITC4";"S1314";"19598";""
"2011-11-30";"1070001";"1041810";"ITC4";"SBI59";"239783202";""
"2011-11-30";"1070001";"1041810";"ITC41";"S14";"12410565";""
"2011-11-30";"1070001";"1041810";"IT";"600";"731614436";""
"2011-11-30";"1070001";"1041810";"ITC4";"S1313";"3043712";""
"2011-11-30";"1070001";"1041810";"IT";"S126";"17668882";""
"2011-11-30";"1070001";"1041810";"ITC4";"S126";"7687861";""
"2011-11-30";"1070001";"1041810";"ITC41";"S11001";"21283";""
"2011-11-30";"1070001";"1041810";"ITC41";"S11BI8";"186863";""
"2011-11-30";"1070001";"1041810";"IT";"S12BI7";"94390463";""
"2011-11-30";"1070001";"1041810";"IT";"S15";"18712339";""
"2011-11-30";"1070001";"1041810";"IT";"S11BI7";"5362312";""
"2011-11-30";"1070001";"1041810";"IT";"S14BI2";"40695369";""
"2011-11-30";"1070001";"1041810";"ITC41";"SBI59";"15344576";""
"2011-10-31";"1070001";"1041810";"IT";"S14BI2";"43108185";""
"2011-10-31";"1070001";"1041810";"IT";"S13";"44144786";""
"2011-10-31";"1070001";"1041810";"ITC41";"SBI9";"117352";""
"2011-10-31";"1070001";"1041810";"ITC41";"S1314";"1144";""
"2011-10-31";"1070001";"1041810";"ITC41";"S13";"226767";""
"2011-10-31";"1070001";"1041810";"ITC4";"S11001";"460936";""
"2011-10-31";"1070001";"1041810";"ITC4";"S11BI7";"1444106";""
"2011-10-31";"1070001";"1041810";"ITC4";"S14BI2";"7870222";""
"2011-10-31";"1070001";"1041810";"ITC41";"S14BI2";"571002";""
"2011-10-31";"1070001";"1041810";"IT";"450";"1457076";""
"2011-10-31";"1070001";"1041810";"ITC4";"S14";"150235130";""
"2011-10-31";"1070001";"1041810";"ITC4";"S126";"7524560";""
"2011-10-31";"1070001";"1041810";"ITC4";"S13";"3799742";""
"2011-10-31";"1070001";"1041810";"ITC4";"S1311";"725837";""
"2011-10-31";"1070001";"1041810";"IT";"S12I";"14883642";""
"2011-10-31";"1070001";"1041810";"IT";"S1311";"16882440";""
"2011-10-31";"1070001";"1041810";"IT";"S1314";"4860146";""
"2011-10-31";"1070001";"1041810";"IT";"SBI59";"1119648827";""
"2011-10-31";"1070001";"1041810";"ITC41";"S1313";"182837";""
"2011-10-31";"1070001";"1041810";"ITC41";"450";"9958";""
"2011-10-31";"1070001";"1041810";"ITC41";"600";"12028414";""
"2011-10-31";"1070001";"1041810";"ITC41";"S11BI31";"2029534";""
"2011-10-31";"1070001";"1041810";"ITC41";"S15";"237829";""
"2011-10-31";"1070001";"1041810";"ITC4";"600";"142364907";""
"2011-10-31";"1070001";"1041810";"IT";"S11001";"4968277";""
"2011-10-31";"1070001";"1041810";"IT";"S11BI7";"6082259";""
"2011-10-31";"1070001";"1041810";"ITC41";"SBI59";"15679656";""
"2011-10-31";"1070001";"1041810";"ITC4";"S15";"4036614";""
"2011-10-31";"1070001";"1041810";"ITC41";"S12BI6";"55901";""
"2011-10-31";"1070001";"1041810";"ITC4";"S12I";"6219211";""
"2011-10-31";"1070001";"1041810";"ITC41";"S14";"12599417";""
"2011-10-31";"1070001";"1041810";"IT";"S11";"168184447";""
"2011-10-31";"1070001";"1041810";"ITC41";"S11";"2382693";""
"2011-10-31";"1070001";"1041810";"ITC41";"S11BI8";"212958";""
"2011-10-31";"1070001";"1041810";"ITC4";"S11BI8";"2417224";""
"2011-10-31";"1070001";"1041810";"IT";"S11BI8";"11806128";""
"2011-10-31";"1070001";"1041810";"IT";"S12BI7";"94429782";""
"2011-10-31";"1070001";"1041810";"IT";"S15";"19082549";""
"2011-10-31";"1070001";"1041810";"ITC4";"SBI9";"3057955";""
"2011-10-31";"1070001";"1041810";"ITC41";"S12BI7";"115598";""
"2011-10-31";"1070001";"1041810";"ITC41";"S1311";"42787";""
"2011-10-31";"1070001";"1041810";"ITC4";"S12BI7";"33396424";""
"2011-10-31";"1070001";"1041810";"ITC4";"450";"363595";""
"2011-10-31";"1070001";"1041810";"IT";"600";"741240745";""
"2011-10-31";"1070001";"1041810";"IT";"S11BI31";"143870707";""
"2011-10-31";"1070001";"1041810";"IT";"S126";"17746690";""
"2011-10-31";"1070001";"1041810";"IT";"S12BI6";"61799450";""
"2011-10-31";"1070001";"1041810";"IT";"S1313";"22402199";""
"2011-10-31";"1070001";"1041810";"ITC4";"S12BI6";"19652654";""
"2011-10-31";"1070001";"1041810";"ITC4";"S1314";"95239";""
"2011-10-31";"1070001";"1041810";"ITC41";"S126";"58793";""
"2011-10-31";"1070001";"1041810";"ITC41";"S12I";"904";""
"2011-10-31";"1070001";"1041810";"IT";"S14";"784348930";""
"2011-10-31";"1070001";"1041810";"IT";"SBI9";"9458334";""
"2011-10-31";"1070001";"1041810";"ITC4";"SBI59";"244141943";""
"2011-10-31";"1070001";"1041810";"ITC41";"S11001";"19090";""
"2011-10-31";"1070001";"1041810";"ITC41";"S11BI7";"111152";""
"2011-10-31";"1070001";"1041810";"ITC4";"S11";"49616079";""
"2011-10-31";"1070001";"1041810";"ITC4";"S11BI31";"44930218";""
"2011-10-31";"1070001";"1041810";"ITC4";"S1313";"2978666";""
"2011-09-30";"1070001";"1041810";"ITC4";"S14BI2";"7712033";""
"2011-09-30";"1070001";"1041810";"ITC4";"S12BI7";"33308390";""
"2011-09-30";"1070001";"1041810";"ITC41";"S11BI31";"1960304";""
"2011-09-30";"1070001";"1041810";"ITC41";"S11BI8";"199387";""
"2011-09-30";"1070001";"1041810";"ITC41";"S12BI7";"106897";""
"2011-09-30";"1070001";"1041810";"ITC41";"S1311";"42806";""
"2011-09-30";"1070001";"1041810";"IT";"S13";"43707198";""
"2011-09-30";"1070001";"1041810";"ITC41";"S126";"57388";""
"2011-09-30";"1070001";"1041810";"ITC41";"S14";"12593910";""
"2011-09-30";"1070001";"1041810";"IT";"S12I";"14798127";""
"2011-09-30";"1070001";"1041810";"ITC4";"600";"142554708";""
"2011-09-30";"1070001";"1041810";"ITC4";"S11BI31";"43677611";""
"2011-09-30";"1070001";"1041810";"ITC4";"S11BI7";"1356894";""
"2011-09-30";"1070001";"1041810";"ITC4";"S12I";"5962821";""
"2011-09-30";"1070001";"1041810";"ITC4";"S1313";"3198749";""
"2011-09-30";"1070001";"1041810";"ITC4";"450";"332434";""
"2011-09-30";"1070001";"1041810";"ITC4";"S11001";"428521";""
"2011-09-30";"1070001";"1041810";"IT";"600";"740926142";""
"2011-09-30";"1070001";"1041810";"IT";"S11001";"4682227";""
"2011-09-30";"1070001";"1041810";"ITC4";"S11BI8";"2334975";""
"2011-09-30";"1070001";"1041810";"ITC4";"S12BI6";"19397326";""
"2011-09-30";"1070001";"1041810";"IT";"S11";"167157370";""
"2011-09-30";"1070001";"1041810";"IT";"S11BI7";"5816228";""
"2011-09-30";"1070001";"1041810";"IT";"S11BI8";"11739937";""
"2011-09-30";"1070001";"1041810";"IT";"S14";"783512928";""
"2011-09-30";"1070001";"1041810";"IT";"SBI59";"1116375732";""
"2011-09-30";"1070001";"1041810";"IT";"SBI9";"9741009";""
"2011-09-30";"1070001";"1041810";"ITC4";"S14";"150266742";""
"2011-09-30";"1070001";"1041810";"ITC41";"450";"8750";""
"2011-09-30";"1070001";"1041810";"ITC41";"S11001";"18241";""
"2011-09-30";"1070001";"1041810";"ITC41";"S1314";"1867";""
"2011-09-30";"1070001";"1041810";"IT";"450";"1413364";""
"2011-09-30";"1070001";"1041810";"IT";"S11BI31";"143505613";""
"2011-09-30";"1070001";"1041810";"ITC4";"S1311";"725045";""
"2011-09-30";"1070001";"1041810";"ITC4";"S1314";"108813";""
"2011-09-30";"1070001";"1041810";"ITC4";"S15";"4058942";""
"2011-09-30";"1070001";"1041810";"ITC41";"S15";"229112";""
"2011-09-30";"1070001";"1041810";"ITC41";"SBI9";"110698";""
"2011-09-30";"1070001";"1041810";"IT";"S1311";"15954938";""
"2011-09-30";"1070001";"1041810";"IT";"S1314";"4724619";""
"2011-09-30";"1070001";"1041810";"IT";"S14BI2";"42586787";""
"2011-09-30";"1070001";"1041810";"ITC41";"S14BI2";"562628";""
"2011-09-30";"1070001";"1041810";"ITC4";"S126";"7948243";""
"2011-09-30";"1070001";"1041810";"ITC4";"SBI9";"3283717";""
"2011-09-30";"1070001";"1041810";"IT";"S15";"18373112";""
"2011-09-30";"1070001";"1041810";"IT";"S12BI7";"93884115";""
"2011-09-30";"1070001";"1041810";"IT";"S1313";"23027641";""
"2011-09-30";"1070001";"1041810";"ITC41";"S11BI7";"106168";""
"2011-09-30";"1070001";"1041810";"ITC41";"S12I";"819";""
"2011-09-30";"1070001";"1041810";"ITC41";"S13";"277698";""
"2011-09-30";"1070001";"1041810";"ITC41";"SBI59";"15611166";""
"2011-09-30";"1070001";"1041810";"ITC4";"SBI59";"243080833";""
"2011-09-30";"1070001";"1041810";"ITC41";"S11";"2292850";""
"2011-09-30";"1070001";"1041810";"ITC4";"S11";"48130435";""
"2011-09-30";"1070001";"1041810";"ITC4";"S13";"4032607";""
"2011-09-30";"1070001";"1041810";"ITC41";"600";"12031282";""
"2011-09-30";"1070001";"1041810";"IT";"S126";"17768485";""
"2011-09-30";"1070001";"1041810";"IT";"S12BI6";"61317503";""
"2011-09-30";"1070001";"1041810";"ITC41";"S12BI6";"48690";""
"2011-09-30";"1070001";"1041810";"ITC41";"S1313";"233025";""
"2011-08-31";"1070001";"1041810";"ITC4";"600";"140480732";""
"2011-08-31";"1070001";"1041810";"ITC4";"S11";"48589180";""
"2011-08-31";"1070001";"1041810";"ITC4";"S11001";"410220";""
"2011-08-31";"1070001";"1041810";"ITC4";"S126";"7084101";""
"2011-08-31";"1070001";"1041810";"IT";"S1314";"4694799";""
"2011-08-31";"1070001";"1041810";"IT";"S15";"18145206";""
"2011-08-31";"1070001";"1041810";"ITC4";"S15";"3786139";""
"2011-08-31";"1070001";"1041810";"ITC4";"SBI59";"240673040";""
"2011-08-31";"1070001";"1041810";"ITC41";"600";"11899753";""
"2011-08-31";"1070001";"1041810";"ITC41";"S11";"2402139";""
"2011-08-31";"1070001";"1041810";"ITC41";"S11BI8";"201487";""
"2011-08-31";"1070001";"1041810";"ITC41";"S1314";"1557";""
"2011-08-31";"1070001";"1041810";"ITC41";"S14";"12471528";""
"2011-08-31";"1070001";"1041810";"ITC41";"SBI59";"15564314";""
"2011-08-31";"1070001";"1041810";"ITC4";"S11BI7";"1388853";""
"2011-08-31";"1070001";"1041810";"ITC4";"S13";"4210217";""
"2011-08-31";"1070001";"1041810";"IT";"S11BI8";"11920083";""
"2011-08-31";"1070001";"1041810";"IT";"S14";"777641807";""
"2011-08-31";"1070001";"1041810";"ITC41";"S14BI2";"571775";""
"2011-08-31";"1070001";"1041810";"ITC41";"S12BI7";"95539";""
"2011-08-31";"1070001";"1041810";"IT";"S12I";"15189066";""
"2011-08-31";"1070001";"1041810";"IT";"450";"1512175";""
"2011-08-31";"1070001";"1041810";"ITC4";"450";"379744";""
"2011-08-31";"1070001";"1041810";"ITC4";"S11BI8";"2349793";""
"2011-08-31";"1070001";"1041810";"ITC4";"S12BI7";"32810886";""
"2011-08-31";"1070001";"1041810";"ITC4";"S1313";"3384193";""
"2011-08-31";"1070001";"1041810";"ITC41";"S11BI31";"2064857";""
"2011-08-31";"1070001";"1041810";"ITC41";"S126";"45829";""
"2011-08-31";"1070001";"1041810";"IT";"S13";"44555174";""
"2011-08-31";"1070001";"1041810";"IT";"SBI59";"1113988260";""
"2011-08-31";"1070001";"1041810";"IT";"S11001";"4780940";""
"2011-08-31";"1070001";"1041810";"IT";"S11BI31";"144185375";""
"2011-08-31";"1070001";"1041810";"ITC41";"S11001";"17250";""
"2011-08-31";"1070001";"1041810";"ITC41";"S12BI6";"49150";""
"2011-08-31";"1070001";"1041810";"ITC41";"S12I";"560";""
"2011-08-31";"1070001";"1041810";"ITC41";"S13";"258481";""
"2011-08-31";"1070001";"1041810";"ITC41";"S1313";"214393";""
"2011-08-31";"1070001";"1041810";"ITC41";"SBI9";"114159";""
"2011-08-31";"1070001";"1041810";"IT";"S11";"168266592";""
"2011-08-31";"1070001";"1041810";"IT";"S12BI6";"61041317";""
"2011-08-31";"1070001";"1041810";"IT";"S1313";"23716167";""
"2011-08-31";"1070001";"1041810";"IT";"SBI9";"10014799";""
"2011-08-31";"1070001";"1041810";"ITC4";"S11BI31";"44060569";""
"2011-08-31";"1070001";"1041810";"ITC4";"S12BI6";"19567449";""
"2011-08-31";"1070001";"1041810";"ITC41";"S11BI7";"109406";""
"2011-08-31";"1070001";"1041810";"IT";"S126";"19134299";""
"2011-08-31";"1070001";"1041810";"IT";"S1311";"16144208";""
"2011-08-31";"1070001";"1041810";"ITC4";"S14BI2";"7648588";""
"2011-08-31";"1070001";"1041810";"ITC4";"S1311";"706278";""
"2011-08-31";"1070001";"1041810";"ITC4";"S14";"148129320";""
"2011-08-31";"1070001";"1041810";"ITC4";"SBI9";"3147297";""
"2011-08-31";"1070001";"1041810";"ITC41";"450";"9138";""
"2011-08-31";"1070001";"1041810";"ITC41";"S1311";"42531";""
"2011-08-31";"1070001";"1041810";"ITC41";"S15";"222468";""
"2011-08-31";"1070001";"1041810";"ITC4";"S12I";"6159336";""
"2011-08-31";"1070001";"1041810";"ITC4";"S1314";"119747";""
"2011-08-31";"1070001";"1041810";"IT";"S12BI7";"95364682";""
"2011-08-31";"1070001";"1041810";"IT";"600";"735208584";""
"2011-08-31";"1070001";"1041810";"IT";"S11BI7";"5868019";""
"2011-08-31";"1070001";"1041810";"IT";"S14BI2";"42433223";""
"2011-07-31";"1070001";"1041810";"IT";"S14BI2";"44892838";""
"2011-07-31";"1070001";"1041810";"ITC4";"S12BI6";"21185754";""
"2011-07-31";"1070001";"1041810";"ITC4";"S12BI7";"34605692";""
"2011-07-31";"1070001";"1041810";"ITC4";"S14";"148368303";""
"2011-07-31";"1070001";"1041810";"ITC41";"600";"11888056";""
"2011-07-31";"1070001";"1041810";"ITC41";"S11BI8";"232484";""
"2011-07-31";"1070001";"1041810";"ITC41";"SBI9";"115717";""
"2011-07-31";"1070001";"1041810";"ITC4";"S11BI8";"2694959";""
"2011-07-31";"1070001";"1041810";"IT";"S12I";"15691973";""
"2011-07-31";"1070001";"1041810";"ITC4";"S12I";"6294398";""
"2011-07-31";"1070001";"1041810";"ITC41";"S1313";"189363";""
"2011-07-31";"1070001";"1041810";"ITC41";"S14";"12511526";""
"2011-07-31";"1070001";"1041810";"ITC4";"S13";"4169565";""
"2011-07-31";"1070001";"1041810";"ITC4";"S1313";"3225793";""
"2011-07-31";"1070001";"1041810";"IT";"S12BI6";"63706397";""
"2011-07-31";"1070001";"1041810";"IT";"S1314";"4617420";""
"2011-07-31";"1070001";"1041810";"IT";"S14";"778288112";""
"2011-07-31";"1070001";"1041810";"ITC41";"S126";"52808";""
"2011-07-31";"1070001";"1041810";"ITC41";"S12I";"785";""
"2011-07-31";"1070001";"1041810";"ITC41";"S15";"215878";""
"2011-07-31";"1070001";"1041810";"ITC4";"600";"140030014";""
"2011-07-31";"1070001";"1041810";"ITC4";"S11001";"428640";""
"2011-07-31";"1070001";"1041810";"IT";"S11001";"4835632";""
"2011-07-31";"1070001";"1041810";"IT";"S126";"16460047";""
"2011-07-31";"1070001";"1041810";"ITC41";"SBI59";"15747616";""
"2011-07-31";"1070001";"1041810";"ITC4";"S15";"3704948";""
"2011-07-31";"1070001";"1041810";"ITC41";"450";"10095";""
"2011-07-31";"1070001";"1041810";"ITC41";"S11BI31";"2168797";""
"2011-07-31";"1070001";"1041810";"ITC4";"450";"507149";""
"2011-07-31";"1070001";"1041810";"IT";"450";"1649571";""
"2011-07-31";"1070001";"1041810";"IT";"S11BI31";"150079378";""
"2011-07-31";"1070001";"1041810";"IT";"S11BI7";"6936908";""
"2011-07-31";"1070001";"1041810";"IT";"S11BI8";"13021320";""
"2011-07-31";"1070001";"1041810";"IT";"S13";"44225389";""
"2011-07-31";"1070001";"1041810";"ITC4";"S1311";"703665";""
"2011-07-31";"1070001";"1041810";"ITC41";"S11";"2564546";""
"2011-07-31";"1070001";"1041810";"ITC41";"S12BI6";"59733";""
"2011-07-31";"1070001";"1041810";"ITC41";"S1311";"35812";""
"2011-07-31";"1070001";"1041810";"ITC41";"S1314";"1448";""
"2011-07-31";"1070001";"1041810";"ITC4";"S1314";"240107";""
"2011-07-31";"1070001";"1041810";"ITC41";"S11BI7";"131621";""
"2011-07-31";"1070001";"1041810";"ITC4";"S11BI7";"1665353";""
"2011-07-31";"1070001";"1041810";"IT";"S12BI7";"95858418";""
"2011-07-31";"1070001";"1041810";"IT";"S1311";"16126797";""
"2011-07-31";"1070001";"1041810";"IT";"S1313";"23481172";""
"2011-07-31";"1070001";"1041810";"ITC41";"S14BI2";"623470";""
"2011-07-31";"1070001";"1041810";"ITC41";"S13";"226623";""
"2011-07-31";"1070001";"1041810";"ITC4";"S126";"7125540";""
"2011-07-31";"1070001";"1041810";"ITC4";"S11";"51069979";""
"2011-07-31";"1070001";"1041810";"IT";"S11";"176522809";""
"2011-07-31";"1070001";"1041810";"IT";"SBI9";"10684448";""
"2011-07-31";"1070001";"1041810";"ITC4";"S14BI2";"8338289";""
"2011-07-31";"1070001";"1041810";"ITC41";"S12BI7";"113326";""
"2011-07-31";"1070001";"1041810";"ITC4";"SBI59";"245679004";""
"2011-07-31";"1070001";"1041810";"ITC4";"SBI9";"3760517";""
"2011-07-31";"1070001";"1041810";"ITC41";"S11001";"21550";""
"2011-07-31";"1070001";"1041810";"ITC4";"S11BI31";"45773879";""
"2011-07-31";"1070001";"1041810";"IT";"600";"733395275";""
"2011-07-31";"1070001";"1041810";"IT";"S15";"17250636";""
"2011-07-31";"1070001";"1041810";"IT";"SBI59";"1122829811";""
"2011-06-30";"1070001";"1041810";"ITC41";"S12BI6";"62411";""
"2011-06-30";"1070001";"1041810";"ITC41";"S13";"225432";""
"2011-06-30";"1070001";"1041810";"ITC41";"S1314";"1807";""
"2011-06-30";"1070001";"1041810";"ITC4";"S126";"7554938";""
"2011-06-30";"1070001";"1041810";"ITC4";"S12I";"5622076";""
"2011-06-30";"1070001";"1041810";"IT";"S126";"18255151";""
"2011-06-30";"1070001";"1041810";"IT";"S1311";"15974555";""
"2011-06-30";"1070001";"1041810";"IT";"SBI59";"1121635690";""
"2011-06-30";"1070001";"1041810";"IT";"S11001";"4911518";""
"2011-06-30";"1070001";"1041810";"ITC41";"SBI9";"111438";""
"2011-06-30";"1070001";"1041810";"ITC41";"600";"11868712";""
"2011-06-30";"1070001";"1041810";"ITC41";"S126";"53310";""
"2011-06-30";"1070001";"1041810";"ITC41";"S12BI7";"116681";""
"2011-06-30";"1070001";"1041810";"ITC41";"S1313";"187272";""
"2011-06-30";"1070001";"1041810";"ITC41";"S14";"12493541";""
"2011-06-30";"1070001";"1041810";"ITC4";"S11BI8";"2528815";""
"2011-06-30";"1070001";"1041810";"ITC4";"S13";"4463074";""
"2011-06-30";"1070001";"1041810";"IT";"S12BI6";"66018548";""
"2011-06-30";"1070001";"1041810";"IT";"S14";"779892975";""
"2011-06-30";"1070001";"1041810";"IT";"S11";"168389685";""
"2011-06-30";"1070001";"1041810";"ITC4";"600";"141090050";""
"2011-06-30";"1070001";"1041810";"ITC4";"S15";"3858731";""
"2011-06-30";"1070001";"1041810";"ITC4";"SBI9";"3916589";""
"2011-06-30";"1070001";"1041810";"ITC41";"S11BI8";"222407";""
"2011-06-30";"1070001";"1041810";"IT";"S11BI7";"6304060";""
"2011-06-30";"1070001";"1041810";"ITC4";"450";"293981";""
"2011-06-30";"1070001";"1041810";"ITC4";"S11001";"449864";""
"2011-06-30";"1070001";"1041810";"ITC41";"S1311";"36353";""
"2011-06-30";"1070001";"1041810";"ITC41";"S14BI2";"624829";""
"2011-06-30";"1070001";"1041810";"ITC4";"S1313";"3531077";""
"2011-06-30";"1070001";"1041810";"ITC4";"S12BI6";"20732475";""
"2011-06-30";"1070001";"1041810";"ITC4";"S12BI7";"33909489";""
"2011-06-30";"1070001";"1041810";"IT";"S11BI8";"12003669";""
"2011-06-30";"1070001";"1041810";"IT";"S13";"44111510";""
"2011-06-30";"1070001";"1041810";"IT";"S1313";"23915292";""
"2011-06-30";"1070001";"1041810";"IT";"S1314";"4221663";""
"2011-06-30";"1070001";"1041810";"ITC4";"SBI59";"243943084";""
"2011-06-30";"1070001";"1041810";"ITC41";"450";"8998";""
"2011-06-30";"1070001";"1041810";"ITC41";"S12I";"960";""
"2011-06-30";"1070001";"1041810";"ITC41";"S15";"227026";""
"2011-06-30";"1070001";"1041810";"IT";"600";"735546905";""
"2011-06-30";"1070001";"1041810";"ITC4";"S14";"149339770";""
"2011-06-30";"1070001";"1041810";"IT";"S15";"18684823";""
"2011-06-30";"1070001";"1041810";"ITC4";"S14BI2";"8249719";""
"2011-06-30";"1070001";"1041810";"ITC41";"SBI59";"15567862";""
"2011-06-30";"1070001";"1041810";"ITC4";"S11BI7";"1456827";""
"2011-06-30";"1070001";"1041810";"IT";"S11BI31";"143688707";""
"2011-06-30";"1070001";"1041810";"IT";"S14BI2";"44346070";""
"2011-06-30";"1070001";"1041810";"ITC41";"S11";"2393745";""
"2011-06-30";"1070001";"1041810";"ITC41";"S11001";"20237";""
"2011-06-30";"1070001";"1041810";"ITC4";"S11";"48455431";""
"2011-06-30";"1070001";"1041810";"ITC4";"S11BI31";"43725943";""
"2011-06-30";"1070001";"1041810";"IT";"450";"1481731";""
"2011-06-30";"1070001";"1041810";"ITC41";"S11BI7";"115053";""
"2011-06-30";"1070001";"1041810";"ITC41";"S11BI31";"2027050";""
"2011-06-30";"1070001";"1041810";"ITC4";"S1311";"698244";""
"2011-06-30";"1070001";"1041810";"IT";"S12BI7";"99447722";""
"2011-06-30";"1070001";"1041810";"IT";"S12I";"15174022";""
"2011-06-30";"1070001";"1041810";"IT";"SBI9";"11108975";""
"2011-06-30";"1070001";"1041810";"ITC4";"S1314";"233753";""
